2026-09-27 01:44:51.275 INFO: ===========VERIFYING SETTINGS===========
2026-09-27 01:44:51.275 INFO: MACE version: 0.3.16
2026-09-27 01:44:51.275 DEBUG: Configuration: Namespace(config=None, name='mace_multitm_model', seed=123, work_dir='.', log_dir='./logs', model_dir='.', checkpoints_dir='./checkpoints', results_dir='./results', downloads_dir='./downloads', device='cpu', default_dtype='float32', distributed=False, launcher='slurm', log_level='INFO', plot=True, plot_frequency=0, plot_interaction_e=False, error_table='PerAtomRMSE', model='ScaleShiftMACE', r_max=5.0, radial_type='bessel', num_radial_basis=8, num_cutoff_basis=5, pair_repulsion=False, distance_transform='None', apply_cutoff=True, use_last_readout_only=False, use_embedding_readout=False, interaction='RealAgnosticResidualInteractionBlock', interaction_first='RealAgnosticResidualInteractionBlock', max_ell=3, correlation=3, use_reduced_cg=False, use_so3=False, use_agnostic_product=False, num_interactions=2, MLP_irreps='16x0e', radial_MLP='[64, 64, 64]', hidden_irreps='64x0e + 64x1o', edge_irreps=None, use_edge_irreps_first=False, num_channels=64, max_L=1, gate='silu', kspace_cutoff_factor=1.5, atomic_multipoles_max_l=0, atomic_multipoles_smearing_width=1.0, field_feature_max_l=0, field_feature_widths='[1.0]', field_feature_norms=None, num_recursion_steps=1, field_si=False, include_electrostatic_self_interaction=False, add_local_electron_energy=False, quadrupole_feature_corrections=False, return_electrostatic_potentials=False, field_norm_factor=0.02, fixedpoint_update_config=None, field_readout_config=None, scaling='rms_forces_scaling', avg_num_neighbors=1, compute_avg_num_neighbors=True, compute_stress=False, compute_forces=True, compute_polarizability=False, compute_atomic_dipole=False, train_file='mace_train.xyz', valid_file='mace_val.xyz', valid_fraction=0.1, test_file=None, test_dir=None, multi_processed_test=False, num_workers=0, pin_memory=True, atomic_numbers='[1, 6, 7, 78]', mean=None, std=None, statistics_file=None, les_arguments=None, E0s='average', pseudolabel_replay=False, pseudolabel_replay_compute_stress=False, foundation_filter_elements=True, heads=None, multiheads_finetuning=True, foundation_head=None, weight_pt_head=1.0, real_pt_data_ratio_threshold=0.1, num_samples_pt=10000, force_mh_ft_lr=False, subselect_pt='random', filter_type_pt='none', allow_random_padding_pt=True, pt_train_file=None, pt_valid_file=None, foundation_model_elements=False, keep_isolated_atoms=False, lora=False, lora_rank=4, lora_alpha=1.0, energy_key='energy', forces_key='forces', virials_key='REF_virials', stress_key='REF_stress', dipole_key='dipole', polarizability_key='polarizability', head_key='head', charges_key='REF_charges', elec_temp_key='elec_temp', total_spin_key='total_spin', total_charge_key='total_charge', embedding_specs=None, skip_evaluate_heads='pt_head', loss='weighted', forces_weight=10.0, swa_forces_weight=100.0, energy_weight=1.0, swa_energy_weight=1000.0, virials_weight=1.0, swa_virials_weight=10.0, stress_weight=1.0, swa_stress_weight=10.0, dipole_weight=1.0, swa_dipole_weight=1.0, swa_polarizability_weight=1.0, polarizability_weight=1.0, config_type_weights='{"Default":1.0}', huber_delta=0.01, optimizer='adam', beta=0.9, beta1_schedulefree=0.9, beta2_schedulefree=0.98, batch_size=4, valid_batch_size=4, lr=0.01, swa_lr=0.001, weight_decay=5e-07, lr_params_factors='{"embedding_lr_factor": 1.0, "interactions_lr_factor": 1.0, "products_lr_factor": 1.0, "readouts_lr_factor": 1.0}', freeze=None, amsgrad=True, scheduler='ReduceLROnPlateau', lr_factor=0.8, scheduler_patience=50, lr_scheduler_gamma=0.9993, swa=False, start_swa=None, lbfgs=False, ema=True, ema_decay=0.99, max_num_epochs=60, patience=2048, foundation_model=None, foundation_model_kwargs='{}', foundation_model_readout=True, eval_interval=1, keep_checkpoints=False, save_all_checkpoints=False, restart_latest=False, save_cpu=False, clip_grad=10.0, dry_run=False, enable_cueq=False, only_cueq=False, enable_oeq=False, wandb=False, wandb_dir=None, wandb_project='', wandb_entity='', wandb_name='', wandb_log_hypers=['num_channels', 'max_L', 'correlation', 'lr', 'swa_lr', 'weight_decay', 'batch_size', 'max_num_epochs', 'start_swa', 'energy_weight', 'forces_weight'], key_specification=KeySpecification(info_keys={'energy': 'energy', 'stress': 'REF_stress', 'virials': 'REF_virials', 'dipole': 'dipole', 'head': 'head', 'elec_temp': 'elec_temp', 'total_charge': 'total_charge', 'polarizability': 'polarizability', 'total_spin': 'total_spin'}, arrays_keys={'forces': 'forces', 'charges': 'REF_charges'}))
2026-09-27 01:44:51.275 INFO: Using CPU
2026-09-27 01:44:51.321 DEBUG: Popen(['git', 'version'], cwd=/home/ziat1/Documents/Training/Autonomous_MultiTM_SAC_Pipeline, stdin=None, shell=False, universal_newlines=False)
2026-09-27 01:44:51.325 DEBUG: Popen(['git', 'version'], cwd=/home/ziat1/Documents/Training/Autonomous_MultiTM_SAC_Pipeline, stdin=None, shell=False, universal_newlines=False)
2026-09-27 01:44:51.328 DEBUG: sys.platform='linux', git_executable='git'
2026-09-27 01:44:51.328 DEBUG: Error accessing Git repository: /home/ziat1/Documents/Training/Autonomous_MultiTM_SAC_Pipeline
2026-09-27 01:44:51.328 INFO: ===========LOADING INPUT DATA===========
2026-09-27 01:44:51.328 INFO: Using heads: ['Default']
2026-09-27 01:44:51.328 INFO: Using the key specifications to parse data:
2026-09-27 01:44:51.328 INFO: Default: KeySpecification(info_keys={'energy': 'energy', 'stress': 'REF_stress', 'virials': 'REF_virials', 'dipole': 'dipole', 'head': 'head', 'elec_temp': 'elec_temp', 'total_charge': 'total_charge', 'polarizability': 'polarizability', 'total_spin': 'total_spin'}, arrays_keys={'forces': 'forces', 'charges': 'REF_charges'})
2026-09-27 01:44:51.328 INFO: =============    Processing head Default     ===========
2026-09-27 01:44:51.328 DEBUG: Loading training file: mace_train.xyz
2026-09-27 01:44:51.346 WARNING: Since ASE version 3.23.0b1, using energy_key 'energy' is no longer safe when communicating between MACE and ASE. We recommend using a different key, rewriting 'energy' to 'REF_energy'. You need to use --energy_key='REF_energy' to specify the chosen key name.
2026-09-27 01:44:51.346 WARNING: Since ASE version 3.23.0b1, using forces_key 'forces' is no longer safe when communicating between MACE and ASE. We recommend using a different key, rewriting 'forces' to 'REF_forces'. You need to use --forces_key='REF_forces' to specify the chosen key name.
2026-09-27 01:44:51.347 INFO: Training set 1/1 [energy: 10, stress: 0, virials: 0, dipole components: 0, head: 10, elec_temp: 0, total_charge: 0, polarizability: 0, total_spin: 0, forces: 10, charges: 0]
2026-09-27 01:44:51.348 INFO: Total Training set [energy: 10, stress: 0, virials: 0, dipole components: 0, head: 10, elec_temp: 0, total_charge: 0, polarizability: 0, total_spin: 0, forces: 10, charges: 0]
2026-09-27 01:44:51.350 WARNING: Since ASE version 3.23.0b1, using energy_key 'energy' is no longer safe when communicating between MACE and ASE. We recommend using a different key, rewriting 'energy' to 'REF_energy'. You need to use --energy_key='REF_energy' to specify the chosen key name.
2026-09-27 01:44:51.350 WARNING: Since ASE version 3.23.0b1, using forces_key 'forces' is no longer safe when communicating between MACE and ASE. We recommend using a different key, rewriting 'forces' to 'REF_forces'. You need to use --forces_key='REF_forces' to specify the chosen key name.
2026-09-27 01:44:51.351 INFO: Validation set 1/1 [energy: 2, stress: 0, virials: 0, dipole components: 0, head: 2, elec_temp: 0, total_charge: 0, polarizability: 0, total_spin: 0, forces: 2, charges: 0]
2026-09-27 01:44:51.351 INFO: Total Validation set [energy: 2, stress: 0, virials: 0, dipole components: 0, head: 2, elec_temp: 0, total_charge: 0, polarizability: 0, total_spin: 0, forces: 2, charges: 0]
2026-09-27 01:44:51.351 INFO: Total number of configurations: train=10, valid=2, tests=[],
2026-09-27 01:44:51.351 WARNING: Validation batch size (4) is larger than the number of validation data (2)
2026-09-27 01:44:51.351 INFO: Using atomic numbers from command line argument
2026-09-27 01:44:51.351 INFO: Atomic Numbers used: [1, 6, 7, 78]
2026-09-27 01:44:51.351 INFO: Isolated Atomic Energies (E0s) not in training file, using command line argument
2026-09-27 01:44:51.351 INFO: Computing average Atomic Energies using least squares regression
2026-09-27 01:44:51.352 INFO: Atomic Energies used (z: eV) for head Default: {1: 0.0, 6: -8.954950877089143, 7: -6.22257727498955, 78: 0.0}
2026-09-27 01:44:51.352 INFO: Processing datasets for head 'Default'
2026-09-27 02:37:12.032 INFO: ===========VERIFYING SETTINGS===========
2026-09-27 02:37:12.032 INFO: MACE version: 0.3.16
2026-09-27 02:37:12.032 DEBUG: Configuration: Namespace(config=None, name='mace_multitm_model', seed=123, work_dir='.', log_dir='./logs', model_dir='.', checkpoints_dir='./checkpoints', results_dir='./results', downloads_dir='./downloads', device='cpu', default_dtype='float32', distributed=False, launcher='slurm', log_level='INFO', plot=True, plot_frequency=0, plot_interaction_e=False, error_table='PerAtomRMSE', model='ScaleShiftMACE', r_max=5.0, radial_type='bessel', num_radial_basis=8, num_cutoff_basis=5, pair_repulsion=False, distance_transform='None', apply_cutoff=True, use_last_readout_only=False, use_embedding_readout=False, interaction='RealAgnosticResidualInteractionBlock', interaction_first='RealAgnosticResidualInteractionBlock', max_ell=3, correlation=3, use_reduced_cg=False, use_so3=False, use_agnostic_product=False, num_interactions=2, MLP_irreps='16x0e', radial_MLP='[64, 64, 64]', hidden_irreps='64x0e + 64x1o', edge_irreps=None, use_edge_irreps_first=False, num_channels=64, max_L=1, gate='silu', kspace_cutoff_factor=1.5, atomic_multipoles_max_l=0, atomic_multipoles_smearing_width=1.0, field_feature_max_l=0, field_feature_widths='[1.0]', field_feature_norms=None, num_recursion_steps=1, field_si=False, include_electrostatic_self_interaction=False, add_local_electron_energy=False, quadrupole_feature_corrections=False, return_electrostatic_potentials=False, field_norm_factor=0.02, fixedpoint_update_config=None, field_readout_config=None, scaling='rms_forces_scaling', avg_num_neighbors=1, compute_avg_num_neighbors=True, compute_stress=False, compute_forces=True, compute_polarizability=False, compute_atomic_dipole=False, train_file='mace_train.xyz', valid_file='mace_val.xyz', valid_fraction=0.1, test_file=None, test_dir=None, multi_processed_test=False, num_workers=0, pin_memory=True, atomic_numbers='[1, 6, 7, 27, 28, 46]', mean=None, std=None, statistics_file=None, les_arguments=None, E0s='average', pseudolabel_replay=False, pseudolabel_replay_compute_stress=False, foundation_filter_elements=True, heads=None, multiheads_finetuning=True, foundation_head=None, weight_pt_head=1.0, real_pt_data_ratio_threshold=0.1, num_samples_pt=10000, force_mh_ft_lr=False, subselect_pt='random', filter_type_pt='none', allow_random_padding_pt=True, pt_train_file=None, pt_valid_file=None, foundation_model_elements=False, keep_isolated_atoms=False, lora=False, lora_rank=4, lora_alpha=1.0, energy_key='energy', forces_key='forces', virials_key='REF_virials', stress_key='REF_stress', dipole_key='dipole', polarizability_key='polarizability', head_key='head', charges_key='REF_charges', elec_temp_key='elec_temp', total_spin_key='total_spin', total_charge_key='total_charge', embedding_specs=None, skip_evaluate_heads='pt_head', loss='weighted', forces_weight=10.0, swa_forces_weight=100.0, energy_weight=1.0, swa_energy_weight=1000.0, virials_weight=1.0, swa_virials_weight=10.0, stress_weight=1.0, swa_stress_weight=10.0, dipole_weight=1.0, swa_dipole_weight=1.0, swa_polarizability_weight=1.0, polarizability_weight=1.0, config_type_weights='{"Default":1.0}', huber_delta=0.01, optimizer='adam', beta=0.9, beta1_schedulefree=0.9, beta2_schedulefree=0.98, batch_size=4, valid_batch_size=4, lr=0.01, swa_lr=0.001, weight_decay=5e-07, lr_params_factors='{"embedding_lr_factor": 1.0, "interactions_lr_factor": 1.0, "products_lr_factor": 1.0, "readouts_lr_factor": 1.0}', freeze=None, amsgrad=True, scheduler='ReduceLROnPlateau', lr_factor=0.8, scheduler_patience=50, lr_scheduler_gamma=0.9993, swa=False, start_swa=None, lbfgs=False, ema=True, ema_decay=0.99, max_num_epochs=60, patience=2048, foundation_model=None, foundation_model_kwargs='{}', foundation_model_readout=True, eval_interval=1, keep_checkpoints=False, save_all_checkpoints=False, restart_latest=False, save_cpu=False, clip_grad=10.0, dry_run=False, enable_cueq=False, only_cueq=False, enable_oeq=False, wandb=False, wandb_dir=None, wandb_project='', wandb_entity='', wandb_name='', wandb_log_hypers=['num_channels', 'max_L', 'correlation', 'lr', 'swa_lr', 'weight_decay', 'batch_size', 'max_num_epochs', 'start_swa', 'energy_weight', 'forces_weight'], key_specification=KeySpecification(info_keys={'energy': 'energy', 'stress': 'REF_stress', 'virials': 'REF_virials', 'dipole': 'dipole', 'head': 'head', 'elec_temp': 'elec_temp', 'total_charge': 'total_charge', 'polarizability': 'polarizability', 'total_spin': 'total_spin'}, arrays_keys={'forces': 'forces', 'charges': 'REF_charges'}))
2026-09-27 02:37:12.032 INFO: Using CPU
2026-09-27 02:37:12.058 DEBUG: Popen(['git', 'version'], cwd=/home/ziat1/Documents/Training/Autonomous_MultiTM_SAC_Pipeline, stdin=None, shell=False, universal_newlines=False)
2026-09-27 02:37:12.061 DEBUG: Popen(['git', 'version'], cwd=/home/ziat1/Documents/Training/Autonomous_MultiTM_SAC_Pipeline, stdin=None, shell=False, universal_newlines=False)
2026-09-27 02:37:12.065 DEBUG: sys.platform='linux', git_executable='git'
2026-09-27 02:37:12.065 DEBUG: Error accessing Git repository: /home/ziat1/Documents/Training/Autonomous_MultiTM_SAC_Pipeline
2026-09-27 02:37:12.065 INFO: ===========LOADING INPUT DATA===========
2026-09-27 02:37:12.066 INFO: Using heads: ['Default']
2026-09-27 02:37:12.066 INFO: Using the key specifications to parse data:
2026-09-27 02:37:12.066 INFO: Default: KeySpecification(info_keys={'energy': 'energy', 'stress': 'REF_stress', 'virials': 'REF_virials', 'dipole': 'dipole', 'head': 'head', 'elec_temp': 'elec_temp', 'total_charge': 'total_charge', 'polarizability': 'polarizability', 'total_spin': 'total_spin'}, arrays_keys={'forces': 'forces', 'charges': 'REF_charges'})
2026-09-27 02:37:12.066 INFO: =============    Processing head Default     ===========
2026-09-27 02:37:12.066 DEBUG: Loading training file: mace_train.xyz
2026-09-27 02:37:12.085 WARNING: Since ASE version 3.23.0b1, using energy_key 'energy' is no longer safe when communicating between MACE and ASE. We recommend using a different key, rewriting 'energy' to 'REF_energy'. You need to use --energy_key='REF_energy' to specify the chosen key name.
2026-09-27 02:37:12.086 WARNING: Since ASE version 3.23.0b1, using forces_key 'forces' is no longer safe when communicating between MACE and ASE. We recommend using a different key, rewriting 'forces' to 'REF_forces'. You need to use --forces_key='REF_forces' to specify the chosen key name.
2026-09-27 02:37:12.087 INFO: Training set 1/1 [energy: 10, stress: 0, virials: 0, dipole components: 0, head: 10, elec_temp: 0, total_charge: 0, polarizability: 0, total_spin: 0, forces: 10, charges: 0]
2026-09-27 02:37:12.087 INFO: Total Training set [energy: 10, stress: 0, virials: 0, dipole components: 0, head: 10, elec_temp: 0, total_charge: 0, polarizability: 0, total_spin: 0, forces: 10, charges: 0]
2026-09-27 02:37:12.090 WARNING: Since ASE version 3.23.0b1, using energy_key 'energy' is no longer safe when communicating between MACE and ASE. We recommend using a different key, rewriting 'energy' to 'REF_energy'. You need to use --energy_key='REF_energy' to specify the chosen key name.
2026-09-27 02:37:12.091 WARNING: Since ASE version 3.23.0b1, using forces_key 'forces' is no longer safe when communicating between MACE and ASE. We recommend using a different key, rewriting 'forces' to 'REF_forces'. You need to use --forces_key='REF_forces' to specify the chosen key name.
2026-09-27 02:37:12.091 INFO: Validation set 1/1 [energy: 2, stress: 0, virials: 0, dipole components: 0, head: 2, elec_temp: 0, total_charge: 0, polarizability: 0, total_spin: 0, forces: 2, charges: 0]
2026-09-27 02:37:12.091 INFO: Total Validation set [energy: 2, stress: 0, virials: 0, dipole components: 0, head: 2, elec_temp: 0, total_charge: 0, polarizability: 0, total_spin: 0, forces: 2, charges: 0]
2026-09-27 02:37:12.091 INFO: Total number of configurations: train=10, valid=2, tests=[],
2026-09-27 02:37:12.091 WARNING: Validation batch size (4) is larger than the number of validation data (2)
2026-09-27 02:37:12.091 INFO: Using atomic numbers from command line argument
2026-09-27 02:37:12.091 INFO: Atomic Numbers used: [1, 6, 7, 27, 28, 46]
2026-09-27 02:37:12.091 INFO: Isolated Atomic Energies (E0s) not in training file, using command line argument
2026-09-27 02:37:12.091 INFO: Computing average Atomic Energies using least squares regression
2026-09-27 02:37:12.092 INFO: Atomic Energies used (z: eV) for head Default: {1: 0.0, 6: -8.970996981874654, 7: -5.895291694836723, 27: -2.129359204164694, 28: -1.1101680826338955, 46: 2.9361336403350915}
2026-09-27 02:37:12.092 INFO: Processing datasets for head 'Default'
2026-09-27 02:37:12.110 DEBUG: Successfully loaded dataset from ASE files: ['mace_train.xyz']
2026-09-27 02:37:12.110 INFO: Combining 1 list datasets for head 'Default'
2026-09-27 02:37:12.112 DEBUG: Successfully loaded validation dataset from ASE files: ['mace_val.xyz']
2026-09-27 02:37:12.112 INFO: Combining 1 list datasets for head 'Default_valid'
2026-09-27 02:37:12.112 INFO: Combined validation datasets for Default
2026-09-27 02:37:12.112 INFO: Head 'Default' training dataset size: 10
2026-09-27 02:37:12.112 INFO: Computing average number of neighbors
2026-09-27 02:37:12.117 INFO: Average number of neighbors: 29.610000610351562
2026-09-27 02:37:12.117 INFO: During training the following quantities will be reported: energy, forces
2026-09-27 02:37:12.117 INFO: ===========MODEL DETAILS===========
2026-09-27 02:37:12.130 INFO: Building model
2026-09-27 02:37:12.130 INFO: Message passing with 64 channels and max_L=1 (64x0e + 64x1o)
2026-09-27 02:37:12.130 INFO: 2 layers, each with correlation order: 3 (body order: 4) and spherical harmonics up to: l=3
2026-09-27 02:37:12.130 INFO: 8 radial and 5 basis functions
2026-09-27 02:37:12.130 INFO: Radial cutoff: 5.0 A (total receptive field for each atom: 10.0 A)
2026-09-27 02:37:12.130 INFO: Distance transform for radial basis functions: None
2026-09-27 02:37:12.130 INFO: Hidden irreps: 64x0e + 64x1o
2026-09-27 02:37:13.042 INFO: ===========OPTIMIZER INFORMATION===========
2026-09-27 02:37:13.042 INFO: Using ADAM as parameter optimizer
2026-09-27 02:37:13.042 INFO: Batch size: 4
2026-09-27 02:37:13.042 INFO: Using Exponential Moving Average with decay: 0.99
2026-09-27 02:37:13.042 INFO: Number of gradient updates: 150
2026-09-27 02:37:13.042 INFO: Learning rate: 0.01, weight decay: 5e-07
2026-09-27 02:37:13.043 INFO: WeightedEnergyForcesLoss(energy_weight=1.000, forces_weight=10.000)
2026-09-27 02:37:13.043 INFO: === Layer's learning rates ===
2026-09-27 02:37:13.043 INFO: Param group 0: lr = 0.01
2026-09-27 02:37:13.043 INFO: Param group 1: lr = 0.01
2026-09-27 02:37:13.043 INFO: Param group 2: lr = 0.01
2026-09-27 02:37:13.043 INFO: Param group 3: lr = 0.01
2026-09-27 02:37:13.043 INFO: Param group 4: lr = 0.01
2026-09-27 02:37:13.044 INFO: Using gradient clipping with tolerance=10.000
2026-09-27 02:37:13.044 INFO: 
2026-09-27 02:37:13.044 INFO: ===========TRAINING===========
2026-09-27 02:37:13.044 INFO: Started training, reporting errors on validation set
2026-09-27 02:37:13.044 INFO: Loss metrics on validation set
2026-09-27 02:37:13.308 INFO: Initial: head: Default, loss=1.36868155, RMSE_E_per_atom=  139.38 meV, RMSE_F=  521.34 meV / A
2026-09-27 02:37:15.809 INFO: Epoch 0: head: Default, loss=1.34837544, RMSE_E_per_atom=   28.15 meV, RMSE_F=  519.23 meV / A
2026-09-27 02:37:15.812 DEBUG: Saving checkpoint: ./checkpoints/mace_multitm_model_run-123_epoch-0.pt
2026-09-27 02:37:18.045 INFO: Epoch 1: head: Default, loss=1.32892907, RMSE_E_per_atom=   46.72 meV, RMSE_F=  515.33 meV / A
2026-09-27 02:37:18.046 DEBUG: Deleting old checkpoint file: ./checkpoints/mace_multitm_model_run-123_epoch-0.pt
2026-09-27 02:37:18.047 DEBUG: Saving checkpoint: ./checkpoints/mace_multitm_model_run-123_epoch-1.pt
2026-09-27 02:37:20.106 INFO: Epoch 2: head: Default, loss=1.29984009, RMSE_E_per_atom=   69.17 meV, RMSE_F=  509.40 meV / A
2026-09-27 02:37:20.108 DEBUG: Deleting old checkpoint file: ./checkpoints/mace_multitm_model_run-123_epoch-1.pt
2026-09-27 02:37:20.109 DEBUG: Saving checkpoint: ./checkpoints/mace_multitm_model_run-123_epoch-2.pt
2026-09-27 02:37:22.177 INFO: Epoch 3: head: Default, loss=1.25618005, RMSE_E_per_atom=   48.88 meV, RMSE_F=  501.00 meV / A
2026-09-27 02:37:22.179 DEBUG: Deleting old checkpoint file: ./checkpoints/mace_multitm_model_run-123_epoch-2.pt
2026-09-27 02:37:22.180 DEBUG: Saving checkpoint: ./checkpoints/mace_multitm_model_run-123_epoch-3.pt
2026-09-27 02:37:24.254 INFO: Epoch 4: head: Default, loss=1.19115651, RMSE_E_per_atom=   10.18 meV, RMSE_F=  488.08 meV / A
2026-09-27 02:37:24.256 DEBUG: Deleting old checkpoint file: ./checkpoints/mace_multitm_model_run-123_epoch-3.pt
2026-09-27 02:37:24.257 DEBUG: Saving checkpoint: ./checkpoints/mace_multitm_model_run-123_epoch-4.pt
2026-09-27 02:37:26.329 INFO: Epoch 5: head: Default, loss=1.10299933, RMSE_E_per_atom=   39.13 meV, RMSE_F=  469.52 meV / A
2026-09-27 02:37:26.330 DEBUG: Deleting old checkpoint file: ./checkpoints/mace_multitm_model_run-123_epoch-4.pt
2026-09-27 02:37:26.332 DEBUG: Saving checkpoint: ./checkpoints/mace_multitm_model_run-123_epoch-5.pt
2026-09-27 02:37:28.400 INFO: Epoch 6: head: Default, loss=0.99666232, RMSE_E_per_atom=   78.98 meV, RMSE_F=  445.77 meV / A
2026-09-27 02:37:28.402 DEBUG: Deleting old checkpoint file: ./checkpoints/mace_multitm_model_run-123_epoch-5.pt
2026-09-27 02:37:28.403 DEBUG: Saving checkpoint: ./checkpoints/mace_multitm_model_run-123_epoch-6.pt
2026-09-27 02:37:30.461 INFO: Epoch 7: head: Default, loss=0.89576548, RMSE_E_per_atom=   92.23 meV, RMSE_F=  422.26 meV / A
2026-09-27 02:37:30.462 DEBUG: Deleting old checkpoint file: ./checkpoints/mace_multitm_model_run-123_epoch-6.pt
2026-09-27 02:37:30.463 DEBUG: Saving checkpoint: ./checkpoints/mace_multitm_model_run-123_epoch-7.pt
2026-09-27 02:37:32.686 INFO: Epoch 8: head: Default, loss=0.80365956, RMSE_E_per_atom=   70.56 meV, RMSE_F=  400.29 meV / A
2026-09-27 02:37:32.687 DEBUG: Deleting old checkpoint file: ./checkpoints/mace_multitm_model_run-123_epoch-7.pt
2026-09-27 02:37:32.689 DEBUG: Saving checkpoint: ./checkpoints/mace_multitm_model_run-123_epoch-8.pt
2026-09-27 02:37:34.812 INFO: Epoch 9: head: Default, loss=0.70968473, RMSE_E_per_atom=   26.41 meV, RMSE_F=  376.65 meV / A
2026-09-27 02:37:34.814 DEBUG: Deleting old checkpoint file: ./checkpoints/mace_multitm_model_run-123_epoch-8.pt
2026-09-27 02:37:34.815 DEBUG: Saving checkpoint: ./checkpoints/mace_multitm_model_run-123_epoch-9.pt
2026-09-27 02:37:36.882 INFO: Epoch 10: head: Default, loss=0.62500155, RMSE_E_per_atom=   19.03 meV, RMSE_F=  353.50 meV / A
2026-09-27 02:37:36.883 DEBUG: Deleting old checkpoint file: ./checkpoints/mace_multitm_model_run-123_epoch-9.pt
2026-09-27 02:37:36.884 DEBUG: Saving checkpoint: ./checkpoints/mace_multitm_model_run-123_epoch-10.pt
2026-09-27 02:37:38.968 INFO: Epoch 11: head: Default, loss=0.55021894, RMSE_E_per_atom=   35.84 meV, RMSE_F=  331.53 meV / A
2026-09-27 02:37:38.970 DEBUG: Deleting old checkpoint file: ./checkpoints/mace_multitm_model_run-123_epoch-10.pt
2026-09-27 02:37:38.971 DEBUG: Saving checkpoint: ./checkpoints/mace_multitm_model_run-123_epoch-11.pt
2026-09-27 02:37:41.139 INFO: Epoch 12: head: Default, loss=0.49609515, RMSE_E_per_atom=   22.02 meV, RMSE_F=  314.91 meV / A
2026-09-27 02:37:41.140 DEBUG: Deleting old checkpoint file: ./checkpoints/mace_multitm_model_run-123_epoch-11.pt
2026-09-27 02:37:41.141 DEBUG: Saving checkpoint: ./checkpoints/mace_multitm_model_run-123_epoch-12.pt
2026-09-27 02:37:43.278 INFO: Epoch 13: head: Default, loss=0.43881404, RMSE_E_per_atom=   10.11 meV, RMSE_F=  296.23 meV / A
2026-09-27 02:37:43.280 DEBUG: Deleting old checkpoint file: ./checkpoints/mace_multitm_model_run-123_epoch-12.pt
2026-09-27 02:37:43.281 DEBUG: Saving checkpoint: ./checkpoints/mace_multitm_model_run-123_epoch-13.pt
2026-09-27 02:37:45.450 INFO: Epoch 14: head: Default, loss=0.37141472, RMSE_E_per_atom=   21.49 meV, RMSE_F=  272.46 meV / A
2026-09-27 02:37:45.452 DEBUG: Deleting old checkpoint file: ./checkpoints/mace_multitm_model_run-123_epoch-13.pt
2026-09-27 02:37:45.454 DEBUG: Saving checkpoint: ./checkpoints/mace_multitm_model_run-123_epoch-14.pt
2026-09-27 02:37:47.522 INFO: Epoch 15: head: Default, loss=0.32085952, RMSE_E_per_atom=    5.93 meV, RMSE_F=  253.31 meV / A
2026-09-27 02:37:47.524 DEBUG: Deleting old checkpoint file: ./checkpoints/mace_multitm_model_run-123_epoch-14.pt
2026-09-27 02:37:47.525 DEBUG: Saving checkpoint: ./checkpoints/mace_multitm_model_run-123_epoch-15.pt
2026-09-27 02:37:49.629 INFO: Epoch 16: head: Default, loss=0.28587466, RMSE_E_per_atom=    4.20 meV, RMSE_F=  239.11 meV / A
2026-09-27 02:37:49.631 DEBUG: Deleting old checkpoint file: ./checkpoints/mace_multitm_model_run-123_epoch-15.pt
2026-09-27 02:37:49.633 DEBUG: Saving checkpoint: ./checkpoints/mace_multitm_model_run-123_epoch-16.pt
2026-09-27 02:37:51.688 INFO: Epoch 17: head: Default, loss=0.25909713, RMSE_E_per_atom=   15.88 meV, RMSE_F=  227.58 meV / A
2026-09-27 02:37:51.691 DEBUG: Deleting old checkpoint file: ./checkpoints/mace_multitm_model_run-123_epoch-16.pt
2026-09-27 02:37:51.693 DEBUG: Saving checkpoint: ./checkpoints/mace_multitm_model_run-123_epoch-17.pt
2026-09-27 02:37:53.916 INFO: Epoch 18: head: Default, loss=0.25684413, RMSE_E_per_atom=   28.58 meV, RMSE_F=  226.47 meV / A
2026-09-27 02:37:53.918 DEBUG: Deleting old checkpoint file: ./checkpoints/mace_multitm_model_run-123_epoch-17.pt
2026-09-27 02:37:53.919 DEBUG: Saving checkpoint: ./checkpoints/mace_multitm_model_run-123_epoch-18.pt
2026-09-27 02:37:56.102 INFO: Epoch 19: head: Default, loss=0.24696551, RMSE_E_per_atom=   33.56 meV, RMSE_F=  221.99 meV / A
2026-09-27 02:37:56.103 DEBUG: Deleting old checkpoint file: ./checkpoints/mace_multitm_model_run-123_epoch-18.pt
2026-09-27 02:37:56.105 DEBUG: Saving checkpoint: ./checkpoints/mace_multitm_model_run-123_epoch-19.pt
2026-09-27 02:37:58.238 INFO: Epoch 20: head: Default, loss=0.23077561, RMSE_E_per_atom=   30.90 meV, RMSE_F=  214.62 meV / A
2026-09-27 02:37:58.240 DEBUG: Deleting old checkpoint file: ./checkpoints/mace_multitm_model_run-123_epoch-19.pt
2026-09-27 02:37:58.242 DEBUG: Saving checkpoint: ./checkpoints/mace_multitm_model_run-123_epoch-20.pt
2026-09-27 02:38:00.358 INFO: Epoch 21: head: Default, loss=0.21319221, RMSE_E_per_atom=   20.34 meV, RMSE_F=  206.39 meV / A
2026-09-27 02:38:00.360 DEBUG: Deleting old checkpoint file: ./checkpoints/mace_multitm_model_run-123_epoch-20.pt
2026-09-27 02:38:00.361 DEBUG: Saving checkpoint: ./checkpoints/mace_multitm_model_run-123_epoch-21.pt
2026-09-27 02:38:02.404 INFO: Epoch 22: head: Default, loss=0.19786680, RMSE_E_per_atom=   15.73 meV, RMSE_F=  198.87 meV / A
2026-09-27 02:38:02.406 DEBUG: Deleting old checkpoint file: ./checkpoints/mace_multitm_model_run-123_epoch-21.pt
2026-09-27 02:38:02.408 DEBUG: Saving checkpoint: ./checkpoints/mace_multitm_model_run-123_epoch-22.pt
2026-09-27 02:38:04.483 INFO: Epoch 23: head: Default, loss=0.18425106, RMSE_E_per_atom=   24.25 meV, RMSE_F=  191.81 meV / A
2026-09-27 02:38:04.485 DEBUG: Deleting old checkpoint file: ./checkpoints/mace_multitm_model_run-123_epoch-22.pt
2026-09-27 02:38:04.486 DEBUG: Saving checkpoint: ./checkpoints/mace_multitm_model_run-123_epoch-23.pt
2026-09-27 02:38:06.557 INFO: Epoch 24: head: Default, loss=0.17368573, RMSE_E_per_atom=   25.41 meV, RMSE_F=  186.21 meV / A
2026-09-27 02:38:06.559 DEBUG: Deleting old checkpoint file: ./checkpoints/mace_multitm_model_run-123_epoch-23.pt
2026-09-27 02:38:06.560 DEBUG: Saving checkpoint: ./checkpoints/mace_multitm_model_run-123_epoch-24.pt
2026-09-27 02:38:08.785 INFO: Epoch 25: head: Default, loss=0.16613618, RMSE_E_per_atom=   13.93 meV, RMSE_F=  182.23 meV / A
2026-09-27 02:38:08.786 DEBUG: Deleting old checkpoint file: ./checkpoints/mace_multitm_model_run-123_epoch-24.pt
2026-09-27 02:38:08.787 DEBUG: Saving checkpoint: ./checkpoints/mace_multitm_model_run-123_epoch-25.pt
2026-09-27 02:38:10.881 INFO: Epoch 26: head: Default, loss=0.15895496, RMSE_E_per_atom=    5.91 meV, RMSE_F=  178.29 meV / A
2026-09-27 02:38:10.883 DEBUG: Deleting old checkpoint file: ./checkpoints/mace_multitm_model_run-123_epoch-25.pt
2026-09-27 02:38:10.884 DEBUG: Saving checkpoint: ./checkpoints/mace_multitm_model_run-123_epoch-26.pt
2026-09-27 02:38:12.961 INFO: Epoch 27: head: Default, loss=0.15347232, RMSE_E_per_atom=    5.55 meV, RMSE_F=  175.19 meV / A
2026-09-27 02:38:12.962 DEBUG: Deleting old checkpoint file: ./checkpoints/mace_multitm_model_run-123_epoch-26.pt
2026-09-27 02:38:12.963 DEBUG: Saving checkpoint: ./checkpoints/mace_multitm_model_run-123_epoch-27.pt
2026-09-27 02:38:14.996 INFO: Epoch 28: head: Default, loss=0.14934358, RMSE_E_per_atom=    3.95 meV, RMSE_F=  172.82 meV / A
2026-09-27 02:38:14.998 DEBUG: Deleting old checkpoint file: ./checkpoints/mace_multitm_model_run-123_epoch-27.pt
2026-09-27 02:38:14.999 DEBUG: Saving checkpoint: ./checkpoints/mace_multitm_model_run-123_epoch-28.pt
2026-09-27 02:38:17.115 INFO: Epoch 29: head: Default, loss=0.14412571, RMSE_E_per_atom=    5.26 meV, RMSE_F=  169.77 meV / A
2026-09-27 02:38:17.117 DEBUG: Deleting old checkpoint file: ./checkpoints/mace_multitm_model_run-123_epoch-28.pt
2026-09-27 02:38:17.119 DEBUG: Saving checkpoint: ./checkpoints/mace_multitm_model_run-123_epoch-29.pt
2026-09-27 02:38:19.221 INFO: Epoch 30: head: Default, loss=0.14101854, RMSE_E_per_atom=   10.29 meV, RMSE_F=  167.91 meV / A
2026-09-27 02:38:19.223 DEBUG: Deleting old checkpoint file: ./checkpoints/mace_multitm_model_run-123_epoch-29.pt
2026-09-27 02:38:19.224 DEBUG: Saving checkpoint: ./checkpoints/mace_multitm_model_run-123_epoch-30.pt
2026-09-27 02:38:21.300 INFO: Epoch 31: head: Default, loss=0.13917831, RMSE_E_per_atom=    6.90 meV, RMSE_F=  166.83 meV / A
2026-09-27 02:38:21.301 DEBUG: Deleting old checkpoint file: ./checkpoints/mace_multitm_model_run-123_epoch-30.pt
2026-09-27 02:38:21.303 DEBUG: Saving checkpoint: ./checkpoints/mace_multitm_model_run-123_epoch-31.pt
2026-09-27 02:38:23.401 INFO: Epoch 32: head: Default, loss=0.13602243, RMSE_E_per_atom=    3.82 meV, RMSE_F=  164.93 meV / A
2026-09-27 02:38:23.403 DEBUG: Deleting old checkpoint file: ./checkpoints/mace_multitm_model_run-123_epoch-31.pt
2026-09-27 02:38:23.404 DEBUG: Saving checkpoint: ./checkpoints/mace_multitm_model_run-123_epoch-32.pt
2026-09-27 02:38:25.476 INFO: Epoch 33: head: Default, loss=0.13263093, RMSE_E_per_atom=    6.87 meV, RMSE_F=  162.85 meV / A
2026-09-27 02:38:25.478 DEBUG: Deleting old checkpoint file: ./checkpoints/mace_multitm_model_run-123_epoch-32.pt
2026-09-27 02:38:25.479 DEBUG: Saving checkpoint: ./checkpoints/mace_multitm_model_run-123_epoch-33.pt
2026-09-27 02:38:27.552 INFO: Epoch 34: head: Default, loss=0.12755270, RMSE_E_per_atom=    7.03 meV, RMSE_F=  159.70 meV / A
2026-09-27 02:38:27.553 DEBUG: Deleting old checkpoint file: ./checkpoints/mace_multitm_model_run-123_epoch-33.pt
2026-09-27 02:38:27.554 DEBUG: Saving checkpoint: ./checkpoints/mace_multitm_model_run-123_epoch-34.pt
2026-09-27 02:38:29.659 INFO: Epoch 35: head: Default, loss=0.12336234, RMSE_E_per_atom=    5.20 meV, RMSE_F=  157.07 meV / A
2026-09-27 02:38:29.661 DEBUG: Deleting old checkpoint file: ./checkpoints/mace_multitm_model_run-123_epoch-34.pt
2026-09-27 02:38:29.662 DEBUG: Saving checkpoint: ./checkpoints/mace_multitm_model_run-123_epoch-35.pt
2026-09-27 02:38:31.764 INFO: Epoch 36: head: Default, loss=0.11929201, RMSE_E_per_atom=    6.03 meV, RMSE_F=  154.45 meV / A
2026-09-27 02:38:31.765 DEBUG: Deleting old checkpoint file: ./checkpoints/mace_multitm_model_run-123_epoch-35.pt
2026-09-27 02:38:31.767 DEBUG: Saving checkpoint: ./checkpoints/mace_multitm_model_run-123_epoch-36.pt
2026-09-27 02:38:33.851 INFO: Epoch 37: head: Default, loss=0.11410331, RMSE_E_per_atom=    8.58 meV, RMSE_F=  151.04 meV / A
2026-09-27 02:38:33.852 DEBUG: Deleting old checkpoint file: ./checkpoints/mace_multitm_model_run-123_epoch-36.pt
2026-09-27 02:38:33.854 DEBUG: Saving checkpoint: ./checkpoints/mace_multitm_model_run-123_epoch-37.pt
2026-09-27 02:38:35.920 INFO: Epoch 38: head: Default, loss=0.10928466, RMSE_E_per_atom=   11.90 meV, RMSE_F=  147.79 meV / A
2026-09-27 02:38:35.922 DEBUG: Deleting old checkpoint file: ./checkpoints/mace_multitm_model_run-123_epoch-37.pt
2026-09-27 02:38:35.923 DEBUG: Saving checkpoint: ./checkpoints/mace_multitm_model_run-123_epoch-38.pt
2026-09-27 02:38:38.043 INFO: Epoch 39: head: Default, loss=0.10404431, RMSE_E_per_atom=   10.45 meV, RMSE_F=  144.21 meV / A
2026-09-27 02:38:38.044 DEBUG: Deleting old checkpoint file: ./checkpoints/mace_multitm_model_run-123_epoch-38.pt
2026-09-27 02:38:38.046 DEBUG: Saving checkpoint: ./checkpoints/mace_multitm_model_run-123_epoch-39.pt
2026-09-27 02:38:40.106 INFO: Epoch 40: head: Default, loss=0.09969366, RMSE_E_per_atom=   13.07 meV, RMSE_F=  141.14 meV / A
2026-09-27 02:38:40.107 DEBUG: Deleting old checkpoint file: ./checkpoints/mace_multitm_model_run-123_epoch-39.pt
2026-09-27 02:38:40.108 DEBUG: Saving checkpoint: ./checkpoints/mace_multitm_model_run-123_epoch-40.pt
2026-09-27 02:38:42.205 INFO: Epoch 41: head: Default, loss=0.09543364, RMSE_E_per_atom=   18.97 meV, RMSE_F=  138.02 meV / A
2026-09-27 02:38:42.207 DEBUG: Deleting old checkpoint file: ./checkpoints/mace_multitm_model_run-123_epoch-40.pt
2026-09-27 02:38:42.208 DEBUG: Saving checkpoint: ./checkpoints/mace_multitm_model_run-123_epoch-41.pt
2026-09-27 02:38:44.506 INFO: Epoch 42: head: Default, loss=0.08945549, RMSE_E_per_atom=   20.85 meV, RMSE_F=  133.59 meV / A
2026-09-27 02:38:44.508 DEBUG: Deleting old checkpoint file: ./checkpoints/mace_multitm_model_run-123_epoch-41.pt
2026-09-27 02:38:44.510 DEBUG: Saving checkpoint: ./checkpoints/mace_multitm_model_run-123_epoch-42.pt
2026-09-27 02:38:46.683 INFO: Epoch 43: head: Default, loss=0.08357031, RMSE_E_per_atom=   21.91 meV, RMSE_F=  129.10 meV / A
2026-09-27 02:38:46.684 DEBUG: Deleting old checkpoint file: ./checkpoints/mace_multitm_model_run-123_epoch-42.pt
2026-09-27 02:38:46.685 DEBUG: Saving checkpoint: ./checkpoints/mace_multitm_model_run-123_epoch-43.pt
2026-09-27 02:38:48.783 INFO: Epoch 44: head: Default, loss=0.07843146, RMSE_E_per_atom=   24.70 meV, RMSE_F=  125.00 meV / A
2026-09-27 02:38:48.784 DEBUG: Deleting old checkpoint file: ./checkpoints/mace_multitm_model_run-123_epoch-43.pt
2026-09-27 02:38:48.786 DEBUG: Saving checkpoint: ./checkpoints/mace_multitm_model_run-123_epoch-44.pt
2026-09-27 02:38:50.897 INFO: Epoch 45: head: Default, loss=0.07373220, RMSE_E_per_atom=   27.24 meV, RMSE_F=  121.13 meV / A
2026-09-27 02:38:50.898 DEBUG: Deleting old checkpoint file: ./checkpoints/mace_multitm_model_run-123_epoch-44.pt
2026-09-27 02:38:50.900 DEBUG: Saving checkpoint: ./checkpoints/mace_multitm_model_run-123_epoch-45.pt
2026-09-27 02:38:53.069 INFO: Epoch 46: head: Default, loss=0.06876439, RMSE_E_per_atom=   27.23 meV, RMSE_F=  116.96 meV / A
2026-09-27 02:38:53.071 DEBUG: Deleting old checkpoint file: ./checkpoints/mace_multitm_model_run-123_epoch-45.pt
2026-09-27 02:38:53.072 DEBUG: Saving checkpoint: ./checkpoints/mace_multitm_model_run-123_epoch-46.pt
2026-09-27 02:38:55.350 INFO: Epoch 47: head: Default, loss=0.06421608, RMSE_E_per_atom=   29.18 meV, RMSE_F=  112.95 meV / A
2026-09-27 02:38:55.351 DEBUG: Deleting old checkpoint file: ./checkpoints/mace_multitm_model_run-123_epoch-46.pt
2026-09-27 02:38:55.353 DEBUG: Saving checkpoint: ./checkpoints/mace_multitm_model_run-123_epoch-47.pt
2026-09-27 02:38:57.430 INFO: Epoch 48: head: Default, loss=0.06056820, RMSE_E_per_atom=   31.61 meV, RMSE_F=  109.61 meV / A
2026-09-27 02:38:57.432 DEBUG: Deleting old checkpoint file: ./checkpoints/mace_multitm_model_run-123_epoch-47.pt
2026-09-27 02:38:57.433 DEBUG: Saving checkpoint: ./checkpoints/mace_multitm_model_run-123_epoch-48.pt
2026-09-27 02:38:59.591 INFO: Epoch 49: head: Default, loss=0.05733680, RMSE_E_per_atom=   29.92 meV, RMSE_F=  106.67 meV / A
2026-09-27 02:38:59.593 DEBUG: Deleting old checkpoint file: ./checkpoints/mace_multitm_model_run-123_epoch-48.pt
2026-09-27 02:38:59.594 DEBUG: Saving checkpoint: ./checkpoints/mace_multitm_model_run-123_epoch-49.pt
2026-09-27 02:39:01.701 INFO: Epoch 50: head: Default, loss=0.05473243, RMSE_E_per_atom=   28.94 meV, RMSE_F=  104.22 meV / A
2026-09-27 02:39:01.703 DEBUG: Deleting old checkpoint file: ./checkpoints/mace_multitm_model_run-123_epoch-49.pt
2026-09-27 02:39:01.704 DEBUG: Saving checkpoint: ./checkpoints/mace_multitm_model_run-123_epoch-50.pt
2026-09-27 02:39:03.780 INFO: Epoch 51: head: Default, loss=0.05271996, RMSE_E_per_atom=   29.83 meV, RMSE_F=  102.25 meV / A
2026-09-27 02:39:03.782 DEBUG: Deleting old checkpoint file: ./checkpoints/mace_multitm_model_run-123_epoch-50.pt
2026-09-27 02:39:03.783 DEBUG: Saving checkpoint: ./checkpoints/mace_multitm_model_run-123_epoch-51.pt
2026-09-27 02:39:05.897 INFO: Epoch 52: head: Default, loss=0.05121173, RMSE_E_per_atom=   28.89 meV, RMSE_F=  100.79 meV / A
2026-09-27 02:39:05.899 DEBUG: Deleting old checkpoint file: ./checkpoints/mace_multitm_model_run-123_epoch-51.pt
2026-09-27 02:39:05.900 DEBUG: Saving checkpoint: ./checkpoints/mace_multitm_model_run-123_epoch-52.pt
2026-09-27 02:39:07.956 INFO: Epoch 53: head: Default, loss=0.05017350, RMSE_E_per_atom=   25.96 meV, RMSE_F=   99.84 meV / A
2026-09-27 02:39:07.957 DEBUG: Deleting old checkpoint file: ./checkpoints/mace_multitm_model_run-123_epoch-52.pt
2026-09-27 02:39:07.958 DEBUG: Saving checkpoint: ./checkpoints/mace_multitm_model_run-123_epoch-53.pt
2026-09-27 02:39:10.011 INFO: Epoch 54: head: Default, loss=0.04918550, RMSE_E_per_atom=   24.38 meV, RMSE_F=   98.88 meV / A
2026-09-27 02:39:10.013 DEBUG: Deleting old checkpoint file: ./checkpoints/mace_multitm_model_run-123_epoch-53.pt
2026-09-27 02:39:10.014 DEBUG: Saving checkpoint: ./checkpoints/mace_multitm_model_run-123_epoch-54.pt
2026-09-27 02:39:12.128 INFO: Epoch 55: head: Default, loss=0.04793181, RMSE_E_per_atom=   24.29 meV, RMSE_F=   97.61 meV / A
2026-09-27 02:39:12.130 DEBUG: Deleting old checkpoint file: ./checkpoints/mace_multitm_model_run-123_epoch-54.pt
2026-09-27 02:39:12.131 DEBUG: Saving checkpoint: ./checkpoints/mace_multitm_model_run-123_epoch-55.pt
2026-09-27 02:39:14.181 INFO: Epoch 56: head: Default, loss=0.04710886, RMSE_E_per_atom=   24.44 meV, RMSE_F=   96.76 meV / A
2026-09-27 02:39:14.183 DEBUG: Deleting old checkpoint file: ./checkpoints/mace_multitm_model_run-123_epoch-55.pt
2026-09-27 02:39:14.184 DEBUG: Saving checkpoint: ./checkpoints/mace_multitm_model_run-123_epoch-56.pt
2026-09-27 02:39:16.237 INFO: Epoch 57: head: Default, loss=0.04646694, RMSE_E_per_atom=   20.62 meV, RMSE_F=   96.18 meV / A
2026-09-27 02:39:16.238 DEBUG: Deleting old checkpoint file: ./checkpoints/mace_multitm_model_run-123_epoch-56.pt
2026-09-27 02:39:16.240 DEBUG: Saving checkpoint: ./checkpoints/mace_multitm_model_run-123_epoch-57.pt
2026-09-27 02:39:18.299 INFO: Epoch 58: head: Default, loss=0.04643516, RMSE_E_per_atom=   19.49 meV, RMSE_F=   96.17 meV / A
2026-09-27 02:39:18.301 DEBUG: Deleting old checkpoint file: ./checkpoints/mace_multitm_model_run-123_epoch-57.pt
2026-09-27 02:39:18.303 DEBUG: Saving checkpoint: ./checkpoints/mace_multitm_model_run-123_epoch-58.pt
2026-09-27 02:39:20.460 INFO: Epoch 59: head: Default, loss=0.04696083, RMSE_E_per_atom=   21.51 meV, RMSE_F=   96.67 meV / A
2026-09-27 02:39:20.461 INFO: Training complete
2026-09-27 02:39:20.461 INFO: 
2026-09-27 02:39:20.461 INFO: ===========RESULTS===========
2026-09-27 02:39:20.462 INFO: Loading checkpoint: ./checkpoints/mace_multitm_model_run-123_epoch-58.pt
2026-09-27 02:39:20.476 INFO: Loaded Stage one model from epoch 58 for evaluation
2026-09-27 02:39:20.477 INFO: Saving model to checkpoints/mace_multitm_model_run-123.model
2026-09-27 02:39:20.607 INFO: Compiling model, saving metadata to mace_multitm_model_compiled.model
2026-09-27 02:39:21.231 INFO: Computing metrics for training, validation, and test sets
2026-09-27 02:39:21.231 INFO: Skipping evaluation for heads: ['pt_head']
2026-09-27 02:39:21.231 INFO: Evaluating train_Default ...
2026-09-27 02:39:21.814 INFO: Evaluating valid_Default ...
2026-09-27 02:39:21.970 INFO: Error-table on TRAIN and VALID:
+---------------+---------------------+------------------+-------------------+
|  config_type  | RMSE E / meV / atom | RMSE F / meV / A | relative F RMSE % |
+---------------+---------------------+------------------+-------------------+
| train_Default |           10.0      |         71.5     |         16.65     |
| valid_Default |           19.5      |         96.2     |         18.48     |
+---------------+---------------------+------------------+-------------------+
2026-09-27 02:39:21.971 DEBUG: Running inference on train_Default dataset
2026-09-27 02:39:22.551 DEBUG: Running inference on valid_Default dataset
2026-09-27 02:39:22.777 DEBUG: STREAM b'IHDR' 16 13
2026-09-27 02:39:22.777 DEBUG: STREAM b'sBIT' 41 4
2026-09-27 02:39:22.777 DEBUG: b'sBIT' 41 4 (unknown)
2026-09-27 02:39:22.777 DEBUG: STREAM b'pHYs' 57 9
2026-09-27 02:39:22.777 DEBUG: STREAM b'IDAT' 78 1189
2026-09-27 02:39:22.779 DEBUG: STREAM b'IHDR' 16 13
2026-09-27 02:39:22.779 DEBUG: STREAM b'sBIT' 41 4
2026-09-27 02:39:22.779 DEBUG: b'sBIT' 41 4 (unknown)
2026-09-27 02:39:22.779 DEBUG: STREAM b'pHYs' 57 9
2026-09-27 02:39:22.779 DEBUG: STREAM b'IDAT' 78 2994
2026-09-27 02:39:22.786 DEBUG: STREAM b'IHDR' 16 13
2026-09-27 02:39:22.786 DEBUG: STREAM b'sBIT' 41 4
2026-09-27 02:39:22.786 DEBUG: b'sBIT' 41 4 (unknown)
2026-09-27 02:39:22.786 DEBUG: STREAM b'pHYs' 57 9
2026-09-27 02:39:22.786 DEBUG: STREAM b'IDAT' 78 374
2026-09-27 02:39:22.787 DEBUG: STREAM b'IHDR' 16 13
2026-09-27 02:39:22.787 DEBUG: STREAM b'sBIT' 41 4
2026-09-27 02:39:22.787 DEBUG: b'sBIT' 41 4 (unknown)
2026-09-27 02:39:22.787 DEBUG: STREAM b'pHYs' 57 9
2026-09-27 02:39:22.787 DEBUG: STREAM b'IDAT' 78 286
2026-09-27 02:39:22.788 DEBUG: STREAM b'IHDR' 16 13
2026-09-27 02:39:22.788 DEBUG: STREAM b'sBIT' 41 4
2026-09-27 02:39:22.788 DEBUG: b'sBIT' 41 4 (unknown)
2026-09-27 02:39:22.788 DEBUG: STREAM b'pHYs' 57 9
2026-09-27 02:39:22.788 DEBUG: STREAM b'IDAT' 78 263
2026-09-27 02:39:22.789 DEBUG: STREAM b'IHDR' 16 13
2026-09-27 02:39:22.789 DEBUG: STREAM b'sBIT' 41 4
2026-09-27 02:39:22.789 DEBUG: b'sBIT' 41 4 (unknown)
2026-09-27 02:39:22.790 DEBUG: STREAM b'pHYs' 57 9
2026-09-27 02:39:22.790 DEBUG: STREAM b'IDAT' 78 387
2026-09-27 02:39:22.791 DEBUG: STREAM b'IHDR' 16 13
2026-09-27 02:39:22.791 DEBUG: STREAM b'sBIT' 41 4
2026-09-27 02:39:22.791 DEBUG: b'sBIT' 41 4 (unknown)
2026-09-27 02:39:22.791 DEBUG: STREAM b'pHYs' 57 9
2026-09-27 02:39:22.791 DEBUG: STREAM b'IDAT' 78 436
2026-09-27 02:39:22.792 DEBUG: STREAM b'IHDR' 16 13
2026-09-27 02:39:22.792 DEBUG: STREAM b'sBIT' 41 4
2026-09-27 02:39:22.792 DEBUG: b'sBIT' 41 4 (unknown)
2026-09-27 02:39:22.792 DEBUG: STREAM b'pHYs' 57 9
2026-09-27 02:39:22.792 DEBUG: STREAM b'IDAT' 78 351
2026-09-27 02:39:22.792 DEBUG: STREAM b'IHDR' 16 13
2026-09-27 02:39:22.792 DEBUG: STREAM b'sBIT' 41 4
2026-09-27 02:39:22.792 DEBUG: b'sBIT' 41 4 (unknown)
2026-09-27 02:39:22.792 DEBUG: STREAM b'pHYs' 57 9
2026-09-27 02:39:22.792 DEBUG: STREAM b'IDAT' 78 364
2026-09-27 02:39:23.876 INFO: Done
2026-09-27 02:43:41.407 INFO: ===========VERIFYING SETTINGS===========
2026-09-27 02:43:41.408 INFO: MACE version: 0.3.16
2026-09-27 02:43:41.408 DEBUG: Configuration: Namespace(config=None, name='mace_multitm_model', seed=123, work_dir='.', log_dir='./logs', model_dir='.', checkpoints_dir='./checkpoints', results_dir='./results', downloads_dir='./downloads', device='cpu', default_dtype='float32', distributed=False, launcher='slurm', log_level='INFO', plot=True, plot_frequency=0, plot_interaction_e=False, error_table='PerAtomRMSE', model='ScaleShiftMACE', r_max=5.0, radial_type='bessel', num_radial_basis=8, num_cutoff_basis=5, pair_repulsion=False, distance_transform='None', apply_cutoff=True, use_last_readout_only=False, use_embedding_readout=False, interaction='RealAgnosticResidualInteractionBlock', interaction_first='RealAgnosticResidualInteractionBlock', max_ell=3, correlation=3, use_reduced_cg=False, use_so3=False, use_agnostic_product=False, num_interactions=2, MLP_irreps='16x0e', radial_MLP='[64, 64, 64]', hidden_irreps='64x0e + 64x1o', edge_irreps=None, use_edge_irreps_first=False, num_channels=64, max_L=1, gate='silu', kspace_cutoff_factor=1.5, atomic_multipoles_max_l=0, atomic_multipoles_smearing_width=1.0, field_feature_max_l=0, field_feature_widths='[1.0]', field_feature_norms=None, num_recursion_steps=1, field_si=False, include_electrostatic_self_interaction=False, add_local_electron_energy=False, quadrupole_feature_corrections=False, return_electrostatic_potentials=False, field_norm_factor=0.02, fixedpoint_update_config=None, field_readout_config=None, scaling='rms_forces_scaling', avg_num_neighbors=1, compute_avg_num_neighbors=True, compute_stress=False, compute_forces=True, compute_polarizability=False, compute_atomic_dipole=False, train_file='mace_train.xyz', valid_file='mace_val.xyz', valid_fraction=0.1, test_file=None, test_dir=None, multi_processed_test=False, num_workers=0, pin_memory=True, atomic_numbers='[1, 6, 7, 27, 28, 46]', mean=None, std=None, statistics_file=None, les_arguments=None, E0s='average', pseudolabel_replay=False, pseudolabel_replay_compute_stress=False, foundation_filter_elements=True, heads=None, multiheads_finetuning=True, foundation_head=None, weight_pt_head=1.0, real_pt_data_ratio_threshold=0.1, num_samples_pt=10000, force_mh_ft_lr=False, subselect_pt='random', filter_type_pt='none', allow_random_padding_pt=True, pt_train_file=None, pt_valid_file=None, foundation_model_elements=False, keep_isolated_atoms=False, lora=False, lora_rank=4, lora_alpha=1.0, energy_key='energy', forces_key='forces', virials_key='REF_virials', stress_key='REF_stress', dipole_key='dipole', polarizability_key='polarizability', head_key='head', charges_key='REF_charges', elec_temp_key='elec_temp', total_spin_key='total_spin', total_charge_key='total_charge', embedding_specs=None, skip_evaluate_heads='pt_head', loss='weighted', forces_weight=10.0, swa_forces_weight=100.0, energy_weight=1.0, swa_energy_weight=1000.0, virials_weight=1.0, swa_virials_weight=10.0, stress_weight=1.0, swa_stress_weight=10.0, dipole_weight=1.0, swa_dipole_weight=1.0, swa_polarizability_weight=1.0, polarizability_weight=1.0, config_type_weights='{"Default":1.0}', huber_delta=0.01, optimizer='adam', beta=0.9, beta1_schedulefree=0.9, beta2_schedulefree=0.98, batch_size=4, valid_batch_size=4, lr=0.01, swa_lr=0.001, weight_decay=5e-07, lr_params_factors='{"embedding_lr_factor": 1.0, "interactions_lr_factor": 1.0, "products_lr_factor": 1.0, "readouts_lr_factor": 1.0}', freeze=None, amsgrad=True, scheduler='ReduceLROnPlateau', lr_factor=0.8, scheduler_patience=50, lr_scheduler_gamma=0.9993, swa=False, start_swa=None, lbfgs=False, ema=True, ema_decay=0.99, max_num_epochs=60, patience=2048, foundation_model=None, foundation_model_kwargs='{}', foundation_model_readout=True, eval_interval=1, keep_checkpoints=False, save_all_checkpoints=False, restart_latest=False, save_cpu=False, clip_grad=10.0, dry_run=False, enable_cueq=False, only_cueq=False, enable_oeq=False, wandb=False, wandb_dir=None, wandb_project='', wandb_entity='', wandb_name='', wandb_log_hypers=['num_channels', 'max_L', 'correlation', 'lr', 'swa_lr', 'weight_decay', 'batch_size', 'max_num_epochs', 'start_swa', 'energy_weight', 'forces_weight'], key_specification=KeySpecification(info_keys={'energy': 'energy', 'stress': 'REF_stress', 'virials': 'REF_virials', 'dipole': 'dipole', 'head': 'head', 'elec_temp': 'elec_temp', 'total_charge': 'total_charge', 'polarizability': 'polarizability', 'total_spin': 'total_spin'}, arrays_keys={'forces': 'forces', 'charges': 'REF_charges'}))
2026-09-27 02:43:41.408 INFO: Using CPU
2026-09-27 02:43:41.434 DEBUG: Popen(['git', 'version'], cwd=/home/ziat1/Documents/Training/Autonomous_MultiTM_SAC_Pipeline, stdin=None, shell=False, universal_newlines=False)
2026-09-27 02:43:41.438 DEBUG: Popen(['git', 'version'], cwd=/home/ziat1/Documents/Training/Autonomous_MultiTM_SAC_Pipeline, stdin=None, shell=False, universal_newlines=False)
2026-09-27 02:43:41.441 DEBUG: sys.platform='linux', git_executable='git'
2026-09-27 02:43:41.442 DEBUG: Error accessing Git repository: /home/ziat1/Documents/Training/Autonomous_MultiTM_SAC_Pipeline
2026-09-27 02:43:41.442 INFO: ===========LOADING INPUT DATA===========
2026-09-27 02:43:41.442 INFO: Using heads: ['Default']
2026-09-27 02:43:41.442 INFO: Using the key specifications to parse data:
2026-09-27 02:43:41.442 INFO: Default: KeySpecification(info_keys={'energy': 'energy', 'stress': 'REF_stress', 'virials': 'REF_virials', 'dipole': 'dipole', 'head': 'head', 'elec_temp': 'elec_temp', 'total_charge': 'total_charge', 'polarizability': 'polarizability', 'total_spin': 'total_spin'}, arrays_keys={'forces': 'forces', 'charges': 'REF_charges'})
2026-09-27 02:43:41.442 INFO: =============    Processing head Default     ===========
2026-09-27 02:43:41.442 DEBUG: Loading training file: mace_train.xyz
2026-09-27 02:43:41.461 WARNING: Since ASE version 3.23.0b1, using energy_key 'energy' is no longer safe when communicating between MACE and ASE. We recommend using a different key, rewriting 'energy' to 'REF_energy'. You need to use --energy_key='REF_energy' to specify the chosen key name.
2026-09-27 02:43:41.462 WARNING: Since ASE version 3.23.0b1, using forces_key 'forces' is no longer safe when communicating between MACE and ASE. We recommend using a different key, rewriting 'forces' to 'REF_forces'. You need to use --forces_key='REF_forces' to specify the chosen key name.
2026-09-27 02:43:41.463 INFO: Training set 1/1 [energy: 10, stress: 0, virials: 0, dipole components: 0, head: 10, elec_temp: 0, total_charge: 0, polarizability: 0, total_spin: 0, forces: 10, charges: 0]
2026-09-27 02:43:41.463 INFO: Total Training set [energy: 10, stress: 0, virials: 0, dipole components: 0, head: 10, elec_temp: 0, total_charge: 0, polarizability: 0, total_spin: 0, forces: 10, charges: 0]
2026-09-27 02:43:41.467 WARNING: Since ASE version 3.23.0b1, using energy_key 'energy' is no longer safe when communicating between MACE and ASE. We recommend using a different key, rewriting 'energy' to 'REF_energy'. You need to use --energy_key='REF_energy' to specify the chosen key name.
2026-09-27 02:43:41.467 WARNING: Since ASE version 3.23.0b1, using forces_key 'forces' is no longer safe when communicating between MACE and ASE. We recommend using a different key, rewriting 'forces' to 'REF_forces'. You need to use --forces_key='REF_forces' to specify the chosen key name.
2026-09-27 02:43:41.467 INFO: Validation set 1/1 [energy: 2, stress: 0, virials: 0, dipole components: 0, head: 2, elec_temp: 0, total_charge: 0, polarizability: 0, total_spin: 0, forces: 2, charges: 0]
2026-09-27 02:43:41.468 INFO: Total Validation set [energy: 2, stress: 0, virials: 0, dipole components: 0, head: 2, elec_temp: 0, total_charge: 0, polarizability: 0, total_spin: 0, forces: 2, charges: 0]
2026-09-27 02:43:41.468 INFO: Total number of configurations: train=10, valid=2, tests=[],
2026-09-27 02:43:41.468 WARNING: Validation batch size (4) is larger than the number of validation data (2)
2026-09-27 02:43:41.468 INFO: Using atomic numbers from command line argument
2026-09-27 02:43:41.468 INFO: Atomic Numbers used: [1, 6, 7, 27, 28, 46]
2026-09-27 02:43:41.468 INFO: Isolated Atomic Energies (E0s) not in training file, using command line argument
2026-09-27 02:43:41.468 INFO: Computing average Atomic Energies using least squares regression
2026-09-27 02:43:41.469 INFO: Atomic Energies used (z: eV) for head Default: {1: 0.0, 6: -8.970996981874654, 7: -5.895291694836723, 27: -2.129359204164694, 28: -1.1101680826338955, 46: 2.9361336403350915}
2026-09-27 02:43:41.469 INFO: Processing datasets for head 'Default'
2026-09-27 02:43:41.475 DEBUG: Successfully loaded dataset from ASE files: ['mace_train.xyz']
2026-09-27 02:43:41.475 INFO: Combining 1 list datasets for head 'Default'
2026-09-27 02:43:41.476 DEBUG: Successfully loaded validation dataset from ASE files: ['mace_val.xyz']
2026-09-27 02:43:41.476 INFO: Combining 1 list datasets for head 'Default_valid'
2026-09-27 02:43:41.477 INFO: Combined validation datasets for Default
2026-09-27 02:43:41.477 INFO: Head 'Default' training dataset size: 10
2026-09-27 02:43:41.477 INFO: Computing average number of neighbors
2026-09-27 02:43:41.481 INFO: Average number of neighbors: 29.610000610351562
2026-09-27 02:43:41.481 INFO: During training the following quantities will be reported: energy, forces
2026-09-27 02:43:41.481 INFO: ===========MODEL DETAILS===========
2026-09-27 02:43:41.485 INFO: Building model
2026-09-27 02:43:41.485 INFO: Message passing with 64 channels and max_L=1 (64x0e + 64x1o)
2026-09-27 02:43:41.485 INFO: 2 layers, each with correlation order: 3 (body order: 4) and spherical harmonics up to: l=3
2026-09-27 02:43:41.485 INFO: 8 radial and 5 basis functions
2026-09-27 02:43:41.485 INFO: Radial cutoff: 5.0 A (total receptive field for each atom: 10.0 A)
2026-09-27 02:43:41.485 INFO: Distance transform for radial basis functions: None
2026-09-27 02:43:41.485 INFO: Hidden irreps: 64x0e + 64x1o
2026-09-27 02:43:42.463 INFO: ===========OPTIMIZER INFORMATION===========
2026-09-27 02:43:42.463 INFO: Using ADAM as parameter optimizer
2026-09-27 02:43:42.463 INFO: Batch size: 4
2026-09-27 02:43:42.463 INFO: Using Exponential Moving Average with decay: 0.99
2026-09-27 02:43:42.463 INFO: Number of gradient updates: 150
2026-09-27 02:43:42.463 INFO: Learning rate: 0.01, weight decay: 5e-07
2026-09-27 02:43:42.464 INFO: WeightedEnergyForcesLoss(energy_weight=1.000, forces_weight=10.000)
2026-09-27 02:43:42.464 INFO: === Layer's learning rates ===
2026-09-27 02:43:42.464 INFO: Param group 0: lr = 0.01
2026-09-27 02:43:42.465 INFO: Param group 1: lr = 0.01
2026-09-27 02:43:42.465 INFO: Param group 2: lr = 0.01
2026-09-27 02:43:42.465 INFO: Param group 3: lr = 0.01
2026-09-27 02:43:42.465 INFO: Param group 4: lr = 0.01
2026-09-27 02:43:42.466 INFO: Using gradient clipping with tolerance=10.000
2026-09-27 02:43:42.466 INFO: 
2026-09-27 02:43:42.466 INFO: ===========TRAINING===========
2026-09-27 02:43:42.466 INFO: Started training, reporting errors on validation set
2026-09-27 02:43:42.466 INFO: Loss metrics on validation set
2026-09-27 02:43:42.786 INFO: Initial: head: Default, loss=1.36868155, RMSE_E_per_atom=  139.38 meV, RMSE_F=  521.34 meV / A
2026-09-27 02:43:45.249 INFO: Epoch 0: head: Default, loss=1.34837544, RMSE_E_per_atom=   28.15 meV, RMSE_F=  519.23 meV / A
2026-09-27 02:43:45.251 DEBUG: Saving checkpoint: ./checkpoints/mace_multitm_model_run-123_epoch-0.pt
2026-09-27 02:43:47.476 INFO: Epoch 1: head: Default, loss=1.32892907, RMSE_E_per_atom=   46.72 meV, RMSE_F=  515.33 meV / A
2026-09-27 02:43:47.478 DEBUG: Deleting old checkpoint file: ./checkpoints/mace_multitm_model_run-123_epoch-0.pt
2026-09-27 02:43:47.480 DEBUG: Saving checkpoint: ./checkpoints/mace_multitm_model_run-123_epoch-1.pt
2026-09-27 02:43:49.736 INFO: Epoch 2: head: Default, loss=1.29984009, RMSE_E_per_atom=   69.17 meV, RMSE_F=  509.40 meV / A
2026-09-27 02:43:49.748 DEBUG: Deleting old checkpoint file: ./checkpoints/mace_multitm_model_run-123_epoch-1.pt
2026-09-27 02:43:49.750 DEBUG: Saving checkpoint: ./checkpoints/mace_multitm_model_run-123_epoch-2.pt
2026-09-27 02:43:51.835 INFO: Epoch 3: head: Default, loss=1.25618005, RMSE_E_per_atom=   48.88 meV, RMSE_F=  501.00 meV / A
2026-09-27 02:43:51.837 DEBUG: Deleting old checkpoint file: ./checkpoints/mace_multitm_model_run-123_epoch-2.pt
2026-09-27 02:43:51.838 DEBUG: Saving checkpoint: ./checkpoints/mace_multitm_model_run-123_epoch-3.pt
2026-09-27 02:43:53.895 INFO: Epoch 4: head: Default, loss=1.19115651, RMSE_E_per_atom=   10.18 meV, RMSE_F=  488.08 meV / A
2026-09-27 02:43:53.897 DEBUG: Deleting old checkpoint file: ./checkpoints/mace_multitm_model_run-123_epoch-3.pt
2026-09-27 02:43:53.898 DEBUG: Saving checkpoint: ./checkpoints/mace_multitm_model_run-123_epoch-4.pt
2026-09-27 02:43:55.963 INFO: Epoch 5: head: Default, loss=1.10299933, RMSE_E_per_atom=   39.13 meV, RMSE_F=  469.52 meV / A
2026-09-27 02:43:55.965 DEBUG: Deleting old checkpoint file: ./checkpoints/mace_multitm_model_run-123_epoch-4.pt
2026-09-27 02:43:55.966 DEBUG: Saving checkpoint: ./checkpoints/mace_multitm_model_run-123_epoch-5.pt
2026-09-27 02:43:58.083 INFO: Epoch 6: head: Default, loss=0.99666232, RMSE_E_per_atom=   78.98 meV, RMSE_F=  445.77 meV / A
2026-09-27 02:43:58.085 DEBUG: Deleting old checkpoint file: ./checkpoints/mace_multitm_model_run-123_epoch-5.pt
2026-09-27 02:43:58.087 DEBUG: Saving checkpoint: ./checkpoints/mace_multitm_model_run-123_epoch-6.pt
2026-09-27 02:44:00.205 INFO: Epoch 7: head: Default, loss=0.89576548, RMSE_E_per_atom=   92.23 meV, RMSE_F=  422.26 meV / A
2026-09-27 02:44:00.206 DEBUG: Deleting old checkpoint file: ./checkpoints/mace_multitm_model_run-123_epoch-6.pt
2026-09-27 02:44:00.207 DEBUG: Saving checkpoint: ./checkpoints/mace_multitm_model_run-123_epoch-7.pt
2026-09-27 02:44:02.261 INFO: Epoch 8: head: Default, loss=0.80365956, RMSE_E_per_atom=   70.56 meV, RMSE_F=  400.29 meV / A
2026-09-27 02:44:02.262 DEBUG: Deleting old checkpoint file: ./checkpoints/mace_multitm_model_run-123_epoch-7.pt
2026-09-27 02:44:02.264 DEBUG: Saving checkpoint: ./checkpoints/mace_multitm_model_run-123_epoch-8.pt
2026-09-27 02:44:04.348 INFO: Epoch 9: head: Default, loss=0.70968473, RMSE_E_per_atom=   26.41 meV, RMSE_F=  376.65 meV / A
2026-09-27 02:44:04.350 DEBUG: Deleting old checkpoint file: ./checkpoints/mace_multitm_model_run-123_epoch-8.pt
2026-09-27 02:44:04.351 DEBUG: Saving checkpoint: ./checkpoints/mace_multitm_model_run-123_epoch-9.pt
2026-09-27 02:44:06.422 INFO: Epoch 10: head: Default, loss=0.62500155, RMSE_E_per_atom=   19.03 meV, RMSE_F=  353.50 meV / A
2026-09-27 02:44:06.424 DEBUG: Deleting old checkpoint file: ./checkpoints/mace_multitm_model_run-123_epoch-9.pt
2026-09-27 02:44:06.425 DEBUG: Saving checkpoint: ./checkpoints/mace_multitm_model_run-123_epoch-10.pt
2026-09-27 02:44:08.527 INFO: Epoch 11: head: Default, loss=0.55021894, RMSE_E_per_atom=   35.84 meV, RMSE_F=  331.53 meV / A
2026-09-27 02:44:08.528 DEBUG: Deleting old checkpoint file: ./checkpoints/mace_multitm_model_run-123_epoch-10.pt
2026-09-27 02:44:08.530 DEBUG: Saving checkpoint: ./checkpoints/mace_multitm_model_run-123_epoch-11.pt
2026-09-27 02:44:10.574 INFO: Epoch 12: head: Default, loss=0.49609515, RMSE_E_per_atom=   22.02 meV, RMSE_F=  314.91 meV / A
2026-09-27 02:44:10.575 DEBUG: Deleting old checkpoint file: ./checkpoints/mace_multitm_model_run-123_epoch-11.pt
2026-09-27 02:44:10.577 DEBUG: Saving checkpoint: ./checkpoints/mace_multitm_model_run-123_epoch-12.pt
2026-09-27 02:44:12.682 INFO: Epoch 13: head: Default, loss=0.43881404, RMSE_E_per_atom=   10.11 meV, RMSE_F=  296.23 meV / A
2026-09-27 02:44:12.684 DEBUG: Deleting old checkpoint file: ./checkpoints/mace_multitm_model_run-123_epoch-12.pt
2026-09-27 02:44:12.685 DEBUG: Saving checkpoint: ./checkpoints/mace_multitm_model_run-123_epoch-13.pt
2026-09-27 02:44:14.749 INFO: Epoch 14: head: Default, loss=0.37141472, RMSE_E_per_atom=   21.49 meV, RMSE_F=  272.46 meV / A
2026-09-27 02:44:14.751 DEBUG: Deleting old checkpoint file: ./checkpoints/mace_multitm_model_run-123_epoch-13.pt
2026-09-27 02:44:14.752 DEBUG: Saving checkpoint: ./checkpoints/mace_multitm_model_run-123_epoch-14.pt
2026-09-27 02:44:16.831 INFO: Epoch 15: head: Default, loss=0.32085952, RMSE_E_per_atom=    5.93 meV, RMSE_F=  253.31 meV / A
2026-09-27 02:44:16.833 DEBUG: Deleting old checkpoint file: ./checkpoints/mace_multitm_model_run-123_epoch-14.pt
2026-09-27 02:44:16.835 DEBUG: Saving checkpoint: ./checkpoints/mace_multitm_model_run-123_epoch-15.pt
2026-09-27 02:44:18.933 INFO: Epoch 16: head: Default, loss=0.28587466, RMSE_E_per_atom=    4.20 meV, RMSE_F=  239.11 meV / A
2026-09-27 02:44:18.935 DEBUG: Deleting old checkpoint file: ./checkpoints/mace_multitm_model_run-123_epoch-15.pt
2026-09-27 02:44:18.936 DEBUG: Saving checkpoint: ./checkpoints/mace_multitm_model_run-123_epoch-16.pt
2026-09-27 02:44:20.983 INFO: Epoch 17: head: Default, loss=0.25909713, RMSE_E_per_atom=   15.88 meV, RMSE_F=  227.58 meV / A
2026-09-27 02:44:20.984 DEBUG: Deleting old checkpoint file: ./checkpoints/mace_multitm_model_run-123_epoch-16.pt
2026-09-27 02:44:20.986 DEBUG: Saving checkpoint: ./checkpoints/mace_multitm_model_run-123_epoch-17.pt
2026-09-27 02:44:23.050 INFO: Epoch 18: head: Default, loss=0.25684413, RMSE_E_per_atom=   28.58 meV, RMSE_F=  226.47 meV / A
2026-09-27 02:44:23.051 DEBUG: Deleting old checkpoint file: ./checkpoints/mace_multitm_model_run-123_epoch-17.pt
2026-09-27 02:44:23.053 DEBUG: Saving checkpoint: ./checkpoints/mace_multitm_model_run-123_epoch-18.pt
2026-09-27 02:44:25.145 INFO: Epoch 19: head: Default, loss=0.24696551, RMSE_E_per_atom=   33.56 meV, RMSE_F=  221.99 meV / A
2026-09-27 02:44:25.147 DEBUG: Deleting old checkpoint file: ./checkpoints/mace_multitm_model_run-123_epoch-18.pt
2026-09-27 02:44:25.148 DEBUG: Saving checkpoint: ./checkpoints/mace_multitm_model_run-123_epoch-19.pt
2026-09-27 02:44:27.242 INFO: Epoch 20: head: Default, loss=0.23077561, RMSE_E_per_atom=   30.90 meV, RMSE_F=  214.62 meV / A
2026-09-27 02:44:27.244 DEBUG: Deleting old checkpoint file: ./checkpoints/mace_multitm_model_run-123_epoch-19.pt
2026-09-27 02:44:27.245 DEBUG: Saving checkpoint: ./checkpoints/mace_multitm_model_run-123_epoch-20.pt
2026-09-27 02:44:29.306 INFO: Epoch 21: head: Default, loss=0.21319221, RMSE_E_per_atom=   20.34 meV, RMSE_F=  206.39 meV / A
2026-09-27 02:44:29.308 DEBUG: Deleting old checkpoint file: ./checkpoints/mace_multitm_model_run-123_epoch-20.pt
2026-09-27 02:44:29.309 DEBUG: Saving checkpoint: ./checkpoints/mace_multitm_model_run-123_epoch-21.pt
2026-09-27 02:44:31.416 INFO: Epoch 22: head: Default, loss=0.19786680, RMSE_E_per_atom=   15.73 meV, RMSE_F=  198.87 meV / A
2026-09-27 02:44:31.418 DEBUG: Deleting old checkpoint file: ./checkpoints/mace_multitm_model_run-123_epoch-21.pt
2026-09-27 02:44:31.419 DEBUG: Saving checkpoint: ./checkpoints/mace_multitm_model_run-123_epoch-22.pt
2026-09-27 02:44:33.507 INFO: Epoch 23: head: Default, loss=0.18425106, RMSE_E_per_atom=   24.25 meV, RMSE_F=  191.81 meV / A
2026-09-27 02:44:33.508 DEBUG: Deleting old checkpoint file: ./checkpoints/mace_multitm_model_run-123_epoch-22.pt
2026-09-27 02:44:33.510 DEBUG: Saving checkpoint: ./checkpoints/mace_multitm_model_run-123_epoch-23.pt
2026-09-27 02:44:35.616 INFO: Epoch 24: head: Default, loss=0.17368573, RMSE_E_per_atom=   25.41 meV, RMSE_F=  186.21 meV / A
2026-09-27 02:44:35.618 DEBUG: Deleting old checkpoint file: ./checkpoints/mace_multitm_model_run-123_epoch-23.pt
2026-09-27 02:44:35.619 DEBUG: Saving checkpoint: ./checkpoints/mace_multitm_model_run-123_epoch-24.pt
2026-09-27 02:44:37.700 INFO: Epoch 25: head: Default, loss=0.16613618, RMSE_E_per_atom=   13.93 meV, RMSE_F=  182.23 meV / A
2026-09-27 02:44:37.702 DEBUG: Deleting old checkpoint file: ./checkpoints/mace_multitm_model_run-123_epoch-24.pt
2026-09-27 02:44:37.703 DEBUG: Saving checkpoint: ./checkpoints/mace_multitm_model_run-123_epoch-25.pt
2026-09-27 02:44:39.789 INFO: Epoch 26: head: Default, loss=0.15895496, RMSE_E_per_atom=    5.91 meV, RMSE_F=  178.29 meV / A
2026-09-27 02:44:39.790 DEBUG: Deleting old checkpoint file: ./checkpoints/mace_multitm_model_run-123_epoch-25.pt
2026-09-27 02:44:39.791 DEBUG: Saving checkpoint: ./checkpoints/mace_multitm_model_run-123_epoch-26.pt
2026-09-27 02:44:41.859 INFO: Epoch 27: head: Default, loss=0.15347232, RMSE_E_per_atom=    5.55 meV, RMSE_F=  175.19 meV / A
2026-09-27 02:44:41.861 DEBUG: Deleting old checkpoint file: ./checkpoints/mace_multitm_model_run-123_epoch-26.pt
2026-09-27 02:44:41.862 DEBUG: Saving checkpoint: ./checkpoints/mace_multitm_model_run-123_epoch-27.pt
2026-09-27 02:44:43.954 INFO: Epoch 28: head: Default, loss=0.14934358, RMSE_E_per_atom=    3.95 meV, RMSE_F=  172.82 meV / A
2026-09-27 02:44:43.956 DEBUG: Deleting old checkpoint file: ./checkpoints/mace_multitm_model_run-123_epoch-27.pt
2026-09-27 02:44:43.957 DEBUG: Saving checkpoint: ./checkpoints/mace_multitm_model_run-123_epoch-28.pt
2026-09-27 02:44:46.042 INFO: Epoch 29: head: Default, loss=0.14412571, RMSE_E_per_atom=    5.26 meV, RMSE_F=  169.77 meV / A
2026-09-27 02:44:46.044 DEBUG: Deleting old checkpoint file: ./checkpoints/mace_multitm_model_run-123_epoch-28.pt
2026-09-27 02:44:46.045 DEBUG: Saving checkpoint: ./checkpoints/mace_multitm_model_run-123_epoch-29.pt
2026-09-27 02:44:48.161 INFO: Epoch 30: head: Default, loss=0.14101854, RMSE_E_per_atom=   10.29 meV, RMSE_F=  167.91 meV / A
2026-09-27 02:44:48.163 DEBUG: Deleting old checkpoint file: ./checkpoints/mace_multitm_model_run-123_epoch-29.pt
2026-09-27 02:44:48.164 DEBUG: Saving checkpoint: ./checkpoints/mace_multitm_model_run-123_epoch-30.pt
2026-09-27 02:44:50.361 INFO: Epoch 31: head: Default, loss=0.13917831, RMSE_E_per_atom=    6.90 meV, RMSE_F=  166.83 meV / A
2026-09-27 02:44:50.362 DEBUG: Deleting old checkpoint file: ./checkpoints/mace_multitm_model_run-123_epoch-30.pt
2026-09-27 02:44:50.363 DEBUG: Saving checkpoint: ./checkpoints/mace_multitm_model_run-123_epoch-31.pt
2026-09-27 02:44:52.451 INFO: Epoch 32: head: Default, loss=0.13602243, RMSE_E_per_atom=    3.82 meV, RMSE_F=  164.93 meV / A
2026-09-27 02:44:52.452 DEBUG: Deleting old checkpoint file: ./checkpoints/mace_multitm_model_run-123_epoch-31.pt
2026-09-27 02:44:52.454 DEBUG: Saving checkpoint: ./checkpoints/mace_multitm_model_run-123_epoch-32.pt
2026-09-27 02:44:54.522 INFO: Epoch 33: head: Default, loss=0.13263093, RMSE_E_per_atom=    6.87 meV, RMSE_F=  162.85 meV / A
2026-09-27 02:44:54.524 DEBUG: Deleting old checkpoint file: ./checkpoints/mace_multitm_model_run-123_epoch-32.pt
2026-09-27 02:44:54.526 DEBUG: Saving checkpoint: ./checkpoints/mace_multitm_model_run-123_epoch-33.pt
2026-09-27 02:44:56.609 INFO: Epoch 34: head: Default, loss=0.12755270, RMSE_E_per_atom=    7.03 meV, RMSE_F=  159.70 meV / A
2026-09-27 02:44:56.611 DEBUG: Deleting old checkpoint file: ./checkpoints/mace_multitm_model_run-123_epoch-33.pt
2026-09-27 02:44:56.612 DEBUG: Saving checkpoint: ./checkpoints/mace_multitm_model_run-123_epoch-34.pt
2026-09-27 02:44:58.798 INFO: Epoch 35: head: Default, loss=0.12336234, RMSE_E_per_atom=    5.20 meV, RMSE_F=  157.07 meV / A
2026-09-27 02:44:58.800 DEBUG: Deleting old checkpoint file: ./checkpoints/mace_multitm_model_run-123_epoch-34.pt
2026-09-27 02:44:58.801 DEBUG: Saving checkpoint: ./checkpoints/mace_multitm_model_run-123_epoch-35.pt
2026-09-27 02:45:01.010 INFO: Epoch 36: head: Default, loss=0.11929201, RMSE_E_per_atom=    6.03 meV, RMSE_F=  154.45 meV / A
2026-09-27 02:45:01.012 DEBUG: Deleting old checkpoint file: ./checkpoints/mace_multitm_model_run-123_epoch-35.pt
2026-09-27 02:45:01.013 DEBUG: Saving checkpoint: ./checkpoints/mace_multitm_model_run-123_epoch-36.pt
2026-09-27 02:45:03.075 INFO: Epoch 37: head: Default, loss=0.11410331, RMSE_E_per_atom=    8.58 meV, RMSE_F=  151.04 meV / A
2026-09-27 02:45:03.077 DEBUG: Deleting old checkpoint file: ./checkpoints/mace_multitm_model_run-123_epoch-36.pt
2026-09-27 02:45:03.078 DEBUG: Saving checkpoint: ./checkpoints/mace_multitm_model_run-123_epoch-37.pt
2026-09-27 02:45:05.202 INFO: Epoch 38: head: Default, loss=0.10928466, RMSE_E_per_atom=   11.90 meV, RMSE_F=  147.79 meV / A
2026-09-27 02:45:05.204 DEBUG: Deleting old checkpoint file: ./checkpoints/mace_multitm_model_run-123_epoch-37.pt
2026-09-27 02:45:05.205 DEBUG: Saving checkpoint: ./checkpoints/mace_multitm_model_run-123_epoch-38.pt
2026-09-27 02:45:07.334 INFO: Epoch 39: head: Default, loss=0.10404431, RMSE_E_per_atom=   10.45 meV, RMSE_F=  144.21 meV / A
2026-09-27 02:45:07.335 DEBUG: Deleting old checkpoint file: ./checkpoints/mace_multitm_model_run-123_epoch-38.pt
2026-09-27 02:45:07.336 DEBUG: Saving checkpoint: ./checkpoints/mace_multitm_model_run-123_epoch-39.pt
2026-09-27 02:45:09.411 INFO: Epoch 40: head: Default, loss=0.09969366, RMSE_E_per_atom=   13.07 meV, RMSE_F=  141.14 meV / A
2026-09-27 02:45:09.413 DEBUG: Deleting old checkpoint file: ./checkpoints/mace_multitm_model_run-123_epoch-39.pt
2026-09-27 02:45:09.414 DEBUG: Saving checkpoint: ./checkpoints/mace_multitm_model_run-123_epoch-40.pt
2026-09-27 02:45:11.525 INFO: Epoch 41: head: Default, loss=0.09543364, RMSE_E_per_atom=   18.97 meV, RMSE_F=  138.02 meV / A
2026-09-27 02:45:11.527 DEBUG: Deleting old checkpoint file: ./checkpoints/mace_multitm_model_run-123_epoch-40.pt
2026-09-27 02:45:11.529 DEBUG: Saving checkpoint: ./checkpoints/mace_multitm_model_run-123_epoch-41.pt
2026-09-27 02:45:13.620 INFO: Epoch 42: head: Default, loss=0.08945549, RMSE_E_per_atom=   20.85 meV, RMSE_F=  133.59 meV / A
2026-09-27 02:45:13.621 DEBUG: Deleting old checkpoint file: ./checkpoints/mace_multitm_model_run-123_epoch-41.pt
2026-09-27 02:45:13.623 DEBUG: Saving checkpoint: ./checkpoints/mace_multitm_model_run-123_epoch-42.pt
2026-09-27 02:45:15.770 INFO: Epoch 43: head: Default, loss=0.08357031, RMSE_E_per_atom=   21.91 meV, RMSE_F=  129.10 meV / A
2026-09-27 02:45:15.772 DEBUG: Deleting old checkpoint file: ./checkpoints/mace_multitm_model_run-123_epoch-42.pt
2026-09-27 02:45:15.773 DEBUG: Saving checkpoint: ./checkpoints/mace_multitm_model_run-123_epoch-43.pt
2026-09-27 02:45:17.866 INFO: Epoch 44: head: Default, loss=0.07843146, RMSE_E_per_atom=   24.70 meV, RMSE_F=  125.00 meV / A
2026-09-27 02:45:17.867 DEBUG: Deleting old checkpoint file: ./checkpoints/mace_multitm_model_run-123_epoch-43.pt
2026-09-27 02:45:17.868 DEBUG: Saving checkpoint: ./checkpoints/mace_multitm_model_run-123_epoch-44.pt
2026-09-27 02:45:19.956 INFO: Epoch 45: head: Default, loss=0.07373220, RMSE_E_per_atom=   27.24 meV, RMSE_F=  121.13 meV / A
2026-09-27 02:45:19.958 DEBUG: Deleting old checkpoint file: ./checkpoints/mace_multitm_model_run-123_epoch-44.pt
2026-09-27 02:45:19.959 DEBUG: Saving checkpoint: ./checkpoints/mace_multitm_model_run-123_epoch-45.pt
2026-09-27 02:45:22.036 INFO: Epoch 46: head: Default, loss=0.06876439, RMSE_E_per_atom=   27.23 meV, RMSE_F=  116.96 meV / A
2026-09-27 02:45:22.038 DEBUG: Deleting old checkpoint file: ./checkpoints/mace_multitm_model_run-123_epoch-45.pt
2026-09-27 02:45:22.039 DEBUG: Saving checkpoint: ./checkpoints/mace_multitm_model_run-123_epoch-46.pt
2026-09-27 02:45:24.157 INFO: Epoch 47: head: Default, loss=0.06421608, RMSE_E_per_atom=   29.18 meV, RMSE_F=  112.95 meV / A
2026-09-27 02:45:24.158 DEBUG: Deleting old checkpoint file: ./checkpoints/mace_multitm_model_run-123_epoch-46.pt
2026-09-27 02:45:24.159 DEBUG: Saving checkpoint: ./checkpoints/mace_multitm_model_run-123_epoch-47.pt
2026-09-27 02:45:26.394 INFO: Epoch 48: head: Default, loss=0.06056820, RMSE_E_per_atom=   31.61 meV, RMSE_F=  109.61 meV / A
2026-09-27 02:45:26.397 DEBUG: Deleting old checkpoint file: ./checkpoints/mace_multitm_model_run-123_epoch-47.pt
2026-09-27 02:45:26.398 DEBUG: Saving checkpoint: ./checkpoints/mace_multitm_model_run-123_epoch-48.pt
2026-09-27 02:45:28.533 INFO: Epoch 49: head: Default, loss=0.05733680, RMSE_E_per_atom=   29.92 meV, RMSE_F=  106.67 meV / A
2026-09-27 02:45:28.534 DEBUG: Deleting old checkpoint file: ./checkpoints/mace_multitm_model_run-123_epoch-48.pt
2026-09-27 02:45:28.535 DEBUG: Saving checkpoint: ./checkpoints/mace_multitm_model_run-123_epoch-49.pt
2026-09-27 02:45:30.657 INFO: Epoch 50: head: Default, loss=0.05473243, RMSE_E_per_atom=   28.94 meV, RMSE_F=  104.22 meV / A
2026-09-27 02:45:30.659 DEBUG: Deleting old checkpoint file: ./checkpoints/mace_multitm_model_run-123_epoch-49.pt
2026-09-27 02:45:30.660 DEBUG: Saving checkpoint: ./checkpoints/mace_multitm_model_run-123_epoch-50.pt
2026-09-27 02:45:32.779 INFO: Epoch 51: head: Default, loss=0.05271996, RMSE_E_per_atom=   29.83 meV, RMSE_F=  102.25 meV / A
2026-09-27 02:45:32.781 DEBUG: Deleting old checkpoint file: ./checkpoints/mace_multitm_model_run-123_epoch-50.pt
2026-09-27 02:45:32.782 DEBUG: Saving checkpoint: ./checkpoints/mace_multitm_model_run-123_epoch-51.pt
2026-09-27 02:45:34.979 INFO: Epoch 52: head: Default, loss=0.05121173, RMSE_E_per_atom=   28.89 meV, RMSE_F=  100.79 meV / A
2026-09-27 02:45:34.981 DEBUG: Deleting old checkpoint file: ./checkpoints/mace_multitm_model_run-123_epoch-51.pt
2026-09-27 02:45:34.982 DEBUG: Saving checkpoint: ./checkpoints/mace_multitm_model_run-123_epoch-52.pt
2026-09-27 02:45:37.109 INFO: Epoch 53: head: Default, loss=0.05017350, RMSE_E_per_atom=   25.96 meV, RMSE_F=   99.84 meV / A
2026-09-27 02:45:37.110 DEBUG: Deleting old checkpoint file: ./checkpoints/mace_multitm_model_run-123_epoch-52.pt
2026-09-27 02:45:37.111 DEBUG: Saving checkpoint: ./checkpoints/mace_multitm_model_run-123_epoch-53.pt
2026-09-27 02:45:39.337 INFO: Epoch 54: head: Default, loss=0.04918550, RMSE_E_per_atom=   24.38 meV, RMSE_F=   98.88 meV / A
2026-09-27 02:45:39.339 DEBUG: Deleting old checkpoint file: ./checkpoints/mace_multitm_model_run-123_epoch-53.pt
2026-09-27 02:45:39.340 DEBUG: Saving checkpoint: ./checkpoints/mace_multitm_model_run-123_epoch-54.pt
2026-09-27 02:45:41.508 INFO: Epoch 55: head: Default, loss=0.04793181, RMSE_E_per_atom=   24.29 meV, RMSE_F=   97.61 meV / A
2026-09-27 02:45:41.509 DEBUG: Deleting old checkpoint file: ./checkpoints/mace_multitm_model_run-123_epoch-54.pt
2026-09-27 02:45:41.510 DEBUG: Saving checkpoint: ./checkpoints/mace_multitm_model_run-123_epoch-55.pt
2026-09-27 02:45:43.699 INFO: Epoch 56: head: Default, loss=0.04710886, RMSE_E_per_atom=   24.44 meV, RMSE_F=   96.76 meV / A
2026-09-27 02:45:43.701 DEBUG: Deleting old checkpoint file: ./checkpoints/mace_multitm_model_run-123_epoch-55.pt
2026-09-27 02:45:43.702 DEBUG: Saving checkpoint: ./checkpoints/mace_multitm_model_run-123_epoch-56.pt
2026-09-27 02:45:45.805 INFO: Epoch 57: head: Default, loss=0.04646694, RMSE_E_per_atom=   20.62 meV, RMSE_F=   96.18 meV / A
2026-09-27 02:45:45.807 DEBUG: Deleting old checkpoint file: ./checkpoints/mace_multitm_model_run-123_epoch-56.pt
2026-09-27 02:45:45.808 DEBUG: Saving checkpoint: ./checkpoints/mace_multitm_model_run-123_epoch-57.pt
2026-09-27 02:45:47.900 INFO: Epoch 58: head: Default, loss=0.04643516, RMSE_E_per_atom=   19.49 meV, RMSE_F=   96.17 meV / A
2026-09-27 02:45:47.901 DEBUG: Deleting old checkpoint file: ./checkpoints/mace_multitm_model_run-123_epoch-57.pt
2026-09-27 02:45:47.902 DEBUG: Saving checkpoint: ./checkpoints/mace_multitm_model_run-123_epoch-58.pt
2026-09-27 02:45:50.106 INFO: Epoch 59: head: Default, loss=0.04696083, RMSE_E_per_atom=   21.51 meV, RMSE_F=   96.67 meV / A
2026-09-27 02:45:50.107 INFO: Training complete
2026-09-27 02:45:50.107 INFO: 
2026-09-27 02:45:50.107 INFO: ===========RESULTS===========
2026-09-27 02:45:50.107 INFO: Loading checkpoint: ./checkpoints/mace_multitm_model_run-123_epoch-58.pt
2026-09-27 02:45:50.122 INFO: Loaded Stage one model from epoch 58 for evaluation
2026-09-27 02:45:50.122 INFO: Saving model to checkpoints/mace_multitm_model_run-123.model
2026-09-27 02:45:50.276 INFO: Compiling model, saving metadata to mace_multitm_model_compiled.model
2026-09-27 02:45:50.928 INFO: Computing metrics for training, validation, and test sets
2026-09-27 02:45:50.929 INFO: Skipping evaluation for heads: ['pt_head']
2026-09-27 02:45:50.929 INFO: Evaluating train_Default ...
2026-09-27 02:45:51.504 INFO: Evaluating valid_Default ...
2026-09-27 02:45:51.652 INFO: Error-table on TRAIN and VALID:
+---------------+---------------------+------------------+-------------------+
|  config_type  | RMSE E / meV / atom | RMSE F / meV / A | relative F RMSE % |
+---------------+---------------------+------------------+-------------------+
| train_Default |           10.0      |         71.5     |         16.65     |
| valid_Default |           19.5      |         96.2     |         18.48     |
+---------------+---------------------+------------------+-------------------+
2026-09-27 02:45:51.653 DEBUG: Running inference on train_Default dataset
2026-09-27 02:45:52.223 DEBUG: Running inference on valid_Default dataset
2026-09-27 02:45:52.458 DEBUG: STREAM b'IHDR' 16 13
2026-09-27 02:45:52.459 DEBUG: STREAM b'sBIT' 41 4
2026-09-27 02:45:52.459 DEBUG: b'sBIT' 41 4 (unknown)
2026-09-27 02:45:52.459 DEBUG: STREAM b'pHYs' 57 9
2026-09-27 02:45:52.459 DEBUG: STREAM b'IDAT' 78 1189
2026-09-27 02:45:52.460 DEBUG: STREAM b'IHDR' 16 13
2026-09-27 02:45:52.460 DEBUG: STREAM b'sBIT' 41 4
2026-09-27 02:45:52.460 DEBUG: b'sBIT' 41 4 (unknown)
2026-09-27 02:45:52.460 DEBUG: STREAM b'pHYs' 57 9
2026-09-27 02:45:52.460 DEBUG: STREAM b'IDAT' 78 2994
2026-09-27 02:45:52.468 DEBUG: STREAM b'IHDR' 16 13
2026-09-27 02:45:52.468 DEBUG: STREAM b'sBIT' 41 4
2026-09-27 02:45:52.468 DEBUG: b'sBIT' 41 4 (unknown)
2026-09-27 02:45:52.468 DEBUG: STREAM b'pHYs' 57 9
2026-09-27 02:45:52.468 DEBUG: STREAM b'IDAT' 78 374
2026-09-27 02:45:52.469 DEBUG: STREAM b'IHDR' 16 13
2026-09-27 02:45:52.469 DEBUG: STREAM b'sBIT' 41 4
2026-09-27 02:45:52.469 DEBUG: b'sBIT' 41 4 (unknown)
2026-09-27 02:45:52.469 DEBUG: STREAM b'pHYs' 57 9
2026-09-27 02:45:52.469 DEBUG: STREAM b'IDAT' 78 286
2026-09-27 02:45:52.470 DEBUG: STREAM b'IHDR' 16 13
2026-09-27 02:45:52.470 DEBUG: STREAM b'sBIT' 41 4
2026-09-27 02:45:52.470 DEBUG: b'sBIT' 41 4 (unknown)
2026-09-27 02:45:52.470 DEBUG: STREAM b'pHYs' 57 9
2026-09-27 02:45:52.470 DEBUG: STREAM b'IDAT' 78 263
2026-09-27 02:45:52.471 DEBUG: STREAM b'IHDR' 16 13
2026-09-27 02:45:52.471 DEBUG: STREAM b'sBIT' 41 4
2026-09-27 02:45:52.471 DEBUG: b'sBIT' 41 4 (unknown)
2026-09-27 02:45:52.471 DEBUG: STREAM b'pHYs' 57 9
2026-09-27 02:45:52.471 DEBUG: STREAM b'IDAT' 78 387
2026-09-27 02:45:52.472 DEBUG: STREAM b'IHDR' 16 13
2026-09-27 02:45:52.472 DEBUG: STREAM b'sBIT' 41 4
2026-09-27 02:45:52.472 DEBUG: b'sBIT' 41 4 (unknown)
2026-09-27 02:45:52.472 DEBUG: STREAM b'pHYs' 57 9
2026-09-27 02:45:52.472 DEBUG: STREAM b'IDAT' 78 436
2026-09-27 02:45:52.472 DEBUG: STREAM b'IHDR' 16 13
2026-09-27 02:45:52.472 DEBUG: STREAM b'sBIT' 41 4
2026-09-27 02:45:52.472 DEBUG: b'sBIT' 41 4 (unknown)
2026-09-27 02:45:52.472 DEBUG: STREAM b'pHYs' 57 9
2026-09-27 02:45:52.472 DEBUG: STREAM b'IDAT' 78 351
2026-09-27 02:45:52.473 DEBUG: STREAM b'IHDR' 16 13
2026-09-27 02:45:52.473 DEBUG: STREAM b'sBIT' 41 4
2026-09-27 02:45:52.473 DEBUG: b'sBIT' 41 4 (unknown)
2026-09-27 02:45:52.473 DEBUG: STREAM b'pHYs' 57 9
2026-09-27 02:45:52.473 DEBUG: STREAM b'IDAT' 78 364
2026-09-27 02:45:53.549 INFO: Done
2026-09-28 09:31:09.915 INFO: ===========VERIFYING SETTINGS===========
2026-09-28 09:31:09.917 INFO: MACE version: 0.3.16
2026-09-28 09:31:09.917 DEBUG: Configuration: Namespace(config=None, name='mace_multitm_model', seed=123, work_dir='.', log_dir='./logs', model_dir='.', checkpoints_dir='./checkpoints', results_dir='./results', downloads_dir='./downloads', device='cpu', default_dtype='float32', distributed=False, launcher='slurm', log_level='INFO', plot=True, plot_frequency=0, plot_interaction_e=False, error_table='PerAtomRMSE', model='ScaleShiftMACE', r_max=5.0, radial_type='bessel', num_radial_basis=8, num_cutoff_basis=5, pair_repulsion=False, distance_transform='None', apply_cutoff=True, use_last_readout_only=False, use_embedding_readout=False, interaction='RealAgnosticResidualInteractionBlock', interaction_first='RealAgnosticResidualInteractionBlock', max_ell=3, correlation=3, use_reduced_cg=False, use_so3=False, use_agnostic_product=False, num_interactions=2, MLP_irreps='16x0e', radial_MLP='[64, 64, 64]', hidden_irreps='64x0e + 64x1o', edge_irreps=None, use_edge_irreps_first=False, num_channels=64, max_L=1, gate='silu', kspace_cutoff_factor=1.5, atomic_multipoles_max_l=0, atomic_multipoles_smearing_width=1.0, field_feature_max_l=0, field_feature_widths='[1.0]', field_feature_norms=None, num_recursion_steps=1, field_si=False, include_electrostatic_self_interaction=False, add_local_electron_energy=False, quadrupole_feature_corrections=False, return_electrostatic_potentials=False, field_norm_factor=0.02, fixedpoint_update_config=None, field_readout_config=None, scaling='rms_forces_scaling', avg_num_neighbors=1, compute_avg_num_neighbors=True, compute_stress=False, compute_forces=True, compute_polarizability=False, compute_atomic_dipole=False, train_file='mace_train.xyz', valid_file='mace_val.xyz', valid_fraction=0.1, test_file=None, test_dir=None, multi_processed_test=False, num_workers=0, pin_memory=True, atomic_numbers='[1, 6, 7, 27, 28, 46]', mean=None, std=None, statistics_file=None, les_arguments=None, E0s='average', pseudolabel_replay=False, pseudolabel_replay_compute_stress=False, foundation_filter_elements=True, heads=None, multiheads_finetuning=True, foundation_head=None, weight_pt_head=1.0, real_pt_data_ratio_threshold=0.1, num_samples_pt=10000, force_mh_ft_lr=False, subselect_pt='random', filter_type_pt='none', allow_random_padding_pt=True, pt_train_file=None, pt_valid_file=None, foundation_model_elements=False, keep_isolated_atoms=False, lora=False, lora_rank=4, lora_alpha=1.0, energy_key='energy', forces_key='forces', virials_key='REF_virials', stress_key='REF_stress', dipole_key='dipole', polarizability_key='polarizability', head_key='head', charges_key='REF_charges', elec_temp_key='elec_temp', total_spin_key='total_spin', total_charge_key='total_charge', embedding_specs=None, skip_evaluate_heads='pt_head', loss='weighted', forces_weight=10.0, swa_forces_weight=100.0, energy_weight=1.0, swa_energy_weight=1000.0, virials_weight=1.0, swa_virials_weight=10.0, stress_weight=1.0, swa_stress_weight=10.0, dipole_weight=1.0, swa_dipole_weight=1.0, swa_polarizability_weight=1.0, polarizability_weight=1.0, config_type_weights='{"Default":1.0}', huber_delta=0.01, optimizer='adam', beta=0.9, beta1_schedulefree=0.9, beta2_schedulefree=0.98, batch_size=4, valid_batch_size=4, lr=0.01, swa_lr=0.001, weight_decay=5e-07, lr_params_factors='{"embedding_lr_factor": 1.0, "interactions_lr_factor": 1.0, "products_lr_factor": 1.0, "readouts_lr_factor": 1.0}', freeze=None, amsgrad=True, scheduler='ReduceLROnPlateau', lr_factor=0.8, scheduler_patience=50, lr_scheduler_gamma=0.9993, swa=False, start_swa=None, lbfgs=False, ema=True, ema_decay=0.99, max_num_epochs=60, patience=2048, foundation_model=None, foundation_model_kwargs='{}', foundation_model_readout=True, eval_interval=1, keep_checkpoints=False, save_all_checkpoints=False, restart_latest=False, save_cpu=False, clip_grad=10.0, dry_run=False, enable_cueq=False, only_cueq=False, enable_oeq=False, wandb=False, wandb_dir=None, wandb_project='', wandb_entity='', wandb_name='', wandb_log_hypers=['num_channels', 'max_L', 'correlation', 'lr', 'swa_lr', 'weight_decay', 'batch_size', 'max_num_epochs', 'start_swa', 'energy_weight', 'forces_weight'], key_specification=KeySpecification(info_keys={'energy': 'energy', 'stress': 'REF_stress', 'virials': 'REF_virials', 'dipole': 'dipole', 'head': 'head', 'elec_temp': 'elec_temp', 'total_charge': 'total_charge', 'polarizability': 'polarizability', 'total_spin': 'total_spin'}, arrays_keys={'forces': 'forces', 'charges': 'REF_charges'}))
2026-09-28 09:31:09.917 INFO: Using CPU
2026-09-28 09:31:09.978 DEBUG: Popen(['git', 'version'], cwd=/home/ziat1/Documents/Training/Autonomous_MultiTM_SAC_Pipeline, stdin=None, shell=False, universal_newlines=False)
2026-09-28 09:31:09.986 DEBUG: Popen(['git', 'version'], cwd=/home/ziat1/Documents/Training/Autonomous_MultiTM_SAC_Pipeline, stdin=None, shell=False, universal_newlines=False)
2026-09-28 09:31:09.989 DEBUG: sys.platform='linux', git_executable='git'
2026-09-28 09:31:09.990 DEBUG: Error accessing Git repository: /home/ziat1/Documents/Training/Autonomous_MultiTM_SAC_Pipeline
2026-09-28 09:31:09.990 INFO: ===========LOADING INPUT DATA===========
2026-09-28 09:31:09.990 INFO: Using heads: ['Default']
2026-09-28 09:31:09.990 INFO: Using the key specifications to parse data:
2026-09-28 09:31:09.990 INFO: Default: KeySpecification(info_keys={'energy': 'energy', 'stress': 'REF_stress', 'virials': 'REF_virials', 'dipole': 'dipole', 'head': 'head', 'elec_temp': 'elec_temp', 'total_charge': 'total_charge', 'polarizability': 'polarizability', 'total_spin': 'total_spin'}, arrays_keys={'forces': 'forces', 'charges': 'REF_charges'})
2026-09-28 09:31:09.990 INFO: =============    Processing head Default     ===========
2026-09-28 09:31:09.991 DEBUG: Loading training file: mace_train.xyz
2026-09-28 09:31:10.035 WARNING: Since ASE version 3.23.0b1, using energy_key 'energy' is no longer safe when communicating between MACE and ASE. We recommend using a different key, rewriting 'energy' to 'REF_energy'. You need to use --energy_key='REF_energy' to specify the chosen key name.
2026-09-28 09:31:10.041 WARNING: Since ASE version 3.23.0b1, using forces_key 'forces' is no longer safe when communicating between MACE and ASE. We recommend using a different key, rewriting 'forces' to 'REF_forces'. You need to use --forces_key='REF_forces' to specify the chosen key name.
2026-09-28 09:31:10.048 INFO: Training set 1/1 [energy: 81, stress: 0, virials: 0, dipole components: 0, head: 81, elec_temp: 0, total_charge: 0, polarizability: 0, total_spin: 0, forces: 81, charges: 0]
2026-09-28 09:31:10.048 INFO: Total Training set [energy: 81, stress: 0, virials: 0, dipole components: 0, head: 81, elec_temp: 0, total_charge: 0, polarizability: 0, total_spin: 0, forces: 81, charges: 0]
2026-09-28 09:31:10.062 WARNING: Since ASE version 3.23.0b1, using energy_key 'energy' is no longer safe when communicating between MACE and ASE. We recommend using a different key, rewriting 'energy' to 'REF_energy'. You need to use --energy_key='REF_energy' to specify the chosen key name.
2026-09-28 09:31:10.063 WARNING: Since ASE version 3.23.0b1, using forces_key 'forces' is no longer safe when communicating between MACE and ASE. We recommend using a different key, rewriting 'forces' to 'REF_forces'. You need to use --forces_key='REF_forces' to specify the chosen key name.
2026-09-28 09:31:10.065 INFO: Validation set 1/1 [energy: 15, stress: 0, virials: 0, dipole components: 0, head: 15, elec_temp: 0, total_charge: 0, polarizability: 0, total_spin: 0, forces: 15, charges: 0]
2026-09-28 09:31:10.065 INFO: Total Validation set [energy: 15, stress: 0, virials: 0, dipole components: 0, head: 15, elec_temp: 0, total_charge: 0, polarizability: 0, total_spin: 0, forces: 15, charges: 0]
2026-09-28 09:31:10.065 INFO: Total number of configurations: train=81, valid=15, tests=[],
2026-09-28 09:31:10.065 INFO: Using atomic numbers from command line argument
2026-09-28 09:31:10.065 INFO: Atomic Numbers used: [1, 6, 7, 27, 28, 46]
2026-09-28 09:31:10.065 INFO: Isolated Atomic Energies (E0s) not in training file, using command line argument
2026-09-28 09:31:10.065 INFO: Computing average Atomic Energies using least squares regression
2026-09-28 09:31:10.068 INFO: Atomic Energies used (z: eV) for head Default: {1: -5.7898734948362645, 6: -8.902150259664209, 7: -8.100986564234715, 27: -2.4524726174823295, 28: -0.9161622140445814, 46: 3.021632039202445}
2026-09-28 09:31:10.068 INFO: Processing datasets for head 'Default'
2026-09-28 09:31:10.134 DEBUG: Successfully loaded dataset from ASE files: ['mace_train.xyz']
2026-09-28 09:31:10.134 INFO: Combining 1 list datasets for head 'Default'
2026-09-28 09:31:10.144 DEBUG: Successfully loaded validation dataset from ASE files: ['mace_val.xyz']
2026-09-28 09:31:10.144 INFO: Combining 1 list datasets for head 'Default_valid'
2026-09-28 09:31:10.144 INFO: Combined validation datasets for Default
2026-09-28 09:31:10.144 INFO: Head 'Default' training dataset size: 81
2026-09-28 09:31:10.144 INFO: Computing average number of neighbors
2026-09-28 09:31:10.177 INFO: Average number of neighbors: 29.532367706298828
2026-09-28 09:31:10.177 INFO: During training the following quantities will be reported: energy, forces
2026-09-28 09:31:10.177 INFO: ===========MODEL DETAILS===========
2026-09-28 09:31:10.220 INFO: Building model
2026-09-28 09:31:10.220 INFO: Message passing with 64 channels and max_L=1 (64x0e + 64x1o)
2026-09-28 09:31:10.220 INFO: 2 layers, each with correlation order: 3 (body order: 4) and spherical harmonics up to: l=3
2026-09-28 09:31:10.220 INFO: 8 radial and 5 basis functions
2026-09-28 09:31:10.220 INFO: Radial cutoff: 5.0 A (total receptive field for each atom: 10.0 A)
2026-09-28 09:31:10.220 INFO: Distance transform for radial basis functions: None
2026-09-28 09:31:10.220 INFO: Hidden irreps: 64x0e + 64x1o
2026-09-28 09:31:11.248 INFO: ===========OPTIMIZER INFORMATION===========
2026-09-28 09:31:11.248 INFO: Using ADAM as parameter optimizer
2026-09-28 09:31:11.248 INFO: Batch size: 4
2026-09-28 09:31:11.248 INFO: Using Exponential Moving Average with decay: 0.99
2026-09-28 09:31:11.248 INFO: Number of gradient updates: 1215
2026-09-28 09:31:11.248 INFO: Learning rate: 0.01, weight decay: 5e-07
2026-09-28 09:31:11.249 INFO: WeightedEnergyForcesLoss(energy_weight=1.000, forces_weight=10.000)
2026-09-28 09:31:11.249 INFO: === Layer's learning rates ===
2026-09-28 09:31:11.249 INFO: Param group 0: lr = 0.01
2026-09-28 09:31:11.249 INFO: Param group 1: lr = 0.01
2026-09-28 09:31:11.249 INFO: Param group 2: lr = 0.01
2026-09-28 09:31:11.249 INFO: Param group 3: lr = 0.01
2026-09-28 09:31:11.249 INFO: Param group 4: lr = 0.01
2026-09-28 09:31:11.250 INFO: Using gradient clipping with tolerance=10.000
2026-09-28 09:31:11.250 INFO: 
2026-09-28 09:31:11.250 INFO: ===========TRAINING===========
2026-09-28 09:31:11.250 INFO: Started training, reporting errors on validation set
2026-09-28 09:31:11.250 INFO: Loss metrics on validation set
2026-09-28 09:31:12.901 INFO: Initial: head: Default, loss=22.94066620, RMSE_E_per_atom= 1004.19 meV, RMSE_F= 2906.04 meV / A
2026-09-28 09:31:34.695 INFO: Epoch 0: head: Default, loss=2.48694468, RMSE_E_per_atom=  268.89 meV, RMSE_F=  963.17 meV / A
2026-09-28 09:31:34.696 DEBUG: Saving checkpoint: ./checkpoints/mace_multitm_model_run-123_epoch-0.pt
2026-09-28 09:31:56.195 INFO: Epoch 1: head: Default, loss=1.15382409, RMSE_E_per_atom=  206.66 meV, RMSE_F=  655.99 meV / A
2026-09-28 09:31:56.197 DEBUG: Deleting old checkpoint file: ./checkpoints/mace_multitm_model_run-123_epoch-0.pt
2026-09-28 09:31:56.198 DEBUG: Saving checkpoint: ./checkpoints/mace_multitm_model_run-123_epoch-1.pt
2026-09-28 09:32:17.300 INFO: Epoch 2: head: Default, loss=0.76370895, RMSE_E_per_atom=  159.64 meV, RMSE_F=  533.89 meV / A
2026-09-28 09:32:17.302 DEBUG: Deleting old checkpoint file: ./checkpoints/mace_multitm_model_run-123_epoch-1.pt
2026-09-28 09:32:17.303 DEBUG: Saving checkpoint: ./checkpoints/mace_multitm_model_run-123_epoch-2.pt
2026-09-28 09:32:38.508 INFO: Epoch 3: head: Default, loss=0.41030985, RMSE_E_per_atom=  142.37 meV, RMSE_F=  390.73 meV / A
2026-09-28 09:32:38.510 DEBUG: Deleting old checkpoint file: ./checkpoints/mace_multitm_model_run-123_epoch-2.pt
2026-09-28 09:32:38.511 DEBUG: Saving checkpoint: ./checkpoints/mace_multitm_model_run-123_epoch-3.pt
2026-09-28 09:33:00.301 INFO: Epoch 4: head: Default, loss=0.28842679, RMSE_E_per_atom=  122.64 meV, RMSE_F=  327.81 meV / A
2026-09-28 09:33:00.303 DEBUG: Deleting old checkpoint file: ./checkpoints/mace_multitm_model_run-123_epoch-3.pt
2026-09-28 09:33:00.304 DEBUG: Saving checkpoint: ./checkpoints/mace_multitm_model_run-123_epoch-4.pt
2026-09-28 09:33:21.640 INFO: Epoch 5: head: Default, loss=0.24374136, RMSE_E_per_atom=  106.13 meV, RMSE_F=  301.36 meV / A
2026-09-28 09:33:21.642 DEBUG: Deleting old checkpoint file: ./checkpoints/mace_multitm_model_run-123_epoch-4.pt
2026-09-28 09:33:21.643 DEBUG: Saving checkpoint: ./checkpoints/mace_multitm_model_run-123_epoch-5.pt
2026-09-28 09:33:43.087 INFO: Epoch 6: head: Default, loss=0.21702687, RMSE_E_per_atom=   90.05 meV, RMSE_F=  284.83 meV / A
2026-09-28 09:33:43.089 DEBUG: Deleting old checkpoint file: ./checkpoints/mace_multitm_model_run-123_epoch-5.pt
2026-09-28 09:33:43.090 DEBUG: Saving checkpoint: ./checkpoints/mace_multitm_model_run-123_epoch-6.pt
2026-09-28 09:34:04.601 INFO: Epoch 7: head: Default, loss=0.18986101, RMSE_E_per_atom=   78.25 meV, RMSE_F=  266.60 meV / A
2026-09-28 09:34:04.602 DEBUG: Deleting old checkpoint file: ./checkpoints/mace_multitm_model_run-123_epoch-6.pt
2026-09-28 09:34:04.603 DEBUG: Saving checkpoint: ./checkpoints/mace_multitm_model_run-123_epoch-7.pt
2026-09-28 09:34:26.036 INFO: Epoch 8: head: Default, loss=0.16319036, RMSE_E_per_atom=   73.37 meV, RMSE_F=  246.80 meV / A
2026-09-28 09:34:26.037 DEBUG: Deleting old checkpoint file: ./checkpoints/mace_multitm_model_run-123_epoch-7.pt
2026-09-28 09:34:26.039 DEBUG: Saving checkpoint: ./checkpoints/mace_multitm_model_run-123_epoch-8.pt
2026-09-28 09:34:47.602 INFO: Epoch 9: head: Default, loss=0.14175390, RMSE_E_per_atom=   65.94 meV, RMSE_F=  230.41 meV / A
2026-09-28 09:34:47.604 DEBUG: Deleting old checkpoint file: ./checkpoints/mace_multitm_model_run-123_epoch-8.pt
2026-09-28 09:34:47.605 DEBUG: Saving checkpoint: ./checkpoints/mace_multitm_model_run-123_epoch-9.pt
2026-09-28 09:35:09.098 INFO: Epoch 10: head: Default, loss=0.12801556, RMSE_E_per_atom=   60.13 meV, RMSE_F=  218.90 meV / A
2026-09-28 09:35:09.100 DEBUG: Deleting old checkpoint file: ./checkpoints/mace_multitm_model_run-123_epoch-9.pt
2026-09-28 09:35:09.101 DEBUG: Saving checkpoint: ./checkpoints/mace_multitm_model_run-123_epoch-10.pt
2026-09-28 09:35:30.653 INFO: Epoch 11: head: Default, loss=0.11982255, RMSE_E_per_atom=   52.54 meV, RMSE_F=  212.02 meV / A
2026-09-28 09:35:30.655 DEBUG: Deleting old checkpoint file: ./checkpoints/mace_multitm_model_run-123_epoch-10.pt
2026-09-28 09:35:30.656 DEBUG: Saving checkpoint: ./checkpoints/mace_multitm_model_run-123_epoch-11.pt
2026-09-28 09:35:52.259 INFO: Epoch 12: head: Default, loss=0.11240621, RMSE_E_per_atom=   50.44 meV, RMSE_F=  205.07 meV / A
2026-09-28 09:35:52.261 DEBUG: Deleting old checkpoint file: ./checkpoints/mace_multitm_model_run-123_epoch-11.pt
2026-09-28 09:35:52.262 DEBUG: Saving checkpoint: ./checkpoints/mace_multitm_model_run-123_epoch-12.pt
2026-09-28 09:36:13.916 INFO: Epoch 13: head: Default, loss=0.10749788, RMSE_E_per_atom=   43.61 meV, RMSE_F=  200.62 meV / A
2026-09-28 09:36:13.918 DEBUG: Deleting old checkpoint file: ./checkpoints/mace_multitm_model_run-123_epoch-12.pt
2026-09-28 09:36:13.919 DEBUG: Saving checkpoint: ./checkpoints/mace_multitm_model_run-123_epoch-13.pt
2026-09-28 09:36:35.471 INFO: Epoch 14: head: Default, loss=0.10300628, RMSE_E_per_atom=   40.40 meV, RMSE_F=  196.57 meV / A
2026-09-28 09:36:35.473 DEBUG: Deleting old checkpoint file: ./checkpoints/mace_multitm_model_run-123_epoch-13.pt
2026-09-28 09:36:35.474 DEBUG: Saving checkpoint: ./checkpoints/mace_multitm_model_run-123_epoch-14.pt
2026-09-28 09:36:56.746 INFO: Epoch 15: head: Default, loss=0.09966808, RMSE_E_per_atom=   37.14 meV, RMSE_F=  193.34 meV / A
2026-09-28 09:36:56.748 DEBUG: Deleting old checkpoint file: ./checkpoints/mace_multitm_model_run-123_epoch-14.pt
2026-09-28 09:36:56.749 DEBUG: Saving checkpoint: ./checkpoints/mace_multitm_model_run-123_epoch-15.pt
2026-09-28 09:37:18.282 INFO: Epoch 16: head: Default, loss=0.09370443, RMSE_E_per_atom=   33.16 meV, RMSE_F=  187.44 meV / A
2026-09-28 09:37:18.284 DEBUG: Deleting old checkpoint file: ./checkpoints/mace_multitm_model_run-123_epoch-15.pt
2026-09-28 09:37:18.285 DEBUG: Saving checkpoint: ./checkpoints/mace_multitm_model_run-123_epoch-16.pt
2026-09-28 09:37:39.841 INFO: Epoch 17: head: Default, loss=0.09044700, RMSE_E_per_atom=   31.12 meV, RMSE_F=  184.15 meV / A
2026-09-28 09:37:39.843 DEBUG: Deleting old checkpoint file: ./checkpoints/mace_multitm_model_run-123_epoch-16.pt
2026-09-28 09:37:39.844 DEBUG: Saving checkpoint: ./checkpoints/mace_multitm_model_run-123_epoch-17.pt
2026-09-28 09:38:01.580 INFO: Epoch 18: head: Default, loss=0.08709529, RMSE_E_per_atom=   29.67 meV, RMSE_F=  180.55 meV / A
2026-09-28 09:38:01.581 DEBUG: Deleting old checkpoint file: ./checkpoints/mace_multitm_model_run-123_epoch-17.pt
2026-09-28 09:38:01.582 DEBUG: Saving checkpoint: ./checkpoints/mace_multitm_model_run-123_epoch-18.pt
2026-09-28 09:38:23.003 INFO: Epoch 19: head: Default, loss=0.08422601, RMSE_E_per_atom=   27.73 meV, RMSE_F=  177.45 meV / A
2026-09-28 09:38:23.004 DEBUG: Deleting old checkpoint file: ./checkpoints/mace_multitm_model_run-123_epoch-18.pt
2026-09-28 09:38:23.005 DEBUG: Saving checkpoint: ./checkpoints/mace_multitm_model_run-123_epoch-19.pt
2026-09-28 09:38:44.656 INFO: Epoch 20: head: Default, loss=0.08100665, RMSE_E_per_atom=   26.07 meV, RMSE_F=  174.01 meV / A
2026-09-28 09:38:44.657 DEBUG: Deleting old checkpoint file: ./checkpoints/mace_multitm_model_run-123_epoch-19.pt
2026-09-28 09:38:44.658 DEBUG: Saving checkpoint: ./checkpoints/mace_multitm_model_run-123_epoch-20.pt
2026-09-28 09:39:06.422 INFO: Epoch 21: head: Default, loss=0.07763252, RMSE_E_per_atom=   24.49 meV, RMSE_F=  170.32 meV / A
2026-09-28 09:39:06.424 DEBUG: Deleting old checkpoint file: ./checkpoints/mace_multitm_model_run-123_epoch-20.pt
2026-09-28 09:39:06.425 DEBUG: Saving checkpoint: ./checkpoints/mace_multitm_model_run-123_epoch-21.pt
2026-09-28 09:39:27.828 INFO: Epoch 22: head: Default, loss=0.07480225, RMSE_E_per_atom=   22.63 meV, RMSE_F=  167.22 meV / A
2026-09-28 09:39:27.830 DEBUG: Deleting old checkpoint file: ./checkpoints/mace_multitm_model_run-123_epoch-21.pt
2026-09-28 09:39:27.831 DEBUG: Saving checkpoint: ./checkpoints/mace_multitm_model_run-123_epoch-22.pt
2026-09-28 09:39:49.310 INFO: Epoch 23: head: Default, loss=0.07202788, RMSE_E_per_atom=   21.50 meV, RMSE_F=  164.01 meV / A
2026-09-28 09:39:49.311 DEBUG: Deleting old checkpoint file: ./checkpoints/mace_multitm_model_run-123_epoch-22.pt
2026-09-28 09:39:49.313 DEBUG: Saving checkpoint: ./checkpoints/mace_multitm_model_run-123_epoch-23.pt
2026-09-28 09:40:10.728 INFO: Epoch 24: head: Default, loss=0.06971388, RMSE_E_per_atom=   20.15 meV, RMSE_F=  161.17 meV / A
2026-09-28 09:40:10.729 DEBUG: Deleting old checkpoint file: ./checkpoints/mace_multitm_model_run-123_epoch-23.pt
2026-09-28 09:40:10.730 DEBUG: Saving checkpoint: ./checkpoints/mace_multitm_model_run-123_epoch-24.pt
2026-09-28 09:40:32.181 INFO: Epoch 25: head: Default, loss=0.06801440, RMSE_E_per_atom=   19.68 meV, RMSE_F=  159.17 meV / A
2026-09-28 09:40:32.183 DEBUG: Deleting old checkpoint file: ./checkpoints/mace_multitm_model_run-123_epoch-24.pt
2026-09-28 09:40:32.184 DEBUG: Saving checkpoint: ./checkpoints/mace_multitm_model_run-123_epoch-25.pt
2026-09-28 09:40:53.658 INFO: Epoch 26: head: Default, loss=0.06588761, RMSE_E_per_atom=   18.91 meV, RMSE_F=  156.71 meV / A
2026-09-28 09:40:53.660 DEBUG: Deleting old checkpoint file: ./checkpoints/mace_multitm_model_run-123_epoch-25.pt
2026-09-28 09:40:53.661 DEBUG: Saving checkpoint: ./checkpoints/mace_multitm_model_run-123_epoch-26.pt
2026-09-28 09:41:15.737 INFO: Epoch 27: head: Default, loss=0.06489136, RMSE_E_per_atom=   18.02 meV, RMSE_F=  155.62 meV / A
2026-09-28 09:41:15.739 DEBUG: Deleting old checkpoint file: ./checkpoints/mace_multitm_model_run-123_epoch-26.pt
2026-09-28 09:41:15.740 DEBUG: Saving checkpoint: ./checkpoints/mace_multitm_model_run-123_epoch-27.pt
2026-09-28 09:41:37.181 INFO: Epoch 28: head: Default, loss=0.06263744, RMSE_E_per_atom=   17.63 meV, RMSE_F=  152.88 meV / A
2026-09-28 09:41:37.183 DEBUG: Deleting old checkpoint file: ./checkpoints/mace_multitm_model_run-123_epoch-27.pt
2026-09-28 09:41:37.184 DEBUG: Saving checkpoint: ./checkpoints/mace_multitm_model_run-123_epoch-28.pt
2026-09-28 09:41:58.574 INFO: Epoch 29: head: Default, loss=0.06055035, RMSE_E_per_atom=   17.44 meV, RMSE_F=  150.36 meV / A
2026-09-28 09:41:58.576 DEBUG: Deleting old checkpoint file: ./checkpoints/mace_multitm_model_run-123_epoch-28.pt
2026-09-28 09:41:58.577 DEBUG: Saving checkpoint: ./checkpoints/mace_multitm_model_run-123_epoch-29.pt
2026-09-28 09:42:20.289 INFO: Epoch 30: head: Default, loss=0.05815391, RMSE_E_per_atom=   16.87 meV, RMSE_F=  147.32 meV / A
2026-09-28 09:42:20.291 DEBUG: Deleting old checkpoint file: ./checkpoints/mace_multitm_model_run-123_epoch-29.pt
2026-09-28 09:42:20.292 DEBUG: Saving checkpoint: ./checkpoints/mace_multitm_model_run-123_epoch-30.pt
2026-09-28 09:42:41.950 INFO: Epoch 31: head: Default, loss=0.05735147, RMSE_E_per_atom=   16.43 meV, RMSE_F=  146.28 meV / A
2026-09-28 09:42:41.952 DEBUG: Deleting old checkpoint file: ./checkpoints/mace_multitm_model_run-123_epoch-30.pt
2026-09-28 09:42:41.953 DEBUG: Saving checkpoint: ./checkpoints/mace_multitm_model_run-123_epoch-31.pt
2026-09-28 09:43:03.333 INFO: Epoch 32: head: Default, loss=0.05554249, RMSE_E_per_atom=   16.37 meV, RMSE_F=  143.97 meV / A
2026-09-28 09:43:03.334 DEBUG: Deleting old checkpoint file: ./checkpoints/mace_multitm_model_run-123_epoch-31.pt
2026-09-28 09:43:03.335 DEBUG: Saving checkpoint: ./checkpoints/mace_multitm_model_run-123_epoch-32.pt
2026-09-28 09:43:24.712 INFO: Epoch 33: head: Default, loss=0.05400463, RMSE_E_per_atom=   15.71 meV, RMSE_F=  141.97 meV / A
2026-09-28 09:43:24.714 DEBUG: Deleting old checkpoint file: ./checkpoints/mace_multitm_model_run-123_epoch-32.pt
2026-09-28 09:43:24.715 DEBUG: Saving checkpoint: ./checkpoints/mace_multitm_model_run-123_epoch-33.pt
2026-09-28 09:43:46.363 INFO: Epoch 34: head: Default, loss=0.05291456, RMSE_E_per_atom=   15.32 meV, RMSE_F=  140.50 meV / A
2026-09-28 09:43:46.364 DEBUG: Deleting old checkpoint file: ./checkpoints/mace_multitm_model_run-123_epoch-33.pt
2026-09-28 09:43:46.365 DEBUG: Saving checkpoint: ./checkpoints/mace_multitm_model_run-123_epoch-34.pt
2026-09-28 09:44:08.000 INFO: Epoch 35: head: Default, loss=0.05268193, RMSE_E_per_atom=   14.56 meV, RMSE_F=  140.15 meV / A
2026-09-28 09:44:08.002 DEBUG: Deleting old checkpoint file: ./checkpoints/mace_multitm_model_run-123_epoch-34.pt
2026-09-28 09:44:08.003 DEBUG: Saving checkpoint: ./checkpoints/mace_multitm_model_run-123_epoch-35.pt
2026-09-28 09:44:29.477 INFO: Epoch 36: head: Default, loss=0.05172832, RMSE_E_per_atom=   14.44 meV, RMSE_F=  138.86 meV / A
2026-09-28 09:44:29.479 DEBUG: Deleting old checkpoint file: ./checkpoints/mace_multitm_model_run-123_epoch-35.pt
2026-09-28 09:44:29.480 DEBUG: Saving checkpoint: ./checkpoints/mace_multitm_model_run-123_epoch-36.pt
2026-09-28 09:44:51.009 INFO: Epoch 37: head: Default, loss=0.05089235, RMSE_E_per_atom=   14.17 meV, RMSE_F=  137.67 meV / A
2026-09-28 09:44:51.011 DEBUG: Deleting old checkpoint file: ./checkpoints/mace_multitm_model_run-123_epoch-36.pt
2026-09-28 09:44:51.012 DEBUG: Saving checkpoint: ./checkpoints/mace_multitm_model_run-123_epoch-37.pt
2026-09-28 09:45:12.412 INFO: Epoch 38: head: Default, loss=0.05003376, RMSE_E_per_atom=   14.12 meV, RMSE_F=  136.55 meV / A
2026-09-28 09:45:12.414 DEBUG: Deleting old checkpoint file: ./checkpoints/mace_multitm_model_run-123_epoch-37.pt
2026-09-28 09:45:12.415 DEBUG: Saving checkpoint: ./checkpoints/mace_multitm_model_run-123_epoch-38.pt
2026-09-28 09:45:33.969 INFO: Epoch 39: head: Default, loss=0.04946323, RMSE_E_per_atom=   14.20 meV, RMSE_F=  135.72 meV / A
2026-09-28 09:45:33.971 DEBUG: Deleting old checkpoint file: ./checkpoints/mace_multitm_model_run-123_epoch-38.pt
2026-09-28 09:45:33.972 DEBUG: Saving checkpoint: ./checkpoints/mace_multitm_model_run-123_epoch-39.pt
2026-09-28 09:45:55.098 INFO: Epoch 40: head: Default, loss=0.04860251, RMSE_E_per_atom=   14.34 meV, RMSE_F=  134.51 meV / A
2026-09-28 09:45:55.100 DEBUG: Deleting old checkpoint file: ./checkpoints/mace_multitm_model_run-123_epoch-39.pt
2026-09-28 09:45:55.101 DEBUG: Saving checkpoint: ./checkpoints/mace_multitm_model_run-123_epoch-40.pt
2026-09-28 09:46:16.866 INFO: Epoch 41: head: Default, loss=0.04771079, RMSE_E_per_atom=   14.26 meV, RMSE_F=  133.28 meV / A
2026-09-28 09:46:16.868 DEBUG: Deleting old checkpoint file: ./checkpoints/mace_multitm_model_run-123_epoch-40.pt
2026-09-28 09:46:16.869 DEBUG: Saving checkpoint: ./checkpoints/mace_multitm_model_run-123_epoch-41.pt
2026-09-28 09:46:38.463 INFO: Epoch 42: head: Default, loss=0.04657780, RMSE_E_per_atom=   14.50 meV, RMSE_F=  131.70 meV / A
2026-09-28 09:46:38.465 DEBUG: Deleting old checkpoint file: ./checkpoints/mace_multitm_model_run-123_epoch-41.pt
2026-09-28 09:46:38.466 DEBUG: Saving checkpoint: ./checkpoints/mace_multitm_model_run-123_epoch-42.pt
2026-09-28 09:46:59.974 INFO: Epoch 43: head: Default, loss=0.04575346, RMSE_E_per_atom=   14.52 meV, RMSE_F=  130.55 meV / A
2026-09-28 09:46:59.976 DEBUG: Deleting old checkpoint file: ./checkpoints/mace_multitm_model_run-123_epoch-42.pt
2026-09-28 09:46:59.977 DEBUG: Saving checkpoint: ./checkpoints/mace_multitm_model_run-123_epoch-43.pt
2026-09-28 09:47:21.762 INFO: Epoch 44: head: Default, loss=0.04456477, RMSE_E_per_atom=   14.62 meV, RMSE_F=  128.83 meV / A
2026-09-28 09:47:21.764 DEBUG: Deleting old checkpoint file: ./checkpoints/mace_multitm_model_run-123_epoch-43.pt
2026-09-28 09:47:21.765 DEBUG: Saving checkpoint: ./checkpoints/mace_multitm_model_run-123_epoch-44.pt
2026-09-28 09:47:43.407 INFO: Epoch 45: head: Default, loss=0.04399035, RMSE_E_per_atom=   14.55 meV, RMSE_F=  128.02 meV / A
2026-09-28 09:47:43.409 DEBUG: Deleting old checkpoint file: ./checkpoints/mace_multitm_model_run-123_epoch-44.pt
2026-09-28 09:47:43.410 DEBUG: Saving checkpoint: ./checkpoints/mace_multitm_model_run-123_epoch-45.pt
2026-09-28 09:48:05.197 INFO: Epoch 46: head: Default, loss=0.04324336, RMSE_E_per_atom=   14.57 meV, RMSE_F=  126.96 meV / A
2026-09-28 09:48:05.199 DEBUG: Deleting old checkpoint file: ./checkpoints/mace_multitm_model_run-123_epoch-45.pt
2026-09-28 09:48:05.200 DEBUG: Saving checkpoint: ./checkpoints/mace_multitm_model_run-123_epoch-46.pt
2026-09-28 09:48:26.892 INFO: Epoch 47: head: Default, loss=0.04249149, RMSE_E_per_atom=   14.55 meV, RMSE_F=  125.86 meV / A
2026-09-28 09:48:26.893 DEBUG: Deleting old checkpoint file: ./checkpoints/mace_multitm_model_run-123_epoch-46.pt
2026-09-28 09:48:26.894 DEBUG: Saving checkpoint: ./checkpoints/mace_multitm_model_run-123_epoch-47.pt
2026-09-28 09:48:48.088 INFO: Epoch 48: head: Default, loss=0.04174061, RMSE_E_per_atom=   14.66 meV, RMSE_F=  124.74 meV / A
2026-09-28 09:48:48.089 DEBUG: Deleting old checkpoint file: ./checkpoints/mace_multitm_model_run-123_epoch-47.pt
2026-09-28 09:48:48.090 DEBUG: Saving checkpoint: ./checkpoints/mace_multitm_model_run-123_epoch-48.pt
2026-09-28 09:49:09.870 INFO: Epoch 49: head: Default, loss=0.04127767, RMSE_E_per_atom=   14.59 meV, RMSE_F=  124.04 meV / A
2026-09-28 09:49:09.872 DEBUG: Deleting old checkpoint file: ./checkpoints/mace_multitm_model_run-123_epoch-48.pt
2026-09-28 09:49:09.873 DEBUG: Saving checkpoint: ./checkpoints/mace_multitm_model_run-123_epoch-49.pt
2026-09-28 09:49:31.777 INFO: Epoch 50: head: Default, loss=0.04058699, RMSE_E_per_atom=   14.38 meV, RMSE_F=  123.02 meV / A
2026-09-28 09:49:31.779 DEBUG: Deleting old checkpoint file: ./checkpoints/mace_multitm_model_run-123_epoch-49.pt
2026-09-28 09:49:31.780 DEBUG: Saving checkpoint: ./checkpoints/mace_multitm_model_run-123_epoch-50.pt
2026-09-28 09:49:53.437 INFO: Epoch 51: head: Default, loss=0.04021660, RMSE_E_per_atom=   14.24 meV, RMSE_F=  122.47 meV / A
2026-09-28 09:49:53.438 DEBUG: Deleting old checkpoint file: ./checkpoints/mace_multitm_model_run-123_epoch-50.pt
2026-09-28 09:49:53.439 DEBUG: Saving checkpoint: ./checkpoints/mace_multitm_model_run-123_epoch-51.pt
2026-09-28 09:50:15.197 INFO: Epoch 52: head: Default, loss=0.03964453, RMSE_E_per_atom=   14.17 meV, RMSE_F=  121.58 meV / A
2026-09-28 09:50:15.199 DEBUG: Deleting old checkpoint file: ./checkpoints/mace_multitm_model_run-123_epoch-51.pt
2026-09-28 09:50:15.201 DEBUG: Saving checkpoint: ./checkpoints/mace_multitm_model_run-123_epoch-52.pt
2026-09-28 09:50:36.539 INFO: Epoch 53: head: Default, loss=0.03928614, RMSE_E_per_atom=   14.31 meV, RMSE_F=  121.04 meV / A
2026-09-28 09:50:36.540 DEBUG: Deleting old checkpoint file: ./checkpoints/mace_multitm_model_run-123_epoch-52.pt
2026-09-28 09:50:36.541 DEBUG: Saving checkpoint: ./checkpoints/mace_multitm_model_run-123_epoch-53.pt
2026-09-28 09:50:58.142 INFO: Epoch 54: head: Default, loss=0.03853076, RMSE_E_per_atom=   13.98 meV, RMSE_F=  119.93 meV / A
2026-09-28 09:50:58.144 DEBUG: Deleting old checkpoint file: ./checkpoints/mace_multitm_model_run-123_epoch-53.pt
2026-09-28 09:50:58.145 DEBUG: Saving checkpoint: ./checkpoints/mace_multitm_model_run-123_epoch-54.pt
2026-09-28 09:51:19.965 INFO: Epoch 55: head: Default, loss=0.03808962, RMSE_E_per_atom=   13.84 meV, RMSE_F=  119.23 meV / A
2026-09-28 09:51:19.967 DEBUG: Deleting old checkpoint file: ./checkpoints/mace_multitm_model_run-123_epoch-54.pt
2026-09-28 09:51:19.967 DEBUG: Saving checkpoint: ./checkpoints/mace_multitm_model_run-123_epoch-55.pt
2026-09-28 09:51:41.405 INFO: Epoch 56: head: Default, loss=0.03780471, RMSE_E_per_atom=   13.74 meV, RMSE_F=  118.80 meV / A
2026-09-28 09:51:41.407 DEBUG: Deleting old checkpoint file: ./checkpoints/mace_multitm_model_run-123_epoch-55.pt
2026-09-28 09:51:41.408 DEBUG: Saving checkpoint: ./checkpoints/mace_multitm_model_run-123_epoch-56.pt
2026-09-28 09:52:02.597 INFO: Epoch 57: head: Default, loss=0.03785040, RMSE_E_per_atom=   13.56 meV, RMSE_F=  118.82 meV / A
2026-09-28 09:52:24.050 INFO: Epoch 58: head: Default, loss=0.03791763, RMSE_E_per_atom=   13.40 meV, RMSE_F=  118.94 meV / A
2026-09-28 09:52:45.518 INFO: Epoch 59: head: Default, loss=0.03731398, RMSE_E_per_atom=   13.42 meV, RMSE_F=  118.04 meV / A
2026-09-28 09:52:45.520 DEBUG: Deleting old checkpoint file: ./checkpoints/mace_multitm_model_run-123_epoch-56.pt
2026-09-28 09:52:45.521 DEBUG: Saving checkpoint: ./checkpoints/mace_multitm_model_run-123_epoch-59.pt
2026-09-28 09:52:45.534 INFO: Training complete
2026-09-28 09:52:45.535 INFO: 
2026-09-28 09:52:45.535 INFO: ===========RESULTS===========
2026-09-28 09:52:45.535 INFO: Loading checkpoint: ./checkpoints/mace_multitm_model_run-123_epoch-59.pt
2026-09-28 09:52:45.553 INFO: Loaded Stage one model from epoch 59 for evaluation
2026-09-28 09:52:45.553 INFO: Saving model to checkpoints/mace_multitm_model_run-123.model
2026-09-28 09:52:45.711 INFO: Compiling model, saving metadata to mace_multitm_model_compiled.model
2026-09-28 09:52:46.336 INFO: Computing metrics for training, validation, and test sets
2026-09-28 09:52:46.337 INFO: Skipping evaluation for heads: ['pt_head']
2026-09-28 09:52:46.337 INFO: Evaluating train_Default ...
2026-09-28 09:52:52.108 INFO: Evaluating valid_Default ...
2026-09-28 09:52:53.211 INFO: Error-table on TRAIN and VALID:
+---------------+---------------------+------------------+-------------------+
|  config_type  | RMSE E / meV / atom | RMSE F / meV / A | relative F RMSE % |
+---------------+---------------------+------------------+-------------------+
| train_Default |           19.7      |         72.8     |          2.48     |
| valid_Default |           13.4      |        118.0     |          4.10     |
+---------------+---------------------+------------------+-------------------+
2026-09-28 09:52:53.211 DEBUG: Running inference on train_Default dataset
2026-09-28 09:52:58.933 DEBUG: Running inference on valid_Default dataset
2026-09-28 09:53:00.159 DEBUG: STREAM b'IHDR' 16 13
2026-09-28 09:53:00.159 DEBUG: STREAM b'sBIT' 41 4
2026-09-28 09:53:00.159 DEBUG: b'sBIT' 41 4 (unknown)
2026-09-28 09:53:00.159 DEBUG: STREAM b'pHYs' 57 9
2026-09-28 09:53:00.159 DEBUG: STREAM b'IDAT' 78 1189
2026-09-28 09:53:00.162 DEBUG: STREAM b'IHDR' 16 13
2026-09-28 09:53:00.162 DEBUG: STREAM b'sBIT' 41 4
2026-09-28 09:53:00.162 DEBUG: b'sBIT' 41 4 (unknown)
2026-09-28 09:53:00.162 DEBUG: STREAM b'pHYs' 57 9
2026-09-28 09:53:00.162 DEBUG: STREAM b'IDAT' 78 2994
2026-09-28 09:53:00.173 DEBUG: STREAM b'IHDR' 16 13
2026-09-28 09:53:00.173 DEBUG: STREAM b'sBIT' 41 4
2026-09-28 09:53:00.173 DEBUG: b'sBIT' 41 4 (unknown)
2026-09-28 09:53:00.173 DEBUG: STREAM b'pHYs' 57 9
2026-09-28 09:53:00.173 DEBUG: STREAM b'IDAT' 78 374
2026-09-28 09:53:00.174 DEBUG: STREAM b'IHDR' 16 13
2026-09-28 09:53:00.174 DEBUG: STREAM b'sBIT' 41 4
2026-09-28 09:53:00.174 DEBUG: b'sBIT' 41 4 (unknown)
2026-09-28 09:53:00.174 DEBUG: STREAM b'pHYs' 57 9
2026-09-28 09:53:00.174 DEBUG: STREAM b'IDAT' 78 286
2026-09-28 09:53:00.176 DEBUG: STREAM b'IHDR' 16 13
2026-09-28 09:53:00.176 DEBUG: STREAM b'sBIT' 41 4
2026-09-28 09:53:00.176 DEBUG: b'sBIT' 41 4 (unknown)
2026-09-28 09:53:00.176 DEBUG: STREAM b'pHYs' 57 9
2026-09-28 09:53:00.176 DEBUG: STREAM b'IDAT' 78 263
2026-09-28 09:53:00.177 DEBUG: STREAM b'IHDR' 16 13
2026-09-28 09:53:00.177 DEBUG: STREAM b'sBIT' 41 4
2026-09-28 09:53:00.177 DEBUG: b'sBIT' 41 4 (unknown)
2026-09-28 09:53:00.177 DEBUG: STREAM b'pHYs' 57 9
2026-09-28 09:53:00.177 DEBUG: STREAM b'IDAT' 78 387
2026-09-28 09:53:00.178 DEBUG: STREAM b'IHDR' 16 13
2026-09-28 09:53:00.178 DEBUG: STREAM b'sBIT' 41 4
2026-09-28 09:53:00.178 DEBUG: b'sBIT' 41 4 (unknown)
2026-09-28 09:53:00.178 DEBUG: STREAM b'pHYs' 57 9
2026-09-28 09:53:00.178 DEBUG: STREAM b'IDAT' 78 436
2026-09-28 09:53:00.179 DEBUG: STREAM b'IHDR' 16 13
2026-09-28 09:53:00.179 DEBUG: STREAM b'sBIT' 41 4
2026-09-28 09:53:00.179 DEBUG: b'sBIT' 41 4 (unknown)
2026-09-28 09:53:00.179 DEBUG: STREAM b'pHYs' 57 9
2026-09-28 09:53:00.179 DEBUG: STREAM b'IDAT' 78 351
2026-09-28 09:53:00.180 DEBUG: STREAM b'IHDR' 16 13
2026-09-28 09:53:00.180 DEBUG: STREAM b'sBIT' 41 4
2026-09-28 09:53:00.180 DEBUG: b'sBIT' 41 4 (unknown)
2026-09-28 09:53:00.180 DEBUG: STREAM b'pHYs' 57 9
2026-09-28 09:53:00.180 DEBUG: STREAM b'IDAT' 78 364
2026-09-28 09:53:01.350 INFO: Done
2026-09-29 01:44:09.705 INFO: ===========VERIFYING SETTINGS===========
2026-09-29 01:44:09.705 INFO: MACE version: 0.3.16
2026-09-29 01:44:09.705 DEBUG: Configuration: Namespace(config=None, name='mace_multitm_model', seed=123, work_dir='.', log_dir='./logs', model_dir='.', checkpoints_dir='./checkpoints', results_dir='./results', downloads_dir='./downloads', device='cpu', default_dtype='float32', distributed=False, launcher='slurm', log_level='INFO', plot=True, plot_frequency=0, plot_interaction_e=False, error_table='PerAtomRMSE', model='ScaleShiftMACE', r_max=5.0, radial_type='bessel', num_radial_basis=8, num_cutoff_basis=5, pair_repulsion=False, distance_transform='None', apply_cutoff=True, use_last_readout_only=False, use_embedding_readout=False, interaction='RealAgnosticResidualInteractionBlock', interaction_first='RealAgnosticResidualInteractionBlock', max_ell=3, correlation=3, use_reduced_cg=False, use_so3=False, use_agnostic_product=False, num_interactions=2, MLP_irreps='16x0e', radial_MLP='[64, 64, 64]', hidden_irreps='64x0e + 64x1o', edge_irreps=None, use_edge_irreps_first=False, num_channels=64, max_L=1, gate='silu', kspace_cutoff_factor=1.5, atomic_multipoles_max_l=0, atomic_multipoles_smearing_width=1.0, field_feature_max_l=0, field_feature_widths='[1.0]', field_feature_norms=None, num_recursion_steps=1, field_si=False, include_electrostatic_self_interaction=False, add_local_electron_energy=False, quadrupole_feature_corrections=False, return_electrostatic_potentials=False, field_norm_factor=0.02, fixedpoint_update_config=None, field_readout_config=None, scaling='rms_forces_scaling', avg_num_neighbors=1, compute_avg_num_neighbors=True, compute_stress=False, compute_forces=True, compute_polarizability=False, compute_atomic_dipole=False, train_file='mace_train.xyz', valid_file='mace_val.xyz', valid_fraction=0.1, test_file=None, test_dir=None, multi_processed_test=False, num_workers=0, pin_memory=True, atomic_numbers='[1, 6, 7, 27, 28, 46]', mean=None, std=None, statistics_file=None, les_arguments=None, E0s='average', pseudolabel_replay=False, pseudolabel_replay_compute_stress=False, foundation_filter_elements=True, heads=None, multiheads_finetuning=True, foundation_head=None, weight_pt_head=1.0, real_pt_data_ratio_threshold=0.1, num_samples_pt=10000, force_mh_ft_lr=False, subselect_pt='random', filter_type_pt='none', allow_random_padding_pt=True, pt_train_file=None, pt_valid_file=None, foundation_model_elements=False, keep_isolated_atoms=False, lora=False, lora_rank=4, lora_alpha=1.0, energy_key='energy', forces_key='forces', virials_key='REF_virials', stress_key='REF_stress', dipole_key='dipole', polarizability_key='polarizability', head_key='head', charges_key='REF_charges', elec_temp_key='elec_temp', total_spin_key='total_spin', total_charge_key='total_charge', embedding_specs=None, skip_evaluate_heads='pt_head', loss='weighted', forces_weight=10.0, swa_forces_weight=100.0, energy_weight=1.0, swa_energy_weight=1000.0, virials_weight=1.0, swa_virials_weight=10.0, stress_weight=1.0, swa_stress_weight=10.0, dipole_weight=1.0, swa_dipole_weight=1.0, swa_polarizability_weight=1.0, polarizability_weight=1.0, config_type_weights='{"Default":1.0}', huber_delta=0.01, optimizer='adam', beta=0.9, beta1_schedulefree=0.9, beta2_schedulefree=0.98, batch_size=4, valid_batch_size=4, lr=0.01, swa_lr=0.001, weight_decay=5e-07, lr_params_factors='{"embedding_lr_factor": 1.0, "interactions_lr_factor": 1.0, "products_lr_factor": 1.0, "readouts_lr_factor": 1.0}', freeze=None, amsgrad=True, scheduler='ReduceLROnPlateau', lr_factor=0.8, scheduler_patience=50, lr_scheduler_gamma=0.9993, swa=False, start_swa=None, lbfgs=False, ema=True, ema_decay=0.99, max_num_epochs=60, patience=2048, foundation_model=None, foundation_model_kwargs='{}', foundation_model_readout=True, eval_interval=1, keep_checkpoints=False, save_all_checkpoints=False, restart_latest=False, save_cpu=False, clip_grad=10.0, dry_run=False, enable_cueq=False, only_cueq=False, enable_oeq=False, wandb=False, wandb_dir=None, wandb_project='', wandb_entity='', wandb_name='', wandb_log_hypers=['num_channels', 'max_L', 'correlation', 'lr', 'swa_lr', 'weight_decay', 'batch_size', 'max_num_epochs', 'start_swa', 'energy_weight', 'forces_weight'], key_specification=KeySpecification(info_keys={'energy': 'energy', 'stress': 'REF_stress', 'virials': 'REF_virials', 'dipole': 'dipole', 'head': 'head', 'elec_temp': 'elec_temp', 'total_charge': 'total_charge', 'polarizability': 'polarizability', 'total_spin': 'total_spin'}, arrays_keys={'forces': 'forces', 'charges': 'REF_charges'}))
2026-09-29 01:44:09.705 INFO: Using CPU
2026-09-29 01:44:09.740 DEBUG: Popen(['git', 'version'], cwd=/home/ziat1/Documents/Training/Autonomous_MultiTM_SAC_Pipeline, stdin=None, shell=False, universal_newlines=False)
2026-09-29 01:44:09.746 DEBUG: Popen(['git', 'version'], cwd=/home/ziat1/Documents/Training/Autonomous_MultiTM_SAC_Pipeline, stdin=None, shell=False, universal_newlines=False)
2026-09-29 01:44:09.749 DEBUG: sys.platform='linux', git_executable='git'
2026-09-29 01:44:09.749 DEBUG: Error accessing Git repository: /home/ziat1/Documents/Training/Autonomous_MultiTM_SAC_Pipeline
2026-09-29 01:44:09.750 INFO: ===========LOADING INPUT DATA===========
2026-09-29 01:44:09.750 INFO: Using heads: ['Default']
2026-09-29 01:44:09.750 INFO: Using the key specifications to parse data:
2026-09-29 01:44:09.750 INFO: Default: KeySpecification(info_keys={'energy': 'energy', 'stress': 'REF_stress', 'virials': 'REF_virials', 'dipole': 'dipole', 'head': 'head', 'elec_temp': 'elec_temp', 'total_charge': 'total_charge', 'polarizability': 'polarizability', 'total_spin': 'total_spin'}, arrays_keys={'forces': 'forces', 'charges': 'REF_charges'})
2026-09-29 01:44:09.750 INFO: =============    Processing head Default     ===========
2026-09-29 01:44:09.750 DEBUG: Loading training file: mace_train.xyz
2026-09-29 01:44:09.795 WARNING: Since ASE version 3.23.0b1, using energy_key 'energy' is no longer safe when communicating between MACE and ASE. We recommend using a different key, rewriting 'energy' to 'REF_energy'. You need to use --energy_key='REF_energy' to specify the chosen key name.
2026-09-29 01:44:09.801 WARNING: Since ASE version 3.23.0b1, using forces_key 'forces' is no longer safe when communicating between MACE and ASE. We recommend using a different key, rewriting 'forces' to 'REF_forces'. You need to use --forces_key='REF_forces' to specify the chosen key name.
2026-09-29 01:44:09.809 INFO: Training set 1/1 [energy: 105, stress: 0, virials: 0, dipole components: 0, head: 105, elec_temp: 0, total_charge: 0, polarizability: 0, total_spin: 0, forces: 105, charges: 0]
2026-09-29 01:44:09.809 INFO: Total Training set [energy: 105, stress: 0, virials: 0, dipole components: 0, head: 105, elec_temp: 0, total_charge: 0, polarizability: 0, total_spin: 0, forces: 105, charges: 0]
2026-09-29 01:44:09.822 WARNING: Since ASE version 3.23.0b1, using energy_key 'energy' is no longer safe when communicating between MACE and ASE. We recommend using a different key, rewriting 'energy' to 'REF_energy'. You need to use --energy_key='REF_energy' to specify the chosen key name.
2026-09-29 01:44:09.824 WARNING: Since ASE version 3.23.0b1, using forces_key 'forces' is no longer safe when communicating between MACE and ASE. We recommend using a different key, rewriting 'forces' to 'REF_forces'. You need to use --forces_key='REF_forces' to specify the chosen key name.
2026-09-29 01:44:09.825 INFO: Validation set 1/1 [energy: 19, stress: 0, virials: 0, dipole components: 0, head: 19, elec_temp: 0, total_charge: 0, polarizability: 0, total_spin: 0, forces: 19, charges: 0]
2026-09-29 01:44:09.826 INFO: Total Validation set [energy: 19, stress: 0, virials: 0, dipole components: 0, head: 19, elec_temp: 0, total_charge: 0, polarizability: 0, total_spin: 0, forces: 19, charges: 0]
2026-09-29 01:44:09.826 INFO: Total number of configurations: train=105, valid=19, tests=[],
2026-09-29 01:44:09.826 INFO: Using atomic numbers from command line argument
2026-09-29 01:44:09.826 INFO: Atomic Numbers used: [1, 6, 7, 27, 28, 46]
2026-09-29 01:44:09.826 INFO: Isolated Atomic Energies (E0s) not in training file, using command line argument
2026-09-29 01:44:09.826 INFO: Computing average Atomic Energies using least squares regression
2026-09-29 01:44:09.829 INFO: Atomic Energies used (z: eV) for head Default: {1: -6.648365498279353, 6: -8.857232586677723, 7: -9.320218085993355, 27: -1.2937786432495904, 28: 0.2533261413153445, 46: 0.6694841208593232}
2026-09-29 01:44:09.829 INFO: Processing datasets for head 'Default'
2026-09-29 01:44:09.900 DEBUG: Successfully loaded dataset from ASE files: ['mace_train.xyz']
2026-09-29 01:44:09.901 INFO: Combining 1 list datasets for head 'Default'
2026-09-29 01:44:09.911 DEBUG: Successfully loaded validation dataset from ASE files: ['mace_val.xyz']
2026-09-29 01:44:09.911 INFO: Combining 1 list datasets for head 'Default_valid'
2026-09-29 01:44:09.911 INFO: Combined validation datasets for Default
2026-09-29 01:44:09.911 INFO: Head 'Default' training dataset size: 105
2026-09-29 01:44:09.911 INFO: Computing average number of neighbors
2026-09-29 01:44:09.952 INFO: Average number of neighbors: 29.595989227294922
2026-09-29 01:44:09.952 INFO: During training the following quantities will be reported: energy, forces
2026-09-29 01:44:09.952 INFO: ===========MODEL DETAILS===========
2026-09-29 01:44:09.997 INFO: Building model
2026-09-29 01:44:09.997 INFO: Message passing with 64 channels and max_L=1 (64x0e + 64x1o)
2026-09-29 01:44:09.998 INFO: 2 layers, each with correlation order: 3 (body order: 4) and spherical harmonics up to: l=3
2026-09-29 01:44:09.998 INFO: 8 radial and 5 basis functions
2026-09-29 01:44:09.998 INFO: Radial cutoff: 5.0 A (total receptive field for each atom: 10.0 A)
2026-09-29 01:44:09.998 INFO: Distance transform for radial basis functions: None
2026-09-29 01:44:09.998 INFO: Hidden irreps: 64x0e + 64x1o
2026-09-29 01:44:10.933 INFO: ===========OPTIMIZER INFORMATION===========
2026-09-29 01:44:10.934 INFO: Using ADAM as parameter optimizer
2026-09-29 01:44:10.934 INFO: Batch size: 4
2026-09-29 01:44:10.934 INFO: Using Exponential Moving Average with decay: 0.99
2026-09-29 01:44:10.934 INFO: Number of gradient updates: 1575
2026-09-29 01:44:10.934 INFO: Learning rate: 0.01, weight decay: 5e-07
2026-09-29 01:44:10.934 INFO: WeightedEnergyForcesLoss(energy_weight=1.000, forces_weight=10.000)
2026-09-29 01:44:10.934 INFO: === Layer's learning rates ===
2026-09-29 01:44:10.934 INFO: Param group 0: lr = 0.01
2026-09-29 01:44:10.934 INFO: Param group 1: lr = 0.01
2026-09-29 01:44:10.934 INFO: Param group 2: lr = 0.01
2026-09-29 01:44:10.934 INFO: Param group 3: lr = 0.01
2026-09-29 01:44:10.934 INFO: Param group 4: lr = 0.01
2026-09-29 01:44:10.935 INFO: Using gradient clipping with tolerance=10.000
2026-09-29 01:44:10.935 INFO: 
2026-09-29 01:44:10.935 INFO: ===========TRAINING===========
2026-09-29 01:44:10.935 INFO: Started training, reporting errors on validation set
2026-09-29 01:44:10.935 INFO: Loss metrics on validation set
2026-09-29 01:44:12.733 INFO: Initial: head: Default, loss=16.38340569, RMSE_E_per_atom=  883.42 meV, RMSE_F= 2488.22 meV / A
2026-09-29 01:44:40.150 INFO: Epoch 0: head: Default, loss=1.66365278, RMSE_E_per_atom=  235.87 meV, RMSE_F=  795.16 meV / A
2026-09-29 01:44:40.152 DEBUG: Saving checkpoint: ./checkpoints/mace_multitm_model_run-123_epoch-0.pt
2026-09-29 01:45:07.772 INFO: Epoch 1: head: Default, loss=0.78226388, RMSE_E_per_atom=   82.93 meV, RMSE_F=  546.95 meV / A
2026-09-29 01:45:07.774 DEBUG: Deleting old checkpoint file: ./checkpoints/mace_multitm_model_run-123_epoch-0.pt
2026-09-29 01:45:07.775 DEBUG: Saving checkpoint: ./checkpoints/mace_multitm_model_run-123_epoch-1.pt
2026-09-29 01:45:36.301 INFO: Epoch 2: head: Default, loss=0.34533516, RMSE_E_per_atom=   72.59 meV, RMSE_F=  362.38 meV / A
2026-09-29 01:45:36.303 DEBUG: Deleting old checkpoint file: ./checkpoints/mace_multitm_model_run-123_epoch-1.pt
2026-09-29 01:45:36.304 DEBUG: Saving checkpoint: ./checkpoints/mace_multitm_model_run-123_epoch-2.pt
2026-09-29 01:46:03.764 INFO: Epoch 3: head: Default, loss=0.23350132, RMSE_E_per_atom=   44.88 meV, RMSE_F=  298.43 meV / A
2026-09-29 01:46:03.766 DEBUG: Deleting old checkpoint file: ./checkpoints/mace_multitm_model_run-123_epoch-2.pt
2026-09-29 01:46:03.767 DEBUG: Saving checkpoint: ./checkpoints/mace_multitm_model_run-123_epoch-3.pt
2026-09-29 01:46:31.378 INFO: Epoch 4: head: Default, loss=0.18592036, RMSE_E_per_atom=   40.15 meV, RMSE_F=  266.41 meV / A
2026-09-29 01:46:31.380 DEBUG: Deleting old checkpoint file: ./checkpoints/mace_multitm_model_run-123_epoch-3.pt
2026-09-29 01:46:31.381 DEBUG: Saving checkpoint: ./checkpoints/mace_multitm_model_run-123_epoch-4.pt
2026-09-29 01:46:58.944 INFO: Epoch 5: head: Default, loss=0.16253455, RMSE_E_per_atom=   36.46 meV, RMSE_F=  249.22 meV / A
2026-09-29 01:46:58.946 DEBUG: Deleting old checkpoint file: ./checkpoints/mace_multitm_model_run-123_epoch-4.pt
2026-09-29 01:46:58.948 DEBUG: Saving checkpoint: ./checkpoints/mace_multitm_model_run-123_epoch-5.pt
2026-09-29 01:47:26.592 INFO: Epoch 6: head: Default, loss=0.14100838, RMSE_E_per_atom=   33.02 meV, RMSE_F=  232.10 meV / A
2026-09-29 01:47:26.593 DEBUG: Deleting old checkpoint file: ./checkpoints/mace_multitm_model_run-123_epoch-5.pt
2026-09-29 01:47:26.594 DEBUG: Saving checkpoint: ./checkpoints/mace_multitm_model_run-123_epoch-6.pt
2026-09-29 01:47:53.737 INFO: Epoch 7: head: Default, loss=0.11964292, RMSE_E_per_atom=   28.34 meV, RMSE_F=  213.84 meV / A
2026-09-29 01:47:53.738 DEBUG: Deleting old checkpoint file: ./checkpoints/mace_multitm_model_run-123_epoch-6.pt
2026-09-29 01:47:53.740 DEBUG: Saving checkpoint: ./checkpoints/mace_multitm_model_run-123_epoch-7.pt
2026-09-29 01:48:20.628 INFO: Epoch 8: head: Default, loss=0.10348193, RMSE_E_per_atom=   26.88 meV, RMSE_F=  198.83 meV / A
2026-09-29 01:48:20.629 DEBUG: Deleting old checkpoint file: ./checkpoints/mace_multitm_model_run-123_epoch-7.pt
2026-09-29 01:48:20.631 DEBUG: Saving checkpoint: ./checkpoints/mace_multitm_model_run-123_epoch-8.pt
2026-09-29 01:48:47.739 INFO: Epoch 9: head: Default, loss=0.09114942, RMSE_E_per_atom=   25.10 meV, RMSE_F=  186.51 meV / A
2026-09-29 01:48:47.741 DEBUG: Deleting old checkpoint file: ./checkpoints/mace_multitm_model_run-123_epoch-8.pt
2026-09-29 01:48:47.742 DEBUG: Saving checkpoint: ./checkpoints/mace_multitm_model_run-123_epoch-9.pt
2026-09-29 01:49:14.848 INFO: Epoch 10: head: Default, loss=0.08400994, RMSE_E_per_atom=   21.83 meV, RMSE_F=  179.03 meV / A
2026-09-29 01:49:14.850 DEBUG: Deleting old checkpoint file: ./checkpoints/mace_multitm_model_run-123_epoch-9.pt
2026-09-29 01:49:14.851 DEBUG: Saving checkpoint: ./checkpoints/mace_multitm_model_run-123_epoch-10.pt
2026-09-29 01:49:42.032 INFO: Epoch 11: head: Default, loss=0.07851852, RMSE_E_per_atom=   19.88 meV, RMSE_F=  173.12 meV / A
2026-09-29 01:49:42.033 DEBUG: Deleting old checkpoint file: ./checkpoints/mace_multitm_model_run-123_epoch-10.pt
2026-09-29 01:49:42.034 DEBUG: Saving checkpoint: ./checkpoints/mace_multitm_model_run-123_epoch-11.pt
2026-09-29 01:50:08.816 INFO: Epoch 12: head: Default, loss=0.07541344, RMSE_E_per_atom=   16.29 meV, RMSE_F=  169.83 meV / A
2026-09-29 01:50:08.817 DEBUG: Deleting old checkpoint file: ./checkpoints/mace_multitm_model_run-123_epoch-11.pt
2026-09-29 01:50:08.818 DEBUG: Saving checkpoint: ./checkpoints/mace_multitm_model_run-123_epoch-12.pt
2026-09-29 01:50:35.476 INFO: Epoch 13: head: Default, loss=0.07177184, RMSE_E_per_atom=   14.05 meV, RMSE_F=  165.42 meV / A
2026-09-29 01:50:35.477 DEBUG: Deleting old checkpoint file: ./checkpoints/mace_multitm_model_run-123_epoch-12.pt
2026-09-29 01:50:35.478 DEBUG: Saving checkpoint: ./checkpoints/mace_multitm_model_run-123_epoch-13.pt
2026-09-29 01:51:02.225 INFO: Epoch 14: head: Default, loss=0.06821270, RMSE_E_per_atom=   13.28 meV, RMSE_F=  161.29 meV / A
2026-09-29 01:51:02.227 DEBUG: Deleting old checkpoint file: ./checkpoints/mace_multitm_model_run-123_epoch-13.pt
2026-09-29 01:51:02.228 DEBUG: Saving checkpoint: ./checkpoints/mace_multitm_model_run-123_epoch-14.pt
2026-09-29 01:51:29.038 INFO: Epoch 15: head: Default, loss=0.06414475, RMSE_E_per_atom=   13.49 meV, RMSE_F=  156.32 meV / A
2026-09-29 01:51:29.040 DEBUG: Deleting old checkpoint file: ./checkpoints/mace_multitm_model_run-123_epoch-14.pt
2026-09-29 01:51:29.041 DEBUG: Saving checkpoint: ./checkpoints/mace_multitm_model_run-123_epoch-15.pt
2026-09-29 01:51:56.036 INFO: Epoch 16: head: Default, loss=0.06086718, RMSE_E_per_atom=   11.81 meV, RMSE_F=  152.31 meV / A
2026-09-29 01:51:56.038 DEBUG: Deleting old checkpoint file: ./checkpoints/mace_multitm_model_run-123_epoch-15.pt
2026-09-29 01:51:56.040 DEBUG: Saving checkpoint: ./checkpoints/mace_multitm_model_run-123_epoch-16.pt
2026-09-29 01:52:22.806 INFO: Epoch 17: head: Default, loss=0.05836046, RMSE_E_per_atom=   11.07 meV, RMSE_F=  149.12 meV / A
2026-09-29 01:52:22.808 DEBUG: Deleting old checkpoint file: ./checkpoints/mace_multitm_model_run-123_epoch-16.pt
2026-09-29 01:52:22.809 DEBUG: Saving checkpoint: ./checkpoints/mace_multitm_model_run-123_epoch-17.pt
2026-09-29 01:52:49.724 INFO: Epoch 18: head: Default, loss=0.05566290, RMSE_E_per_atom=    9.50 meV, RMSE_F=  145.63 meV / A
2026-09-29 01:52:49.726 DEBUG: Deleting old checkpoint file: ./checkpoints/mace_multitm_model_run-123_epoch-17.pt
2026-09-29 01:52:49.727 DEBUG: Saving checkpoint: ./checkpoints/mace_multitm_model_run-123_epoch-18.pt
2026-09-29 01:53:16.617 INFO: Epoch 19: head: Default, loss=0.05299245, RMSE_E_per_atom=    8.11 meV, RMSE_F=  142.08 meV / A
2026-09-29 01:53:16.619 DEBUG: Deleting old checkpoint file: ./checkpoints/mace_multitm_model_run-123_epoch-18.pt
2026-09-29 01:53:16.620 DEBUG: Saving checkpoint: ./checkpoints/mace_multitm_model_run-123_epoch-19.pt
2026-09-29 01:53:43.561 INFO: Epoch 20: head: Default, loss=0.05048589, RMSE_E_per_atom=    6.84 meV, RMSE_F=  138.74 meV / A
2026-09-29 01:53:43.563 DEBUG: Deleting old checkpoint file: ./checkpoints/mace_multitm_model_run-123_epoch-19.pt
2026-09-29 01:53:43.564 DEBUG: Saving checkpoint: ./checkpoints/mace_multitm_model_run-123_epoch-20.pt
2026-09-29 01:54:10.490 INFO: Epoch 21: head: Default, loss=0.04863283, RMSE_E_per_atom=    7.33 meV, RMSE_F=  136.13 meV / A
2026-09-29 01:54:10.492 DEBUG: Deleting old checkpoint file: ./checkpoints/mace_multitm_model_run-123_epoch-20.pt
2026-09-29 01:54:10.493 DEBUG: Saving checkpoint: ./checkpoints/mace_multitm_model_run-123_epoch-21.pt
2026-09-29 01:54:37.949 INFO: Epoch 22: head: Default, loss=0.04717356, RMSE_E_per_atom=    7.23 meV, RMSE_F=  134.08 meV / A
2026-09-29 01:54:37.951 DEBUG: Deleting old checkpoint file: ./checkpoints/mace_multitm_model_run-123_epoch-21.pt
2026-09-29 01:54:37.952 DEBUG: Saving checkpoint: ./checkpoints/mace_multitm_model_run-123_epoch-22.pt
2026-09-29 01:55:05.401 INFO: Epoch 23: head: Default, loss=0.04570190, RMSE_E_per_atom=    6.86 meV, RMSE_F=  131.93 meV / A
2026-09-29 01:55:05.402 DEBUG: Deleting old checkpoint file: ./checkpoints/mace_multitm_model_run-123_epoch-22.pt
2026-09-29 01:55:05.403 DEBUG: Saving checkpoint: ./checkpoints/mace_multitm_model_run-123_epoch-23.pt
2026-09-29 01:55:32.311 INFO: Epoch 24: head: Default, loss=0.04441388, RMSE_E_per_atom=    7.23 meV, RMSE_F=  130.02 meV / A
2026-09-29 01:55:32.313 DEBUG: Deleting old checkpoint file: ./checkpoints/mace_multitm_model_run-123_epoch-23.pt
2026-09-29 01:55:32.315 DEBUG: Saving checkpoint: ./checkpoints/mace_multitm_model_run-123_epoch-24.pt
2026-09-29 01:55:59.228 INFO: Epoch 25: head: Default, loss=0.04305829, RMSE_E_per_atom=    8.14 meV, RMSE_F=  127.99 meV / A
2026-09-29 01:55:59.230 DEBUG: Deleting old checkpoint file: ./checkpoints/mace_multitm_model_run-123_epoch-24.pt
2026-09-29 01:55:59.232 DEBUG: Saving checkpoint: ./checkpoints/mace_multitm_model_run-123_epoch-25.pt
2026-09-29 01:56:26.315 INFO: Epoch 26: head: Default, loss=0.04223999, RMSE_E_per_atom=    8.50 meV, RMSE_F=  126.71 meV / A
2026-09-29 01:56:26.316 DEBUG: Deleting old checkpoint file: ./checkpoints/mace_multitm_model_run-123_epoch-25.pt
2026-09-29 01:56:26.317 DEBUG: Saving checkpoint: ./checkpoints/mace_multitm_model_run-123_epoch-26.pt
2026-09-29 01:56:53.214 INFO: Epoch 27: head: Default, loss=0.04097664, RMSE_E_per_atom=    8.12 meV, RMSE_F=  124.76 meV / A
2026-09-29 01:56:53.215 DEBUG: Deleting old checkpoint file: ./checkpoints/mace_multitm_model_run-123_epoch-26.pt
2026-09-29 01:56:53.216 DEBUG: Saving checkpoint: ./checkpoints/mace_multitm_model_run-123_epoch-27.pt
2026-09-29 01:57:20.182 INFO: Epoch 28: head: Default, loss=0.03990788, RMSE_E_per_atom=    7.70 meV, RMSE_F=  123.10 meV / A
2026-09-29 01:57:20.183 DEBUG: Deleting old checkpoint file: ./checkpoints/mace_multitm_model_run-123_epoch-27.pt
2026-09-29 01:57:20.185 DEBUG: Saving checkpoint: ./checkpoints/mace_multitm_model_run-123_epoch-28.pt
2026-09-29 01:57:47.284 INFO: Epoch 29: head: Default, loss=0.03887068, RMSE_E_per_atom=    7.64 meV, RMSE_F=  121.47 meV / A
2026-09-29 01:57:47.286 DEBUG: Deleting old checkpoint file: ./checkpoints/mace_multitm_model_run-123_epoch-28.pt
2026-09-29 01:57:47.287 DEBUG: Saving checkpoint: ./checkpoints/mace_multitm_model_run-123_epoch-29.pt
2026-09-29 01:58:14.295 INFO: Epoch 30: head: Default, loss=0.03813665, RMSE_E_per_atom=    7.18 meV, RMSE_F=  120.31 meV / A
2026-09-29 01:58:14.297 DEBUG: Deleting old checkpoint file: ./checkpoints/mace_multitm_model_run-123_epoch-29.pt
2026-09-29 01:58:14.298 DEBUG: Saving checkpoint: ./checkpoints/mace_multitm_model_run-123_epoch-30.pt
2026-09-29 01:58:41.534 INFO: Epoch 31: head: Default, loss=0.03725339, RMSE_E_per_atom=    6.99 meV, RMSE_F=  118.90 meV / A
2026-09-29 01:58:41.535 DEBUG: Deleting old checkpoint file: ./checkpoints/mace_multitm_model_run-123_epoch-30.pt
2026-09-29 01:58:41.536 DEBUG: Saving checkpoint: ./checkpoints/mace_multitm_model_run-123_epoch-31.pt
2026-09-29 01:59:08.372 INFO: Epoch 32: head: Default, loss=0.03666794, RMSE_E_per_atom=    7.33 meV, RMSE_F=  117.95 meV / A
2026-09-29 01:59:08.374 DEBUG: Deleting old checkpoint file: ./checkpoints/mace_multitm_model_run-123_epoch-31.pt
2026-09-29 01:59:08.375 DEBUG: Saving checkpoint: ./checkpoints/mace_multitm_model_run-123_epoch-32.pt
2026-09-29 01:59:35.369 INFO: Epoch 33: head: Default, loss=0.03641783, RMSE_E_per_atom=    7.62 meV, RMSE_F=  117.60 meV / A
2026-09-29 01:59:35.371 DEBUG: Deleting old checkpoint file: ./checkpoints/mace_multitm_model_run-123_epoch-32.pt
2026-09-29 01:59:35.372 DEBUG: Saving checkpoint: ./checkpoints/mace_multitm_model_run-123_epoch-33.pt
2026-09-29 02:00:02.481 INFO: Epoch 34: head: Default, loss=0.03591990, RMSE_E_per_atom=    7.78 meV, RMSE_F=  116.78 meV / A
2026-09-29 02:00:02.483 DEBUG: Deleting old checkpoint file: ./checkpoints/mace_multitm_model_run-123_epoch-33.pt
2026-09-29 02:00:02.483 DEBUG: Saving checkpoint: ./checkpoints/mace_multitm_model_run-123_epoch-34.pt
2026-09-29 02:00:29.413 INFO: Epoch 35: head: Default, loss=0.03534044, RMSE_E_per_atom=    8.34 meV, RMSE_F=  115.80 meV / A
2026-09-29 02:00:29.415 DEBUG: Deleting old checkpoint file: ./checkpoints/mace_multitm_model_run-123_epoch-34.pt
2026-09-29 02:00:29.416 DEBUG: Saving checkpoint: ./checkpoints/mace_multitm_model_run-123_epoch-35.pt
2026-09-29 02:00:56.525 INFO: Epoch 36: head: Default, loss=0.03485081, RMSE_E_per_atom=    8.69 meV, RMSE_F=  115.01 meV / A
2026-09-29 02:00:56.527 DEBUG: Deleting old checkpoint file: ./checkpoints/mace_multitm_model_run-123_epoch-35.pt
2026-09-29 02:00:56.528 DEBUG: Saving checkpoint: ./checkpoints/mace_multitm_model_run-123_epoch-36.pt
2026-09-29 02:01:23.503 INFO: Epoch 37: head: Default, loss=0.03423860, RMSE_E_per_atom=    8.35 meV, RMSE_F=  114.01 meV / A
2026-09-29 02:01:23.505 DEBUG: Deleting old checkpoint file: ./checkpoints/mace_multitm_model_run-123_epoch-36.pt
2026-09-29 02:01:23.506 DEBUG: Saving checkpoint: ./checkpoints/mace_multitm_model_run-123_epoch-37.pt
2026-09-29 02:01:50.427 INFO: Epoch 38: head: Default, loss=0.03442279, RMSE_E_per_atom=    8.66 meV, RMSE_F=  114.38 meV / A
2026-09-29 02:02:17.365 INFO: Epoch 39: head: Default, loss=0.03484252, RMSE_E_per_atom=    8.72 meV, RMSE_F=  115.16 meV / A
2026-09-29 02:02:44.639 INFO: Epoch 40: head: Default, loss=0.03401916, RMSE_E_per_atom=    8.71 meV, RMSE_F=  113.76 meV / A
2026-09-29 02:02:44.641 DEBUG: Deleting old checkpoint file: ./checkpoints/mace_multitm_model_run-123_epoch-37.pt
2026-09-29 02:02:44.642 DEBUG: Saving checkpoint: ./checkpoints/mace_multitm_model_run-123_epoch-40.pt
2026-09-29 02:03:11.718 INFO: Epoch 41: head: Default, loss=0.03352252, RMSE_E_per_atom=    8.68 meV, RMSE_F=  112.92 meV / A
2026-09-29 02:03:11.719 DEBUG: Deleting old checkpoint file: ./checkpoints/mace_multitm_model_run-123_epoch-40.pt
2026-09-29 02:03:11.720 DEBUG: Saving checkpoint: ./checkpoints/mace_multitm_model_run-123_epoch-41.pt
2026-09-29 02:03:38.734 INFO: Epoch 42: head: Default, loss=0.03290800, RMSE_E_per_atom=    8.85 meV, RMSE_F=  111.88 meV / A
2026-09-29 02:03:38.736 DEBUG: Deleting old checkpoint file: ./checkpoints/mace_multitm_model_run-123_epoch-41.pt
2026-09-29 02:03:38.737 DEBUG: Saving checkpoint: ./checkpoints/mace_multitm_model_run-123_epoch-42.pt
2026-09-29 02:04:05.741 INFO: Epoch 43: head: Default, loss=0.03233339, RMSE_E_per_atom=    8.99 meV, RMSE_F=  110.88 meV / A
2026-09-29 02:04:05.743 DEBUG: Deleting old checkpoint file: ./checkpoints/mace_multitm_model_run-123_epoch-42.pt
2026-09-29 02:04:05.744 DEBUG: Saving checkpoint: ./checkpoints/mace_multitm_model_run-123_epoch-43.pt
2026-09-29 02:04:32.571 INFO: Epoch 44: head: Default, loss=0.03152148, RMSE_E_per_atom=    8.98 meV, RMSE_F=  109.46 meV / A
2026-09-29 02:04:32.572 DEBUG: Deleting old checkpoint file: ./checkpoints/mace_multitm_model_run-123_epoch-43.pt
2026-09-29 02:04:32.573 DEBUG: Saving checkpoint: ./checkpoints/mace_multitm_model_run-123_epoch-44.pt
2026-09-29 02:05:00.013 INFO: Epoch 45: head: Default, loss=0.03079950, RMSE_E_per_atom=    9.35 meV, RMSE_F=  108.15 meV / A
2026-09-29 02:05:00.015 DEBUG: Deleting old checkpoint file: ./checkpoints/mace_multitm_model_run-123_epoch-44.pt
2026-09-29 02:05:00.016 DEBUG: Saving checkpoint: ./checkpoints/mace_multitm_model_run-123_epoch-45.pt
2026-09-29 02:05:27.089 INFO: Epoch 46: head: Default, loss=0.03032405, RMSE_E_per_atom=    9.68 meV, RMSE_F=  107.34 meV / A
2026-09-29 02:05:27.091 DEBUG: Deleting old checkpoint file: ./checkpoints/mace_multitm_model_run-123_epoch-45.pt
2026-09-29 02:05:27.092 DEBUG: Saving checkpoint: ./checkpoints/mace_multitm_model_run-123_epoch-46.pt
2026-09-29 02:05:54.355 INFO: Epoch 47: head: Default, loss=0.02989721, RMSE_E_per_atom=    9.47 meV, RMSE_F=  106.57 meV / A
2026-09-29 02:05:54.356 DEBUG: Deleting old checkpoint file: ./checkpoints/mace_multitm_model_run-123_epoch-46.pt
2026-09-29 02:05:54.357 DEBUG: Saving checkpoint: ./checkpoints/mace_multitm_model_run-123_epoch-47.pt
2026-09-29 02:06:21.374 INFO: Epoch 48: head: Default, loss=0.02953076, RMSE_E_per_atom=    9.15 meV, RMSE_F=  105.92 meV / A
2026-09-29 02:06:21.376 DEBUG: Deleting old checkpoint file: ./checkpoints/mace_multitm_model_run-123_epoch-47.pt
2026-09-29 02:06:21.377 DEBUG: Saving checkpoint: ./checkpoints/mace_multitm_model_run-123_epoch-48.pt
2026-09-29 02:06:48.469 INFO: Epoch 49: head: Default, loss=0.02923020, RMSE_E_per_atom=    9.35 meV, RMSE_F=  105.35 meV / A
2026-09-29 02:06:48.471 DEBUG: Deleting old checkpoint file: ./checkpoints/mace_multitm_model_run-123_epoch-48.pt
2026-09-29 02:06:48.472 DEBUG: Saving checkpoint: ./checkpoints/mace_multitm_model_run-123_epoch-49.pt
2026-09-29 02:07:15.361 INFO: Epoch 50: head: Default, loss=0.02882470, RMSE_E_per_atom=    9.37 meV, RMSE_F=  104.62 meV / A
2026-09-29 02:07:15.362 DEBUG: Deleting old checkpoint file: ./checkpoints/mace_multitm_model_run-123_epoch-49.pt
2026-09-29 02:07:15.363 DEBUG: Saving checkpoint: ./checkpoints/mace_multitm_model_run-123_epoch-50.pt
2026-09-29 02:07:42.501 INFO: Epoch 51: head: Default, loss=0.02828992, RMSE_E_per_atom=    9.47 meV, RMSE_F=  103.62 meV / A
2026-09-29 02:07:42.503 DEBUG: Deleting old checkpoint file: ./checkpoints/mace_multitm_model_run-123_epoch-50.pt
2026-09-29 02:07:42.504 DEBUG: Saving checkpoint: ./checkpoints/mace_multitm_model_run-123_epoch-51.pt
2026-09-29 02:08:09.474 INFO: Epoch 52: head: Default, loss=0.02787142, RMSE_E_per_atom=    9.38 meV, RMSE_F=  102.89 meV / A
2026-09-29 02:08:09.476 DEBUG: Deleting old checkpoint file: ./checkpoints/mace_multitm_model_run-123_epoch-51.pt
2026-09-29 02:08:09.477 DEBUG: Saving checkpoint: ./checkpoints/mace_multitm_model_run-123_epoch-52.pt
2026-09-29 02:08:36.680 INFO: Epoch 53: head: Default, loss=0.02744300, RMSE_E_per_atom=    9.47 meV, RMSE_F=  102.12 meV / A
2026-09-29 02:08:36.682 DEBUG: Deleting old checkpoint file: ./checkpoints/mace_multitm_model_run-123_epoch-52.pt
2026-09-29 02:08:36.683 DEBUG: Saving checkpoint: ./checkpoints/mace_multitm_model_run-123_epoch-53.pt
2026-09-29 02:09:04.160 INFO: Epoch 54: head: Default, loss=0.02709243, RMSE_E_per_atom=    9.44 meV, RMSE_F=  101.46 meV / A
2026-09-29 02:09:04.161 DEBUG: Deleting old checkpoint file: ./checkpoints/mace_multitm_model_run-123_epoch-53.pt
2026-09-29 02:09:04.162 DEBUG: Saving checkpoint: ./checkpoints/mace_multitm_model_run-123_epoch-54.pt
2026-09-29 02:09:30.998 INFO: Epoch 55: head: Default, loss=0.02676718, RMSE_E_per_atom=    9.27 meV, RMSE_F=  100.87 meV / A
2026-09-29 02:09:31.000 DEBUG: Deleting old checkpoint file: ./checkpoints/mace_multitm_model_run-123_epoch-54.pt
2026-09-29 02:09:31.001 DEBUG: Saving checkpoint: ./checkpoints/mace_multitm_model_run-123_epoch-55.pt
2026-09-29 02:09:58.043 INFO: Epoch 56: head: Default, loss=0.02661156, RMSE_E_per_atom=    9.25 meV, RMSE_F=  100.58 meV / A
2026-09-29 02:09:58.044 DEBUG: Deleting old checkpoint file: ./checkpoints/mace_multitm_model_run-123_epoch-55.pt
2026-09-29 02:09:58.046 DEBUG: Saving checkpoint: ./checkpoints/mace_multitm_model_run-123_epoch-56.pt
2026-09-29 02:10:25.061 INFO: Epoch 57: head: Default, loss=0.02630722, RMSE_E_per_atom=    9.20 meV, RMSE_F=  100.00 meV / A
2026-09-29 02:10:25.063 DEBUG: Deleting old checkpoint file: ./checkpoints/mace_multitm_model_run-123_epoch-56.pt
2026-09-29 02:10:25.064 DEBUG: Saving checkpoint: ./checkpoints/mace_multitm_model_run-123_epoch-57.pt
2026-09-29 02:10:52.070 INFO: Epoch 58: head: Default, loss=0.02594364, RMSE_E_per_atom=    9.08 meV, RMSE_F=   99.23 meV / A
2026-09-29 02:10:52.072 DEBUG: Deleting old checkpoint file: ./checkpoints/mace_multitm_model_run-123_epoch-57.pt
2026-09-29 02:10:52.073 DEBUG: Saving checkpoint: ./checkpoints/mace_multitm_model_run-123_epoch-58.pt
2026-09-29 02:11:19.331 INFO: Epoch 59: head: Default, loss=0.02542888, RMSE_E_per_atom=    9.28 meV, RMSE_F=   98.26 meV / A
2026-09-29 02:11:19.333 DEBUG: Deleting old checkpoint file: ./checkpoints/mace_multitm_model_run-123_epoch-58.pt
2026-09-29 02:11:19.334 DEBUG: Saving checkpoint: ./checkpoints/mace_multitm_model_run-123_epoch-59.pt
2026-09-29 02:11:19.349 INFO: Training complete
2026-09-29 02:11:19.349 INFO: 
2026-09-29 02:11:19.350 INFO: ===========RESULTS===========
2026-09-29 02:11:19.350 INFO: Loading checkpoint: ./checkpoints/mace_multitm_model_run-123_epoch-59.pt
2026-09-29 02:11:19.368 INFO: Loaded Stage one model from epoch 59 for evaluation
2026-09-29 02:11:19.368 INFO: Saving model to checkpoints/mace_multitm_model_run-123.model
2026-09-29 02:11:19.514 INFO: Compiling model, saving metadata to mace_multitm_model_compiled.model
2026-09-29 02:11:20.097 INFO: Computing metrics for training, validation, and test sets
2026-09-29 02:11:20.097 INFO: Skipping evaluation for heads: ['pt_head']
2026-09-29 02:11:20.098 INFO: Evaluating train_Default ...
2026-09-29 02:11:27.332 INFO: Evaluating valid_Default ...
2026-09-29 02:11:28.673 INFO: Error-table on TRAIN and VALID:
+---------------+---------------------+------------------+-------------------+
|  config_type  | RMSE E / meV / atom | RMSE F / meV / A | relative F RMSE % |
+---------------+---------------------+------------------+-------------------+
| train_Default |           18.2      |         61.1     |          2.35     |
| valid_Default |            9.3      |         98.3     |          3.98     |
+---------------+---------------------+------------------+-------------------+
2026-09-29 02:11:28.673 DEBUG: Running inference on train_Default dataset
2026-09-29 02:11:35.855 DEBUG: Running inference on valid_Default dataset
2026-09-29 02:11:37.315 DEBUG: STREAM b'IHDR' 16 13
2026-09-29 02:11:37.315 DEBUG: STREAM b'sBIT' 41 4
2026-09-29 02:11:37.315 DEBUG: b'sBIT' 41 4 (unknown)
2026-09-29 02:11:37.315 DEBUG: STREAM b'pHYs' 57 9
2026-09-29 02:11:37.315 DEBUG: STREAM b'IDAT' 78 1189
2026-09-29 02:11:37.317 DEBUG: STREAM b'IHDR' 16 13
2026-09-29 02:11:37.317 DEBUG: STREAM b'sBIT' 41 4
2026-09-29 02:11:37.317 DEBUG: b'sBIT' 41 4 (unknown)
2026-09-29 02:11:37.317 DEBUG: STREAM b'pHYs' 57 9
2026-09-29 02:11:37.317 DEBUG: STREAM b'IDAT' 78 2994
2026-09-29 02:11:37.329 DEBUG: STREAM b'IHDR' 16 13
2026-09-29 02:11:37.329 DEBUG: STREAM b'sBIT' 41 4
2026-09-29 02:11:37.329 DEBUG: b'sBIT' 41 4 (unknown)
2026-09-29 02:11:37.329 DEBUG: STREAM b'pHYs' 57 9
2026-09-29 02:11:37.329 DEBUG: STREAM b'IDAT' 78 374
2026-09-29 02:11:37.330 DEBUG: STREAM b'IHDR' 16 13
2026-09-29 02:11:37.330 DEBUG: STREAM b'sBIT' 41 4
2026-09-29 02:11:37.330 DEBUG: b'sBIT' 41 4 (unknown)
2026-09-29 02:11:37.330 DEBUG: STREAM b'pHYs' 57 9
2026-09-29 02:11:37.330 DEBUG: STREAM b'IDAT' 78 286
2026-09-29 02:11:37.332 DEBUG: STREAM b'IHDR' 16 13
2026-09-29 02:11:37.332 DEBUG: STREAM b'sBIT' 41 4
2026-09-29 02:11:37.332 DEBUG: b'sBIT' 41 4 (unknown)
2026-09-29 02:11:37.332 DEBUG: STREAM b'pHYs' 57 9
2026-09-29 02:11:37.332 DEBUG: STREAM b'IDAT' 78 263
2026-09-29 02:11:37.333 DEBUG: STREAM b'IHDR' 16 13
2026-09-29 02:11:37.333 DEBUG: STREAM b'sBIT' 41 4
2026-09-29 02:11:37.333 DEBUG: b'sBIT' 41 4 (unknown)
2026-09-29 02:11:37.333 DEBUG: STREAM b'pHYs' 57 9
2026-09-29 02:11:37.333 DEBUG: STREAM b'IDAT' 78 387
2026-09-29 02:11:37.334 DEBUG: STREAM b'IHDR' 16 13
2026-09-29 02:11:37.334 DEBUG: STREAM b'sBIT' 41 4
2026-09-29 02:11:37.334 DEBUG: b'sBIT' 41 4 (unknown)
2026-09-29 02:11:37.334 DEBUG: STREAM b'pHYs' 57 9
2026-09-29 02:11:37.334 DEBUG: STREAM b'IDAT' 78 436
2026-09-29 02:11:37.334 DEBUG: STREAM b'IHDR' 16 13
2026-09-29 02:11:37.334 DEBUG: STREAM b'sBIT' 41 4
2026-09-29 02:11:37.334 DEBUG: b'sBIT' 41 4 (unknown)
2026-09-29 02:11:37.334 DEBUG: STREAM b'pHYs' 57 9
2026-09-29 02:11:37.335 DEBUG: STREAM b'IDAT' 78 351
2026-09-29 02:11:37.335 DEBUG: STREAM b'IHDR' 16 13
2026-09-29 02:11:37.335 DEBUG: STREAM b'sBIT' 41 4
2026-09-29 02:11:37.335 DEBUG: b'sBIT' 41 4 (unknown)
2026-09-29 02:11:37.335 DEBUG: STREAM b'pHYs' 57 9
2026-09-29 02:11:37.335 DEBUG: STREAM b'IDAT' 78 364
2026-09-29 02:11:38.513 INFO: Done
2026-09-29 22:36:13.519 INFO: ===========VERIFYING SETTINGS===========
2026-09-29 22:36:13.519 INFO: MACE version: 0.3.16
2026-09-29 22:36:13.520 DEBUG: Configuration: Namespace(config=None, name='mace_multitm_model', seed=123, work_dir='.', log_dir='./logs', model_dir='.', checkpoints_dir='./checkpoints', results_dir='./results', downloads_dir='./downloads', device='cpu', default_dtype='float32', distributed=False, launcher='slurm', log_level='INFO', plot=True, plot_frequency=0, plot_interaction_e=False, error_table='PerAtomRMSE', model='ScaleShiftMACE', r_max=5.0, radial_type='bessel', num_radial_basis=8, num_cutoff_basis=5, pair_repulsion=False, distance_transform='None', apply_cutoff=True, use_last_readout_only=False, use_embedding_readout=False, interaction='RealAgnosticResidualInteractionBlock', interaction_first='RealAgnosticResidualInteractionBlock', max_ell=3, correlation=3, use_reduced_cg=False, use_so3=False, use_agnostic_product=False, num_interactions=2, MLP_irreps='16x0e', radial_MLP='[64, 64, 64]', hidden_irreps='64x0e + 64x1o', edge_irreps=None, use_edge_irreps_first=False, num_channels=64, max_L=1, gate='silu', kspace_cutoff_factor=1.5, atomic_multipoles_max_l=0, atomic_multipoles_smearing_width=1.0, field_feature_max_l=0, field_feature_widths='[1.0]', field_feature_norms=None, num_recursion_steps=1, field_si=False, include_electrostatic_self_interaction=False, add_local_electron_energy=False, quadrupole_feature_corrections=False, return_electrostatic_potentials=False, field_norm_factor=0.02, fixedpoint_update_config=None, field_readout_config=None, scaling='rms_forces_scaling', avg_num_neighbors=1, compute_avg_num_neighbors=True, compute_stress=False, compute_forces=True, compute_polarizability=False, compute_atomic_dipole=False, train_file='mace_train.xyz', valid_file='mace_val.xyz', valid_fraction=0.1, test_file=None, test_dir=None, multi_processed_test=False, num_workers=0, pin_memory=True, atomic_numbers='[1, 6, 7, 27, 28, 46]', mean=None, std=None, statistics_file=None, les_arguments=None, E0s='average', pseudolabel_replay=False, pseudolabel_replay_compute_stress=False, foundation_filter_elements=True, heads=None, multiheads_finetuning=True, foundation_head=None, weight_pt_head=1.0, real_pt_data_ratio_threshold=0.1, num_samples_pt=10000, force_mh_ft_lr=False, subselect_pt='random', filter_type_pt='none', allow_random_padding_pt=True, pt_train_file=None, pt_valid_file=None, foundation_model_elements=False, keep_isolated_atoms=False, lora=False, lora_rank=4, lora_alpha=1.0, energy_key='energy', forces_key='forces', virials_key='REF_virials', stress_key='REF_stress', dipole_key='dipole', polarizability_key='polarizability', head_key='head', charges_key='REF_charges', elec_temp_key='elec_temp', total_spin_key='total_spin', total_charge_key='total_charge', embedding_specs=None, skip_evaluate_heads='pt_head', loss='weighted', forces_weight=10.0, swa_forces_weight=100.0, energy_weight=1.0, swa_energy_weight=1000.0, virials_weight=1.0, swa_virials_weight=10.0, stress_weight=1.0, swa_stress_weight=10.0, dipole_weight=1.0, swa_dipole_weight=1.0, swa_polarizability_weight=1.0, polarizability_weight=1.0, config_type_weights='{"Default":1.0}', huber_delta=0.01, optimizer='adam', beta=0.9, beta1_schedulefree=0.9, beta2_schedulefree=0.98, batch_size=4, valid_batch_size=4, lr=0.01, swa_lr=0.001, weight_decay=5e-07, lr_params_factors='{"embedding_lr_factor": 1.0, "interactions_lr_factor": 1.0, "products_lr_factor": 1.0, "readouts_lr_factor": 1.0}', freeze=None, amsgrad=True, scheduler='ReduceLROnPlateau', lr_factor=0.8, scheduler_patience=50, lr_scheduler_gamma=0.9993, swa=False, start_swa=None, lbfgs=False, ema=True, ema_decay=0.99, max_num_epochs=60, patience=2048, foundation_model=None, foundation_model_kwargs='{}', foundation_model_readout=True, eval_interval=1, keep_checkpoints=False, save_all_checkpoints=False, restart_latest=False, save_cpu=False, clip_grad=10.0, dry_run=False, enable_cueq=False, only_cueq=False, enable_oeq=False, wandb=False, wandb_dir=None, wandb_project='', wandb_entity='', wandb_name='', wandb_log_hypers=['num_channels', 'max_L', 'correlation', 'lr', 'swa_lr', 'weight_decay', 'batch_size', 'max_num_epochs', 'start_swa', 'energy_weight', 'forces_weight'], key_specification=KeySpecification(info_keys={'energy': 'energy', 'stress': 'REF_stress', 'virials': 'REF_virials', 'dipole': 'dipole', 'head': 'head', 'elec_temp': 'elec_temp', 'total_charge': 'total_charge', 'polarizability': 'polarizability', 'total_spin': 'total_spin'}, arrays_keys={'forces': 'forces', 'charges': 'REF_charges'}))
2026-09-29 22:36:13.520 INFO: Using CPU
2026-09-29 22:36:13.556 DEBUG: Popen(['git', 'version'], cwd=/home/ziat1/Documents/Training/Autonomous_MultiTM_SAC_Pipeline, stdin=None, shell=False, universal_newlines=False)
2026-09-29 22:36:13.560 DEBUG: Popen(['git', 'version'], cwd=/home/ziat1/Documents/Training/Autonomous_MultiTM_SAC_Pipeline, stdin=None, shell=False, universal_newlines=False)
2026-09-29 22:36:13.564 DEBUG: sys.platform='linux', git_executable='git'
2026-09-29 22:36:13.565 DEBUG: Error accessing Git repository: /home/ziat1/Documents/Training/Autonomous_MultiTM_SAC_Pipeline
2026-09-29 22:36:13.565 INFO: ===========LOADING INPUT DATA===========
2026-09-29 22:36:13.566 INFO: Using heads: ['Default']
2026-09-29 22:36:13.566 INFO: Using the key specifications to parse data:
2026-09-29 22:36:13.566 INFO: Default: KeySpecification(info_keys={'energy': 'energy', 'stress': 'REF_stress', 'virials': 'REF_virials', 'dipole': 'dipole', 'head': 'head', 'elec_temp': 'elec_temp', 'total_charge': 'total_charge', 'polarizability': 'polarizability', 'total_spin': 'total_spin'}, arrays_keys={'forces': 'forces', 'charges': 'REF_charges'})
2026-09-29 22:36:13.566 INFO: =============    Processing head Default     ===========
2026-09-29 22:36:13.566 DEBUG: Loading training file: mace_train.xyz
2026-09-29 22:36:13.612 WARNING: Since ASE version 3.23.0b1, using energy_key 'energy' is no longer safe when communicating between MACE and ASE. We recommend using a different key, rewriting 'energy' to 'REF_energy'. You need to use --energy_key='REF_energy' to specify the chosen key name.
2026-09-29 22:36:13.619 WARNING: Since ASE version 3.23.0b1, using forces_key 'forces' is no longer safe when communicating between MACE and ASE. We recommend using a different key, rewriting 'forces' to 'REF_forces'. You need to use --forces_key='REF_forces' to specify the chosen key name.
2026-09-29 22:36:13.629 INFO: Training set 1/1 [energy: 115, stress: 0, virials: 0, dipole components: 0, head: 115, elec_temp: 0, total_charge: 0, polarizability: 0, total_spin: 0, forces: 115, charges: 0]
2026-09-29 22:36:13.629 INFO: Total Training set [energy: 115, stress: 0, virials: 0, dipole components: 0, head: 115, elec_temp: 0, total_charge: 0, polarizability: 0, total_spin: 0, forces: 115, charges: 0]
2026-09-29 22:36:13.645 WARNING: Since ASE version 3.23.0b1, using energy_key 'energy' is no longer safe when communicating between MACE and ASE. We recommend using a different key, rewriting 'energy' to 'REF_energy'. You need to use --energy_key='REF_energy' to specify the chosen key name.
2026-09-29 22:36:13.646 WARNING: Since ASE version 3.23.0b1, using forces_key 'forces' is no longer safe when communicating between MACE and ASE. We recommend using a different key, rewriting 'forces' to 'REF_forces'. You need to use --forces_key='REF_forces' to specify the chosen key name.
2026-09-29 22:36:13.648 INFO: Validation set 1/1 [energy: 21, stress: 0, virials: 0, dipole components: 0, head: 21, elec_temp: 0, total_charge: 0, polarizability: 0, total_spin: 0, forces: 21, charges: 0]
2026-09-29 22:36:13.648 INFO: Total Validation set [energy: 21, stress: 0, virials: 0, dipole components: 0, head: 21, elec_temp: 0, total_charge: 0, polarizability: 0, total_spin: 0, forces: 21, charges: 0]
2026-09-29 22:36:13.648 INFO: Total number of configurations: train=115, valid=21, tests=[],
2026-09-29 22:36:13.649 INFO: Using atomic numbers from command line argument
2026-09-29 22:36:13.649 INFO: Atomic Numbers used: [1, 6, 7, 27, 28, 46]
2026-09-29 22:36:13.649 INFO: Isolated Atomic Energies (E0s) not in training file, using command line argument
2026-09-29 22:36:13.649 INFO: Computing average Atomic Energies using least squares regression
2026-09-29 22:36:13.650 INFO: Atomic Energies used (z: eV) for head Default: {1: -6.737293484252294, 6: -8.851417572748227, 7: -9.52586522766895, 27: -1.1461370415738807, 28: 0.4721175021203873, 46: 0.29897295168987664}
2026-09-29 22:36:13.650 INFO: Processing datasets for head 'Default'
2026-09-29 22:36:13.729 DEBUG: Successfully loaded dataset from ASE files: ['mace_train.xyz']
2026-09-29 22:36:13.729 INFO: Combining 1 list datasets for head 'Default'
2026-09-29 22:36:13.741 DEBUG: Successfully loaded validation dataset from ASE files: ['mace_val.xyz']
2026-09-29 22:36:13.741 INFO: Combining 1 list datasets for head 'Default_valid'
2026-09-29 22:36:13.742 INFO: Combined validation datasets for Default
2026-09-29 22:36:13.742 INFO: Head 'Default' training dataset size: 115
2026-09-29 22:36:13.742 INFO: Computing average number of neighbors
2026-09-29 22:36:13.786 INFO: Average number of neighbors: 29.60096549987793
2026-09-29 22:36:13.786 INFO: During training the following quantities will be reported: energy, forces
2026-09-29 22:36:13.786 INFO: ===========MODEL DETAILS===========
2026-09-29 22:36:13.834 INFO: Building model
2026-09-29 22:36:13.834 INFO: Message passing with 64 channels and max_L=1 (64x0e + 64x1o)
2026-09-29 22:36:13.834 INFO: 2 layers, each with correlation order: 3 (body order: 4) and spherical harmonics up to: l=3
2026-09-29 22:36:13.834 INFO: 8 radial and 5 basis functions
2026-09-29 22:36:13.834 INFO: Radial cutoff: 5.0 A (total receptive field for each atom: 10.0 A)
2026-09-29 22:36:13.834 INFO: Distance transform for radial basis functions: None
2026-09-29 22:36:13.834 INFO: Hidden irreps: 64x0e + 64x1o
2026-09-29 22:36:14.835 INFO: ===========OPTIMIZER INFORMATION===========
2026-09-29 22:36:14.835 INFO: Using ADAM as parameter optimizer
2026-09-29 22:36:14.835 INFO: Batch size: 4
2026-09-29 22:36:14.835 INFO: Using Exponential Moving Average with decay: 0.99
2026-09-29 22:36:14.835 INFO: Number of gradient updates: 1725
2026-09-29 22:36:14.835 INFO: Learning rate: 0.01, weight decay: 5e-07
2026-09-29 22:36:14.835 INFO: WeightedEnergyForcesLoss(energy_weight=1.000, forces_weight=10.000)
2026-09-29 22:36:14.836 INFO: === Layer's learning rates ===
2026-09-29 22:36:14.836 INFO: Param group 0: lr = 0.01
2026-09-29 22:36:14.836 INFO: Param group 1: lr = 0.01
2026-09-29 22:36:14.836 INFO: Param group 2: lr = 0.01
2026-09-29 22:36:14.836 INFO: Param group 3: lr = 0.01
2026-09-29 22:36:14.836 INFO: Param group 4: lr = 0.01
2026-09-29 22:36:14.837 INFO: Using gradient clipping with tolerance=10.000
2026-09-29 22:36:14.837 INFO: 
2026-09-29 22:36:14.837 INFO: ===========TRAINING===========
2026-09-29 22:36:14.837 INFO: Started training, reporting errors on validation set
2026-09-29 22:36:14.837 INFO: Loss metrics on validation set
2026-09-29 22:36:16.972 INFO: Initial: head: Default, loss=12.93690300, RMSE_E_per_atom=  856.24 meV, RMSE_F= 2254.29 meV / A
2026-09-29 22:36:47.188 INFO: Epoch 0: head: Default, loss=1.32287526, RMSE_E_per_atom=  180.82 meV, RMSE_F=  692.86 meV / A
2026-09-29 22:36:47.189 DEBUG: Saving checkpoint: ./checkpoints/mace_multitm_model_run-123_epoch-0.pt
2026-09-29 22:37:14.229 INFO: Epoch 1: head: Default, loss=0.68267006, RMSE_E_per_atom=  105.93 meV, RMSE_F=  504.31 meV / A
2026-09-29 22:37:14.230 DEBUG: Deleting old checkpoint file: ./checkpoints/mace_multitm_model_run-123_epoch-0.pt
2026-09-29 22:37:14.231 DEBUG: Saving checkpoint: ./checkpoints/mace_multitm_model_run-123_epoch-1.pt
2026-09-29 22:37:42.325 INFO: Epoch 2: head: Default, loss=0.26117730, RMSE_E_per_atom=   85.08 meV, RMSE_F=  318.34 meV / A
2026-09-29 22:37:42.327 DEBUG: Deleting old checkpoint file: ./checkpoints/mace_multitm_model_run-123_epoch-1.pt
2026-09-29 22:37:42.328 DEBUG: Saving checkpoint: ./checkpoints/mace_multitm_model_run-123_epoch-2.pt
2026-09-29 22:38:10.543 INFO: Epoch 3: head: Default, loss=0.17894286, RMSE_E_per_atom=   74.55 meV, RMSE_F=  264.24 meV / A
2026-09-29 22:38:10.545 DEBUG: Deleting old checkpoint file: ./checkpoints/mace_multitm_model_run-123_epoch-2.pt
2026-09-29 22:38:10.546 DEBUG: Saving checkpoint: ./checkpoints/mace_multitm_model_run-123_epoch-3.pt
2026-09-29 22:38:38.816 INFO: Epoch 4: head: Default, loss=0.15196082, RMSE_E_per_atom=   69.55 meV, RMSE_F=  243.44 meV / A
2026-09-29 22:38:38.817 DEBUG: Deleting old checkpoint file: ./checkpoints/mace_multitm_model_run-123_epoch-3.pt
2026-09-29 22:38:38.818 DEBUG: Saving checkpoint: ./checkpoints/mace_multitm_model_run-123_epoch-4.pt
2026-09-29 22:39:06.917 INFO: Epoch 5: head: Default, loss=0.13154380, RMSE_E_per_atom=   63.24 meV, RMSE_F=  226.86 meV / A
2026-09-29 22:39:06.919 DEBUG: Deleting old checkpoint file: ./checkpoints/mace_multitm_model_run-123_epoch-4.pt
2026-09-29 22:39:06.920 DEBUG: Saving checkpoint: ./checkpoints/mace_multitm_model_run-123_epoch-5.pt
2026-09-29 22:39:35.018 INFO: Epoch 6: head: Default, loss=0.10986833, RMSE_E_per_atom=   63.51 meV, RMSE_F=  207.02 meV / A
2026-09-29 22:39:35.021 DEBUG: Deleting old checkpoint file: ./checkpoints/mace_multitm_model_run-123_epoch-5.pt
2026-09-29 22:39:35.022 DEBUG: Saving checkpoint: ./checkpoints/mace_multitm_model_run-123_epoch-6.pt
2026-09-29 22:40:03.377 INFO: Epoch 7: head: Default, loss=0.09418448, RMSE_E_per_atom=   52.43 meV, RMSE_F=  192.29 meV / A
2026-09-29 22:40:03.379 DEBUG: Deleting old checkpoint file: ./checkpoints/mace_multitm_model_run-123_epoch-6.pt
2026-09-29 22:40:03.380 DEBUG: Saving checkpoint: ./checkpoints/mace_multitm_model_run-123_epoch-7.pt
2026-09-29 22:40:31.390 INFO: Epoch 8: head: Default, loss=0.08229570, RMSE_E_per_atom=   48.85 meV, RMSE_F=  179.72 meV / A
2026-09-29 22:40:31.391 DEBUG: Deleting old checkpoint file: ./checkpoints/mace_multitm_model_run-123_epoch-7.pt
2026-09-29 22:40:31.392 DEBUG: Saving checkpoint: ./checkpoints/mace_multitm_model_run-123_epoch-8.pt
2026-09-29 22:40:59.755 INFO: Epoch 9: head: Default, loss=0.07440463, RMSE_E_per_atom=   44.95 meV, RMSE_F=  171.06 meV / A
2026-09-29 22:40:59.757 DEBUG: Deleting old checkpoint file: ./checkpoints/mace_multitm_model_run-123_epoch-8.pt
2026-09-29 22:40:59.758 DEBUG: Saving checkpoint: ./checkpoints/mace_multitm_model_run-123_epoch-9.pt
2026-09-29 22:41:27.940 INFO: Epoch 10: head: Default, loss=0.06818554, RMSE_E_per_atom=   39.91 meV, RMSE_F=  163.93 meV / A
2026-09-29 22:41:27.942 DEBUG: Deleting old checkpoint file: ./checkpoints/mace_multitm_model_run-123_epoch-9.pt
2026-09-29 22:41:27.943 DEBUG: Saving checkpoint: ./checkpoints/mace_multitm_model_run-123_epoch-10.pt
2026-09-29 22:41:56.262 INFO: Epoch 11: head: Default, loss=0.06336445, RMSE_E_per_atom=   38.22 meV, RMSE_F=  158.14 meV / A
2026-09-29 22:41:56.264 DEBUG: Deleting old checkpoint file: ./checkpoints/mace_multitm_model_run-123_epoch-10.pt
2026-09-29 22:41:56.265 DEBUG: Saving checkpoint: ./checkpoints/mace_multitm_model_run-123_epoch-11.pt
2026-09-29 22:42:24.103 INFO: Epoch 12: head: Default, loss=0.05969999, RMSE_E_per_atom=   34.99 meV, RMSE_F=  153.59 meV / A
2026-09-29 22:42:24.105 DEBUG: Deleting old checkpoint file: ./checkpoints/mace_multitm_model_run-123_epoch-11.pt
2026-09-29 22:42:24.106 DEBUG: Saving checkpoint: ./checkpoints/mace_multitm_model_run-123_epoch-12.pt
2026-09-29 22:42:52.230 INFO: Epoch 13: head: Default, loss=0.05615817, RMSE_E_per_atom=   30.68 meV, RMSE_F=  149.07 meV / A
2026-09-29 22:42:52.232 DEBUG: Deleting old checkpoint file: ./checkpoints/mace_multitm_model_run-123_epoch-12.pt
2026-09-29 22:42:52.233 DEBUG: Saving checkpoint: ./checkpoints/mace_multitm_model_run-123_epoch-13.pt
2026-09-29 22:43:20.265 INFO: Epoch 14: head: Default, loss=0.05334698, RMSE_E_per_atom=   26.96 meV, RMSE_F=  145.35 meV / A
2026-09-29 22:43:20.267 DEBUG: Deleting old checkpoint file: ./checkpoints/mace_multitm_model_run-123_epoch-13.pt
2026-09-29 22:43:20.268 DEBUG: Saving checkpoint: ./checkpoints/mace_multitm_model_run-123_epoch-14.pt
2026-09-29 22:43:48.543 INFO: Epoch 15: head: Default, loss=0.05063387, RMSE_E_per_atom=   26.46 meV, RMSE_F=  141.58 meV / A
2026-09-29 22:43:48.545 DEBUG: Deleting old checkpoint file: ./checkpoints/mace_multitm_model_run-123_epoch-14.pt
2026-09-29 22:43:48.546 DEBUG: Saving checkpoint: ./checkpoints/mace_multitm_model_run-123_epoch-15.pt
2026-09-29 22:44:16.656 INFO: Epoch 16: head: Default, loss=0.04830192, RMSE_E_per_atom=   23.82 meV, RMSE_F=  138.32 meV / A
2026-09-29 22:44:16.658 DEBUG: Deleting old checkpoint file: ./checkpoints/mace_multitm_model_run-123_epoch-15.pt
2026-09-29 22:44:16.659 DEBUG: Saving checkpoint: ./checkpoints/mace_multitm_model_run-123_epoch-16.pt
2026-09-29 22:44:44.828 INFO: Epoch 17: head: Default, loss=0.04607885, RMSE_E_per_atom=   21.90 meV, RMSE_F=  135.12 meV / A
2026-09-29 22:44:44.831 DEBUG: Deleting old checkpoint file: ./checkpoints/mace_multitm_model_run-123_epoch-16.pt
2026-09-29 22:44:44.831 DEBUG: Saving checkpoint: ./checkpoints/mace_multitm_model_run-123_epoch-17.pt
2026-09-29 22:45:12.867 INFO: Epoch 18: head: Default, loss=0.04391594, RMSE_E_per_atom=   21.11 meV, RMSE_F=  131.89 meV / A
2026-09-29 22:45:12.869 DEBUG: Deleting old checkpoint file: ./checkpoints/mace_multitm_model_run-123_epoch-17.pt
2026-09-29 22:45:12.870 DEBUG: Saving checkpoint: ./checkpoints/mace_multitm_model_run-123_epoch-18.pt
2026-09-29 22:45:40.704 INFO: Epoch 19: head: Default, loss=0.04231622, RMSE_E_per_atom=   19.59 meV, RMSE_F=  129.46 meV / A
2026-09-29 22:45:40.706 DEBUG: Deleting old checkpoint file: ./checkpoints/mace_multitm_model_run-123_epoch-18.pt
2026-09-29 22:45:40.707 DEBUG: Saving checkpoint: ./checkpoints/mace_multitm_model_run-123_epoch-19.pt
2026-09-29 22:46:08.817 INFO: Epoch 20: head: Default, loss=0.04092829, RMSE_E_per_atom=   19.34 meV, RMSE_F=  127.30 meV / A
2026-09-29 22:46:08.819 DEBUG: Deleting old checkpoint file: ./checkpoints/mace_multitm_model_run-123_epoch-19.pt
2026-09-29 22:46:08.820 DEBUG: Saving checkpoint: ./checkpoints/mace_multitm_model_run-123_epoch-20.pt
2026-09-29 22:46:36.833 INFO: Epoch 21: head: Default, loss=0.03996819, RMSE_E_per_atom=   17.97 meV, RMSE_F=  125.83 meV / A
2026-09-29 22:46:36.835 DEBUG: Deleting old checkpoint file: ./checkpoints/mace_multitm_model_run-123_epoch-20.pt
2026-09-29 22:46:36.836 DEBUG: Saving checkpoint: ./checkpoints/mace_multitm_model_run-123_epoch-21.pt
2026-09-29 22:47:05.960 INFO: Epoch 22: head: Default, loss=0.03862610, RMSE_E_per_atom=   18.20 meV, RMSE_F=  123.67 meV / A
2026-09-29 22:47:05.962 DEBUG: Deleting old checkpoint file: ./checkpoints/mace_multitm_model_run-123_epoch-21.pt
2026-09-29 22:47:05.963 DEBUG: Saving checkpoint: ./checkpoints/mace_multitm_model_run-123_epoch-22.pt
2026-09-29 22:47:34.150 INFO: Epoch 23: head: Default, loss=0.03725495, RMSE_E_per_atom=   17.58 meV, RMSE_F=  121.44 meV / A
2026-09-29 22:47:34.152 DEBUG: Deleting old checkpoint file: ./checkpoints/mace_multitm_model_run-123_epoch-22.pt
2026-09-29 22:47:34.153 DEBUG: Saving checkpoint: ./checkpoints/mace_multitm_model_run-123_epoch-23.pt
2026-09-29 22:48:02.559 INFO: Epoch 24: head: Default, loss=0.03586542, RMSE_E_per_atom=   16.70 meV, RMSE_F=  119.14 meV / A
2026-09-29 22:48:02.560 DEBUG: Deleting old checkpoint file: ./checkpoints/mace_multitm_model_run-123_epoch-23.pt
2026-09-29 22:48:02.561 DEBUG: Saving checkpoint: ./checkpoints/mace_multitm_model_run-123_epoch-24.pt
2026-09-29 22:48:30.724 INFO: Epoch 25: head: Default, loss=0.03490933, RMSE_E_per_atom=   16.06 meV, RMSE_F=  117.52 meV / A
2026-09-29 22:48:30.726 DEBUG: Deleting old checkpoint file: ./checkpoints/mace_multitm_model_run-123_epoch-24.pt
2026-09-29 22:48:30.727 DEBUG: Saving checkpoint: ./checkpoints/mace_multitm_model_run-123_epoch-25.pt
2026-09-29 22:48:59.359 INFO: Epoch 26: head: Default, loss=0.03394378, RMSE_E_per_atom=   15.47 meV, RMSE_F=  115.90 meV / A
2026-09-29 22:48:59.361 DEBUG: Deleting old checkpoint file: ./checkpoints/mace_multitm_model_run-123_epoch-25.pt
2026-09-29 22:48:59.362 DEBUG: Saving checkpoint: ./checkpoints/mace_multitm_model_run-123_epoch-26.pt
2026-09-29 22:49:27.416 INFO: Epoch 27: head: Default, loss=0.03279173, RMSE_E_per_atom=   15.31 meV, RMSE_F=  113.91 meV / A
2026-09-29 22:49:27.418 DEBUG: Deleting old checkpoint file: ./checkpoints/mace_multitm_model_run-123_epoch-26.pt
2026-09-29 22:49:27.419 DEBUG: Saving checkpoint: ./checkpoints/mace_multitm_model_run-123_epoch-27.pt
2026-09-29 22:49:55.817 INFO: Epoch 28: head: Default, loss=0.03160312, RMSE_E_per_atom=   14.82 meV, RMSE_F=  111.83 meV / A
2026-09-29 22:49:55.819 DEBUG: Deleting old checkpoint file: ./checkpoints/mace_multitm_model_run-123_epoch-27.pt
2026-09-29 22:49:55.820 DEBUG: Saving checkpoint: ./checkpoints/mace_multitm_model_run-123_epoch-28.pt
2026-09-29 22:50:23.704 INFO: Epoch 29: head: Default, loss=0.03070600, RMSE_E_per_atom=   14.28 meV, RMSE_F=  110.22 meV / A
2026-09-29 22:50:23.706 DEBUG: Deleting old checkpoint file: ./checkpoints/mace_multitm_model_run-123_epoch-28.pt
2026-09-29 22:50:23.707 DEBUG: Saving checkpoint: ./checkpoints/mace_multitm_model_run-123_epoch-29.pt
2026-09-29 22:50:52.058 INFO: Epoch 30: head: Default, loss=0.02990932, RMSE_E_per_atom=   13.58 meV, RMSE_F=  108.78 meV / A
2026-09-29 22:50:52.059 DEBUG: Deleting old checkpoint file: ./checkpoints/mace_multitm_model_run-123_epoch-29.pt
2026-09-29 22:50:52.060 DEBUG: Saving checkpoint: ./checkpoints/mace_multitm_model_run-123_epoch-30.pt
2026-09-29 22:51:20.059 INFO: Epoch 31: head: Default, loss=0.02919169, RMSE_E_per_atom=   13.39 meV, RMSE_F=  107.47 meV / A
2026-09-29 22:51:20.061 DEBUG: Deleting old checkpoint file: ./checkpoints/mace_multitm_model_run-123_epoch-30.pt
2026-09-29 22:51:20.062 DEBUG: Saving checkpoint: ./checkpoints/mace_multitm_model_run-123_epoch-31.pt
2026-09-29 22:51:48.205 INFO: Epoch 32: head: Default, loss=0.02853929, RMSE_E_per_atom=   12.55 meV, RMSE_F=  106.27 meV / A
2026-09-29 22:51:48.207 DEBUG: Deleting old checkpoint file: ./checkpoints/mace_multitm_model_run-123_epoch-31.pt
2026-09-29 22:51:48.208 DEBUG: Saving checkpoint: ./checkpoints/mace_multitm_model_run-123_epoch-32.pt
2026-09-29 22:52:16.261 INFO: Epoch 33: head: Default, loss=0.02797981, RMSE_E_per_atom=   12.94 meV, RMSE_F=  105.22 meV / A
2026-09-29 22:52:16.263 DEBUG: Deleting old checkpoint file: ./checkpoints/mace_multitm_model_run-123_epoch-32.pt
2026-09-29 22:52:16.264 DEBUG: Saving checkpoint: ./checkpoints/mace_multitm_model_run-123_epoch-33.pt
2026-09-29 22:52:44.297 INFO: Epoch 34: head: Default, loss=0.02751246, RMSE_E_per_atom=   13.47 meV, RMSE_F=  104.35 meV / A
2026-09-29 22:52:44.298 DEBUG: Deleting old checkpoint file: ./checkpoints/mace_multitm_model_run-123_epoch-33.pt
2026-09-29 22:52:44.299 DEBUG: Saving checkpoint: ./checkpoints/mace_multitm_model_run-123_epoch-34.pt
2026-09-29 22:53:12.726 INFO: Epoch 35: head: Default, loss=0.02711197, RMSE_E_per_atom=   12.50 meV, RMSE_F=  103.56 meV / A
2026-09-29 22:53:12.728 DEBUG: Deleting old checkpoint file: ./checkpoints/mace_multitm_model_run-123_epoch-34.pt
2026-09-29 22:53:12.729 DEBUG: Saving checkpoint: ./checkpoints/mace_multitm_model_run-123_epoch-35.pt
2026-09-29 22:53:40.783 INFO: Epoch 36: head: Default, loss=0.02654328, RMSE_E_per_atom=   12.45 meV, RMSE_F=  102.50 meV / A
2026-09-29 22:53:40.785 DEBUG: Deleting old checkpoint file: ./checkpoints/mace_multitm_model_run-123_epoch-35.pt
2026-09-29 22:53:40.786 DEBUG: Saving checkpoint: ./checkpoints/mace_multitm_model_run-123_epoch-36.pt
2026-09-29 22:54:08.903 INFO: Epoch 37: head: Default, loss=0.02612749, RMSE_E_per_atom=   12.75 meV, RMSE_F=  101.71 meV / A
2026-09-29 22:54:08.905 DEBUG: Deleting old checkpoint file: ./checkpoints/mace_multitm_model_run-123_epoch-36.pt
2026-09-29 22:54:08.906 DEBUG: Saving checkpoint: ./checkpoints/mace_multitm_model_run-123_epoch-37.pt
2026-09-29 22:54:37.039 INFO: Epoch 38: head: Default, loss=0.02548930, RMSE_E_per_atom=   12.97 meV, RMSE_F=  100.47 meV / A
2026-09-29 22:54:37.041 DEBUG: Deleting old checkpoint file: ./checkpoints/mace_multitm_model_run-123_epoch-37.pt
2026-09-29 22:54:37.042 DEBUG: Saving checkpoint: ./checkpoints/mace_multitm_model_run-123_epoch-38.pt
2026-09-29 22:55:06.223 INFO: Epoch 39: head: Default, loss=0.02518155, RMSE_E_per_atom=   13.19 meV, RMSE_F=   99.85 meV / A
2026-09-29 22:55:06.224 DEBUG: Deleting old checkpoint file: ./checkpoints/mace_multitm_model_run-123_epoch-38.pt
2026-09-29 22:55:06.225 DEBUG: Saving checkpoint: ./checkpoints/mace_multitm_model_run-123_epoch-39.pt
2026-09-29 22:55:36.428 INFO: Epoch 40: head: Default, loss=0.02475152, RMSE_E_per_atom=   12.69 meV, RMSE_F=   99.01 meV / A
2026-09-29 22:55:36.429 DEBUG: Deleting old checkpoint file: ./checkpoints/mace_multitm_model_run-123_epoch-39.pt
2026-09-29 22:55:36.430 DEBUG: Saving checkpoint: ./checkpoints/mace_multitm_model_run-123_epoch-40.pt
2026-09-29 22:56:07.491 INFO: Epoch 41: head: Default, loss=0.02477786, RMSE_E_per_atom=   12.19 meV, RMSE_F=   99.09 meV / A
2026-09-29 22:56:37.812 INFO: Epoch 42: head: Default, loss=0.02435085, RMSE_E_per_atom=   11.94 meV, RMSE_F=   98.22 meV / A
2026-09-29 22:56:37.814 DEBUG: Deleting old checkpoint file: ./checkpoints/mace_multitm_model_run-123_epoch-40.pt
2026-09-29 22:56:37.815 DEBUG: Saving checkpoint: ./checkpoints/mace_multitm_model_run-123_epoch-42.pt
2026-09-29 23:04:09.481 INFO: ===========VERIFYING SETTINGS===========
2026-09-29 23:04:09.481 INFO: MACE version: 0.3.16
2026-09-29 23:04:09.481 DEBUG: Configuration: Namespace(config=None, name='mace_multitm_model', seed=123, work_dir='.', log_dir='./logs', model_dir='.', checkpoints_dir='./checkpoints', results_dir='./results', downloads_dir='./downloads', device='cpu', default_dtype='float32', distributed=False, launcher='slurm', log_level='INFO', plot=True, plot_frequency=0, plot_interaction_e=False, error_table='PerAtomRMSE', model='ScaleShiftMACE', r_max=5.0, radial_type='bessel', num_radial_basis=8, num_cutoff_basis=5, pair_repulsion=False, distance_transform='None', apply_cutoff=True, use_last_readout_only=False, use_embedding_readout=False, interaction='RealAgnosticResidualInteractionBlock', interaction_first='RealAgnosticResidualInteractionBlock', max_ell=3, correlation=3, use_reduced_cg=False, use_so3=False, use_agnostic_product=False, num_interactions=2, MLP_irreps='16x0e', radial_MLP='[64, 64, 64]', hidden_irreps='64x0e + 64x1o', edge_irreps=None, use_edge_irreps_first=False, num_channels=64, max_L=1, gate='silu', kspace_cutoff_factor=1.5, atomic_multipoles_max_l=0, atomic_multipoles_smearing_width=1.0, field_feature_max_l=0, field_feature_widths='[1.0]', field_feature_norms=None, num_recursion_steps=1, field_si=False, include_electrostatic_self_interaction=False, add_local_electron_energy=False, quadrupole_feature_corrections=False, return_electrostatic_potentials=False, field_norm_factor=0.02, fixedpoint_update_config=None, field_readout_config=None, scaling='rms_forces_scaling', avg_num_neighbors=1, compute_avg_num_neighbors=True, compute_stress=False, compute_forces=True, compute_polarizability=False, compute_atomic_dipole=False, train_file='mace_train.xyz', valid_file='mace_val.xyz', valid_fraction=0.1, test_file=None, test_dir=None, multi_processed_test=False, num_workers=0, pin_memory=True, atomic_numbers='[1, 6, 7, 27, 28, 46]', mean=None, std=None, statistics_file=None, les_arguments=None, E0s='average', pseudolabel_replay=False, pseudolabel_replay_compute_stress=False, foundation_filter_elements=True, heads=None, multiheads_finetuning=True, foundation_head=None, weight_pt_head=1.0, real_pt_data_ratio_threshold=0.1, num_samples_pt=10000, force_mh_ft_lr=False, subselect_pt='random', filter_type_pt='none', allow_random_padding_pt=True, pt_train_file=None, pt_valid_file=None, foundation_model_elements=False, keep_isolated_atoms=False, lora=False, lora_rank=4, lora_alpha=1.0, energy_key='energy', forces_key='forces', virials_key='REF_virials', stress_key='REF_stress', dipole_key='dipole', polarizability_key='polarizability', head_key='head', charges_key='REF_charges', elec_temp_key='elec_temp', total_spin_key='total_spin', total_charge_key='total_charge', embedding_specs=None, skip_evaluate_heads='pt_head', loss='weighted', forces_weight=10.0, swa_forces_weight=100.0, energy_weight=1.0, swa_energy_weight=1000.0, virials_weight=1.0, swa_virials_weight=10.0, stress_weight=1.0, swa_stress_weight=10.0, dipole_weight=1.0, swa_dipole_weight=1.0, swa_polarizability_weight=1.0, polarizability_weight=1.0, config_type_weights='{"Default":1.0}', huber_delta=0.01, optimizer='adam', beta=0.9, beta1_schedulefree=0.9, beta2_schedulefree=0.98, batch_size=4, valid_batch_size=4, lr=0.01, swa_lr=0.001, weight_decay=5e-07, lr_params_factors='{"embedding_lr_factor": 1.0, "interactions_lr_factor": 1.0, "products_lr_factor": 1.0, "readouts_lr_factor": 1.0}', freeze=None, amsgrad=True, scheduler='ReduceLROnPlateau', lr_factor=0.8, scheduler_patience=50, lr_scheduler_gamma=0.9993, swa=False, start_swa=None, lbfgs=False, ema=True, ema_decay=0.99, max_num_epochs=60, patience=2048, foundation_model=None, foundation_model_kwargs='{}', foundation_model_readout=True, eval_interval=1, keep_checkpoints=False, save_all_checkpoints=False, restart_latest=False, save_cpu=False, clip_grad=10.0, dry_run=False, enable_cueq=False, only_cueq=False, enable_oeq=False, wandb=False, wandb_dir=None, wandb_project='', wandb_entity='', wandb_name='', wandb_log_hypers=['num_channels', 'max_L', 'correlation', 'lr', 'swa_lr', 'weight_decay', 'batch_size', 'max_num_epochs', 'start_swa', 'energy_weight', 'forces_weight'], key_specification=KeySpecification(info_keys={'energy': 'energy', 'stress': 'REF_stress', 'virials': 'REF_virials', 'dipole': 'dipole', 'head': 'head', 'elec_temp': 'elec_temp', 'total_charge': 'total_charge', 'polarizability': 'polarizability', 'total_spin': 'total_spin'}, arrays_keys={'forces': 'forces', 'charges': 'REF_charges'}))
2026-09-29 23:04:09.481 INFO: Using CPU
2026-09-29 23:04:09.507 DEBUG: Popen(['git', 'version'], cwd=/home/ziat1/Documents/Training/Autonomous_MultiTM_SAC_Pipeline, stdin=None, shell=False, universal_newlines=False)
2026-09-29 23:04:09.510 DEBUG: Popen(['git', 'version'], cwd=/home/ziat1/Documents/Training/Autonomous_MultiTM_SAC_Pipeline, stdin=None, shell=False, universal_newlines=False)
2026-09-29 23:04:09.513 DEBUG: sys.platform='linux', git_executable='git'
2026-09-29 23:04:09.514 DEBUG: Error accessing Git repository: /home/ziat1/Documents/Training/Autonomous_MultiTM_SAC_Pipeline
2026-09-29 23:04:09.514 INFO: ===========LOADING INPUT DATA===========
2026-09-29 23:04:09.514 INFO: Using heads: ['Default']
2026-09-29 23:04:09.514 INFO: Using the key specifications to parse data:
2026-09-29 23:04:09.514 INFO: Default: KeySpecification(info_keys={'energy': 'energy', 'stress': 'REF_stress', 'virials': 'REF_virials', 'dipole': 'dipole', 'head': 'head', 'elec_temp': 'elec_temp', 'total_charge': 'total_charge', 'polarizability': 'polarizability', 'total_spin': 'total_spin'}, arrays_keys={'forces': 'forces', 'charges': 'REF_charges'})
2026-09-29 23:04:09.514 INFO: =============    Processing head Default     ===========
2026-09-29 23:04:09.514 DEBUG: Loading training file: mace_train.xyz
2026-09-29 23:04:09.558 WARNING: Since ASE version 3.23.0b1, using energy_key 'energy' is no longer safe when communicating between MACE and ASE. We recommend using a different key, rewriting 'energy' to 'REF_energy'. You need to use --energy_key='REF_energy' to specify the chosen key name.
2026-09-29 23:04:09.565 WARNING: Since ASE version 3.23.0b1, using forces_key 'forces' is no longer safe when communicating between MACE and ASE. We recommend using a different key, rewriting 'forces' to 'REF_forces'. You need to use --forces_key='REF_forces' to specify the chosen key name.
2026-09-29 23:04:09.575 INFO: Training set 1/1 [energy: 115, stress: 0, virials: 0, dipole components: 0, head: 115, elec_temp: 0, total_charge: 0, polarizability: 0, total_spin: 0, forces: 115, charges: 0]
2026-09-29 23:04:09.576 INFO: Total Training set [energy: 115, stress: 0, virials: 0, dipole components: 0, head: 115, elec_temp: 0, total_charge: 0, polarizability: 0, total_spin: 0, forces: 115, charges: 0]
2026-09-29 23:04:09.592 WARNING: Since ASE version 3.23.0b1, using energy_key 'energy' is no longer safe when communicating between MACE and ASE. We recommend using a different key, rewriting 'energy' to 'REF_energy'. You need to use --energy_key='REF_energy' to specify the chosen key name.
2026-09-29 23:04:09.593 WARNING: Since ASE version 3.23.0b1, using forces_key 'forces' is no longer safe when communicating between MACE and ASE. We recommend using a different key, rewriting 'forces' to 'REF_forces'. You need to use --forces_key='REF_forces' to specify the chosen key name.
2026-09-29 23:04:09.595 INFO: Validation set 1/1 [energy: 21, stress: 0, virials: 0, dipole components: 0, head: 21, elec_temp: 0, total_charge: 0, polarizability: 0, total_spin: 0, forces: 21, charges: 0]
2026-09-29 23:04:09.596 INFO: Total Validation set [energy: 21, stress: 0, virials: 0, dipole components: 0, head: 21, elec_temp: 0, total_charge: 0, polarizability: 0, total_spin: 0, forces: 21, charges: 0]
2026-09-29 23:04:09.596 INFO: Total number of configurations: train=115, valid=21, tests=[],
2026-09-29 23:04:09.596 INFO: Using atomic numbers from command line argument
2026-09-29 23:04:09.596 INFO: Atomic Numbers used: [1, 6, 7, 27, 28, 46]
2026-09-29 23:04:09.596 INFO: Isolated Atomic Energies (E0s) not in training file, using command line argument
2026-09-29 23:04:09.596 INFO: Computing average Atomic Energies using least squares regression
2026-09-29 23:04:09.597 INFO: Atomic Energies used (z: eV) for head Default: {1: -6.737293484252294, 6: -8.851417572748227, 7: -9.52586522766895, 27: -1.1461370415738807, 28: 0.4721175021203873, 46: 0.29897295168987664}
2026-09-29 23:04:09.598 INFO: Processing datasets for head 'Default'
2026-09-29 23:04:09.666 DEBUG: Successfully loaded dataset from ASE files: ['mace_train.xyz']
2026-09-29 23:04:09.666 INFO: Combining 1 list datasets for head 'Default'
2026-09-29 23:04:09.678 DEBUG: Successfully loaded validation dataset from ASE files: ['mace_val.xyz']
2026-09-29 23:04:09.678 INFO: Combining 1 list datasets for head 'Default_valid'
2026-09-29 23:04:09.678 INFO: Combined validation datasets for Default
2026-09-29 23:04:09.678 INFO: Head 'Default' training dataset size: 115
2026-09-29 23:04:09.678 INFO: Computing average number of neighbors
2026-09-29 23:04:09.721 INFO: Average number of neighbors: 29.60096549987793
2026-09-29 23:04:09.721 INFO: During training the following quantities will be reported: energy, forces
2026-09-29 23:04:09.721 INFO: ===========MODEL DETAILS===========
2026-09-29 23:04:09.760 INFO: Building model
2026-09-29 23:04:09.760 INFO: Message passing with 64 channels and max_L=1 (64x0e + 64x1o)
2026-09-29 23:04:09.760 INFO: 2 layers, each with correlation order: 3 (body order: 4) and spherical harmonics up to: l=3
2026-09-29 23:04:09.760 INFO: 8 radial and 5 basis functions
2026-09-29 23:04:09.760 INFO: Radial cutoff: 5.0 A (total receptive field for each atom: 10.0 A)
2026-09-29 23:04:09.760 INFO: Distance transform for radial basis functions: None
2026-09-29 23:04:09.760 INFO: Hidden irreps: 64x0e + 64x1o
2026-09-29 23:04:10.676 INFO: ===========OPTIMIZER INFORMATION===========
2026-09-29 23:04:10.676 INFO: Using ADAM as parameter optimizer
2026-09-29 23:04:10.676 INFO: Batch size: 4
2026-09-29 23:04:10.676 INFO: Using Exponential Moving Average with decay: 0.99
2026-09-29 23:04:10.676 INFO: Number of gradient updates: 1725
2026-09-29 23:04:10.676 INFO: Learning rate: 0.01, weight decay: 5e-07
2026-09-29 23:04:10.676 INFO: WeightedEnergyForcesLoss(energy_weight=1.000, forces_weight=10.000)
2026-09-29 23:04:10.676 INFO: === Layer's learning rates ===
2026-09-29 23:04:10.677 INFO: Param group 0: lr = 0.01
2026-09-29 23:04:10.677 INFO: Param group 1: lr = 0.01
2026-09-29 23:04:10.677 INFO: Param group 2: lr = 0.01
2026-09-29 23:04:10.677 INFO: Param group 3: lr = 0.01
2026-09-29 23:04:10.677 INFO: Param group 4: lr = 0.01
2026-09-29 23:04:10.677 INFO: Using gradient clipping with tolerance=10.000
2026-09-29 23:04:10.677 INFO: 
2026-09-29 23:04:10.677 INFO: ===========TRAINING===========
2026-09-29 23:04:10.677 INFO: Started training, reporting errors on validation set
2026-09-29 23:04:10.677 INFO: Loss metrics on validation set
2026-09-29 23:04:12.676 INFO: Initial: head: Default, loss=12.93690300, RMSE_E_per_atom=  856.24 meV, RMSE_F= 2254.29 meV / A
2026-09-29 23:04:43.667 INFO: Epoch 0: head: Default, loss=1.32287526, RMSE_E_per_atom=  180.82 meV, RMSE_F=  692.86 meV / A
2026-09-29 23:04:43.669 DEBUG: Saving checkpoint: ./checkpoints/mace_multitm_model_run-123_epoch-0.pt
2026-09-29 23:05:14.033 INFO: Epoch 1: head: Default, loss=0.68267006, RMSE_E_per_atom=  105.93 meV, RMSE_F=  504.31 meV / A
2026-09-29 23:05:14.034 DEBUG: Deleting old checkpoint file: ./checkpoints/mace_multitm_model_run-123_epoch-0.pt
2026-09-29 23:05:14.035 DEBUG: Saving checkpoint: ./checkpoints/mace_multitm_model_run-123_epoch-1.pt
2026-09-29 23:05:45.069 INFO: Epoch 2: head: Default, loss=0.26117730, RMSE_E_per_atom=   85.08 meV, RMSE_F=  318.34 meV / A
2026-09-29 23:05:45.070 DEBUG: Deleting old checkpoint file: ./checkpoints/mace_multitm_model_run-123_epoch-1.pt
2026-09-29 23:05:45.071 DEBUG: Saving checkpoint: ./checkpoints/mace_multitm_model_run-123_epoch-2.pt
2026-09-29 23:06:15.976 INFO: Epoch 3: head: Default, loss=0.17894286, RMSE_E_per_atom=   74.55 meV, RMSE_F=  264.24 meV / A
2026-09-29 23:06:15.977 DEBUG: Deleting old checkpoint file: ./checkpoints/mace_multitm_model_run-123_epoch-2.pt
2026-09-29 23:06:15.978 DEBUG: Saving checkpoint: ./checkpoints/mace_multitm_model_run-123_epoch-3.pt
2026-09-29 23:06:47.370 INFO: Epoch 4: head: Default, loss=0.15196082, RMSE_E_per_atom=   69.55 meV, RMSE_F=  243.44 meV / A
2026-09-29 23:06:47.373 DEBUG: Deleting old checkpoint file: ./checkpoints/mace_multitm_model_run-123_epoch-3.pt
2026-09-29 23:06:47.374 DEBUG: Saving checkpoint: ./checkpoints/mace_multitm_model_run-123_epoch-4.pt
2026-09-29 23:07:18.302 INFO: Epoch 5: head: Default, loss=0.13154380, RMSE_E_per_atom=   63.24 meV, RMSE_F=  226.86 meV / A
2026-09-29 23:07:18.304 DEBUG: Deleting old checkpoint file: ./checkpoints/mace_multitm_model_run-123_epoch-4.pt
2026-09-29 23:07:18.305 DEBUG: Saving checkpoint: ./checkpoints/mace_multitm_model_run-123_epoch-5.pt
2026-09-29 23:07:51.571 INFO: Epoch 6: head: Default, loss=0.10986833, RMSE_E_per_atom=   63.51 meV, RMSE_F=  207.02 meV / A
2026-09-29 23:07:51.573 DEBUG: Deleting old checkpoint file: ./checkpoints/mace_multitm_model_run-123_epoch-5.pt
2026-09-29 23:07:51.574 DEBUG: Saving checkpoint: ./checkpoints/mace_multitm_model_run-123_epoch-6.pt
2026-09-29 23:08:22.610 INFO: Epoch 7: head: Default, loss=0.09418448, RMSE_E_per_atom=   52.43 meV, RMSE_F=  192.29 meV / A
2026-09-29 23:08:22.612 DEBUG: Deleting old checkpoint file: ./checkpoints/mace_multitm_model_run-123_epoch-6.pt
2026-09-29 23:08:22.613 DEBUG: Saving checkpoint: ./checkpoints/mace_multitm_model_run-123_epoch-7.pt
2026-09-29 23:08:53.482 INFO: Epoch 8: head: Default, loss=0.08229570, RMSE_E_per_atom=   48.85 meV, RMSE_F=  179.72 meV / A
2026-09-29 23:08:53.484 DEBUG: Deleting old checkpoint file: ./checkpoints/mace_multitm_model_run-123_epoch-7.pt
2026-09-29 23:08:53.485 DEBUG: Saving checkpoint: ./checkpoints/mace_multitm_model_run-123_epoch-8.pt
2026-09-29 23:09:24.827 INFO: Epoch 9: head: Default, loss=0.07440463, RMSE_E_per_atom=   44.95 meV, RMSE_F=  171.06 meV / A
2026-09-29 23:09:24.829 DEBUG: Deleting old checkpoint file: ./checkpoints/mace_multitm_model_run-123_epoch-8.pt
2026-09-29 23:09:24.830 DEBUG: Saving checkpoint: ./checkpoints/mace_multitm_model_run-123_epoch-9.pt
2026-09-29 23:09:57.330 INFO: Epoch 10: head: Default, loss=0.06818554, RMSE_E_per_atom=   39.91 meV, RMSE_F=  163.93 meV / A
2026-09-29 23:09:57.332 DEBUG: Deleting old checkpoint file: ./checkpoints/mace_multitm_model_run-123_epoch-9.pt
2026-09-29 23:09:57.333 DEBUG: Saving checkpoint: ./checkpoints/mace_multitm_model_run-123_epoch-10.pt
2026-09-29 23:10:29.190 INFO: Epoch 11: head: Default, loss=0.06336445, RMSE_E_per_atom=   38.22 meV, RMSE_F=  158.14 meV / A
2026-09-29 23:10:29.193 DEBUG: Deleting old checkpoint file: ./checkpoints/mace_multitm_model_run-123_epoch-10.pt
2026-09-29 23:10:29.194 DEBUG: Saving checkpoint: ./checkpoints/mace_multitm_model_run-123_epoch-11.pt
2026-09-29 23:11:00.247 INFO: Epoch 12: head: Default, loss=0.05969999, RMSE_E_per_atom=   34.99 meV, RMSE_F=  153.59 meV / A
2026-09-29 23:11:00.249 DEBUG: Deleting old checkpoint file: ./checkpoints/mace_multitm_model_run-123_epoch-11.pt
2026-09-29 23:11:00.250 DEBUG: Saving checkpoint: ./checkpoints/mace_multitm_model_run-123_epoch-12.pt
2026-09-29 23:11:30.897 INFO: Epoch 13: head: Default, loss=0.05615817, RMSE_E_per_atom=   30.68 meV, RMSE_F=  149.07 meV / A
2026-09-29 23:11:30.899 DEBUG: Deleting old checkpoint file: ./checkpoints/mace_multitm_model_run-123_epoch-12.pt
2026-09-29 23:11:30.900 DEBUG: Saving checkpoint: ./checkpoints/mace_multitm_model_run-123_epoch-13.pt
2026-09-29 23:12:02.819 INFO: Epoch 14: head: Default, loss=0.05334698, RMSE_E_per_atom=   26.96 meV, RMSE_F=  145.35 meV / A
2026-09-29 23:12:02.821 DEBUG: Deleting old checkpoint file: ./checkpoints/mace_multitm_model_run-123_epoch-13.pt
2026-09-29 23:12:02.822 DEBUG: Saving checkpoint: ./checkpoints/mace_multitm_model_run-123_epoch-14.pt
2026-09-29 23:12:33.822 INFO: Epoch 15: head: Default, loss=0.05063387, RMSE_E_per_atom=   26.46 meV, RMSE_F=  141.58 meV / A
2026-09-29 23:12:33.824 DEBUG: Deleting old checkpoint file: ./checkpoints/mace_multitm_model_run-123_epoch-14.pt
2026-09-29 23:12:33.825 DEBUG: Saving checkpoint: ./checkpoints/mace_multitm_model_run-123_epoch-15.pt
2026-09-29 23:13:05.094 INFO: Epoch 16: head: Default, loss=0.04830192, RMSE_E_per_atom=   23.82 meV, RMSE_F=  138.32 meV / A
2026-09-29 23:13:05.096 DEBUG: Deleting old checkpoint file: ./checkpoints/mace_multitm_model_run-123_epoch-15.pt
2026-09-29 23:13:05.097 DEBUG: Saving checkpoint: ./checkpoints/mace_multitm_model_run-123_epoch-16.pt
2026-09-29 23:13:36.148 INFO: Epoch 17: head: Default, loss=0.04607885, RMSE_E_per_atom=   21.90 meV, RMSE_F=  135.12 meV / A
2026-09-29 23:13:36.149 DEBUG: Deleting old checkpoint file: ./checkpoints/mace_multitm_model_run-123_epoch-16.pt
2026-09-29 23:13:36.150 DEBUG: Saving checkpoint: ./checkpoints/mace_multitm_model_run-123_epoch-17.pt
2026-09-29 23:14:08.364 INFO: Epoch 18: head: Default, loss=0.04391594, RMSE_E_per_atom=   21.11 meV, RMSE_F=  131.89 meV / A
2026-09-29 23:14:08.367 DEBUG: Deleting old checkpoint file: ./checkpoints/mace_multitm_model_run-123_epoch-17.pt
2026-09-29 23:14:08.368 DEBUG: Saving checkpoint: ./checkpoints/mace_multitm_model_run-123_epoch-18.pt
2026-09-29 23:14:39.791 INFO: Epoch 19: head: Default, loss=0.04231622, RMSE_E_per_atom=   19.59 meV, RMSE_F=  129.46 meV / A
2026-09-29 23:14:39.793 DEBUG: Deleting old checkpoint file: ./checkpoints/mace_multitm_model_run-123_epoch-18.pt
2026-09-29 23:14:39.794 DEBUG: Saving checkpoint: ./checkpoints/mace_multitm_model_run-123_epoch-19.pt
2026-09-29 23:15:11.132 INFO: Epoch 20: head: Default, loss=0.04092829, RMSE_E_per_atom=   19.34 meV, RMSE_F=  127.30 meV / A
2026-09-29 23:15:11.133 DEBUG: Deleting old checkpoint file: ./checkpoints/mace_multitm_model_run-123_epoch-19.pt
2026-09-29 23:15:11.134 DEBUG: Saving checkpoint: ./checkpoints/mace_multitm_model_run-123_epoch-20.pt
2026-09-29 23:15:42.455 INFO: Epoch 21: head: Default, loss=0.03996819, RMSE_E_per_atom=   17.97 meV, RMSE_F=  125.83 meV / A
2026-09-29 23:15:42.457 DEBUG: Deleting old checkpoint file: ./checkpoints/mace_multitm_model_run-123_epoch-20.pt
2026-09-29 23:15:42.458 DEBUG: Saving checkpoint: ./checkpoints/mace_multitm_model_run-123_epoch-21.pt
2026-09-29 23:16:16.074 INFO: Epoch 22: head: Default, loss=0.03862610, RMSE_E_per_atom=   18.20 meV, RMSE_F=  123.67 meV / A
2026-09-29 23:16:16.076 DEBUG: Deleting old checkpoint file: ./checkpoints/mace_multitm_model_run-123_epoch-21.pt
2026-09-29 23:16:16.077 DEBUG: Saving checkpoint: ./checkpoints/mace_multitm_model_run-123_epoch-22.pt
2026-09-29 23:16:46.779 INFO: Epoch 23: head: Default, loss=0.03725495, RMSE_E_per_atom=   17.58 meV, RMSE_F=  121.44 meV / A
2026-09-29 23:16:46.781 DEBUG: Deleting old checkpoint file: ./checkpoints/mace_multitm_model_run-123_epoch-22.pt
2026-09-29 23:16:46.782 DEBUG: Saving checkpoint: ./checkpoints/mace_multitm_model_run-123_epoch-23.pt
2026-09-29 23:17:18.128 INFO: Epoch 24: head: Default, loss=0.03586542, RMSE_E_per_atom=   16.70 meV, RMSE_F=  119.14 meV / A
2026-09-29 23:17:18.130 DEBUG: Deleting old checkpoint file: ./checkpoints/mace_multitm_model_run-123_epoch-23.pt
2026-09-29 23:17:18.131 DEBUG: Saving checkpoint: ./checkpoints/mace_multitm_model_run-123_epoch-24.pt
2026-09-29 23:17:48.289 INFO: Epoch 25: head: Default, loss=0.03490933, RMSE_E_per_atom=   16.06 meV, RMSE_F=  117.52 meV / A
2026-09-29 23:17:48.291 DEBUG: Deleting old checkpoint file: ./checkpoints/mace_multitm_model_run-123_epoch-24.pt
2026-09-29 23:17:48.292 DEBUG: Saving checkpoint: ./checkpoints/mace_multitm_model_run-123_epoch-25.pt
2026-09-29 23:18:20.460 INFO: Epoch 26: head: Default, loss=0.03394378, RMSE_E_per_atom=   15.47 meV, RMSE_F=  115.90 meV / A
2026-09-29 23:18:20.462 DEBUG: Deleting old checkpoint file: ./checkpoints/mace_multitm_model_run-123_epoch-25.pt
2026-09-29 23:18:20.462 DEBUG: Saving checkpoint: ./checkpoints/mace_multitm_model_run-123_epoch-26.pt
2026-09-29 23:18:51.900 INFO: Epoch 27: head: Default, loss=0.03279173, RMSE_E_per_atom=   15.31 meV, RMSE_F=  113.91 meV / A
2026-09-29 23:18:51.902 DEBUG: Deleting old checkpoint file: ./checkpoints/mace_multitm_model_run-123_epoch-26.pt
2026-09-29 23:18:51.903 DEBUG: Saving checkpoint: ./checkpoints/mace_multitm_model_run-123_epoch-27.pt
2026-09-29 23:19:25.957 INFO: Epoch 28: head: Default, loss=0.03160312, RMSE_E_per_atom=   14.82 meV, RMSE_F=  111.83 meV / A
2026-09-29 23:19:25.959 DEBUG: Deleting old checkpoint file: ./checkpoints/mace_multitm_model_run-123_epoch-27.pt
2026-09-29 23:19:25.960 DEBUG: Saving checkpoint: ./checkpoints/mace_multitm_model_run-123_epoch-28.pt
2026-09-29 23:19:57.060 INFO: Epoch 29: head: Default, loss=0.03070600, RMSE_E_per_atom=   14.28 meV, RMSE_F=  110.22 meV / A
2026-09-29 23:19:57.062 DEBUG: Deleting old checkpoint file: ./checkpoints/mace_multitm_model_run-123_epoch-28.pt
2026-09-29 23:19:57.063 DEBUG: Saving checkpoint: ./checkpoints/mace_multitm_model_run-123_epoch-29.pt
2026-09-29 23:20:29.325 INFO: Epoch 30: head: Default, loss=0.02990932, RMSE_E_per_atom=   13.58 meV, RMSE_F=  108.78 meV / A
2026-09-29 23:20:29.327 DEBUG: Deleting old checkpoint file: ./checkpoints/mace_multitm_model_run-123_epoch-29.pt
2026-09-29 23:20:29.328 DEBUG: Saving checkpoint: ./checkpoints/mace_multitm_model_run-123_epoch-30.pt
2026-09-29 23:21:08.080 INFO: Epoch 31: head: Default, loss=0.02919169, RMSE_E_per_atom=   13.39 meV, RMSE_F=  107.47 meV / A
2026-09-29 23:21:08.082 DEBUG: Deleting old checkpoint file: ./checkpoints/mace_multitm_model_run-123_epoch-30.pt
2026-09-29 23:21:08.082 DEBUG: Saving checkpoint: ./checkpoints/mace_multitm_model_run-123_epoch-31.pt
2026-09-29 23:21:44.093 INFO: Epoch 32: head: Default, loss=0.02853929, RMSE_E_per_atom=   12.55 meV, RMSE_F=  106.27 meV / A
2026-09-29 23:21:44.094 DEBUG: Deleting old checkpoint file: ./checkpoints/mace_multitm_model_run-123_epoch-31.pt
2026-09-29 23:21:44.095 DEBUG: Saving checkpoint: ./checkpoints/mace_multitm_model_run-123_epoch-32.pt
2026-09-29 23:22:15.163 INFO: Epoch 33: head: Default, loss=0.02797981, RMSE_E_per_atom=   12.94 meV, RMSE_F=  105.22 meV / A
2026-09-29 23:22:15.164 DEBUG: Deleting old checkpoint file: ./checkpoints/mace_multitm_model_run-123_epoch-32.pt
2026-09-29 23:22:15.165 DEBUG: Saving checkpoint: ./checkpoints/mace_multitm_model_run-123_epoch-33.pt
2026-09-29 23:22:45.465 INFO: Epoch 34: head: Default, loss=0.02751246, RMSE_E_per_atom=   13.47 meV, RMSE_F=  104.35 meV / A
2026-09-29 23:22:45.467 DEBUG: Deleting old checkpoint file: ./checkpoints/mace_multitm_model_run-123_epoch-33.pt
2026-09-29 23:22:45.468 DEBUG: Saving checkpoint: ./checkpoints/mace_multitm_model_run-123_epoch-34.pt
2026-09-29 23:23:22.573 INFO: Epoch 35: head: Default, loss=0.02711197, RMSE_E_per_atom=   12.50 meV, RMSE_F=  103.56 meV / A
2026-09-29 23:23:22.575 DEBUG: Deleting old checkpoint file: ./checkpoints/mace_multitm_model_run-123_epoch-34.pt
2026-09-29 23:23:22.576 DEBUG: Saving checkpoint: ./checkpoints/mace_multitm_model_run-123_epoch-35.pt
2026-09-29 23:23:58.757 INFO: Epoch 36: head: Default, loss=0.02654328, RMSE_E_per_atom=   12.45 meV, RMSE_F=  102.50 meV / A
2026-09-29 23:23:58.759 DEBUG: Deleting old checkpoint file: ./checkpoints/mace_multitm_model_run-123_epoch-35.pt
2026-09-29 23:23:58.760 DEBUG: Saving checkpoint: ./checkpoints/mace_multitm_model_run-123_epoch-36.pt
2026-09-29 23:24:33.516 INFO: Epoch 37: head: Default, loss=0.02612749, RMSE_E_per_atom=   12.75 meV, RMSE_F=  101.71 meV / A
2026-09-29 23:24:33.518 DEBUG: Deleting old checkpoint file: ./checkpoints/mace_multitm_model_run-123_epoch-36.pt
2026-09-29 23:24:33.518 DEBUG: Saving checkpoint: ./checkpoints/mace_multitm_model_run-123_epoch-37.pt
2026-09-29 23:25:05.003 INFO: Epoch 38: head: Default, loss=0.02548930, RMSE_E_per_atom=   12.97 meV, RMSE_F=  100.47 meV / A
2026-09-29 23:25:05.005 DEBUG: Deleting old checkpoint file: ./checkpoints/mace_multitm_model_run-123_epoch-37.pt
2026-09-29 23:25:05.007 DEBUG: Saving checkpoint: ./checkpoints/mace_multitm_model_run-123_epoch-38.pt
2026-09-29 23:25:37.590 INFO: Epoch 39: head: Default, loss=0.02518155, RMSE_E_per_atom=   13.19 meV, RMSE_F=   99.85 meV / A
2026-09-29 23:25:37.591 DEBUG: Deleting old checkpoint file: ./checkpoints/mace_multitm_model_run-123_epoch-38.pt
2026-09-29 23:25:37.593 DEBUG: Saving checkpoint: ./checkpoints/mace_multitm_model_run-123_epoch-39.pt
2026-09-29 23:26:07.990 INFO: Epoch 40: head: Default, loss=0.02475152, RMSE_E_per_atom=   12.69 meV, RMSE_F=   99.01 meV / A
2026-09-29 23:26:07.993 DEBUG: Deleting old checkpoint file: ./checkpoints/mace_multitm_model_run-123_epoch-39.pt
2026-09-29 23:26:07.994 DEBUG: Saving checkpoint: ./checkpoints/mace_multitm_model_run-123_epoch-40.pt
2026-09-29 23:26:38.601 INFO: Epoch 41: head: Default, loss=0.02477786, RMSE_E_per_atom=   12.19 meV, RMSE_F=   99.09 meV / A
2026-09-29 23:27:11.966 INFO: Epoch 42: head: Default, loss=0.02435085, RMSE_E_per_atom=   11.94 meV, RMSE_F=   98.22 meV / A
2026-09-29 23:27:11.969 DEBUG: Deleting old checkpoint file: ./checkpoints/mace_multitm_model_run-123_epoch-40.pt
2026-09-29 23:27:11.971 DEBUG: Saving checkpoint: ./checkpoints/mace_multitm_model_run-123_epoch-42.pt
2026-09-29 23:27:43.415 INFO: Epoch 43: head: Default, loss=0.02409917, RMSE_E_per_atom=   11.59 meV, RMSE_F=   97.73 meV / A
2026-09-29 23:27:43.417 DEBUG: Deleting old checkpoint file: ./checkpoints/mace_multitm_model_run-123_epoch-42.pt
2026-09-29 23:27:43.418 DEBUG: Saving checkpoint: ./checkpoints/mace_multitm_model_run-123_epoch-43.pt
2026-09-29 23:28:14.617 INFO: Epoch 44: head: Default, loss=0.02380703, RMSE_E_per_atom=   11.67 meV, RMSE_F=   97.14 meV / A
2026-09-29 23:28:14.618 DEBUG: Deleting old checkpoint file: ./checkpoints/mace_multitm_model_run-123_epoch-43.pt
2026-09-29 23:28:14.619 DEBUG: Saving checkpoint: ./checkpoints/mace_multitm_model_run-123_epoch-44.pt
2026-09-29 23:28:45.859 INFO: Epoch 45: head: Default, loss=0.02341772, RMSE_E_per_atom=   11.62 meV, RMSE_F=   96.35 meV / A
2026-09-29 23:28:45.861 DEBUG: Deleting old checkpoint file: ./checkpoints/mace_multitm_model_run-123_epoch-44.pt
2026-09-29 23:28:45.862 DEBUG: Saving checkpoint: ./checkpoints/mace_multitm_model_run-123_epoch-45.pt
2026-09-29 23:29:20.472 INFO: Epoch 46: head: Default, loss=0.02299772, RMSE_E_per_atom=   11.48 meV, RMSE_F=   95.47 meV / A
2026-09-29 23:29:20.475 DEBUG: Deleting old checkpoint file: ./checkpoints/mace_multitm_model_run-123_epoch-45.pt
2026-09-29 23:29:20.475 DEBUG: Saving checkpoint: ./checkpoints/mace_multitm_model_run-123_epoch-46.pt
2026-09-29 23:29:55.338 INFO: Epoch 47: head: Default, loss=0.02239080, RMSE_E_per_atom=   11.33 meV, RMSE_F=   94.19 meV / A
2026-09-29 23:29:55.340 DEBUG: Deleting old checkpoint file: ./checkpoints/mace_multitm_model_run-123_epoch-46.pt
2026-09-29 23:29:55.341 DEBUG: Saving checkpoint: ./checkpoints/mace_multitm_model_run-123_epoch-47.pt
2026-09-29 23:30:30.588 INFO: Epoch 48: head: Default, loss=0.02191136, RMSE_E_per_atom=   11.33 meV, RMSE_F=   93.18 meV / A
2026-09-29 23:30:30.590 DEBUG: Deleting old checkpoint file: ./checkpoints/mace_multitm_model_run-123_epoch-47.pt
2026-09-29 23:30:30.591 DEBUG: Saving checkpoint: ./checkpoints/mace_multitm_model_run-123_epoch-48.pt
2026-09-29 23:31:05.523 INFO: Epoch 49: head: Default, loss=0.02172225, RMSE_E_per_atom=   11.40 meV, RMSE_F=   92.78 meV / A
2026-09-29 23:31:05.526 DEBUG: Deleting old checkpoint file: ./checkpoints/mace_multitm_model_run-123_epoch-48.pt
2026-09-29 23:31:05.527 DEBUG: Saving checkpoint: ./checkpoints/mace_multitm_model_run-123_epoch-49.pt
2026-09-29 23:31:39.389 INFO: Epoch 50: head: Default, loss=0.02119740, RMSE_E_per_atom=   11.16 meV, RMSE_F=   91.67 meV / A
2026-09-29 23:31:39.391 DEBUG: Deleting old checkpoint file: ./checkpoints/mace_multitm_model_run-123_epoch-49.pt
2026-09-29 23:31:39.392 DEBUG: Saving checkpoint: ./checkpoints/mace_multitm_model_run-123_epoch-50.pt
2026-09-29 23:32:12.168 INFO: Epoch 51: head: Default, loss=0.02125454, RMSE_E_per_atom=   10.95 meV, RMSE_F=   91.78 meV / A
2026-09-29 23:32:46.918 INFO: Epoch 52: head: Default, loss=0.02124140, RMSE_E_per_atom=   10.74 meV, RMSE_F=   91.77 meV / A
2026-09-29 23:33:23.167 INFO: Epoch 53: head: Default, loss=0.02111085, RMSE_E_per_atom=   10.68 meV, RMSE_F=   91.49 meV / A
2026-09-29 23:33:23.170 DEBUG: Deleting old checkpoint file: ./checkpoints/mace_multitm_model_run-123_epoch-50.pt
2026-09-29 23:33:23.171 DEBUG: Saving checkpoint: ./checkpoints/mace_multitm_model_run-123_epoch-53.pt
2026-09-29 23:33:55.036 INFO: Epoch 54: head: Default, loss=0.02108142, RMSE_E_per_atom=   10.63 meV, RMSE_F=   91.45 meV / A
2026-09-29 23:33:55.037 DEBUG: Deleting old checkpoint file: ./checkpoints/mace_multitm_model_run-123_epoch-53.pt
2026-09-29 23:33:55.038 DEBUG: Saving checkpoint: ./checkpoints/mace_multitm_model_run-123_epoch-54.pt
2026-09-29 23:34:26.113 INFO: Epoch 55: head: Default, loss=0.02101507, RMSE_E_per_atom=   10.66 meV, RMSE_F=   91.31 meV / A
2026-09-29 23:34:26.114 DEBUG: Deleting old checkpoint file: ./checkpoints/mace_multitm_model_run-123_epoch-54.pt
2026-09-29 23:34:26.115 DEBUG: Saving checkpoint: ./checkpoints/mace_multitm_model_run-123_epoch-55.pt
2026-09-29 23:34:54.560 INFO: Epoch 56: head: Default, loss=0.02117521, RMSE_E_per_atom=   11.41 meV, RMSE_F=   91.65 meV / A
2026-09-29 23:35:22.799 INFO: Epoch 57: head: Default, loss=0.02353410, RMSE_E_per_atom=   13.83 meV, RMSE_F=   96.64 meV / A
2026-09-29 23:35:50.705 INFO: Epoch 58: head: Default, loss=0.02477757, RMSE_E_per_atom=   19.50 meV, RMSE_F=   99.04 meV / A
2026-09-29 23:36:19.545 INFO: Epoch 59: head: Default, loss=0.02416221, RMSE_E_per_atom=   17.92 meV, RMSE_F=   97.83 meV / A
2026-09-29 23:36:19.545 INFO: Training complete
2026-09-29 23:36:19.546 INFO: 
2026-09-29 23:36:19.546 INFO: ===========RESULTS===========
2026-09-29 23:36:19.560 INFO: Loading checkpoint: ./checkpoints/mace_multitm_model_run-123_epoch-59.pt
2026-09-29 23:36:19.627 INFO: Loaded Stage one model from epoch 59 for evaluation
2026-09-29 23:36:19.628 INFO: Saving model to checkpoints/mace_multitm_model_run-123.model
2026-09-29 23:36:19.829 INFO: Compiling model, saving metadata to mace_multitm_model_compiled.model
2026-09-29 23:36:20.649 INFO: Computing metrics for training, validation, and test sets
2026-09-29 23:36:20.650 INFO: Skipping evaluation for heads: ['pt_head']
2026-09-29 23:36:20.654 INFO: Evaluating train_Default ...
2026-09-29 23:36:29.178 INFO: Evaluating valid_Default ...
2026-09-29 23:36:30.803 INFO: Error-table on TRAIN and VALID:
+---------------+---------------------+------------------+-------------------+
|  config_type  | RMSE E / meV / atom | RMSE F / meV / A | relative F RMSE % |
+---------------+---------------------+------------------+-------------------+
| train_Default |           17.4      |         60.9     |          2.41     |
| valid_Default |           11.2      |         88.9     |          3.98     |
+---------------+---------------------+------------------+-------------------+
2026-09-29 23:36:30.804 DEBUG: Running inference on train_Default dataset
2026-09-29 23:36:38.858 DEBUG: Running inference on valid_Default dataset
2026-09-29 23:36:40.857 DEBUG: STREAM b'IHDR' 16 13
2026-09-29 23:36:40.858 DEBUG: STREAM b'sBIT' 41 4
2026-09-29 23:36:40.858 DEBUG: b'sBIT' 41 4 (unknown)
2026-09-29 23:36:40.858 DEBUG: STREAM b'pHYs' 57 9
2026-09-29 23:36:40.858 DEBUG: STREAM b'IDAT' 78 1189
2026-09-29 23:36:40.862 DEBUG: STREAM b'IHDR' 16 13
2026-09-29 23:36:40.862 DEBUG: STREAM b'sBIT' 41 4
2026-09-29 23:36:40.862 DEBUG: b'sBIT' 41 4 (unknown)
2026-09-29 23:36:40.862 DEBUG: STREAM b'pHYs' 57 9
2026-09-29 23:36:40.862 DEBUG: STREAM b'IDAT' 78 2994
2026-09-29 23:36:40.876 DEBUG: STREAM b'IHDR' 16 13
2026-09-29 23:36:40.876 DEBUG: STREAM b'sBIT' 41 4
2026-09-29 23:36:40.876 DEBUG: b'sBIT' 41 4 (unknown)
2026-09-29 23:36:40.876 DEBUG: STREAM b'pHYs' 57 9
2026-09-29 23:36:40.876 DEBUG: STREAM b'IDAT' 78 374
2026-09-29 23:36:40.879 DEBUG: STREAM b'IHDR' 16 13
2026-09-29 23:36:40.879 DEBUG: STREAM b'sBIT' 41 4
2026-09-29 23:36:40.879 DEBUG: b'sBIT' 41 4 (unknown)
2026-09-29 23:36:40.879 DEBUG: STREAM b'pHYs' 57 9
2026-09-29 23:36:40.879 DEBUG: STREAM b'IDAT' 78 286
2026-09-29 23:36:40.880 DEBUG: STREAM b'IHDR' 16 13
2026-09-29 23:36:40.880 DEBUG: STREAM b'sBIT' 41 4
2026-09-29 23:36:40.880 DEBUG: b'sBIT' 41 4 (unknown)
2026-09-29 23:36:40.880 DEBUG: STREAM b'pHYs' 57 9
2026-09-29 23:36:40.880 DEBUG: STREAM b'IDAT' 78 263
2026-09-29 23:36:40.881 DEBUG: STREAM b'IHDR' 16 13
2026-09-29 23:36:40.881 DEBUG: STREAM b'sBIT' 41 4
2026-09-29 23:36:40.881 DEBUG: b'sBIT' 41 4 (unknown)
2026-09-29 23:36:40.881 DEBUG: STREAM b'pHYs' 57 9
2026-09-29 23:36:40.881 DEBUG: STREAM b'IDAT' 78 387
2026-09-29 23:36:40.882 DEBUG: STREAM b'IHDR' 16 13
2026-09-29 23:36:40.882 DEBUG: STREAM b'sBIT' 41 4
2026-09-29 23:36:40.882 DEBUG: b'sBIT' 41 4 (unknown)
2026-09-29 23:36:40.882 DEBUG: STREAM b'pHYs' 57 9
2026-09-29 23:36:40.882 DEBUG: STREAM b'IDAT' 78 436
2026-09-29 23:36:40.882 DEBUG: STREAM b'IHDR' 16 13
2026-09-29 23:36:40.882 DEBUG: STREAM b'sBIT' 41 4
2026-09-29 23:36:40.882 DEBUG: b'sBIT' 41 4 (unknown)
2026-09-29 23:36:40.882 DEBUG: STREAM b'pHYs' 57 9
2026-09-29 23:36:40.882 DEBUG: STREAM b'IDAT' 78 351
2026-09-29 23:36:40.883 DEBUG: STREAM b'IHDR' 16 13
2026-09-29 23:36:40.883 DEBUG: STREAM b'sBIT' 41 4
2026-09-29 23:36:40.883 DEBUG: b'sBIT' 41 4 (unknown)
2026-09-29 23:36:40.883 DEBUG: STREAM b'pHYs' 57 9
2026-09-29 23:36:40.883 DEBUG: STREAM b'IDAT' 78 364
2026-09-29 23:36:43.142 INFO: Done
2026-09-30 06:14:22.331 INFO: ===========VERIFYING SETTINGS===========
2026-09-30 06:14:22.332 INFO: MACE version: 0.3.16
2026-09-30 06:14:22.333 DEBUG: Configuration: Namespace(config=None, name='mace_multitm_model', seed=123, work_dir='.', log_dir='./logs', model_dir='.', checkpoints_dir='./checkpoints', results_dir='./results', downloads_dir='./downloads', device='cpu', default_dtype='float32', distributed=False, launcher='slurm', log_level='INFO', plot=True, plot_frequency=0, plot_interaction_e=False, error_table='PerAtomRMSE', model='ScaleShiftMACE', r_max=5.0, radial_type='bessel', num_radial_basis=8, num_cutoff_basis=5, pair_repulsion=False, distance_transform='None', apply_cutoff=True, use_last_readout_only=False, use_embedding_readout=False, interaction='RealAgnosticResidualInteractionBlock', interaction_first='RealAgnosticResidualInteractionBlock', max_ell=3, correlation=3, use_reduced_cg=False, use_so3=False, use_agnostic_product=False, num_interactions=2, MLP_irreps='16x0e', radial_MLP='[64, 64, 64]', hidden_irreps='64x0e + 64x1o', edge_irreps=None, use_edge_irreps_first=False, num_channels=64, max_L=1, gate='silu', kspace_cutoff_factor=1.5, atomic_multipoles_max_l=0, atomic_multipoles_smearing_width=1.0, field_feature_max_l=0, field_feature_widths='[1.0]', field_feature_norms=None, num_recursion_steps=1, field_si=False, include_electrostatic_self_interaction=False, add_local_electron_energy=False, quadrupole_feature_corrections=False, return_electrostatic_potentials=False, field_norm_factor=0.02, fixedpoint_update_config=None, field_readout_config=None, scaling='rms_forces_scaling', avg_num_neighbors=1, compute_avg_num_neighbors=True, compute_stress=False, compute_forces=True, compute_polarizability=False, compute_atomic_dipole=False, train_file='mace_train.xyz', valid_file='mace_val.xyz', valid_fraction=0.1, test_file=None, test_dir=None, multi_processed_test=False, num_workers=0, pin_memory=True, atomic_numbers='[1, 6, 7, 27, 28, 46]', mean=None, std=None, statistics_file=None, les_arguments=None, E0s='average', pseudolabel_replay=False, pseudolabel_replay_compute_stress=False, foundation_filter_elements=True, heads=None, multiheads_finetuning=True, foundation_head=None, weight_pt_head=1.0, real_pt_data_ratio_threshold=0.1, num_samples_pt=10000, force_mh_ft_lr=False, subselect_pt='random', filter_type_pt='none', allow_random_padding_pt=True, pt_train_file=None, pt_valid_file=None, foundation_model_elements=False, keep_isolated_atoms=False, lora=False, lora_rank=4, lora_alpha=1.0, energy_key='energy', forces_key='forces', virials_key='REF_virials', stress_key='REF_stress', dipole_key='dipole', polarizability_key='polarizability', head_key='head', charges_key='REF_charges', elec_temp_key='elec_temp', total_spin_key='total_spin', total_charge_key='total_charge', embedding_specs=None, skip_evaluate_heads='pt_head', loss='weighted', forces_weight=10.0, swa_forces_weight=100.0, energy_weight=1.0, swa_energy_weight=1000.0, virials_weight=1.0, swa_virials_weight=10.0, stress_weight=1.0, swa_stress_weight=10.0, dipole_weight=1.0, swa_dipole_weight=1.0, swa_polarizability_weight=1.0, polarizability_weight=1.0, config_type_weights='{"Default":1.0}', huber_delta=0.01, optimizer='adam', beta=0.9, beta1_schedulefree=0.9, beta2_schedulefree=0.98, batch_size=4, valid_batch_size=4, lr=0.01, swa_lr=0.001, weight_decay=5e-07, lr_params_factors='{"embedding_lr_factor": 1.0, "interactions_lr_factor": 1.0, "products_lr_factor": 1.0, "readouts_lr_factor": 1.0}', freeze=None, amsgrad=True, scheduler='ReduceLROnPlateau', lr_factor=0.8, scheduler_patience=50, lr_scheduler_gamma=0.9993, swa=False, start_swa=None, lbfgs=False, ema=True, ema_decay=0.99, max_num_epochs=60, patience=2048, foundation_model=None, foundation_model_kwargs='{}', foundation_model_readout=True, eval_interval=1, keep_checkpoints=False, save_all_checkpoints=False, restart_latest=False, save_cpu=False, clip_grad=10.0, dry_run=False, enable_cueq=False, only_cueq=False, enable_oeq=False, wandb=False, wandb_dir=None, wandb_project='', wandb_entity='', wandb_name='', wandb_log_hypers=['num_channels', 'max_L', 'correlation', 'lr', 'swa_lr', 'weight_decay', 'batch_size', 'max_num_epochs', 'start_swa', 'energy_weight', 'forces_weight'], key_specification=KeySpecification(info_keys={'energy': 'energy', 'stress': 'REF_stress', 'virials': 'REF_virials', 'dipole': 'dipole', 'head': 'head', 'elec_temp': 'elec_temp', 'total_charge': 'total_charge', 'polarizability': 'polarizability', 'total_spin': 'total_spin'}, arrays_keys={'forces': 'forces', 'charges': 'REF_charges'}))
2026-09-30 06:14:22.333 INFO: Using CPU
2026-09-30 06:14:22.369 DEBUG: Popen(['git', 'version'], cwd=/home/ziat1/Documents/Training/Autonomous_MultiTM_SAC_Pipeline, stdin=None, shell=False, universal_newlines=False)
2026-09-30 06:14:22.375 DEBUG: Popen(['git', 'version'], cwd=/home/ziat1/Documents/Training/Autonomous_MultiTM_SAC_Pipeline, stdin=None, shell=False, universal_newlines=False)
2026-09-30 06:14:22.378 DEBUG: sys.platform='linux', git_executable='git'
2026-09-30 06:14:22.379 DEBUG: Error accessing Git repository: /home/ziat1/Documents/Training/Autonomous_MultiTM_SAC_Pipeline
2026-09-30 06:14:22.379 INFO: ===========LOADING INPUT DATA===========
2026-09-30 06:14:22.379 INFO: Using heads: ['Default']
2026-09-30 06:14:22.379 INFO: Using the key specifications to parse data:
2026-09-30 06:14:22.379 INFO: Default: KeySpecification(info_keys={'energy': 'energy', 'stress': 'REF_stress', 'virials': 'REF_virials', 'dipole': 'dipole', 'head': 'head', 'elec_temp': 'elec_temp', 'total_charge': 'total_charge', 'polarizability': 'polarizability', 'total_spin': 'total_spin'}, arrays_keys={'forces': 'forces', 'charges': 'REF_charges'})
2026-09-30 06:14:22.379 INFO: =============    Processing head Default     ===========
2026-09-30 06:14:22.379 DEBUG: Loading training file: mace_train.xyz
2026-09-30 06:14:22.435 WARNING: Since ASE version 3.23.0b1, using energy_key 'energy' is no longer safe when communicating between MACE and ASE. We recommend using a different key, rewriting 'energy' to 'REF_energy'. You need to use --energy_key='REF_energy' to specify the chosen key name.
2026-09-30 06:14:22.444 WARNING: Since ASE version 3.23.0b1, using forces_key 'forces' is no longer safe when communicating between MACE and ASE. We recommend using a different key, rewriting 'forces' to 'REF_forces'. You need to use --forces_key='REF_forces' to specify the chosen key name.
2026-09-30 06:14:22.455 INFO: Training set 1/1 [energy: 139, stress: 0, virials: 0, dipole components: 0, head: 139, elec_temp: 0, total_charge: 0, polarizability: 0, total_spin: 0, forces: 139, charges: 0]
2026-09-30 06:14:22.456 INFO: Total Training set [energy: 139, stress: 0, virials: 0, dipole components: 0, head: 139, elec_temp: 0, total_charge: 0, polarizability: 0, total_spin: 0, forces: 139, charges: 0]
2026-09-30 06:14:22.471 WARNING: Since ASE version 3.23.0b1, using energy_key 'energy' is no longer safe when communicating between MACE and ASE. We recommend using a different key, rewriting 'energy' to 'REF_energy'. You need to use --energy_key='REF_energy' to specify the chosen key name.
2026-09-30 06:14:22.473 WARNING: Since ASE version 3.23.0b1, using forces_key 'forces' is no longer safe when communicating between MACE and ASE. We recommend using a different key, rewriting 'forces' to 'REF_forces'. You need to use --forces_key='REF_forces' to specify the chosen key name.
2026-09-30 06:14:22.475 INFO: Validation set 1/1 [energy: 25, stress: 0, virials: 0, dipole components: 0, head: 25, elec_temp: 0, total_charge: 0, polarizability: 0, total_spin: 0, forces: 25, charges: 0]
2026-09-30 06:14:22.475 INFO: Total Validation set [energy: 25, stress: 0, virials: 0, dipole components: 0, head: 25, elec_temp: 0, total_charge: 0, polarizability: 0, total_spin: 0, forces: 25, charges: 0]
2026-09-30 06:14:22.475 INFO: Total number of configurations: train=139, valid=25, tests=[],
2026-09-30 06:14:22.475 INFO: Using atomic numbers from command line argument
2026-09-30 06:14:22.475 INFO: Atomic Numbers used: [1, 6, 7, 27, 28, 46]
2026-09-30 06:14:22.475 INFO: Isolated Atomic Energies (E0s) not in training file, using command line argument
2026-09-30 06:14:22.475 INFO: Computing average Atomic Energies using least squares regression
2026-09-30 06:14:22.478 INFO: Atomic Energies used (z: eV) for head Default: {1: -6.912162341569548, 6: -8.8759878701256, 7: -8.912620422477351, 27: -0.5844965310214976, 28: 1.0380724608658358, 46: -0.8166087521423394}
2026-09-30 06:14:22.478 INFO: Processing datasets for head 'Default'
2026-09-30 06:14:22.569 DEBUG: Successfully loaded dataset from ASE files: ['mace_train.xyz']
2026-09-30 06:14:22.569 INFO: Combining 1 list datasets for head 'Default'
2026-09-30 06:14:22.583 DEBUG: Successfully loaded validation dataset from ASE files: ['mace_val.xyz']
2026-09-30 06:14:22.583 INFO: Combining 1 list datasets for head 'Default_valid'
2026-09-30 06:14:22.583 INFO: Combined validation datasets for Default
2026-09-30 06:14:22.583 INFO: Head 'Default' training dataset size: 139
2026-09-30 06:14:22.584 INFO: Computing average number of neighbors
2026-09-30 06:14:22.635 INFO: Average number of neighbors: 29.64822769165039
2026-09-30 06:14:22.635 INFO: During training the following quantities will be reported: energy, forces
2026-09-30 06:14:22.635 INFO: ===========MODEL DETAILS===========
2026-09-30 06:14:22.689 INFO: Building model
2026-09-30 06:14:22.689 INFO: Message passing with 64 channels and max_L=1 (64x0e + 64x1o)
2026-09-30 06:14:22.689 INFO: 2 layers, each with correlation order: 3 (body order: 4) and spherical harmonics up to: l=3
2026-09-30 06:14:22.689 INFO: 8 radial and 5 basis functions
2026-09-30 06:14:22.689 INFO: Radial cutoff: 5.0 A (total receptive field for each atom: 10.0 A)
2026-09-30 06:14:22.689 INFO: Distance transform for radial basis functions: None
2026-09-30 06:14:22.689 INFO: Hidden irreps: 64x0e + 64x1o
2026-09-30 06:14:23.626 INFO: ===========OPTIMIZER INFORMATION===========
2026-09-30 06:14:23.626 INFO: Using ADAM as parameter optimizer
2026-09-30 06:14:23.626 INFO: Batch size: 4
2026-09-30 06:14:23.626 INFO: Using Exponential Moving Average with decay: 0.99
2026-09-30 06:14:23.626 INFO: Number of gradient updates: 2085
2026-09-30 06:14:23.626 INFO: Learning rate: 0.01, weight decay: 5e-07
2026-09-30 06:14:23.626 INFO: WeightedEnergyForcesLoss(energy_weight=1.000, forces_weight=10.000)
2026-09-30 06:14:23.626 INFO: === Layer's learning rates ===
2026-09-30 06:14:23.627 INFO: Param group 0: lr = 0.01
2026-09-30 06:14:23.627 INFO: Param group 1: lr = 0.01
2026-09-30 06:14:23.627 INFO: Param group 2: lr = 0.01
2026-09-30 06:14:23.627 INFO: Param group 3: lr = 0.01
2026-09-30 06:14:23.627 INFO: Param group 4: lr = 0.01
2026-09-30 06:14:23.627 INFO: Using gradient clipping with tolerance=10.000
2026-09-30 06:14:23.628 INFO: 
2026-09-30 06:14:23.628 INFO: ===========TRAINING===========
2026-09-30 06:14:23.628 INFO: Started training, reporting errors on validation set
2026-09-30 06:14:23.628 INFO: Loss metrics on validation set
2026-09-30 06:14:25.980 INFO: Initial: head: Default, loss=12.78070641, RMSE_E_per_atom=  785.85 meV, RMSE_F= 2245.17 meV / A
2026-09-30 06:15:03.299 INFO: Epoch 0: head: Default, loss=1.08471835, RMSE_E_per_atom=  206.79 meV, RMSE_F=  633.57 meV / A
2026-09-30 06:15:03.301 DEBUG: Saving checkpoint: ./checkpoints/mace_multitm_model_run-123_epoch-0.pt
2026-09-30 06:15:40.649 INFO: Epoch 1: head: Default, loss=0.53114504, RMSE_E_per_atom=   69.52 meV, RMSE_F=  448.66 meV / A
2026-09-30 06:15:40.650 DEBUG: Deleting old checkpoint file: ./checkpoints/mace_multitm_model_run-123_epoch-0.pt
2026-09-30 06:15:40.651 DEBUG: Saving checkpoint: ./checkpoints/mace_multitm_model_run-123_epoch-1.pt
2026-09-30 06:16:17.940 INFO: Epoch 2: head: Default, loss=0.22474563, RMSE_E_per_atom=   59.68 meV, RMSE_F=  297.43 meV / A
2026-09-30 06:16:17.941 DEBUG: Deleting old checkpoint file: ./checkpoints/mace_multitm_model_run-123_epoch-1.pt
2026-09-30 06:16:17.942 DEBUG: Saving checkpoint: ./checkpoints/mace_multitm_model_run-123_epoch-2.pt
2026-09-30 06:16:55.693 INFO: Epoch 3: head: Default, loss=0.16975582, RMSE_E_per_atom=   56.00 meV, RMSE_F=  258.61 meV / A
2026-09-30 06:16:55.695 DEBUG: Deleting old checkpoint file: ./checkpoints/mace_multitm_model_run-123_epoch-2.pt
2026-09-30 06:16:55.696 DEBUG: Saving checkpoint: ./checkpoints/mace_multitm_model_run-123_epoch-3.pt
2026-09-30 06:17:33.576 INFO: Epoch 4: head: Default, loss=0.14077471, RMSE_E_per_atom=   53.82 meV, RMSE_F=  235.49 meV / A
2026-09-30 06:17:33.578 DEBUG: Deleting old checkpoint file: ./checkpoints/mace_multitm_model_run-123_epoch-3.pt
2026-09-30 06:17:33.579 DEBUG: Saving checkpoint: ./checkpoints/mace_multitm_model_run-123_epoch-4.pt
2026-09-30 06:18:10.902 INFO: Epoch 5: head: Default, loss=0.11220144, RMSE_E_per_atom=   48.66 meV, RMSE_F=  210.09 meV / A
2026-09-30 06:18:10.904 DEBUG: Deleting old checkpoint file: ./checkpoints/mace_multitm_model_run-123_epoch-4.pt
2026-09-30 06:18:10.905 DEBUG: Saving checkpoint: ./checkpoints/mace_multitm_model_run-123_epoch-5.pt
2026-09-30 06:18:48.739 INFO: Epoch 6: head: Default, loss=0.09288578, RMSE_E_per_atom=   45.19 meV, RMSE_F=  191.09 meV / A
2026-09-30 06:18:48.741 DEBUG: Deleting old checkpoint file: ./checkpoints/mace_multitm_model_run-123_epoch-5.pt
2026-09-30 06:18:48.742 DEBUG: Saving checkpoint: ./checkpoints/mace_multitm_model_run-123_epoch-6.pt
2026-09-30 06:19:26.332 INFO: Epoch 7: head: Default, loss=0.07953974, RMSE_E_per_atom=   40.78 meV, RMSE_F=  176.95 meV / A
2026-09-30 06:19:26.334 DEBUG: Deleting old checkpoint file: ./checkpoints/mace_multitm_model_run-123_epoch-6.pt
2026-09-30 06:19:26.335 DEBUG: Saving checkpoint: ./checkpoints/mace_multitm_model_run-123_epoch-7.pt
2026-09-30 06:20:03.734 INFO: Epoch 8: head: Default, loss=0.06700392, RMSE_E_per_atom=   37.54 meV, RMSE_F=  162.49 meV / A
2026-09-30 06:20:03.737 DEBUG: Deleting old checkpoint file: ./checkpoints/mace_multitm_model_run-123_epoch-7.pt
2026-09-30 06:20:03.738 DEBUG: Saving checkpoint: ./checkpoints/mace_multitm_model_run-123_epoch-8.pt
2026-09-30 06:20:41.164 INFO: Epoch 9: head: Default, loss=0.05950297, RMSE_E_per_atom=   33.90 meV, RMSE_F=  153.33 meV / A
2026-09-30 06:20:41.166 DEBUG: Deleting old checkpoint file: ./checkpoints/mace_multitm_model_run-123_epoch-8.pt
2026-09-30 06:20:41.167 DEBUG: Saving checkpoint: ./checkpoints/mace_multitm_model_run-123_epoch-9.pt
2026-09-30 06:21:18.603 INFO: Epoch 10: head: Default, loss=0.05449599, RMSE_E_per_atom=   30.77 meV, RMSE_F=  146.87 meV / A
2026-09-30 06:21:18.604 DEBUG: Deleting old checkpoint file: ./checkpoints/mace_multitm_model_run-123_epoch-9.pt
2026-09-30 06:21:18.605 DEBUG: Saving checkpoint: ./checkpoints/mace_multitm_model_run-123_epoch-10.pt
2026-09-30 06:21:56.258 INFO: Epoch 11: head: Default, loss=0.04852412, RMSE_E_per_atom=   29.07 meV, RMSE_F=  138.61 meV / A
2026-09-30 06:21:56.274 DEBUG: Deleting old checkpoint file: ./checkpoints/mace_multitm_model_run-123_epoch-10.pt
2026-09-30 06:21:56.275 DEBUG: Saving checkpoint: ./checkpoints/mace_multitm_model_run-123_epoch-11.pt
2026-09-30 06:22:33.721 INFO: Epoch 12: head: Default, loss=0.04457973, RMSE_E_per_atom=   26.65 meV, RMSE_F=  132.89 meV / A
2026-09-30 06:22:33.723 DEBUG: Deleting old checkpoint file: ./checkpoints/mace_multitm_model_run-123_epoch-11.pt
2026-09-30 06:22:33.724 DEBUG: Saving checkpoint: ./checkpoints/mace_multitm_model_run-123_epoch-12.pt
2026-09-30 06:23:11.331 INFO: Epoch 13: head: Default, loss=0.04148337, RMSE_E_per_atom=   25.08 meV, RMSE_F=  128.22 meV / A
2026-09-30 06:23:11.333 DEBUG: Deleting old checkpoint file: ./checkpoints/mace_multitm_model_run-123_epoch-12.pt
2026-09-30 06:23:11.334 DEBUG: Saving checkpoint: ./checkpoints/mace_multitm_model_run-123_epoch-13.pt
2026-09-30 06:23:49.321 INFO: Epoch 14: head: Default, loss=0.03795141, RMSE_E_per_atom=   24.18 meV, RMSE_F=  122.63 meV / A
2026-09-30 06:23:49.323 DEBUG: Deleting old checkpoint file: ./checkpoints/mace_multitm_model_run-123_epoch-13.pt
2026-09-30 06:23:49.324 DEBUG: Saving checkpoint: ./checkpoints/mace_multitm_model_run-123_epoch-14.pt
2026-09-30 06:24:26.883 INFO: Epoch 15: head: Default, loss=0.03596745, RMSE_E_per_atom=   22.80 meV, RMSE_F=  119.37 meV / A
2026-09-30 06:24:26.885 DEBUG: Deleting old checkpoint file: ./checkpoints/mace_multitm_model_run-123_epoch-14.pt
2026-09-30 06:24:26.886 DEBUG: Saving checkpoint: ./checkpoints/mace_multitm_model_run-123_epoch-15.pt
2026-09-30 06:25:04.634 INFO: Epoch 16: head: Default, loss=0.03398940, RMSE_E_per_atom=   21.83 meV, RMSE_F=  116.02 meV / A
2026-09-30 06:25:04.637 DEBUG: Deleting old checkpoint file: ./checkpoints/mace_multitm_model_run-123_epoch-15.pt
2026-09-30 06:25:04.638 DEBUG: Saving checkpoint: ./checkpoints/mace_multitm_model_run-123_epoch-16.pt
2026-09-30 06:25:42.125 INFO: Epoch 17: head: Default, loss=0.03252187, RMSE_E_per_atom=   21.09 meV, RMSE_F=  113.46 meV / A
2026-09-30 06:25:42.127 DEBUG: Deleting old checkpoint file: ./checkpoints/mace_multitm_model_run-123_epoch-16.pt
2026-09-30 06:25:42.128 DEBUG: Saving checkpoint: ./checkpoints/mace_multitm_model_run-123_epoch-17.pt
2026-09-30 06:26:19.547 INFO: Epoch 18: head: Default, loss=0.03108242, RMSE_E_per_atom=   20.35 meV, RMSE_F=  110.92 meV / A
2026-09-30 06:26:19.548 DEBUG: Deleting old checkpoint file: ./checkpoints/mace_multitm_model_run-123_epoch-17.pt
2026-09-30 06:26:19.549 DEBUG: Saving checkpoint: ./checkpoints/mace_multitm_model_run-123_epoch-18.pt
2026-09-30 06:26:57.412 INFO: Epoch 19: head: Default, loss=0.02965903, RMSE_E_per_atom=   19.39 meV, RMSE_F=  108.36 meV / A
2026-09-30 06:26:57.416 DEBUG: Deleting old checkpoint file: ./checkpoints/mace_multitm_model_run-123_epoch-18.pt
2026-09-30 06:26:57.417 DEBUG: Saving checkpoint: ./checkpoints/mace_multitm_model_run-123_epoch-19.pt
2026-09-30 06:27:35.229 INFO: Epoch 20: head: Default, loss=0.02875571, RMSE_E_per_atom=   18.83 meV, RMSE_F=  106.69 meV / A
2026-09-30 06:27:35.231 DEBUG: Deleting old checkpoint file: ./checkpoints/mace_multitm_model_run-123_epoch-19.pt
2026-09-30 06:27:35.232 DEBUG: Saving checkpoint: ./checkpoints/mace_multitm_model_run-123_epoch-20.pt
2026-09-30 06:28:13.271 INFO: Epoch 21: head: Default, loss=0.02863415, RMSE_E_per_atom=   17.90 meV, RMSE_F=  106.46 meV / A
2026-09-30 06:28:13.272 DEBUG: Deleting old checkpoint file: ./checkpoints/mace_multitm_model_run-123_epoch-20.pt
2026-09-30 06:28:13.273 DEBUG: Saving checkpoint: ./checkpoints/mace_multitm_model_run-123_epoch-21.pt
2026-09-30 06:28:51.125 INFO: Epoch 22: head: Default, loss=0.02827019, RMSE_E_per_atom=   16.83 meV, RMSE_F=  105.85 meV / A
2026-09-30 06:28:51.126 DEBUG: Deleting old checkpoint file: ./checkpoints/mace_multitm_model_run-123_epoch-21.pt
2026-09-30 06:28:51.128 DEBUG: Saving checkpoint: ./checkpoints/mace_multitm_model_run-123_epoch-22.pt
2026-09-30 06:29:28.862 INFO: Epoch 23: head: Default, loss=0.02713176, RMSE_E_per_atom=   16.40 meV, RMSE_F=  103.69 meV / A
2026-09-30 06:29:28.863 DEBUG: Deleting old checkpoint file: ./checkpoints/mace_multitm_model_run-123_epoch-22.pt
2026-09-30 06:29:28.864 DEBUG: Saving checkpoint: ./checkpoints/mace_multitm_model_run-123_epoch-23.pt
2026-09-30 06:30:06.404 INFO: Epoch 24: head: Default, loss=0.02631609, RMSE_E_per_atom=   16.48 meV, RMSE_F=  102.09 meV / A
2026-09-30 06:30:06.406 DEBUG: Deleting old checkpoint file: ./checkpoints/mace_multitm_model_run-123_epoch-23.pt
2026-09-30 06:30:06.407 DEBUG: Saving checkpoint: ./checkpoints/mace_multitm_model_run-123_epoch-24.pt
2026-09-30 06:30:44.143 INFO: Epoch 25: head: Default, loss=0.02524593, RMSE_E_per_atom=   16.17 meV, RMSE_F=  100.00 meV / A
2026-09-30 06:30:44.149 DEBUG: Deleting old checkpoint file: ./checkpoints/mace_multitm_model_run-123_epoch-24.pt
2026-09-30 06:30:44.150 DEBUG: Saving checkpoint: ./checkpoints/mace_multitm_model_run-123_epoch-25.pt
2026-09-30 06:31:21.603 INFO: Epoch 26: head: Default, loss=0.02461182, RMSE_E_per_atom=   15.92 meV, RMSE_F=   98.71 meV / A
2026-09-30 06:31:21.604 DEBUG: Deleting old checkpoint file: ./checkpoints/mace_multitm_model_run-123_epoch-25.pt
2026-09-30 06:31:21.605 DEBUG: Saving checkpoint: ./checkpoints/mace_multitm_model_run-123_epoch-26.pt
2026-09-30 06:31:59.503 INFO: Epoch 27: head: Default, loss=0.02365352, RMSE_E_per_atom=   15.79 meV, RMSE_F=   96.72 meV / A
2026-09-30 06:31:59.505 DEBUG: Deleting old checkpoint file: ./checkpoints/mace_multitm_model_run-123_epoch-26.pt
2026-09-30 06:31:59.506 DEBUG: Saving checkpoint: ./checkpoints/mace_multitm_model_run-123_epoch-27.pt
2026-09-30 06:32:36.984 INFO: Epoch 28: head: Default, loss=0.02307921, RMSE_E_per_atom=   15.55 meV, RMSE_F=   95.52 meV / A
2026-09-30 06:32:36.986 DEBUG: Deleting old checkpoint file: ./checkpoints/mace_multitm_model_run-123_epoch-27.pt
2026-09-30 06:32:36.987 DEBUG: Saving checkpoint: ./checkpoints/mace_multitm_model_run-123_epoch-28.pt
2026-09-30 06:33:14.684 INFO: Epoch 29: head: Default, loss=0.02263104, RMSE_E_per_atom=   15.23 meV, RMSE_F=   94.57 meV / A
2026-09-30 06:33:14.685 DEBUG: Deleting old checkpoint file: ./checkpoints/mace_multitm_model_run-123_epoch-28.pt
2026-09-30 06:33:14.686 DEBUG: Saving checkpoint: ./checkpoints/mace_multitm_model_run-123_epoch-29.pt
2026-09-30 06:33:52.082 INFO: Epoch 30: head: Default, loss=0.02169702, RMSE_E_per_atom=   15.37 meV, RMSE_F=   92.62 meV / A
2026-09-30 06:33:52.083 DEBUG: Deleting old checkpoint file: ./checkpoints/mace_multitm_model_run-123_epoch-29.pt
2026-09-30 06:33:52.084 DEBUG: Saving checkpoint: ./checkpoints/mace_multitm_model_run-123_epoch-30.pt
2026-09-30 06:34:29.228 INFO: Epoch 31: head: Default, loss=0.02077205, RMSE_E_per_atom=   14.81 meV, RMSE_F=   90.63 meV / A
2026-09-30 06:34:29.230 DEBUG: Deleting old checkpoint file: ./checkpoints/mace_multitm_model_run-123_epoch-30.pt
2026-09-30 06:34:29.231 DEBUG: Saving checkpoint: ./checkpoints/mace_multitm_model_run-123_epoch-31.pt
2026-09-30 06:35:06.684 INFO: Epoch 32: head: Default, loss=0.01977212, RMSE_E_per_atom=   14.55 meV, RMSE_F=   88.39 meV / A
2026-09-30 06:35:06.686 DEBUG: Deleting old checkpoint file: ./checkpoints/mace_multitm_model_run-123_epoch-31.pt
2026-09-30 06:35:06.687 DEBUG: Saving checkpoint: ./checkpoints/mace_multitm_model_run-123_epoch-32.pt
2026-09-30 06:35:44.343 INFO: Epoch 33: head: Default, loss=0.01936326, RMSE_E_per_atom=   14.59 meV, RMSE_F=   87.52 meV / A
2026-09-30 06:35:44.345 DEBUG: Deleting old checkpoint file: ./checkpoints/mace_multitm_model_run-123_epoch-32.pt
2026-09-30 06:35:44.346 DEBUG: Saving checkpoint: ./checkpoints/mace_multitm_model_run-123_epoch-33.pt
2026-09-30 06:36:22.018 INFO: Epoch 34: head: Default, loss=0.01878785, RMSE_E_per_atom=   14.34 meV, RMSE_F=   86.19 meV / A
2026-09-30 06:36:22.020 DEBUG: Deleting old checkpoint file: ./checkpoints/mace_multitm_model_run-123_epoch-33.pt
2026-09-30 06:36:22.021 DEBUG: Saving checkpoint: ./checkpoints/mace_multitm_model_run-123_epoch-34.pt
2026-09-30 06:36:59.298 INFO: Epoch 35: head: Default, loss=0.01808505, RMSE_E_per_atom=   14.15 meV, RMSE_F=   84.57 meV / A
2026-09-30 06:36:59.313 DEBUG: Deleting old checkpoint file: ./checkpoints/mace_multitm_model_run-123_epoch-34.pt
2026-09-30 06:36:59.314 DEBUG: Saving checkpoint: ./checkpoints/mace_multitm_model_run-123_epoch-35.pt
2026-09-30 06:37:36.265 INFO: Epoch 36: head: Default, loss=0.01755009, RMSE_E_per_atom=   13.98 meV, RMSE_F=   83.30 meV / A
2026-09-30 06:37:36.271 DEBUG: Deleting old checkpoint file: ./checkpoints/mace_multitm_model_run-123_epoch-35.pt
2026-09-30 06:37:36.272 DEBUG: Saving checkpoint: ./checkpoints/mace_multitm_model_run-123_epoch-36.pt
2026-09-30 06:38:13.820 INFO: Epoch 37: head: Default, loss=0.01694360, RMSE_E_per_atom=   13.73 meV, RMSE_F=   81.84 meV / A
2026-09-30 06:38:13.821 DEBUG: Deleting old checkpoint file: ./checkpoints/mace_multitm_model_run-123_epoch-36.pt
2026-09-30 06:38:13.822 DEBUG: Saving checkpoint: ./checkpoints/mace_multitm_model_run-123_epoch-37.pt
2026-09-30 06:38:51.536 INFO: Epoch 38: head: Default, loss=0.01649886, RMSE_E_per_atom=   13.40 meV, RMSE_F=   80.80 meV / A
2026-09-30 06:38:51.537 DEBUG: Deleting old checkpoint file: ./checkpoints/mace_multitm_model_run-123_epoch-37.pt
2026-09-30 06:38:51.539 DEBUG: Saving checkpoint: ./checkpoints/mace_multitm_model_run-123_epoch-38.pt
2026-09-30 06:39:29.216 INFO: Epoch 39: head: Default, loss=0.01603703, RMSE_E_per_atom=   13.14 meV, RMSE_F=   79.66 meV / A
2026-09-30 06:39:29.217 DEBUG: Deleting old checkpoint file: ./checkpoints/mace_multitm_model_run-123_epoch-38.pt
2026-09-30 06:39:29.218 DEBUG: Saving checkpoint: ./checkpoints/mace_multitm_model_run-123_epoch-39.pt
2026-09-30 06:40:06.655 INFO: Epoch 40: head: Default, loss=0.01555280, RMSE_E_per_atom=   13.25 meV, RMSE_F=   78.43 meV / A
2026-09-30 06:40:06.657 DEBUG: Deleting old checkpoint file: ./checkpoints/mace_multitm_model_run-123_epoch-39.pt
2026-09-30 06:40:06.658 DEBUG: Saving checkpoint: ./checkpoints/mace_multitm_model_run-123_epoch-40.pt
2026-09-30 06:40:44.149 INFO: Epoch 41: head: Default, loss=0.01527307, RMSE_E_per_atom=   12.73 meV, RMSE_F=   77.75 meV / A
2026-09-30 06:40:44.151 DEBUG: Deleting old checkpoint file: ./checkpoints/mace_multitm_model_run-123_epoch-40.pt
2026-09-30 06:40:44.151 DEBUG: Saving checkpoint: ./checkpoints/mace_multitm_model_run-123_epoch-41.pt
2026-09-30 06:41:21.153 INFO: Epoch 42: head: Default, loss=0.01489672, RMSE_E_per_atom=   12.21 meV, RMSE_F=   76.77 meV / A
2026-09-30 06:41:21.155 DEBUG: Deleting old checkpoint file: ./checkpoints/mace_multitm_model_run-123_epoch-41.pt
2026-09-30 06:41:21.156 DEBUG: Saving checkpoint: ./checkpoints/mace_multitm_model_run-123_epoch-42.pt
2026-09-30 06:41:58.575 INFO: Epoch 43: head: Default, loss=0.01464193, RMSE_E_per_atom=   12.11 meV, RMSE_F=   76.10 meV / A
2026-09-30 06:41:58.577 DEBUG: Deleting old checkpoint file: ./checkpoints/mace_multitm_model_run-123_epoch-42.pt
2026-09-30 06:41:58.578 DEBUG: Saving checkpoint: ./checkpoints/mace_multitm_model_run-123_epoch-43.pt
2026-09-30 06:42:36.406 INFO: Epoch 44: head: Default, loss=0.01457796, RMSE_E_per_atom=   11.88 meV, RMSE_F=   75.96 meV / A
2026-09-30 06:42:36.408 DEBUG: Deleting old checkpoint file: ./checkpoints/mace_multitm_model_run-123_epoch-43.pt
2026-09-30 06:42:36.409 DEBUG: Saving checkpoint: ./checkpoints/mace_multitm_model_run-123_epoch-44.pt
2026-09-30 06:43:14.673 INFO: Epoch 45: head: Default, loss=0.01476531, RMSE_E_per_atom=   12.04 meV, RMSE_F=   76.41 meV / A
2026-09-30 06:43:52.487 INFO: Epoch 46: head: Default, loss=0.01459234, RMSE_E_per_atom=   12.06 meV, RMSE_F=   76.01 meV / A
2026-09-30 06:44:30.319 INFO: Epoch 47: head: Default, loss=0.01434809, RMSE_E_per_atom=   11.85 meV, RMSE_F=   75.40 meV / A
2026-09-30 06:44:30.320 DEBUG: Deleting old checkpoint file: ./checkpoints/mace_multitm_model_run-123_epoch-44.pt
2026-09-30 06:44:30.321 DEBUG: Saving checkpoint: ./checkpoints/mace_multitm_model_run-123_epoch-47.pt
2026-09-30 06:45:08.003 INFO: Epoch 48: head: Default, loss=0.01426791, RMSE_E_per_atom=   12.32 meV, RMSE_F=   75.17 meV / A
2026-09-30 06:45:08.005 DEBUG: Deleting old checkpoint file: ./checkpoints/mace_multitm_model_run-123_epoch-47.pt
2026-09-30 06:45:08.007 DEBUG: Saving checkpoint: ./checkpoints/mace_multitm_model_run-123_epoch-48.pt
2026-09-30 06:45:46.034 INFO: Epoch 49: head: Default, loss=0.01421871, RMSE_E_per_atom=   12.53 meV, RMSE_F=   75.05 meV / A
2026-09-30 06:45:46.036 DEBUG: Deleting old checkpoint file: ./checkpoints/mace_multitm_model_run-123_epoch-48.pt
2026-09-30 06:45:46.037 DEBUG: Saving checkpoint: ./checkpoints/mace_multitm_model_run-123_epoch-49.pt
2026-09-30 06:46:23.492 INFO: Epoch 50: head: Default, loss=0.01406814, RMSE_E_per_atom=   13.04 meV, RMSE_F=   74.63 meV / A
2026-09-30 06:46:23.494 DEBUG: Deleting old checkpoint file: ./checkpoints/mace_multitm_model_run-123_epoch-49.pt
2026-09-30 06:46:23.495 DEBUG: Saving checkpoint: ./checkpoints/mace_multitm_model_run-123_epoch-50.pt
2026-09-30 06:47:00.904 INFO: Epoch 51: head: Default, loss=0.01378968, RMSE_E_per_atom=   13.03 meV, RMSE_F=   73.86 meV / A
2026-09-30 06:47:00.906 DEBUG: Deleting old checkpoint file: ./checkpoints/mace_multitm_model_run-123_epoch-50.pt
2026-09-30 06:47:00.907 DEBUG: Saving checkpoint: ./checkpoints/mace_multitm_model_run-123_epoch-51.pt
2026-09-30 06:47:37.814 INFO: Epoch 52: head: Default, loss=0.01333368, RMSE_E_per_atom=   12.67 meV, RMSE_F=   72.62 meV / A
2026-09-30 06:47:37.816 DEBUG: Deleting old checkpoint file: ./checkpoints/mace_multitm_model_run-123_epoch-51.pt
2026-09-30 06:47:37.817 DEBUG: Saving checkpoint: ./checkpoints/mace_multitm_model_run-123_epoch-52.pt
2026-09-30 06:48:14.676 INFO: Epoch 53: head: Default, loss=0.01302355, RMSE_E_per_atom=   12.33 meV, RMSE_F=   71.76 meV / A
2026-09-30 06:48:14.678 DEBUG: Deleting old checkpoint file: ./checkpoints/mace_multitm_model_run-123_epoch-52.pt
2026-09-30 06:48:14.679 DEBUG: Saving checkpoint: ./checkpoints/mace_multitm_model_run-123_epoch-53.pt
2026-09-30 06:48:52.239 INFO: Epoch 54: head: Default, loss=0.01275394, RMSE_E_per_atom=   12.15 meV, RMSE_F=   71.04 meV / A
2026-09-30 06:48:52.242 DEBUG: Deleting old checkpoint file: ./checkpoints/mace_multitm_model_run-123_epoch-53.pt
2026-09-30 06:48:52.243 DEBUG: Saving checkpoint: ./checkpoints/mace_multitm_model_run-123_epoch-54.pt
2026-09-30 06:49:29.280 INFO: Epoch 55: head: Default, loss=0.01248434, RMSE_E_per_atom=   12.16 meV, RMSE_F=   70.27 meV / A
2026-09-30 06:49:29.281 DEBUG: Deleting old checkpoint file: ./checkpoints/mace_multitm_model_run-123_epoch-54.pt
2026-09-30 06:49:29.282 DEBUG: Saving checkpoint: ./checkpoints/mace_multitm_model_run-123_epoch-55.pt
2026-09-30 06:50:07.154 INFO: Epoch 56: head: Default, loss=0.01218280, RMSE_E_per_atom=   12.16 meV, RMSE_F=   69.41 meV / A
2026-09-30 06:50:07.156 DEBUG: Deleting old checkpoint file: ./checkpoints/mace_multitm_model_run-123_epoch-55.pt
2026-09-30 06:50:07.157 DEBUG: Saving checkpoint: ./checkpoints/mace_multitm_model_run-123_epoch-56.pt
2026-09-30 06:50:45.176 INFO: Epoch 57: head: Default, loss=0.01196694, RMSE_E_per_atom=   12.22 meV, RMSE_F=   68.81 meV / A
2026-09-30 06:50:45.178 DEBUG: Deleting old checkpoint file: ./checkpoints/mace_multitm_model_run-123_epoch-56.pt
2026-09-30 06:50:45.179 DEBUG: Saving checkpoint: ./checkpoints/mace_multitm_model_run-123_epoch-57.pt
2026-09-30 06:51:22.966 INFO: Epoch 58: head: Default, loss=0.01188785, RMSE_E_per_atom=   12.03 meV, RMSE_F=   68.57 meV / A
2026-09-30 06:51:22.968 DEBUG: Deleting old checkpoint file: ./checkpoints/mace_multitm_model_run-123_epoch-57.pt
2026-09-30 06:51:22.969 DEBUG: Saving checkpoint: ./checkpoints/mace_multitm_model_run-123_epoch-58.pt
2026-09-30 06:52:00.712 INFO: Epoch 59: head: Default, loss=0.01162034, RMSE_E_per_atom=   12.09 meV, RMSE_F=   67.78 meV / A
2026-09-30 06:52:00.714 DEBUG: Deleting old checkpoint file: ./checkpoints/mace_multitm_model_run-123_epoch-58.pt
2026-09-30 06:52:00.715 DEBUG: Saving checkpoint: ./checkpoints/mace_multitm_model_run-123_epoch-59.pt
2026-09-30 06:52:00.732 INFO: Training complete
2026-09-30 06:52:00.732 INFO: 
2026-09-30 06:52:00.732 INFO: ===========RESULTS===========
2026-09-30 06:52:00.732 INFO: Loading checkpoint: ./checkpoints/mace_multitm_model_run-123_epoch-59.pt
2026-09-30 06:52:00.748 INFO: Loaded Stage one model from epoch 59 for evaluation
2026-09-30 06:52:00.749 INFO: Saving model to checkpoints/mace_multitm_model_run-123.model
2026-09-30 06:52:00.915 INFO: Compiling model, saving metadata to mace_multitm_model_compiled.model
2026-09-30 06:52:01.521 INFO: Computing metrics for training, validation, and test sets
2026-09-30 06:52:01.521 INFO: Skipping evaluation for heads: ['pt_head']
2026-09-30 06:52:01.521 INFO: Evaluating train_Default ...
2026-09-30 06:52:11.678 INFO: Evaluating valid_Default ...
2026-09-30 06:52:13.593 INFO: Error-table on TRAIN and VALID:
+---------------+---------------------+------------------+-------------------+
|  config_type  | RMSE E / meV / atom | RMSE F / meV / A | relative F RMSE % |
+---------------+---------------------+------------------+-------------------+
| train_Default |           17.0      |         54.5     |          2.44     |
| valid_Default |           12.1      |         67.8     |          3.04     |
+---------------+---------------------+------------------+-------------------+
2026-09-30 06:52:13.593 DEBUG: Running inference on train_Default dataset
2026-09-30 06:52:23.872 DEBUG: Running inference on valid_Default dataset
2026-09-30 06:52:26.011 DEBUG: STREAM b'IHDR' 16 13
2026-09-30 06:52:26.011 DEBUG: STREAM b'sBIT' 41 4
2026-09-30 06:52:26.011 DEBUG: b'sBIT' 41 4 (unknown)
2026-09-30 06:52:26.011 DEBUG: STREAM b'pHYs' 57 9
2026-09-30 06:52:26.011 DEBUG: STREAM b'IDAT' 78 1189
2026-09-30 06:52:26.013 DEBUG: STREAM b'IHDR' 16 13
2026-09-30 06:52:26.013 DEBUG: STREAM b'sBIT' 41 4
2026-09-30 06:52:26.013 DEBUG: b'sBIT' 41 4 (unknown)
2026-09-30 06:52:26.013 DEBUG: STREAM b'pHYs' 57 9
2026-09-30 06:52:26.013 DEBUG: STREAM b'IDAT' 78 2994
2026-09-30 06:52:26.037 DEBUG: STREAM b'IHDR' 16 13
2026-09-30 06:52:26.037 DEBUG: STREAM b'sBIT' 41 4
2026-09-30 06:52:26.037 DEBUG: b'sBIT' 41 4 (unknown)
2026-09-30 06:52:26.037 DEBUG: STREAM b'pHYs' 57 9
2026-09-30 06:52:26.037 DEBUG: STREAM b'IDAT' 78 374
2026-09-30 06:52:26.038 DEBUG: STREAM b'IHDR' 16 13
2026-09-30 06:52:26.038 DEBUG: STREAM b'sBIT' 41 4
2026-09-30 06:52:26.038 DEBUG: b'sBIT' 41 4 (unknown)
2026-09-30 06:52:26.038 DEBUG: STREAM b'pHYs' 57 9
2026-09-30 06:52:26.038 DEBUG: STREAM b'IDAT' 78 286
2026-09-30 06:52:26.039 DEBUG: STREAM b'IHDR' 16 13
2026-09-30 06:52:26.039 DEBUG: STREAM b'sBIT' 41 4
2026-09-30 06:52:26.039 DEBUG: b'sBIT' 41 4 (unknown)
2026-09-30 06:52:26.039 DEBUG: STREAM b'pHYs' 57 9
2026-09-30 06:52:26.039 DEBUG: STREAM b'IDAT' 78 263
2026-09-30 06:52:26.040 DEBUG: STREAM b'IHDR' 16 13
2026-09-30 06:52:26.040 DEBUG: STREAM b'sBIT' 41 4
2026-09-30 06:52:26.040 DEBUG: b'sBIT' 41 4 (unknown)
2026-09-30 06:52:26.040 DEBUG: STREAM b'pHYs' 57 9
2026-09-30 06:52:26.040 DEBUG: STREAM b'IDAT' 78 387
2026-09-30 06:52:26.041 DEBUG: STREAM b'IHDR' 16 13
2026-09-30 06:52:26.041 DEBUG: STREAM b'sBIT' 41 4
2026-09-30 06:52:26.041 DEBUG: b'sBIT' 41 4 (unknown)
2026-09-30 06:52:26.041 DEBUG: STREAM b'pHYs' 57 9
2026-09-30 06:52:26.041 DEBUG: STREAM b'IDAT' 78 436
2026-09-30 06:52:26.041 DEBUG: STREAM b'IHDR' 16 13
2026-09-30 06:52:26.042 DEBUG: STREAM b'sBIT' 41 4
2026-09-30 06:52:26.042 DEBUG: b'sBIT' 41 4 (unknown)
2026-09-30 06:52:26.042 DEBUG: STREAM b'pHYs' 57 9
2026-09-30 06:52:26.042 DEBUG: STREAM b'IDAT' 78 351
2026-09-30 06:52:26.043 DEBUG: STREAM b'IHDR' 16 13
2026-09-30 06:52:26.043 DEBUG: STREAM b'sBIT' 41 4
2026-09-30 06:52:26.043 DEBUG: b'sBIT' 41 4 (unknown)
2026-09-30 06:52:26.043 DEBUG: STREAM b'pHYs' 57 9
2026-09-30 06:52:26.043 DEBUG: STREAM b'IDAT' 78 364
2026-09-30 06:52:27.314 INFO: Done
2026-09-30 18:07:44.907 INFO: ===========VERIFYING SETTINGS===========
2026-09-30 18:07:44.908 INFO: MACE version: 0.3.16
2026-09-30 18:07:44.908 DEBUG: Configuration: Namespace(config=None, name='mace_multitm_model', seed=123, work_dir='.', log_dir='./logs', model_dir='.', checkpoints_dir='./checkpoints', results_dir='./results', downloads_dir='./downloads', device='cpu', default_dtype='float32', distributed=False, launcher='slurm', log_level='INFO', plot=True, plot_frequency=0, plot_interaction_e=False, error_table='PerAtomRMSE', model='ScaleShiftMACE', r_max=5.0, radial_type='bessel', num_radial_basis=8, num_cutoff_basis=5, pair_repulsion=False, distance_transform='None', apply_cutoff=True, use_last_readout_only=False, use_embedding_readout=False, interaction='RealAgnosticResidualInteractionBlock', interaction_first='RealAgnosticResidualInteractionBlock', max_ell=3, correlation=3, use_reduced_cg=False, use_so3=False, use_agnostic_product=False, num_interactions=2, MLP_irreps='16x0e', radial_MLP='[64, 64, 64]', hidden_irreps='64x0e + 64x1o', edge_irreps=None, use_edge_irreps_first=False, num_channels=64, max_L=1, gate='silu', kspace_cutoff_factor=1.5, atomic_multipoles_max_l=0, atomic_multipoles_smearing_width=1.0, field_feature_max_l=0, field_feature_widths='[1.0]', field_feature_norms=None, num_recursion_steps=1, field_si=False, include_electrostatic_self_interaction=False, add_local_electron_energy=False, quadrupole_feature_corrections=False, return_electrostatic_potentials=False, field_norm_factor=0.02, fixedpoint_update_config=None, field_readout_config=None, scaling='rms_forces_scaling', avg_num_neighbors=1, compute_avg_num_neighbors=True, compute_stress=False, compute_forces=True, compute_polarizability=False, compute_atomic_dipole=False, train_file='mace_train.xyz', valid_file='mace_val.xyz', valid_fraction=0.1, test_file=None, test_dir=None, multi_processed_test=False, num_workers=0, pin_memory=True, atomic_numbers='[1, 6, 7, 27, 28, 46]', mean=None, std=None, statistics_file=None, les_arguments=None, E0s='average', pseudolabel_replay=False, pseudolabel_replay_compute_stress=False, foundation_filter_elements=True, heads=None, multiheads_finetuning=True, foundation_head=None, weight_pt_head=1.0, real_pt_data_ratio_threshold=0.1, num_samples_pt=10000, force_mh_ft_lr=False, subselect_pt='random', filter_type_pt='none', allow_random_padding_pt=True, pt_train_file=None, pt_valid_file=None, foundation_model_elements=False, keep_isolated_atoms=False, lora=False, lora_rank=4, lora_alpha=1.0, energy_key='energy', forces_key='forces', virials_key='REF_virials', stress_key='REF_stress', dipole_key='dipole', polarizability_key='polarizability', head_key='head', charges_key='REF_charges', elec_temp_key='elec_temp', total_spin_key='total_spin', total_charge_key='total_charge', embedding_specs=None, skip_evaluate_heads='pt_head', loss='weighted', forces_weight=10.0, swa_forces_weight=100.0, energy_weight=1.0, swa_energy_weight=1000.0, virials_weight=1.0, swa_virials_weight=10.0, stress_weight=1.0, swa_stress_weight=10.0, dipole_weight=1.0, swa_dipole_weight=1.0, swa_polarizability_weight=1.0, polarizability_weight=1.0, config_type_weights='{"Default":1.0}', huber_delta=0.01, optimizer='adam', beta=0.9, beta1_schedulefree=0.9, beta2_schedulefree=0.98, batch_size=4, valid_batch_size=4, lr=0.01, swa_lr=0.001, weight_decay=5e-07, lr_params_factors='{"embedding_lr_factor": 1.0, "interactions_lr_factor": 1.0, "products_lr_factor": 1.0, "readouts_lr_factor": 1.0}', freeze=None, amsgrad=True, scheduler='ReduceLROnPlateau', lr_factor=0.8, scheduler_patience=50, lr_scheduler_gamma=0.9993, swa=False, start_swa=None, lbfgs=False, ema=True, ema_decay=0.99, max_num_epochs=60, patience=2048, foundation_model=None, foundation_model_kwargs='{}', foundation_model_readout=True, eval_interval=1, keep_checkpoints=False, save_all_checkpoints=False, restart_latest=False, save_cpu=False, clip_grad=10.0, dry_run=False, enable_cueq=False, only_cueq=False, enable_oeq=False, wandb=False, wandb_dir=None, wandb_project='', wandb_entity='', wandb_name='', wandb_log_hypers=['num_channels', 'max_L', 'correlation', 'lr', 'swa_lr', 'weight_decay', 'batch_size', 'max_num_epochs', 'start_swa', 'energy_weight', 'forces_weight'], key_specification=KeySpecification(info_keys={'energy': 'energy', 'stress': 'REF_stress', 'virials': 'REF_virials', 'dipole': 'dipole', 'head': 'head', 'elec_temp': 'elec_temp', 'total_charge': 'total_charge', 'polarizability': 'polarizability', 'total_spin': 'total_spin'}, arrays_keys={'forces': 'forces', 'charges': 'REF_charges'}))
2026-09-30 18:07:44.908 INFO: Using CPU
2026-09-30 18:07:44.944 DEBUG: Popen(['git', 'version'], cwd=/home/ziat1/Documents/Training/Autonomous_MultiTM_SAC_Pipeline, stdin=None, shell=False, universal_newlines=False)
2026-09-30 18:07:44.948 DEBUG: Popen(['git', 'version'], cwd=/home/ziat1/Documents/Training/Autonomous_MultiTM_SAC_Pipeline, stdin=None, shell=False, universal_newlines=False)
2026-09-30 18:07:44.952 DEBUG: sys.platform='linux', git_executable='git'
2026-09-30 18:07:44.953 DEBUG: Error accessing Git repository: /home/ziat1/Documents/Training/Autonomous_MultiTM_SAC_Pipeline
2026-09-30 18:07:44.953 INFO: ===========LOADING INPUT DATA===========
2026-09-30 18:07:44.953 INFO: Using heads: ['Default']
2026-09-30 18:07:44.953 INFO: Using the key specifications to parse data:
2026-09-30 18:07:44.953 INFO: Default: KeySpecification(info_keys={'energy': 'energy', 'stress': 'REF_stress', 'virials': 'REF_virials', 'dipole': 'dipole', 'head': 'head', 'elec_temp': 'elec_temp', 'total_charge': 'total_charge', 'polarizability': 'polarizability', 'total_spin': 'total_spin'}, arrays_keys={'forces': 'forces', 'charges': 'REF_charges'})
2026-09-30 18:07:44.953 INFO: =============    Processing head Default     ===========
2026-09-30 18:07:44.953 DEBUG: Loading training file: mace_train.xyz
2026-09-30 18:07:45.004 WARNING: Since ASE version 3.23.0b1, using energy_key 'energy' is no longer safe when communicating between MACE and ASE. We recommend using a different key, rewriting 'energy' to 'REF_energy'. You need to use --energy_key='REF_energy' to specify the chosen key name.
2026-09-30 18:07:45.012 WARNING: Since ASE version 3.23.0b1, using forces_key 'forces' is no longer safe when communicating between MACE and ASE. We recommend using a different key, rewriting 'forces' to 'REF_forces'. You need to use --forces_key='REF_forces' to specify the chosen key name.
2026-09-30 18:07:45.023 INFO: Training set 1/1 [energy: 139, stress: 0, virials: 0, dipole components: 0, head: 139, elec_temp: 0, total_charge: 0, polarizability: 0, total_spin: 0, forces: 139, charges: 0]
2026-09-30 18:07:45.023 INFO: Total Training set [energy: 139, stress: 0, virials: 0, dipole components: 0, head: 139, elec_temp: 0, total_charge: 0, polarizability: 0, total_spin: 0, forces: 139, charges: 0]
2026-09-30 18:07:45.039 WARNING: Since ASE version 3.23.0b1, using energy_key 'energy' is no longer safe when communicating between MACE and ASE. We recommend using a different key, rewriting 'energy' to 'REF_energy'. You need to use --energy_key='REF_energy' to specify the chosen key name.
2026-09-30 18:07:45.041 WARNING: Since ASE version 3.23.0b1, using forces_key 'forces' is no longer safe when communicating between MACE and ASE. We recommend using a different key, rewriting 'forces' to 'REF_forces'. You need to use --forces_key='REF_forces' to specify the chosen key name.
2026-09-30 18:07:45.043 INFO: Validation set 1/1 [energy: 25, stress: 0, virials: 0, dipole components: 0, head: 25, elec_temp: 0, total_charge: 0, polarizability: 0, total_spin: 0, forces: 25, charges: 0]
2026-09-30 18:07:45.043 INFO: Total Validation set [energy: 25, stress: 0, virials: 0, dipole components: 0, head: 25, elec_temp: 0, total_charge: 0, polarizability: 0, total_spin: 0, forces: 25, charges: 0]
2026-09-30 18:07:45.043 INFO: Total number of configurations: train=139, valid=25, tests=[],
2026-09-30 18:07:45.043 INFO: Using atomic numbers from command line argument
2026-09-30 18:07:45.043 INFO: Atomic Numbers used: [1, 6, 7, 27, 28, 46]
2026-09-30 18:07:45.043 INFO: Isolated Atomic Energies (E0s) not in training file, using command line argument
2026-09-30 18:07:45.043 INFO: Computing average Atomic Energies using least squares regression
2026-09-30 18:07:45.045 INFO: Atomic Energies used (z: eV) for head Default: {1: -6.912162341569548, 6: -8.8759878701256, 7: -8.912620422477351, 27: -0.5844965310214976, 28: 1.0380724608658358, 46: -0.8166087521423394}
2026-09-30 18:07:45.045 INFO: Processing datasets for head 'Default'
2026-09-30 18:07:45.131 DEBUG: Successfully loaded dataset from ASE files: ['mace_train.xyz']
2026-09-30 18:07:45.132 INFO: Combining 1 list datasets for head 'Default'
2026-09-30 18:07:45.145 DEBUG: Successfully loaded validation dataset from ASE files: ['mace_val.xyz']
2026-09-30 18:07:45.145 INFO: Combining 1 list datasets for head 'Default_valid'
2026-09-30 18:07:45.145 INFO: Combined validation datasets for Default
2026-09-30 18:07:45.145 INFO: Head 'Default' training dataset size: 139
2026-09-30 18:07:45.145 INFO: Computing average number of neighbors
2026-09-30 18:07:45.194 INFO: Average number of neighbors: 29.64822769165039
2026-09-30 18:07:45.194 INFO: During training the following quantities will be reported: energy, forces
2026-09-30 18:07:45.194 INFO: ===========MODEL DETAILS===========
2026-09-30 18:07:45.247 INFO: Building model
2026-09-30 18:07:45.247 INFO: Message passing with 64 channels and max_L=1 (64x0e + 64x1o)
2026-09-30 18:07:45.247 INFO: 2 layers, each with correlation order: 3 (body order: 4) and spherical harmonics up to: l=3
2026-09-30 18:07:45.247 INFO: 8 radial and 5 basis functions
2026-09-30 18:07:45.247 INFO: Radial cutoff: 5.0 A (total receptive field for each atom: 10.0 A)
2026-09-30 18:07:45.247 INFO: Distance transform for radial basis functions: None
2026-09-30 18:07:45.247 INFO: Hidden irreps: 64x0e + 64x1o
2026-09-30 18:07:46.185 INFO: ===========OPTIMIZER INFORMATION===========
2026-09-30 18:07:46.186 INFO: Using ADAM as parameter optimizer
2026-09-30 18:07:46.186 INFO: Batch size: 4
2026-09-30 18:07:46.186 INFO: Using Exponential Moving Average with decay: 0.99
2026-09-30 18:07:46.186 INFO: Number of gradient updates: 2085
2026-09-30 18:07:46.186 INFO: Learning rate: 0.01, weight decay: 5e-07
2026-09-30 18:07:46.186 INFO: WeightedEnergyForcesLoss(energy_weight=1.000, forces_weight=10.000)
2026-09-30 18:07:46.186 INFO: === Layer's learning rates ===
2026-09-30 18:07:46.187 INFO: Param group 0: lr = 0.01
2026-09-30 18:07:46.187 INFO: Param group 1: lr = 0.01
2026-09-30 18:07:46.187 INFO: Param group 2: lr = 0.01
2026-09-30 18:07:46.187 INFO: Param group 3: lr = 0.01
2026-09-30 18:07:46.187 INFO: Param group 4: lr = 0.01
2026-09-30 18:07:46.187 INFO: Using gradient clipping with tolerance=10.000
2026-09-30 18:07:46.187 INFO: 
2026-09-30 18:07:46.188 INFO: ===========TRAINING===========
2026-09-30 18:07:46.188 INFO: Started training, reporting errors on validation set
2026-09-30 18:07:46.188 INFO: Loss metrics on validation set
2026-09-30 18:07:48.586 INFO: Initial: head: Default, loss=12.78070641, RMSE_E_per_atom=  785.85 meV, RMSE_F= 2245.17 meV / A
2026-09-30 18:08:25.247 INFO: Epoch 0: head: Default, loss=1.08471835, RMSE_E_per_atom=  206.79 meV, RMSE_F=  633.57 meV / A
2026-09-30 18:08:25.249 DEBUG: Saving checkpoint: ./checkpoints/mace_multitm_model_run-123_epoch-0.pt
2026-09-30 18:09:01.915 INFO: Epoch 1: head: Default, loss=0.53114504, RMSE_E_per_atom=   69.52 meV, RMSE_F=  448.66 meV / A
2026-09-30 18:09:01.917 DEBUG: Deleting old checkpoint file: ./checkpoints/mace_multitm_model_run-123_epoch-0.pt
2026-09-30 18:09:01.918 DEBUG: Saving checkpoint: ./checkpoints/mace_multitm_model_run-123_epoch-1.pt
2026-09-30 18:09:40.125 INFO: Epoch 2: head: Default, loss=0.22474563, RMSE_E_per_atom=   59.68 meV, RMSE_F=  297.43 meV / A
2026-09-30 18:09:40.135 DEBUG: Deleting old checkpoint file: ./checkpoints/mace_multitm_model_run-123_epoch-1.pt
2026-09-30 18:09:40.136 DEBUG: Saving checkpoint: ./checkpoints/mace_multitm_model_run-123_epoch-2.pt
2026-09-30 18:10:19.063 INFO: Epoch 3: head: Default, loss=0.16975582, RMSE_E_per_atom=   56.00 meV, RMSE_F=  258.61 meV / A
2026-09-30 18:10:19.065 DEBUG: Deleting old checkpoint file: ./checkpoints/mace_multitm_model_run-123_epoch-2.pt
2026-09-30 18:10:19.066 DEBUG: Saving checkpoint: ./checkpoints/mace_multitm_model_run-123_epoch-3.pt
2026-09-30 18:10:57.448 INFO: Epoch 4: head: Default, loss=0.14077471, RMSE_E_per_atom=   53.82 meV, RMSE_F=  235.49 meV / A
2026-09-30 18:10:57.450 DEBUG: Deleting old checkpoint file: ./checkpoints/mace_multitm_model_run-123_epoch-3.pt
2026-09-30 18:10:57.451 DEBUG: Saving checkpoint: ./checkpoints/mace_multitm_model_run-123_epoch-4.pt
2026-09-30 18:11:36.371 INFO: Epoch 5: head: Default, loss=0.11220144, RMSE_E_per_atom=   48.66 meV, RMSE_F=  210.09 meV / A
2026-09-30 18:11:36.373 DEBUG: Deleting old checkpoint file: ./checkpoints/mace_multitm_model_run-123_epoch-4.pt
2026-09-30 18:11:36.374 DEBUG: Saving checkpoint: ./checkpoints/mace_multitm_model_run-123_epoch-5.pt
2026-09-30 18:12:15.830 INFO: Epoch 6: head: Default, loss=0.09288578, RMSE_E_per_atom=   45.19 meV, RMSE_F=  191.09 meV / A
2026-09-30 18:12:15.832 DEBUG: Deleting old checkpoint file: ./checkpoints/mace_multitm_model_run-123_epoch-5.pt
2026-09-30 18:12:15.833 DEBUG: Saving checkpoint: ./checkpoints/mace_multitm_model_run-123_epoch-6.pt
2026-09-30 18:12:54.105 INFO: Epoch 7: head: Default, loss=0.07953974, RMSE_E_per_atom=   40.78 meV, RMSE_F=  176.95 meV / A
2026-09-30 18:12:54.107 DEBUG: Deleting old checkpoint file: ./checkpoints/mace_multitm_model_run-123_epoch-6.pt
2026-09-30 18:12:54.109 DEBUG: Saving checkpoint: ./checkpoints/mace_multitm_model_run-123_epoch-7.pt
2026-09-30 18:13:33.600 INFO: Epoch 8: head: Default, loss=0.06700392, RMSE_E_per_atom=   37.54 meV, RMSE_F=  162.49 meV / A
2026-09-30 18:13:33.601 DEBUG: Deleting old checkpoint file: ./checkpoints/mace_multitm_model_run-123_epoch-7.pt
2026-09-30 18:13:33.602 DEBUG: Saving checkpoint: ./checkpoints/mace_multitm_model_run-123_epoch-8.pt
2026-09-30 18:14:13.273 INFO: Epoch 9: head: Default, loss=0.05950297, RMSE_E_per_atom=   33.90 meV, RMSE_F=  153.33 meV / A
2026-09-30 18:14:13.275 DEBUG: Deleting old checkpoint file: ./checkpoints/mace_multitm_model_run-123_epoch-8.pt
2026-09-30 18:14:13.276 DEBUG: Saving checkpoint: ./checkpoints/mace_multitm_model_run-123_epoch-9.pt
2026-09-30 18:14:52.417 INFO: Epoch 10: head: Default, loss=0.05449599, RMSE_E_per_atom=   30.77 meV, RMSE_F=  146.87 meV / A
2026-09-30 18:14:52.419 DEBUG: Deleting old checkpoint file: ./checkpoints/mace_multitm_model_run-123_epoch-9.pt
2026-09-30 18:14:52.420 DEBUG: Saving checkpoint: ./checkpoints/mace_multitm_model_run-123_epoch-10.pt
2026-09-30 18:15:31.054 INFO: Epoch 11: head: Default, loss=0.04852412, RMSE_E_per_atom=   29.07 meV, RMSE_F=  138.61 meV / A
2026-09-30 18:15:31.056 DEBUG: Deleting old checkpoint file: ./checkpoints/mace_multitm_model_run-123_epoch-10.pt
2026-09-30 18:15:31.057 DEBUG: Saving checkpoint: ./checkpoints/mace_multitm_model_run-123_epoch-11.pt
2026-09-30 18:16:09.435 INFO: Epoch 12: head: Default, loss=0.04457973, RMSE_E_per_atom=   26.65 meV, RMSE_F=  132.89 meV / A
2026-09-30 18:16:09.437 DEBUG: Deleting old checkpoint file: ./checkpoints/mace_multitm_model_run-123_epoch-11.pt
2026-09-30 18:16:09.438 DEBUG: Saving checkpoint: ./checkpoints/mace_multitm_model_run-123_epoch-12.pt
2026-09-30 18:16:49.545 INFO: Epoch 13: head: Default, loss=0.04148337, RMSE_E_per_atom=   25.08 meV, RMSE_F=  128.22 meV / A
2026-09-30 18:16:49.547 DEBUG: Deleting old checkpoint file: ./checkpoints/mace_multitm_model_run-123_epoch-12.pt
2026-09-30 18:16:49.548 DEBUG: Saving checkpoint: ./checkpoints/mace_multitm_model_run-123_epoch-13.pt
2026-09-30 18:17:32.143 INFO: Epoch 14: head: Default, loss=0.03795141, RMSE_E_per_atom=   24.18 meV, RMSE_F=  122.63 meV / A
2026-09-30 18:17:32.145 DEBUG: Deleting old checkpoint file: ./checkpoints/mace_multitm_model_run-123_epoch-13.pt
2026-09-30 18:17:32.147 DEBUG: Saving checkpoint: ./checkpoints/mace_multitm_model_run-123_epoch-14.pt
2026-09-30 18:18:11.569 INFO: Epoch 15: head: Default, loss=0.03596745, RMSE_E_per_atom=   22.80 meV, RMSE_F=  119.37 meV / A
2026-09-30 18:18:11.571 DEBUG: Deleting old checkpoint file: ./checkpoints/mace_multitm_model_run-123_epoch-14.pt
2026-09-30 18:18:11.572 DEBUG: Saving checkpoint: ./checkpoints/mace_multitm_model_run-123_epoch-15.pt
2026-09-30 18:18:51.275 INFO: Epoch 16: head: Default, loss=0.03398940, RMSE_E_per_atom=   21.83 meV, RMSE_F=  116.02 meV / A
2026-09-30 18:18:51.278 DEBUG: Deleting old checkpoint file: ./checkpoints/mace_multitm_model_run-123_epoch-15.pt
2026-09-30 18:18:51.279 DEBUG: Saving checkpoint: ./checkpoints/mace_multitm_model_run-123_epoch-16.pt
2026-09-30 18:19:32.067 INFO: Epoch 17: head: Default, loss=0.03252187, RMSE_E_per_atom=   21.09 meV, RMSE_F=  113.46 meV / A
2026-09-30 18:19:32.068 DEBUG: Deleting old checkpoint file: ./checkpoints/mace_multitm_model_run-123_epoch-16.pt
2026-09-30 18:19:32.070 DEBUG: Saving checkpoint: ./checkpoints/mace_multitm_model_run-123_epoch-17.pt
2026-09-30 18:20:13.036 INFO: Epoch 18: head: Default, loss=0.03108242, RMSE_E_per_atom=   20.35 meV, RMSE_F=  110.92 meV / A
2026-09-30 18:20:13.038 DEBUG: Deleting old checkpoint file: ./checkpoints/mace_multitm_model_run-123_epoch-17.pt
2026-09-30 18:20:13.039 DEBUG: Saving checkpoint: ./checkpoints/mace_multitm_model_run-123_epoch-18.pt
2026-09-30 18:20:51.962 INFO: Epoch 19: head: Default, loss=0.02965903, RMSE_E_per_atom=   19.39 meV, RMSE_F=  108.36 meV / A
2026-09-30 18:20:51.964 DEBUG: Deleting old checkpoint file: ./checkpoints/mace_multitm_model_run-123_epoch-18.pt
2026-09-30 18:20:51.965 DEBUG: Saving checkpoint: ./checkpoints/mace_multitm_model_run-123_epoch-19.pt
2026-09-30 18:21:30.759 INFO: Epoch 20: head: Default, loss=0.02875571, RMSE_E_per_atom=   18.83 meV, RMSE_F=  106.69 meV / A
2026-09-30 18:21:30.761 DEBUG: Deleting old checkpoint file: ./checkpoints/mace_multitm_model_run-123_epoch-19.pt
2026-09-30 18:21:30.762 DEBUG: Saving checkpoint: ./checkpoints/mace_multitm_model_run-123_epoch-20.pt
2026-09-30 18:22:10.031 INFO: Epoch 21: head: Default, loss=0.02863415, RMSE_E_per_atom=   17.90 meV, RMSE_F=  106.46 meV / A
2026-09-30 18:22:10.033 DEBUG: Deleting old checkpoint file: ./checkpoints/mace_multitm_model_run-123_epoch-20.pt
2026-09-30 18:22:10.034 DEBUG: Saving checkpoint: ./checkpoints/mace_multitm_model_run-123_epoch-21.pt
2026-09-30 18:22:48.808 INFO: Epoch 22: head: Default, loss=0.02827019, RMSE_E_per_atom=   16.83 meV, RMSE_F=  105.85 meV / A
2026-09-30 18:22:48.815 DEBUG: Deleting old checkpoint file: ./checkpoints/mace_multitm_model_run-123_epoch-21.pt
2026-09-30 18:22:48.816 DEBUG: Saving checkpoint: ./checkpoints/mace_multitm_model_run-123_epoch-22.pt
2026-09-30 18:23:29.016 INFO: Epoch 23: head: Default, loss=0.02713176, RMSE_E_per_atom=   16.40 meV, RMSE_F=  103.69 meV / A
2026-09-30 18:23:29.018 DEBUG: Deleting old checkpoint file: ./checkpoints/mace_multitm_model_run-123_epoch-22.pt
2026-09-30 18:23:29.019 DEBUG: Saving checkpoint: ./checkpoints/mace_multitm_model_run-123_epoch-23.pt
2026-09-30 18:24:09.616 INFO: Epoch 24: head: Default, loss=0.02631609, RMSE_E_per_atom=   16.48 meV, RMSE_F=  102.09 meV / A
2026-09-30 18:24:09.618 DEBUG: Deleting old checkpoint file: ./checkpoints/mace_multitm_model_run-123_epoch-23.pt
2026-09-30 18:24:09.619 DEBUG: Saving checkpoint: ./checkpoints/mace_multitm_model_run-123_epoch-24.pt
2026-09-30 18:24:50.387 INFO: Epoch 25: head: Default, loss=0.02524593, RMSE_E_per_atom=   16.17 meV, RMSE_F=  100.00 meV / A
2026-09-30 18:24:50.389 DEBUG: Deleting old checkpoint file: ./checkpoints/mace_multitm_model_run-123_epoch-24.pt
2026-09-30 18:24:50.390 DEBUG: Saving checkpoint: ./checkpoints/mace_multitm_model_run-123_epoch-25.pt
2026-09-30 18:25:30.356 INFO: Epoch 26: head: Default, loss=0.02461182, RMSE_E_per_atom=   15.92 meV, RMSE_F=   98.71 meV / A
2026-09-30 18:25:30.358 DEBUG: Deleting old checkpoint file: ./checkpoints/mace_multitm_model_run-123_epoch-25.pt
2026-09-30 18:25:30.359 DEBUG: Saving checkpoint: ./checkpoints/mace_multitm_model_run-123_epoch-26.pt
2026-09-30 18:26:09.572 INFO: Epoch 27: head: Default, loss=0.02365352, RMSE_E_per_atom=   15.79 meV, RMSE_F=   96.72 meV / A
2026-09-30 18:26:09.574 DEBUG: Deleting old checkpoint file: ./checkpoints/mace_multitm_model_run-123_epoch-26.pt
2026-09-30 18:26:09.575 DEBUG: Saving checkpoint: ./checkpoints/mace_multitm_model_run-123_epoch-27.pt
2026-09-30 18:26:47.679 INFO: Epoch 28: head: Default, loss=0.02307921, RMSE_E_per_atom=   15.55 meV, RMSE_F=   95.52 meV / A
2026-09-30 18:26:47.680 DEBUG: Deleting old checkpoint file: ./checkpoints/mace_multitm_model_run-123_epoch-27.pt
2026-09-30 18:26:47.681 DEBUG: Saving checkpoint: ./checkpoints/mace_multitm_model_run-123_epoch-28.pt
2026-09-30 18:27:26.312 INFO: Epoch 29: head: Default, loss=0.02263104, RMSE_E_per_atom=   15.23 meV, RMSE_F=   94.57 meV / A
2026-09-30 18:27:26.314 DEBUG: Deleting old checkpoint file: ./checkpoints/mace_multitm_model_run-123_epoch-28.pt
2026-09-30 18:27:26.315 DEBUG: Saving checkpoint: ./checkpoints/mace_multitm_model_run-123_epoch-29.pt
2026-09-30 18:28:05.365 INFO: Epoch 30: head: Default, loss=0.02169702, RMSE_E_per_atom=   15.37 meV, RMSE_F=   92.62 meV / A
2026-09-30 18:28:05.382 DEBUG: Deleting old checkpoint file: ./checkpoints/mace_multitm_model_run-123_epoch-29.pt
2026-09-30 18:28:05.385 DEBUG: Saving checkpoint: ./checkpoints/mace_multitm_model_run-123_epoch-30.pt
2026-09-30 18:28:43.886 INFO: Epoch 31: head: Default, loss=0.02077205, RMSE_E_per_atom=   14.81 meV, RMSE_F=   90.63 meV / A
2026-09-30 18:28:43.887 DEBUG: Deleting old checkpoint file: ./checkpoints/mace_multitm_model_run-123_epoch-30.pt
2026-09-30 18:28:43.888 DEBUG: Saving checkpoint: ./checkpoints/mace_multitm_model_run-123_epoch-31.pt
2026-09-30 18:29:22.354 INFO: Epoch 32: head: Default, loss=0.01977212, RMSE_E_per_atom=   14.55 meV, RMSE_F=   88.39 meV / A
2026-09-30 18:29:22.356 DEBUG: Deleting old checkpoint file: ./checkpoints/mace_multitm_model_run-123_epoch-31.pt
2026-09-30 18:29:22.357 DEBUG: Saving checkpoint: ./checkpoints/mace_multitm_model_run-123_epoch-32.pt
2026-09-30 18:30:03.332 INFO: Epoch 33: head: Default, loss=0.01936326, RMSE_E_per_atom=   14.59 meV, RMSE_F=   87.52 meV / A
2026-09-30 18:30:03.334 DEBUG: Deleting old checkpoint file: ./checkpoints/mace_multitm_model_run-123_epoch-32.pt
2026-09-30 18:30:03.335 DEBUG: Saving checkpoint: ./checkpoints/mace_multitm_model_run-123_epoch-33.pt
2026-09-30 18:30:43.685 INFO: Epoch 34: head: Default, loss=0.01878785, RMSE_E_per_atom=   14.34 meV, RMSE_F=   86.19 meV / A
2026-09-30 18:30:43.687 DEBUG: Deleting old checkpoint file: ./checkpoints/mace_multitm_model_run-123_epoch-33.pt
2026-09-30 18:30:43.688 DEBUG: Saving checkpoint: ./checkpoints/mace_multitm_model_run-123_epoch-34.pt
2026-09-30 18:31:23.191 INFO: Epoch 35: head: Default, loss=0.01808505, RMSE_E_per_atom=   14.15 meV, RMSE_F=   84.57 meV / A
2026-09-30 18:31:23.193 DEBUG: Deleting old checkpoint file: ./checkpoints/mace_multitm_model_run-123_epoch-34.pt
2026-09-30 18:31:23.194 DEBUG: Saving checkpoint: ./checkpoints/mace_multitm_model_run-123_epoch-35.pt
2026-09-30 18:32:01.871 INFO: Epoch 36: head: Default, loss=0.01755009, RMSE_E_per_atom=   13.98 meV, RMSE_F=   83.30 meV / A
2026-09-30 18:32:01.873 DEBUG: Deleting old checkpoint file: ./checkpoints/mace_multitm_model_run-123_epoch-35.pt
2026-09-30 18:32:01.874 DEBUG: Saving checkpoint: ./checkpoints/mace_multitm_model_run-123_epoch-36.pt
2026-09-30 18:32:41.513 INFO: Epoch 37: head: Default, loss=0.01694360, RMSE_E_per_atom=   13.73 meV, RMSE_F=   81.84 meV / A
2026-09-30 18:32:41.515 DEBUG: Deleting old checkpoint file: ./checkpoints/mace_multitm_model_run-123_epoch-36.pt
2026-09-30 18:32:41.516 DEBUG: Saving checkpoint: ./checkpoints/mace_multitm_model_run-123_epoch-37.pt
2026-09-30 18:33:24.241 INFO: Epoch 38: head: Default, loss=0.01649886, RMSE_E_per_atom=   13.40 meV, RMSE_F=   80.80 meV / A
2026-09-30 18:33:24.243 DEBUG: Deleting old checkpoint file: ./checkpoints/mace_multitm_model_run-123_epoch-37.pt
2026-09-30 18:33:24.245 DEBUG: Saving checkpoint: ./checkpoints/mace_multitm_model_run-123_epoch-38.pt
2026-09-30 18:34:04.340 INFO: Epoch 39: head: Default, loss=0.01603703, RMSE_E_per_atom=   13.14 meV, RMSE_F=   79.66 meV / A
2026-09-30 18:34:04.342 DEBUG: Deleting old checkpoint file: ./checkpoints/mace_multitm_model_run-123_epoch-38.pt
2026-09-30 18:34:04.343 DEBUG: Saving checkpoint: ./checkpoints/mace_multitm_model_run-123_epoch-39.pt
2026-09-30 18:34:43.836 INFO: Epoch 40: head: Default, loss=0.01555280, RMSE_E_per_atom=   13.25 meV, RMSE_F=   78.43 meV / A
2026-09-30 18:34:43.838 DEBUG: Deleting old checkpoint file: ./checkpoints/mace_multitm_model_run-123_epoch-39.pt
2026-09-30 18:34:43.839 DEBUG: Saving checkpoint: ./checkpoints/mace_multitm_model_run-123_epoch-40.pt
2026-09-30 18:35:24.773 INFO: Epoch 41: head: Default, loss=0.01527307, RMSE_E_per_atom=   12.73 meV, RMSE_F=   77.75 meV / A
2026-09-30 18:35:24.775 DEBUG: Deleting old checkpoint file: ./checkpoints/mace_multitm_model_run-123_epoch-40.pt
2026-09-30 18:35:24.776 DEBUG: Saving checkpoint: ./checkpoints/mace_multitm_model_run-123_epoch-41.pt
2026-09-30 18:36:04.475 INFO: Epoch 42: head: Default, loss=0.01489672, RMSE_E_per_atom=   12.21 meV, RMSE_F=   76.77 meV / A
2026-09-30 18:36:04.477 DEBUG: Deleting old checkpoint file: ./checkpoints/mace_multitm_model_run-123_epoch-41.pt
2026-09-30 18:36:04.478 DEBUG: Saving checkpoint: ./checkpoints/mace_multitm_model_run-123_epoch-42.pt
2026-09-30 18:36:44.025 INFO: Epoch 43: head: Default, loss=0.01464193, RMSE_E_per_atom=   12.11 meV, RMSE_F=   76.10 meV / A
2026-09-30 18:36:44.027 DEBUG: Deleting old checkpoint file: ./checkpoints/mace_multitm_model_run-123_epoch-42.pt
2026-09-30 18:36:44.028 DEBUG: Saving checkpoint: ./checkpoints/mace_multitm_model_run-123_epoch-43.pt
2026-09-30 18:37:23.375 INFO: Epoch 44: head: Default, loss=0.01457796, RMSE_E_per_atom=   11.88 meV, RMSE_F=   75.96 meV / A
2026-09-30 18:37:23.378 DEBUG: Deleting old checkpoint file: ./checkpoints/mace_multitm_model_run-123_epoch-43.pt
2026-09-30 18:37:23.379 DEBUG: Saving checkpoint: ./checkpoints/mace_multitm_model_run-123_epoch-44.pt
2026-09-30 18:38:02.689 INFO: Epoch 45: head: Default, loss=0.01476531, RMSE_E_per_atom=   12.04 meV, RMSE_F=   76.41 meV / A
2026-09-30 18:38:40.988 INFO: Epoch 46: head: Default, loss=0.01459234, RMSE_E_per_atom=   12.06 meV, RMSE_F=   76.01 meV / A
2026-09-30 18:39:18.787 INFO: Epoch 47: head: Default, loss=0.01434809, RMSE_E_per_atom=   11.85 meV, RMSE_F=   75.40 meV / A
2026-09-30 18:39:18.789 DEBUG: Deleting old checkpoint file: ./checkpoints/mace_multitm_model_run-123_epoch-44.pt
2026-09-30 18:39:18.790 DEBUG: Saving checkpoint: ./checkpoints/mace_multitm_model_run-123_epoch-47.pt
2026-09-30 18:40:03.200 INFO: Epoch 48: head: Default, loss=0.01426791, RMSE_E_per_atom=   12.32 meV, RMSE_F=   75.17 meV / A
2026-09-30 18:40:03.202 DEBUG: Deleting old checkpoint file: ./checkpoints/mace_multitm_model_run-123_epoch-47.pt
2026-09-30 18:40:03.203 DEBUG: Saving checkpoint: ./checkpoints/mace_multitm_model_run-123_epoch-48.pt
2026-09-30 18:40:51.768 INFO: Epoch 49: head: Default, loss=0.01421871, RMSE_E_per_atom=   12.53 meV, RMSE_F=   75.05 meV / A
2026-09-30 18:40:51.770 DEBUG: Deleting old checkpoint file: ./checkpoints/mace_multitm_model_run-123_epoch-48.pt
2026-09-30 18:40:51.771 DEBUG: Saving checkpoint: ./checkpoints/mace_multitm_model_run-123_epoch-49.pt
2026-09-30 18:41:41.205 INFO: Epoch 50: head: Default, loss=0.01406814, RMSE_E_per_atom=   13.04 meV, RMSE_F=   74.63 meV / A
2026-09-30 18:41:41.208 DEBUG: Deleting old checkpoint file: ./checkpoints/mace_multitm_model_run-123_epoch-49.pt
2026-09-30 18:41:41.209 DEBUG: Saving checkpoint: ./checkpoints/mace_multitm_model_run-123_epoch-50.pt
2026-09-30 18:42:29.914 INFO: Epoch 51: head: Default, loss=0.01378968, RMSE_E_per_atom=   13.03 meV, RMSE_F=   73.86 meV / A
2026-09-30 18:42:29.917 DEBUG: Deleting old checkpoint file: ./checkpoints/mace_multitm_model_run-123_epoch-50.pt
2026-09-30 18:42:29.918 DEBUG: Saving checkpoint: ./checkpoints/mace_multitm_model_run-123_epoch-51.pt
2026-09-30 18:43:17.557 INFO: Epoch 52: head: Default, loss=0.01333368, RMSE_E_per_atom=   12.67 meV, RMSE_F=   72.62 meV / A
2026-09-30 18:43:17.559 DEBUG: Deleting old checkpoint file: ./checkpoints/mace_multitm_model_run-123_epoch-51.pt
2026-09-30 18:43:17.560 DEBUG: Saving checkpoint: ./checkpoints/mace_multitm_model_run-123_epoch-52.pt
2026-09-30 18:44:03.922 INFO: Epoch 53: head: Default, loss=0.01302355, RMSE_E_per_atom=   12.33 meV, RMSE_F=   71.76 meV / A
2026-09-30 18:44:03.924 DEBUG: Deleting old checkpoint file: ./checkpoints/mace_multitm_model_run-123_epoch-52.pt
2026-09-30 18:44:03.926 DEBUG: Saving checkpoint: ./checkpoints/mace_multitm_model_run-123_epoch-53.pt
2026-09-30 18:44:47.253 INFO: Epoch 54: head: Default, loss=0.01275394, RMSE_E_per_atom=   12.15 meV, RMSE_F=   71.04 meV / A
2026-09-30 18:44:47.255 DEBUG: Deleting old checkpoint file: ./checkpoints/mace_multitm_model_run-123_epoch-53.pt
2026-09-30 18:44:47.256 DEBUG: Saving checkpoint: ./checkpoints/mace_multitm_model_run-123_epoch-54.pt
2026-09-30 18:45:28.176 INFO: Epoch 55: head: Default, loss=0.01248434, RMSE_E_per_atom=   12.16 meV, RMSE_F=   70.27 meV / A
2026-09-30 18:45:28.178 DEBUG: Deleting old checkpoint file: ./checkpoints/mace_multitm_model_run-123_epoch-54.pt
2026-09-30 18:45:28.179 DEBUG: Saving checkpoint: ./checkpoints/mace_multitm_model_run-123_epoch-55.pt
2026-09-30 18:46:08.440 INFO: Epoch 56: head: Default, loss=0.01218280, RMSE_E_per_atom=   12.16 meV, RMSE_F=   69.41 meV / A
2026-09-30 18:46:08.443 DEBUG: Deleting old checkpoint file: ./checkpoints/mace_multitm_model_run-123_epoch-55.pt
2026-09-30 18:46:08.444 DEBUG: Saving checkpoint: ./checkpoints/mace_multitm_model_run-123_epoch-56.pt
2026-09-30 18:46:49.053 INFO: Epoch 57: head: Default, loss=0.01196694, RMSE_E_per_atom=   12.22 meV, RMSE_F=   68.81 meV / A
2026-09-30 18:46:49.055 DEBUG: Deleting old checkpoint file: ./checkpoints/mace_multitm_model_run-123_epoch-56.pt
2026-09-30 18:46:49.056 DEBUG: Saving checkpoint: ./checkpoints/mace_multitm_model_run-123_epoch-57.pt
2026-09-30 18:47:29.540 INFO: Epoch 58: head: Default, loss=0.01188785, RMSE_E_per_atom=   12.03 meV, RMSE_F=   68.57 meV / A
2026-09-30 18:47:29.542 DEBUG: Deleting old checkpoint file: ./checkpoints/mace_multitm_model_run-123_epoch-57.pt
2026-09-30 18:47:29.543 DEBUG: Saving checkpoint: ./checkpoints/mace_multitm_model_run-123_epoch-58.pt
2026-09-30 18:48:09.538 INFO: Epoch 59: head: Default, loss=0.01162034, RMSE_E_per_atom=   12.09 meV, RMSE_F=   67.78 meV / A
2026-09-30 18:48:09.540 DEBUG: Deleting old checkpoint file: ./checkpoints/mace_multitm_model_run-123_epoch-58.pt
2026-09-30 18:48:09.541 DEBUG: Saving checkpoint: ./checkpoints/mace_multitm_model_run-123_epoch-59.pt
2026-09-30 18:48:09.559 INFO: Training complete
2026-09-30 18:48:09.559 INFO: 
2026-09-30 18:48:09.559 INFO: ===========RESULTS===========
2026-09-30 18:48:09.566 INFO: Loading checkpoint: ./checkpoints/mace_multitm_model_run-123_epoch-59.pt
2026-09-30 18:48:09.615 INFO: Loaded Stage one model from epoch 59 for evaluation
2026-09-30 18:48:09.617 INFO: Saving model to checkpoints/mace_multitm_model_run-123.model
2026-09-30 18:48:09.807 INFO: Compiling model, saving metadata to mace_multitm_model_compiled.model
2026-09-30 18:48:10.591 INFO: Computing metrics for training, validation, and test sets
2026-09-30 18:48:10.592 INFO: Skipping evaluation for heads: ['pt_head']
2026-09-30 18:48:10.593 INFO: Evaluating train_Default ...
2026-09-30 18:48:21.169 INFO: Evaluating valid_Default ...
2026-09-30 18:48:23.162 INFO: Error-table on TRAIN and VALID:
+---------------+---------------------+------------------+-------------------+
|  config_type  | RMSE E / meV / atom | RMSE F / meV / A | relative F RMSE % |
+---------------+---------------------+------------------+-------------------+
| train_Default |           17.0      |         54.5     |          2.44     |
| valid_Default |           12.1      |         67.8     |          3.04     |
+---------------+---------------------+------------------+-------------------+
2026-09-30 18:48:23.163 DEBUG: Running inference on train_Default dataset
2026-09-30 18:48:33.477 DEBUG: Running inference on valid_Default dataset
2026-09-30 18:48:35.771 DEBUG: STREAM b'IHDR' 16 13
2026-09-30 18:48:35.772 DEBUG: STREAM b'sBIT' 41 4
2026-09-30 18:48:35.772 DEBUG: b'sBIT' 41 4 (unknown)
2026-09-30 18:48:35.772 DEBUG: STREAM b'pHYs' 57 9
2026-09-30 18:48:35.772 DEBUG: STREAM b'IDAT' 78 1189
2026-09-30 18:48:35.774 DEBUG: STREAM b'IHDR' 16 13
2026-09-30 18:48:35.774 DEBUG: STREAM b'sBIT' 41 4
2026-09-30 18:48:35.774 DEBUG: b'sBIT' 41 4 (unknown)
2026-09-30 18:48:35.774 DEBUG: STREAM b'pHYs' 57 9
2026-09-30 18:48:35.774 DEBUG: STREAM b'IDAT' 78 2994
2026-09-30 18:48:35.788 DEBUG: STREAM b'IHDR' 16 13
2026-09-30 18:48:35.788 DEBUG: STREAM b'sBIT' 41 4
2026-09-30 18:48:35.788 DEBUG: b'sBIT' 41 4 (unknown)
2026-09-30 18:48:35.788 DEBUG: STREAM b'pHYs' 57 9
2026-09-30 18:48:35.788 DEBUG: STREAM b'IDAT' 78 374
2026-09-30 18:48:35.789 DEBUG: STREAM b'IHDR' 16 13
2026-09-30 18:48:35.790 DEBUG: STREAM b'sBIT' 41 4
2026-09-30 18:48:35.790 DEBUG: b'sBIT' 41 4 (unknown)
2026-09-30 18:48:35.790 DEBUG: STREAM b'pHYs' 57 9
2026-09-30 18:48:35.790 DEBUG: STREAM b'IDAT' 78 286
2026-09-30 18:48:35.791 DEBUG: STREAM b'IHDR' 16 13
2026-09-30 18:48:35.791 DEBUG: STREAM b'sBIT' 41 4
2026-09-30 18:48:35.791 DEBUG: b'sBIT' 41 4 (unknown)
2026-09-30 18:48:35.791 DEBUG: STREAM b'pHYs' 57 9
2026-09-30 18:48:35.791 DEBUG: STREAM b'IDAT' 78 263
2026-09-30 18:48:35.792 DEBUG: STREAM b'IHDR' 16 13
2026-09-30 18:48:35.792 DEBUG: STREAM b'sBIT' 41 4
2026-09-30 18:48:35.792 DEBUG: b'sBIT' 41 4 (unknown)
2026-09-30 18:48:35.792 DEBUG: STREAM b'pHYs' 57 9
2026-09-30 18:48:35.792 DEBUG: STREAM b'IDAT' 78 387
2026-09-30 18:48:35.793 DEBUG: STREAM b'IHDR' 16 13
2026-09-30 18:48:35.793 DEBUG: STREAM b'sBIT' 41 4
2026-09-30 18:48:35.793 DEBUG: b'sBIT' 41 4 (unknown)
2026-09-30 18:48:35.793 DEBUG: STREAM b'pHYs' 57 9
2026-09-30 18:48:35.793 DEBUG: STREAM b'IDAT' 78 436
2026-09-30 18:48:35.794 DEBUG: STREAM b'IHDR' 16 13
2026-09-30 18:48:35.794 DEBUG: STREAM b'sBIT' 41 4
2026-09-30 18:48:35.794 DEBUG: b'sBIT' 41 4 (unknown)
2026-09-30 18:48:35.794 DEBUG: STREAM b'pHYs' 57 9
2026-09-30 18:48:35.794 DEBUG: STREAM b'IDAT' 78 351
2026-09-30 18:48:35.795 DEBUG: STREAM b'IHDR' 16 13
2026-09-30 18:48:35.795 DEBUG: STREAM b'sBIT' 41 4
2026-09-30 18:48:35.795 DEBUG: b'sBIT' 41 4 (unknown)
2026-09-30 18:48:35.795 DEBUG: STREAM b'pHYs' 57 9
2026-09-30 18:48:35.795 DEBUG: STREAM b'IDAT' 78 364
2026-09-30 18:48:37.564 INFO: Done
2026-10-01 07:23:53.756 INFO: ===========VERIFYING SETTINGS===========
2026-10-01 07:23:53.757 INFO: MACE version: 0.3.16
2026-10-01 07:23:53.757 DEBUG: Configuration: Namespace(config=None, name='mace_multitm_model', seed=123, work_dir='.', log_dir='./logs', model_dir='.', checkpoints_dir='./checkpoints', results_dir='./results', downloads_dir='./downloads', device='cpu', default_dtype='float32', distributed=False, launcher='slurm', log_level='INFO', plot=True, plot_frequency=0, plot_interaction_e=False, error_table='PerAtomRMSE', model='ScaleShiftMACE', r_max=5.0, radial_type='bessel', num_radial_basis=8, num_cutoff_basis=5, pair_repulsion=False, distance_transform='None', apply_cutoff=True, use_last_readout_only=False, use_embedding_readout=False, interaction='RealAgnosticResidualInteractionBlock', interaction_first='RealAgnosticResidualInteractionBlock', max_ell=3, correlation=3, use_reduced_cg=False, use_so3=False, use_agnostic_product=False, num_interactions=2, MLP_irreps='16x0e', radial_MLP='[64, 64, 64]', hidden_irreps='64x0e + 64x1o', edge_irreps=None, use_edge_irreps_first=False, num_channels=64, max_L=1, gate='silu', kspace_cutoff_factor=1.5, atomic_multipoles_max_l=0, atomic_multipoles_smearing_width=1.0, field_feature_max_l=0, field_feature_widths='[1.0]', field_feature_norms=None, num_recursion_steps=1, field_si=False, include_electrostatic_self_interaction=False, add_local_electron_energy=False, quadrupole_feature_corrections=False, return_electrostatic_potentials=False, field_norm_factor=0.02, fixedpoint_update_config=None, field_readout_config=None, scaling='rms_forces_scaling', avg_num_neighbors=1, compute_avg_num_neighbors=True, compute_stress=False, compute_forces=True, compute_polarizability=False, compute_atomic_dipole=False, train_file='mace_train.xyz', valid_file='mace_val.xyz', valid_fraction=0.1, test_file=None, test_dir=None, multi_processed_test=False, num_workers=0, pin_memory=True, atomic_numbers='[1, 6, 7, 27, 28, 46]', mean=None, std=None, statistics_file=None, les_arguments=None, E0s='average', pseudolabel_replay=False, pseudolabel_replay_compute_stress=False, foundation_filter_elements=True, heads=None, multiheads_finetuning=True, foundation_head=None, weight_pt_head=1.0, real_pt_data_ratio_threshold=0.1, num_samples_pt=10000, force_mh_ft_lr=False, subselect_pt='random', filter_type_pt='none', allow_random_padding_pt=True, pt_train_file=None, pt_valid_file=None, foundation_model_elements=False, keep_isolated_atoms=False, lora=False, lora_rank=4, lora_alpha=1.0, energy_key='energy', forces_key='forces', virials_key='REF_virials', stress_key='REF_stress', dipole_key='dipole', polarizability_key='polarizability', head_key='head', charges_key='REF_charges', elec_temp_key='elec_temp', total_spin_key='total_spin', total_charge_key='total_charge', embedding_specs=None, skip_evaluate_heads='pt_head', loss='weighted', forces_weight=10.0, swa_forces_weight=100.0, energy_weight=1.0, swa_energy_weight=1000.0, virials_weight=1.0, swa_virials_weight=10.0, stress_weight=1.0, swa_stress_weight=10.0, dipole_weight=1.0, swa_dipole_weight=1.0, swa_polarizability_weight=1.0, polarizability_weight=1.0, config_type_weights='{"Default":1.0}', huber_delta=0.01, optimizer='adam', beta=0.9, beta1_schedulefree=0.9, beta2_schedulefree=0.98, batch_size=4, valid_batch_size=4, lr=0.01, swa_lr=0.001, weight_decay=5e-07, lr_params_factors='{"embedding_lr_factor": 1.0, "interactions_lr_factor": 1.0, "products_lr_factor": 1.0, "readouts_lr_factor": 1.0}', freeze=None, amsgrad=True, scheduler='ReduceLROnPlateau', lr_factor=0.8, scheduler_patience=50, lr_scheduler_gamma=0.9993, swa=False, start_swa=None, lbfgs=False, ema=True, ema_decay=0.99, max_num_epochs=60, patience=2048, foundation_model=None, foundation_model_kwargs='{}', foundation_model_readout=True, eval_interval=1, keep_checkpoints=False, save_all_checkpoints=False, restart_latest=False, save_cpu=False, clip_grad=10.0, dry_run=False, enable_cueq=False, only_cueq=False, enable_oeq=False, wandb=False, wandb_dir=None, wandb_project='', wandb_entity='', wandb_name='', wandb_log_hypers=['num_channels', 'max_L', 'correlation', 'lr', 'swa_lr', 'weight_decay', 'batch_size', 'max_num_epochs', 'start_swa', 'energy_weight', 'forces_weight'], key_specification=KeySpecification(info_keys={'energy': 'energy', 'stress': 'REF_stress', 'virials': 'REF_virials', 'dipole': 'dipole', 'head': 'head', 'elec_temp': 'elec_temp', 'total_charge': 'total_charge', 'polarizability': 'polarizability', 'total_spin': 'total_spin'}, arrays_keys={'forces': 'forces', 'charges': 'REF_charges'}))
2026-10-01 07:23:53.757 INFO: Using CPU
2026-10-01 07:23:53.796 DEBUG: Popen(['git', 'version'], cwd=/home/ziat1/Documents/Training/Autonomous_MultiTM_SAC_Pipeline, stdin=None, shell=False, universal_newlines=False)
2026-10-01 07:23:53.802 DEBUG: Popen(['git', 'version'], cwd=/home/ziat1/Documents/Training/Autonomous_MultiTM_SAC_Pipeline, stdin=None, shell=False, universal_newlines=False)
2026-10-01 07:23:53.806 DEBUG: sys.platform='linux', git_executable='git'
2026-10-01 07:23:53.807 DEBUG: Error accessing Git repository: /home/ziat1/Documents/Training/Autonomous_MultiTM_SAC_Pipeline
2026-10-01 07:23:53.807 INFO: ===========LOADING INPUT DATA===========
2026-10-01 07:23:53.807 INFO: Using heads: ['Default']
2026-10-01 07:23:53.807 INFO: Using the key specifications to parse data:
2026-10-01 07:23:53.807 INFO: Default: KeySpecification(info_keys={'energy': 'energy', 'stress': 'REF_stress', 'virials': 'REF_virials', 'dipole': 'dipole', 'head': 'head', 'elec_temp': 'elec_temp', 'total_charge': 'total_charge', 'polarizability': 'polarizability', 'total_spin': 'total_spin'}, arrays_keys={'forces': 'forces', 'charges': 'REF_charges'})
2026-10-01 07:23:53.807 INFO: =============    Processing head Default     ===========
2026-10-01 07:23:53.807 DEBUG: Loading training file: mace_train.xyz
2026-10-01 07:23:53.875 WARNING: Since ASE version 3.23.0b1, using energy_key 'energy' is no longer safe when communicating between MACE and ASE. We recommend using a different key, rewriting 'energy' to 'REF_energy'. You need to use --energy_key='REF_energy' to specify the chosen key name.
2026-10-01 07:23:53.886 WARNING: Since ASE version 3.23.0b1, using forces_key 'forces' is no longer safe when communicating between MACE and ASE. We recommend using a different key, rewriting 'forces' to 'REF_forces'. You need to use --forces_key='REF_forces' to specify the chosen key name.
2026-10-01 07:23:53.901 INFO: Training set 1/1 [energy: 187, stress: 0, virials: 0, dipole components: 0, head: 187, elec_temp: 0, total_charge: 0, polarizability: 0, total_spin: 0, forces: 187, charges: 0]
2026-10-01 07:23:53.902 INFO: Total Training set [energy: 187, stress: 0, virials: 0, dipole components: 0, head: 187, elec_temp: 0, total_charge: 0, polarizability: 0, total_spin: 0, forces: 187, charges: 0]
2026-10-01 07:23:53.921 WARNING: Since ASE version 3.23.0b1, using energy_key 'energy' is no longer safe when communicating between MACE and ASE. We recommend using a different key, rewriting 'energy' to 'REF_energy'. You need to use --energy_key='REF_energy' to specify the chosen key name.
2026-10-01 07:23:53.923 WARNING: Since ASE version 3.23.0b1, using forces_key 'forces' is no longer safe when communicating between MACE and ASE. We recommend using a different key, rewriting 'forces' to 'REF_forces'. You need to use --forces_key='REF_forces' to specify the chosen key name.
2026-10-01 07:23:53.927 INFO: Validation set 1/1 [energy: 33, stress: 0, virials: 0, dipole components: 0, head: 33, elec_temp: 0, total_charge: 0, polarizability: 0, total_spin: 0, forces: 33, charges: 0]
2026-10-01 07:23:53.927 INFO: Total Validation set [energy: 33, stress: 0, virials: 0, dipole components: 0, head: 33, elec_temp: 0, total_charge: 0, polarizability: 0, total_spin: 0, forces: 33, charges: 0]
2026-10-01 07:23:53.927 INFO: Total number of configurations: train=187, valid=33, tests=[],
2026-10-01 07:23:53.927 INFO: Using atomic numbers from command line argument
2026-10-01 07:23:53.927 INFO: Atomic Numbers used: [1, 6, 7, 27, 28, 46]
2026-10-01 07:23:53.928 INFO: Isolated Atomic Energies (E0s) not in training file, using command line argument
2026-10-01 07:23:53.928 INFO: Computing average Atomic Energies using least squares regression
2026-10-01 07:23:53.930 INFO: Atomic Energies used (z: eV) for head Default: {1: -7.157444524841892, 6: -8.888543690676043, 7: -8.478930937547151, 27: -0.17778066170442997, 28: 1.4145339101805425, 46: -1.5911915061949484}
2026-10-01 07:23:53.930 INFO: Processing datasets for head 'Default'
2026-10-01 07:23:54.070 DEBUG: Successfully loaded dataset from ASE files: ['mace_train.xyz']
2026-10-01 07:23:54.070 INFO: Combining 1 list datasets for head 'Default'
2026-10-01 07:23:54.088 DEBUG: Successfully loaded validation dataset from ASE files: ['mace_val.xyz']
2026-10-01 07:23:54.088 INFO: Combining 1 list datasets for head 'Default_valid'
2026-10-01 07:23:54.088 INFO: Combined validation datasets for Default
2026-10-01 07:23:54.088 INFO: Head 'Default' training dataset size: 187
2026-10-01 07:23:54.089 INFO: Computing average number of neighbors
2026-10-01 07:23:54.156 INFO: Average number of neighbors: 29.695999145507812
2026-10-01 07:23:54.157 INFO: During training the following quantities will be reported: energy, forces
2026-10-01 07:23:54.157 INFO: ===========MODEL DETAILS===========
2026-10-01 07:23:54.226 INFO: Building model
2026-10-01 07:23:54.226 INFO: Message passing with 64 channels and max_L=1 (64x0e + 64x1o)
2026-10-01 07:23:54.226 INFO: 2 layers, each with correlation order: 3 (body order: 4) and spherical harmonics up to: l=3
2026-10-01 07:23:54.226 INFO: 8 radial and 5 basis functions
2026-10-01 07:23:54.226 INFO: Radial cutoff: 5.0 A (total receptive field for each atom: 10.0 A)
2026-10-01 07:23:54.226 INFO: Distance transform for radial basis functions: None
2026-10-01 07:23:54.227 INFO: Hidden irreps: 64x0e + 64x1o
2026-10-01 07:23:55.171 INFO: ===========OPTIMIZER INFORMATION===========
2026-10-01 07:23:55.171 INFO: Using ADAM as parameter optimizer
2026-10-01 07:23:55.171 INFO: Batch size: 4
2026-10-01 07:23:55.171 INFO: Using Exponential Moving Average with decay: 0.99
2026-10-01 07:23:55.171 INFO: Number of gradient updates: 2805
2026-10-01 07:23:55.171 INFO: Learning rate: 0.01, weight decay: 5e-07
2026-10-01 07:23:55.171 INFO: WeightedEnergyForcesLoss(energy_weight=1.000, forces_weight=10.000)
2026-10-01 07:23:55.172 INFO: === Layer's learning rates ===
2026-10-01 07:23:55.172 INFO: Param group 0: lr = 0.01
2026-10-01 07:23:55.172 INFO: Param group 1: lr = 0.01
2026-10-01 07:23:55.172 INFO: Param group 2: lr = 0.01
2026-10-01 07:23:55.172 INFO: Param group 3: lr = 0.01
2026-10-01 07:23:55.172 INFO: Param group 4: lr = 0.01
2026-10-01 07:23:55.173 INFO: Using gradient clipping with tolerance=10.000
2026-10-01 07:23:55.173 INFO: 
2026-10-01 07:23:55.173 INFO: ===========TRAINING===========
2026-10-01 07:23:55.173 INFO: Started training, reporting errors on validation set
2026-10-01 07:23:55.173 INFO: Loss metrics on validation set
2026-10-01 07:23:58.419 INFO: Initial: head: Default, loss=9.81795311, RMSE_E_per_atom=  682.92 meV, RMSE_F= 1967.98 meV / A
2026-10-01 07:24:50.531 INFO: Epoch 0: head: Default, loss=0.71319073, RMSE_E_per_atom=   65.42 meV, RMSE_F=  520.55 meV / A
2026-10-01 07:24:50.533 DEBUG: Saving checkpoint: ./checkpoints/mace_multitm_model_run-123_epoch-0.pt
2026-10-01 07:25:41.710 INFO: Epoch 1: head: Default, loss=0.25057197, RMSE_E_per_atom=   47.90 meV, RMSE_F=  313.68 meV / A
2026-10-01 07:25:41.712 DEBUG: Deleting old checkpoint file: ./checkpoints/mace_multitm_model_run-123_epoch-0.pt
2026-10-01 07:25:41.713 DEBUG: Saving checkpoint: ./checkpoints/mace_multitm_model_run-123_epoch-1.pt
2026-10-01 07:26:33.391 INFO: Epoch 2: head: Default, loss=0.15433325, RMSE_E_per_atom=   41.97 meV, RMSE_F=  246.92 meV / A
2026-10-01 07:26:33.394 DEBUG: Deleting old checkpoint file: ./checkpoints/mace_multitm_model_run-123_epoch-1.pt
2026-10-01 07:26:33.395 DEBUG: Saving checkpoint: ./checkpoints/mace_multitm_model_run-123_epoch-2.pt
2026-10-01 07:27:24.661 INFO: Epoch 3: head: Default, loss=0.11503781, RMSE_E_per_atom=   39.64 meV, RMSE_F=  213.23 meV / A
2026-10-01 07:27:24.664 DEBUG: Deleting old checkpoint file: ./checkpoints/mace_multitm_model_run-123_epoch-2.pt
2026-10-01 07:27:24.665 DEBUG: Saving checkpoint: ./checkpoints/mace_multitm_model_run-123_epoch-3.pt
2026-10-01 07:28:16.849 INFO: Epoch 4: head: Default, loss=0.09278760, RMSE_E_per_atom=   37.05 meV, RMSE_F=  191.58 meV / A
2026-10-01 07:28:16.851 DEBUG: Deleting old checkpoint file: ./checkpoints/mace_multitm_model_run-123_epoch-3.pt
2026-10-01 07:28:16.852 DEBUG: Saving checkpoint: ./checkpoints/mace_multitm_model_run-123_epoch-4.pt
2026-10-01 07:29:08.321 INFO: Epoch 5: head: Default, loss=0.08057842, RMSE_E_per_atom=   39.44 meV, RMSE_F=  178.29 meV / A
2026-10-01 07:29:08.323 DEBUG: Deleting old checkpoint file: ./checkpoints/mace_multitm_model_run-123_epoch-4.pt
2026-10-01 07:29:08.324 DEBUG: Saving checkpoint: ./checkpoints/mace_multitm_model_run-123_epoch-5.pt
2026-10-01 07:29:59.894 INFO: Epoch 6: head: Default, loss=0.07017152, RMSE_E_per_atom=   40.27 meV, RMSE_F=  166.54 meV / A
2026-10-01 07:29:59.896 DEBUG: Deleting old checkpoint file: ./checkpoints/mace_multitm_model_run-123_epoch-5.pt
2026-10-01 07:29:59.897 DEBUG: Saving checkpoint: ./checkpoints/mace_multitm_model_run-123_epoch-6.pt
2026-10-01 07:30:51.278 INFO: Epoch 7: head: Default, loss=0.05958866, RMSE_E_per_atom=   35.37 meV, RMSE_F=  153.61 meV / A
2026-10-01 07:30:51.280 DEBUG: Deleting old checkpoint file: ./checkpoints/mace_multitm_model_run-123_epoch-6.pt
2026-10-01 07:30:51.280 DEBUG: Saving checkpoint: ./checkpoints/mace_multitm_model_run-123_epoch-7.pt
2026-10-01 07:31:42.254 INFO: Epoch 8: head: Default, loss=0.05364072, RMSE_E_per_atom=   31.72 meV, RMSE_F=  145.70 meV / A
2026-10-01 07:31:42.256 DEBUG: Deleting old checkpoint file: ./checkpoints/mace_multitm_model_run-123_epoch-7.pt
2026-10-01 07:31:42.257 DEBUG: Saving checkpoint: ./checkpoints/mace_multitm_model_run-123_epoch-8.pt
2026-10-01 07:32:33.416 INFO: Epoch 9: head: Default, loss=0.04792585, RMSE_E_per_atom=   28.78 meV, RMSE_F=  137.82 meV / A
2026-10-01 07:32:33.418 DEBUG: Deleting old checkpoint file: ./checkpoints/mace_multitm_model_run-123_epoch-8.pt
2026-10-01 07:32:33.419 DEBUG: Saving checkpoint: ./checkpoints/mace_multitm_model_run-123_epoch-9.pt
2026-10-01 07:33:24.267 INFO: Epoch 10: head: Default, loss=0.04506283, RMSE_E_per_atom=   26.77 meV, RMSE_F=  133.55 meV / A
2026-10-01 07:33:24.269 DEBUG: Deleting old checkpoint file: ./checkpoints/mace_multitm_model_run-123_epoch-9.pt
2026-10-01 07:33:24.270 DEBUG: Saving checkpoint: ./checkpoints/mace_multitm_model_run-123_epoch-10.pt
2026-10-01 07:34:15.833 INFO: Epoch 11: head: Default, loss=0.04175820, RMSE_E_per_atom=   25.72 meV, RMSE_F=  128.54 meV / A
2026-10-01 07:34:15.835 DEBUG: Deleting old checkpoint file: ./checkpoints/mace_multitm_model_run-123_epoch-10.pt
2026-10-01 07:34:15.836 DEBUG: Saving checkpoint: ./checkpoints/mace_multitm_model_run-123_epoch-11.pt
2026-10-01 07:35:07.806 INFO: Epoch 12: head: Default, loss=0.03914969, RMSE_E_per_atom=   24.26 meV, RMSE_F=  124.53 meV / A
2026-10-01 07:35:07.808 DEBUG: Deleting old checkpoint file: ./checkpoints/mace_multitm_model_run-123_epoch-11.pt
2026-10-01 07:35:07.809 DEBUG: Saving checkpoint: ./checkpoints/mace_multitm_model_run-123_epoch-12.pt
2026-10-01 07:35:59.053 INFO: Epoch 13: head: Default, loss=0.03677442, RMSE_E_per_atom=   22.92 meV, RMSE_F=  120.63 meV / A
2026-10-01 07:35:59.055 DEBUG: Deleting old checkpoint file: ./checkpoints/mace_multitm_model_run-123_epoch-12.pt
2026-10-01 07:35:59.056 DEBUG: Saving checkpoint: ./checkpoints/mace_multitm_model_run-123_epoch-13.pt
2026-10-01 07:36:49.420 INFO: Epoch 14: head: Default, loss=0.03427511, RMSE_E_per_atom=   22.03 meV, RMSE_F=  116.48 meV / A
2026-10-01 07:36:49.422 DEBUG: Deleting old checkpoint file: ./checkpoints/mace_multitm_model_run-123_epoch-13.pt
2026-10-01 07:36:49.423 DEBUG: Saving checkpoint: ./checkpoints/mace_multitm_model_run-123_epoch-14.pt
2026-10-01 07:37:40.890 INFO: Epoch 15: head: Default, loss=0.03268428, RMSE_E_per_atom=   21.09 meV, RMSE_F=  113.79 meV / A
2026-10-01 07:37:40.891 DEBUG: Deleting old checkpoint file: ./checkpoints/mace_multitm_model_run-123_epoch-14.pt
2026-10-01 07:37:40.892 DEBUG: Saving checkpoint: ./checkpoints/mace_multitm_model_run-123_epoch-15.pt
2026-10-01 07:38:31.846 INFO: Epoch 16: head: Default, loss=0.03164250, RMSE_E_per_atom=   20.01 meV, RMSE_F=  111.99 meV / A
2026-10-01 07:38:31.848 DEBUG: Deleting old checkpoint file: ./checkpoints/mace_multitm_model_run-123_epoch-15.pt
2026-10-01 07:38:31.849 DEBUG: Saving checkpoint: ./checkpoints/mace_multitm_model_run-123_epoch-16.pt
2026-10-01 07:39:23.515 INFO: Epoch 17: head: Default, loss=0.03026459, RMSE_E_per_atom=   18.78 meV, RMSE_F=  109.53 meV / A
2026-10-01 07:39:23.517 DEBUG: Deleting old checkpoint file: ./checkpoints/mace_multitm_model_run-123_epoch-16.pt
2026-10-01 07:39:23.518 DEBUG: Saving checkpoint: ./checkpoints/mace_multitm_model_run-123_epoch-17.pt
2026-10-01 07:40:15.877 INFO: Epoch 18: head: Default, loss=0.02940978, RMSE_E_per_atom=   18.47 meV, RMSE_F=  107.93 meV / A
2026-10-01 07:40:15.880 DEBUG: Deleting old checkpoint file: ./checkpoints/mace_multitm_model_run-123_epoch-17.pt
2026-10-01 07:40:15.881 DEBUG: Saving checkpoint: ./checkpoints/mace_multitm_model_run-123_epoch-18.pt
2026-10-01 07:41:07.835 INFO: Epoch 19: head: Default, loss=0.02800526, RMSE_E_per_atom=   18.30 meV, RMSE_F=  105.29 meV / A
2026-10-01 07:41:07.837 DEBUG: Deleting old checkpoint file: ./checkpoints/mace_multitm_model_run-123_epoch-18.pt
2026-10-01 07:41:07.838 DEBUG: Saving checkpoint: ./checkpoints/mace_multitm_model_run-123_epoch-19.pt
2026-10-01 07:42:00.108 INFO: Epoch 20: head: Default, loss=0.02679782, RMSE_E_per_atom=   17.95 meV, RMSE_F=  102.96 meV / A
2026-10-01 07:42:00.109 DEBUG: Deleting old checkpoint file: ./checkpoints/mace_multitm_model_run-123_epoch-19.pt
2026-10-01 07:42:00.110 DEBUG: Saving checkpoint: ./checkpoints/mace_multitm_model_run-123_epoch-20.pt
2026-10-01 07:42:52.186 INFO: Epoch 21: head: Default, loss=0.02564826, RMSE_E_per_atom=   17.12 meV, RMSE_F=  100.75 meV / A
2026-10-01 07:42:52.189 DEBUG: Deleting old checkpoint file: ./checkpoints/mace_multitm_model_run-123_epoch-20.pt
2026-10-01 07:42:52.190 DEBUG: Saving checkpoint: ./checkpoints/mace_multitm_model_run-123_epoch-21.pt
2026-10-01 07:43:43.215 INFO: Epoch 22: head: Default, loss=0.02443117, RMSE_E_per_atom=   16.87 meV, RMSE_F=   98.29 meV / A
2026-10-01 07:43:43.217 DEBUG: Deleting old checkpoint file: ./checkpoints/mace_multitm_model_run-123_epoch-21.pt
2026-10-01 07:43:43.218 DEBUG: Saving checkpoint: ./checkpoints/mace_multitm_model_run-123_epoch-22.pt
2026-10-01 07:44:34.558 INFO: Epoch 23: head: Default, loss=0.02349437, RMSE_E_per_atom=   16.84 meV, RMSE_F=   96.35 meV / A
2026-10-01 07:44:34.560 DEBUG: Deleting old checkpoint file: ./checkpoints/mace_multitm_model_run-123_epoch-22.pt
2026-10-01 07:44:34.561 DEBUG: Saving checkpoint: ./checkpoints/mace_multitm_model_run-123_epoch-23.pt
2026-10-01 07:45:25.988 INFO: Epoch 24: head: Default, loss=0.02261912, RMSE_E_per_atom=   16.65 meV, RMSE_F=   94.56 meV / A
2026-10-01 07:45:25.990 DEBUG: Deleting old checkpoint file: ./checkpoints/mace_multitm_model_run-123_epoch-23.pt
2026-10-01 07:45:25.991 DEBUG: Saving checkpoint: ./checkpoints/mace_multitm_model_run-123_epoch-24.pt
2026-10-01 07:46:18.192 INFO: Epoch 25: head: Default, loss=0.02164402, RMSE_E_per_atom=   16.28 meV, RMSE_F=   92.48 meV / A
2026-10-01 07:46:18.193 DEBUG: Deleting old checkpoint file: ./checkpoints/mace_multitm_model_run-123_epoch-24.pt
2026-10-01 07:46:18.194 DEBUG: Saving checkpoint: ./checkpoints/mace_multitm_model_run-123_epoch-25.pt
2026-10-01 07:47:09.447 INFO: Epoch 26: head: Default, loss=0.02109360, RMSE_E_per_atom=   15.54 meV, RMSE_F=   91.35 meV / A
2026-10-01 07:47:09.448 DEBUG: Deleting old checkpoint file: ./checkpoints/mace_multitm_model_run-123_epoch-25.pt
2026-10-01 07:47:09.449 DEBUG: Saving checkpoint: ./checkpoints/mace_multitm_model_run-123_epoch-26.pt
2026-10-01 07:48:00.867 INFO: Epoch 27: head: Default, loss=0.01981224, RMSE_E_per_atom=   14.78 meV, RMSE_F=   88.53 meV / A
2026-10-01 07:48:00.869 DEBUG: Deleting old checkpoint file: ./checkpoints/mace_multitm_model_run-123_epoch-26.pt
2026-10-01 07:48:00.870 DEBUG: Saving checkpoint: ./checkpoints/mace_multitm_model_run-123_epoch-27.pt
2026-10-01 07:48:51.639 INFO: Epoch 28: head: Default, loss=0.01924108, RMSE_E_per_atom=   14.29 meV, RMSE_F=   87.26 meV / A
2026-10-01 07:48:51.641 DEBUG: Deleting old checkpoint file: ./checkpoints/mace_multitm_model_run-123_epoch-27.pt
2026-10-01 07:48:51.642 DEBUG: Saving checkpoint: ./checkpoints/mace_multitm_model_run-123_epoch-28.pt
2026-10-01 07:49:43.210 INFO: Epoch 29: head: Default, loss=0.01876059, RMSE_E_per_atom=   14.13 meV, RMSE_F=   86.18 meV / A
2026-10-01 07:49:43.211 DEBUG: Deleting old checkpoint file: ./checkpoints/mace_multitm_model_run-123_epoch-28.pt
2026-10-01 07:49:43.212 DEBUG: Saving checkpoint: ./checkpoints/mace_multitm_model_run-123_epoch-29.pt
2026-10-01 07:50:35.561 INFO: Epoch 30: head: Default, loss=0.01804043, RMSE_E_per_atom=   13.77 meV, RMSE_F=   84.53 meV / A
2026-10-01 07:50:35.562 DEBUG: Deleting old checkpoint file: ./checkpoints/mace_multitm_model_run-123_epoch-29.pt
2026-10-01 07:50:35.564 DEBUG: Saving checkpoint: ./checkpoints/mace_multitm_model_run-123_epoch-30.pt
2026-10-01 07:51:27.661 INFO: Epoch 31: head: Default, loss=0.01715931, RMSE_E_per_atom=   13.33 meV, RMSE_F=   82.46 meV / A
2026-10-01 07:51:27.663 DEBUG: Deleting old checkpoint file: ./checkpoints/mace_multitm_model_run-123_epoch-30.pt
2026-10-01 07:51:27.664 DEBUG: Saving checkpoint: ./checkpoints/mace_multitm_model_run-123_epoch-31.pt
2026-10-01 07:52:18.136 INFO: Epoch 32: head: Default, loss=0.01667425, RMSE_E_per_atom=   13.26 meV, RMSE_F=   81.29 meV / A
2026-10-01 07:52:18.138 DEBUG: Deleting old checkpoint file: ./checkpoints/mace_multitm_model_run-123_epoch-31.pt
2026-10-01 07:52:18.139 DEBUG: Saving checkpoint: ./checkpoints/mace_multitm_model_run-123_epoch-32.pt
2026-10-01 07:53:09.467 INFO: Epoch 33: head: Default, loss=0.01617707, RMSE_E_per_atom=   13.58 meV, RMSE_F=   80.07 meV / A
2026-10-01 07:53:09.469 DEBUG: Deleting old checkpoint file: ./checkpoints/mace_multitm_model_run-123_epoch-32.pt
2026-10-01 07:53:09.470 DEBUG: Saving checkpoint: ./checkpoints/mace_multitm_model_run-123_epoch-33.pt
2026-10-01 07:54:01.280 INFO: Epoch 34: head: Default, loss=0.01568613, RMSE_E_per_atom=   13.02 meV, RMSE_F=   78.86 meV / A
2026-10-01 07:54:01.281 DEBUG: Deleting old checkpoint file: ./checkpoints/mace_multitm_model_run-123_epoch-33.pt
2026-10-01 07:54:01.282 DEBUG: Saving checkpoint: ./checkpoints/mace_multitm_model_run-123_epoch-34.pt
2026-10-01 07:54:51.880 INFO: Epoch 35: head: Default, loss=0.01524906, RMSE_E_per_atom=   12.78 meV, RMSE_F=   77.75 meV / A
2026-10-01 07:54:51.882 DEBUG: Deleting old checkpoint file: ./checkpoints/mace_multitm_model_run-123_epoch-34.pt
2026-10-01 07:54:51.883 DEBUG: Saving checkpoint: ./checkpoints/mace_multitm_model_run-123_epoch-35.pt
2026-10-01 07:55:43.448 INFO: Epoch 36: head: Default, loss=0.01476905, RMSE_E_per_atom=   12.62 meV, RMSE_F=   76.55 meV / A
2026-10-01 07:55:43.450 DEBUG: Deleting old checkpoint file: ./checkpoints/mace_multitm_model_run-123_epoch-35.pt
2026-10-01 07:55:43.451 DEBUG: Saving checkpoint: ./checkpoints/mace_multitm_model_run-123_epoch-36.pt
2026-10-01 07:56:35.566 INFO: Epoch 37: head: Default, loss=0.01448141, RMSE_E_per_atom=   12.19 meV, RMSE_F=   75.79 meV / A
2026-10-01 07:56:35.568 DEBUG: Deleting old checkpoint file: ./checkpoints/mace_multitm_model_run-123_epoch-36.pt
2026-10-01 07:56:35.569 DEBUG: Saving checkpoint: ./checkpoints/mace_multitm_model_run-123_epoch-37.pt
2026-10-01 07:57:27.307 INFO: Epoch 38: head: Default, loss=0.01425227, RMSE_E_per_atom=   11.78 meV, RMSE_F=   75.19 meV / A
2026-10-01 07:57:27.309 DEBUG: Deleting old checkpoint file: ./checkpoints/mace_multitm_model_run-123_epoch-37.pt
2026-10-01 07:57:27.310 DEBUG: Saving checkpoint: ./checkpoints/mace_multitm_model_run-123_epoch-38.pt
2026-10-01 07:58:19.251 INFO: Epoch 39: head: Default, loss=0.01392038, RMSE_E_per_atom=   11.70 meV, RMSE_F=   74.31 meV / A
2026-10-01 07:58:19.253 DEBUG: Deleting old checkpoint file: ./checkpoints/mace_multitm_model_run-123_epoch-38.pt
2026-10-01 07:58:19.254 DEBUG: Saving checkpoint: ./checkpoints/mace_multitm_model_run-123_epoch-39.pt
2026-10-01 07:59:10.939 INFO: Epoch 40: head: Default, loss=0.01348819, RMSE_E_per_atom=   11.42 meV, RMSE_F=   73.13 meV / A
2026-10-01 07:59:10.941 DEBUG: Deleting old checkpoint file: ./checkpoints/mace_multitm_model_run-123_epoch-39.pt
2026-10-01 07:59:10.942 DEBUG: Saving checkpoint: ./checkpoints/mace_multitm_model_run-123_epoch-40.pt
2026-10-01 08:00:02.688 INFO: Epoch 41: head: Default, loss=0.01319900, RMSE_E_per_atom=   11.25 meV, RMSE_F=   72.32 meV / A
2026-10-01 08:00:02.690 DEBUG: Deleting old checkpoint file: ./checkpoints/mace_multitm_model_run-123_epoch-40.pt
2026-10-01 08:00:02.691 DEBUG: Saving checkpoint: ./checkpoints/mace_multitm_model_run-123_epoch-41.pt
2026-10-01 08:00:54.687 INFO: Epoch 42: head: Default, loss=0.01323225, RMSE_E_per_atom=   11.07 meV, RMSE_F=   72.46 meV / A
2026-10-01 08:01:45.859 INFO: Epoch 43: head: Default, loss=0.01286365, RMSE_E_per_atom=   11.06 meV, RMSE_F=   71.45 meV / A
2026-10-01 08:01:45.860 DEBUG: Deleting old checkpoint file: ./checkpoints/mace_multitm_model_run-123_epoch-41.pt
2026-10-01 08:01:45.861 DEBUG: Saving checkpoint: ./checkpoints/mace_multitm_model_run-123_epoch-43.pt
2026-10-01 08:02:36.775 INFO: Epoch 44: head: Default, loss=0.01289358, RMSE_E_per_atom=   11.64 meV, RMSE_F=   71.51 meV / A
2026-10-01 08:03:28.658 INFO: Epoch 45: head: Default, loss=0.01286570, RMSE_E_per_atom=   12.24 meV, RMSE_F=   71.43 meV / A
2026-10-01 08:04:19.572 INFO: Epoch 46: head: Default, loss=0.01320121, RMSE_E_per_atom=   11.79 meV, RMSE_F=   72.37 meV / A
2026-10-01 08:05:11.588 INFO: Epoch 47: head: Default, loss=0.01286764, RMSE_E_per_atom=   11.94 meV, RMSE_F=   71.45 meV / A
2026-10-01 08:06:02.941 INFO: Epoch 48: head: Default, loss=0.01245213, RMSE_E_per_atom=   11.79 meV, RMSE_F=   70.29 meV / A
2026-10-01 08:06:02.943 DEBUG: Deleting old checkpoint file: ./checkpoints/mace_multitm_model_run-123_epoch-43.pt
2026-10-01 08:06:02.943 DEBUG: Saving checkpoint: ./checkpoints/mace_multitm_model_run-123_epoch-48.pt
2026-10-01 08:06:55.287 INFO: Epoch 49: head: Default, loss=0.01196106, RMSE_E_per_atom=   11.06 meV, RMSE_F=   68.90 meV / A
2026-10-01 08:06:55.289 DEBUG: Deleting old checkpoint file: ./checkpoints/mace_multitm_model_run-123_epoch-48.pt
2026-10-01 08:06:55.290 DEBUG: Saving checkpoint: ./checkpoints/mace_multitm_model_run-123_epoch-49.pt
2026-10-01 08:07:46.889 INFO: Epoch 50: head: Default, loss=0.01178876, RMSE_E_per_atom=   10.69 meV, RMSE_F=   68.41 meV / A
2026-10-01 08:07:46.891 DEBUG: Deleting old checkpoint file: ./checkpoints/mace_multitm_model_run-123_epoch-49.pt
2026-10-01 08:07:46.892 DEBUG: Saving checkpoint: ./checkpoints/mace_multitm_model_run-123_epoch-50.pt
2026-10-01 08:08:38.259 INFO: Epoch 51: head: Default, loss=0.01155692, RMSE_E_per_atom=   10.43 meV, RMSE_F=   67.74 meV / A
2026-10-01 08:08:38.260 DEBUG: Deleting old checkpoint file: ./checkpoints/mace_multitm_model_run-123_epoch-50.pt
2026-10-01 08:08:38.261 DEBUG: Saving checkpoint: ./checkpoints/mace_multitm_model_run-123_epoch-51.pt
2026-10-01 08:09:29.712 INFO: Epoch 52: head: Default, loss=0.01144965, RMSE_E_per_atom=   10.44 meV, RMSE_F=   67.41 meV / A
2026-10-01 08:09:29.713 DEBUG: Deleting old checkpoint file: ./checkpoints/mace_multitm_model_run-123_epoch-51.pt
2026-10-01 08:09:29.714 DEBUG: Saving checkpoint: ./checkpoints/mace_multitm_model_run-123_epoch-52.pt
2026-10-01 08:10:20.893 INFO: Epoch 53: head: Default, loss=0.01124814, RMSE_E_per_atom=   10.19 meV, RMSE_F=   66.82 meV / A
2026-10-01 08:10:20.895 DEBUG: Deleting old checkpoint file: ./checkpoints/mace_multitm_model_run-123_epoch-52.pt
2026-10-01 08:10:20.896 DEBUG: Saving checkpoint: ./checkpoints/mace_multitm_model_run-123_epoch-53.pt
2026-10-01 08:11:12.683 INFO: Epoch 54: head: Default, loss=0.01097626, RMSE_E_per_atom=   10.15 meV, RMSE_F=   66.00 meV / A
2026-10-01 08:11:12.685 DEBUG: Deleting old checkpoint file: ./checkpoints/mace_multitm_model_run-123_epoch-53.pt
2026-10-01 08:11:12.686 DEBUG: Saving checkpoint: ./checkpoints/mace_multitm_model_run-123_epoch-54.pt
2026-10-01 08:12:03.672 INFO: Epoch 55: head: Default, loss=0.01076194, RMSE_E_per_atom=    9.96 meV, RMSE_F=   65.35 meV / A
2026-10-01 08:12:03.675 DEBUG: Deleting old checkpoint file: ./checkpoints/mace_multitm_model_run-123_epoch-54.pt
2026-10-01 08:12:03.676 DEBUG: Saving checkpoint: ./checkpoints/mace_multitm_model_run-123_epoch-55.pt
2026-10-01 08:12:56.110 INFO: Epoch 56: head: Default, loss=0.01051127, RMSE_E_per_atom=    9.78 meV, RMSE_F=   64.59 meV / A
2026-10-01 08:12:56.112 DEBUG: Deleting old checkpoint file: ./checkpoints/mace_multitm_model_run-123_epoch-55.pt
2026-10-01 08:12:56.113 DEBUG: Saving checkpoint: ./checkpoints/mace_multitm_model_run-123_epoch-56.pt
2026-10-01 08:13:48.215 INFO: Epoch 57: head: Default, loss=0.01037689, RMSE_E_per_atom=    9.63 meV, RMSE_F=   64.16 meV / A
2026-10-01 08:13:48.217 DEBUG: Deleting old checkpoint file: ./checkpoints/mace_multitm_model_run-123_epoch-56.pt
2026-10-01 08:13:48.218 DEBUG: Saving checkpoint: ./checkpoints/mace_multitm_model_run-123_epoch-57.pt
2026-10-01 08:14:39.118 INFO: Epoch 58: head: Default, loss=0.01028135, RMSE_E_per_atom=    9.49 meV, RMSE_F=   63.88 meV / A
2026-10-01 08:14:39.141 DEBUG: Deleting old checkpoint file: ./checkpoints/mace_multitm_model_run-123_epoch-57.pt
2026-10-01 08:14:39.142 DEBUG: Saving checkpoint: ./checkpoints/mace_multitm_model_run-123_epoch-58.pt
2026-10-01 08:15:30.885 INFO: Epoch 59: head: Default, loss=0.01030187, RMSE_E_per_atom=    9.45 meV, RMSE_F=   63.95 meV / A
2026-10-01 08:15:30.888 INFO: Training complete
2026-10-01 08:15:30.888 INFO: 
2026-10-01 08:15:30.888 INFO: ===========RESULTS===========
2026-10-01 08:15:30.888 INFO: Loading checkpoint: ./checkpoints/mace_multitm_model_run-123_epoch-59.pt
2026-10-01 08:15:30.910 INFO: Loaded Stage one model from epoch 59 for evaluation
2026-10-01 08:15:30.910 INFO: Saving model to checkpoints/mace_multitm_model_run-123.model
2026-10-01 08:15:31.059 INFO: Compiling model, saving metadata to mace_multitm_model_compiled.model
2026-10-01 08:15:31.674 INFO: Computing metrics for training, validation, and test sets
2026-10-01 08:15:31.675 INFO: Skipping evaluation for heads: ['pt_head']
2026-10-01 08:15:31.675 INFO: Evaluating train_Default ...
2026-10-01 08:15:45.681 INFO: Evaluating valid_Default ...
2026-10-01 08:15:48.241 INFO: Error-table on TRAIN and VALID:
+---------------+---------------------+------------------+-------------------+
|  config_type  | RMSE E / meV / atom | RMSE F / meV / A | relative F RMSE % |
+---------------+---------------------+------------------+-------------------+
| train_Default |           15.0      |         64.1     |          3.26     |
| valid_Default |           11.1      |         74.9     |          3.83     |
+---------------+---------------------+------------------+-------------------+
2026-10-01 08:15:48.241 DEBUG: Running inference on train_Default dataset
2026-10-01 08:16:02.464 DEBUG: Running inference on valid_Default dataset
2026-10-01 08:16:05.242 DEBUG: STREAM b'IHDR' 16 13
2026-10-01 08:16:05.242 DEBUG: STREAM b'sBIT' 41 4
2026-10-01 08:16:05.242 DEBUG: b'sBIT' 41 4 (unknown)
2026-10-01 08:16:05.242 DEBUG: STREAM b'pHYs' 57 9
2026-10-01 08:16:05.243 DEBUG: STREAM b'IDAT' 78 1189
2026-10-01 08:16:05.245 DEBUG: STREAM b'IHDR' 16 13
2026-10-01 08:16:05.245 DEBUG: STREAM b'sBIT' 41 4
2026-10-01 08:16:05.245 DEBUG: b'sBIT' 41 4 (unknown)
2026-10-01 08:16:05.245 DEBUG: STREAM b'pHYs' 57 9
2026-10-01 08:16:05.245 DEBUG: STREAM b'IDAT' 78 2994
2026-10-01 08:16:05.258 DEBUG: STREAM b'IHDR' 16 13
2026-10-01 08:16:05.258 DEBUG: STREAM b'sBIT' 41 4
2026-10-01 08:16:05.258 DEBUG: b'sBIT' 41 4 (unknown)
2026-10-01 08:16:05.258 DEBUG: STREAM b'pHYs' 57 9
2026-10-01 08:16:05.258 DEBUG: STREAM b'IDAT' 78 374
2026-10-01 08:16:05.260 DEBUG: STREAM b'IHDR' 16 13
2026-10-01 08:16:05.260 DEBUG: STREAM b'sBIT' 41 4
2026-10-01 08:16:05.260 DEBUG: b'sBIT' 41 4 (unknown)
2026-10-01 08:16:05.260 DEBUG: STREAM b'pHYs' 57 9
2026-10-01 08:16:05.260 DEBUG: STREAM b'IDAT' 78 286
2026-10-01 08:16:05.261 DEBUG: STREAM b'IHDR' 16 13
2026-10-01 08:16:05.261 DEBUG: STREAM b'sBIT' 41 4
2026-10-01 08:16:05.261 DEBUG: b'sBIT' 41 4 (unknown)
2026-10-01 08:16:05.261 DEBUG: STREAM b'pHYs' 57 9
2026-10-01 08:16:05.262 DEBUG: STREAM b'IDAT' 78 263
2026-10-01 08:16:05.263 DEBUG: STREAM b'IHDR' 16 13
2026-10-01 08:16:05.263 DEBUG: STREAM b'sBIT' 41 4
2026-10-01 08:16:05.263 DEBUG: b'sBIT' 41 4 (unknown)
2026-10-01 08:16:05.263 DEBUG: STREAM b'pHYs' 57 9
2026-10-01 08:16:05.263 DEBUG: STREAM b'IDAT' 78 387
2026-10-01 08:16:05.263 DEBUG: STREAM b'IHDR' 16 13
2026-10-01 08:16:05.263 DEBUG: STREAM b'sBIT' 41 4
2026-10-01 08:16:05.263 DEBUG: b'sBIT' 41 4 (unknown)
2026-10-01 08:16:05.264 DEBUG: STREAM b'pHYs' 57 9
2026-10-01 08:16:05.264 DEBUG: STREAM b'IDAT' 78 436
2026-10-01 08:16:05.264 DEBUG: STREAM b'IHDR' 16 13
2026-10-01 08:16:05.264 DEBUG: STREAM b'sBIT' 41 4
2026-10-01 08:16:05.264 DEBUG: b'sBIT' 41 4 (unknown)
2026-10-01 08:16:05.264 DEBUG: STREAM b'pHYs' 57 9
2026-10-01 08:16:05.264 DEBUG: STREAM b'IDAT' 78 351
2026-10-01 08:16:05.265 DEBUG: STREAM b'IHDR' 16 13
2026-10-01 08:16:05.265 DEBUG: STREAM b'sBIT' 41 4
2026-10-01 08:16:05.265 DEBUG: b'sBIT' 41 4 (unknown)
2026-10-01 08:16:05.265 DEBUG: STREAM b'pHYs' 57 9
2026-10-01 08:16:05.265 DEBUG: STREAM b'IDAT' 78 364
2026-10-01 08:16:06.685 INFO: Done
2026-10-01 08:38:54.925 INFO: ===========VERIFYING SETTINGS===========
2026-10-01 08:38:54.925 INFO: MACE version: 0.3.16
2026-10-01 08:38:54.926 DEBUG: Configuration: Namespace(config=None, name='mace_multitm_model', seed=123, work_dir='.', log_dir='./logs', model_dir='.', checkpoints_dir='./checkpoints', results_dir='./results', downloads_dir='./downloads', device='cpu', default_dtype='float32', distributed=False, launcher='slurm', log_level='INFO', plot=True, plot_frequency=0, plot_interaction_e=False, error_table='PerAtomRMSE', model='ScaleShiftMACE', r_max=5.0, radial_type='bessel', num_radial_basis=8, num_cutoff_basis=5, pair_repulsion=False, distance_transform='None', apply_cutoff=True, use_last_readout_only=False, use_embedding_readout=False, interaction='RealAgnosticResidualInteractionBlock', interaction_first='RealAgnosticResidualInteractionBlock', max_ell=3, correlation=3, use_reduced_cg=False, use_so3=False, use_agnostic_product=False, num_interactions=2, MLP_irreps='16x0e', radial_MLP='[64, 64, 64]', hidden_irreps='64x0e + 64x1o', edge_irreps=None, use_edge_irreps_first=False, num_channels=64, max_L=1, gate='silu', kspace_cutoff_factor=1.5, atomic_multipoles_max_l=0, atomic_multipoles_smearing_width=1.0, field_feature_max_l=0, field_feature_widths='[1.0]', field_feature_norms=None, num_recursion_steps=1, field_si=False, include_electrostatic_self_interaction=False, add_local_electron_energy=False, quadrupole_feature_corrections=False, return_electrostatic_potentials=False, field_norm_factor=0.02, fixedpoint_update_config=None, field_readout_config=None, scaling='rms_forces_scaling', avg_num_neighbors=1, compute_avg_num_neighbors=True, compute_stress=False, compute_forces=True, compute_polarizability=False, compute_atomic_dipole=False, train_file='mace_train.xyz', valid_file='mace_val.xyz', valid_fraction=0.1, test_file=None, test_dir=None, multi_processed_test=False, num_workers=0, pin_memory=True, atomic_numbers='[1, 6, 7, 27, 28, 46]', mean=None, std=None, statistics_file=None, les_arguments=None, E0s='average', pseudolabel_replay=False, pseudolabel_replay_compute_stress=False, foundation_filter_elements=True, heads=None, multiheads_finetuning=True, foundation_head=None, weight_pt_head=1.0, real_pt_data_ratio_threshold=0.1, num_samples_pt=10000, force_mh_ft_lr=False, subselect_pt='random', filter_type_pt='none', allow_random_padding_pt=True, pt_train_file=None, pt_valid_file=None, foundation_model_elements=False, keep_isolated_atoms=False, lora=False, lora_rank=4, lora_alpha=1.0, energy_key='energy', forces_key='forces', virials_key='REF_virials', stress_key='REF_stress', dipole_key='dipole', polarizability_key='polarizability', head_key='head', charges_key='REF_charges', elec_temp_key='elec_temp', total_spin_key='total_spin', total_charge_key='total_charge', embedding_specs=None, skip_evaluate_heads='pt_head', loss='weighted', forces_weight=10.0, swa_forces_weight=100.0, energy_weight=1.0, swa_energy_weight=1000.0, virials_weight=1.0, swa_virials_weight=10.0, stress_weight=1.0, swa_stress_weight=10.0, dipole_weight=1.0, swa_dipole_weight=1.0, swa_polarizability_weight=1.0, polarizability_weight=1.0, config_type_weights='{"Default":1.0}', huber_delta=0.01, optimizer='adam', beta=0.9, beta1_schedulefree=0.9, beta2_schedulefree=0.98, batch_size=4, valid_batch_size=4, lr=0.01, swa_lr=0.001, weight_decay=5e-07, lr_params_factors='{"embedding_lr_factor": 1.0, "interactions_lr_factor": 1.0, "products_lr_factor": 1.0, "readouts_lr_factor": 1.0}', freeze=None, amsgrad=True, scheduler='ReduceLROnPlateau', lr_factor=0.8, scheduler_patience=50, lr_scheduler_gamma=0.9993, swa=False, start_swa=None, lbfgs=False, ema=True, ema_decay=0.99, max_num_epochs=60, patience=2048, foundation_model=None, foundation_model_kwargs='{}', foundation_model_readout=True, eval_interval=1, keep_checkpoints=False, save_all_checkpoints=False, restart_latest=False, save_cpu=False, clip_grad=10.0, dry_run=False, enable_cueq=False, only_cueq=False, enable_oeq=False, wandb=False, wandb_dir=None, wandb_project='', wandb_entity='', wandb_name='', wandb_log_hypers=['num_channels', 'max_L', 'correlation', 'lr', 'swa_lr', 'weight_decay', 'batch_size', 'max_num_epochs', 'start_swa', 'energy_weight', 'forces_weight'], key_specification=KeySpecification(info_keys={'energy': 'energy', 'stress': 'REF_stress', 'virials': 'REF_virials', 'dipole': 'dipole', 'head': 'head', 'elec_temp': 'elec_temp', 'total_charge': 'total_charge', 'polarizability': 'polarizability', 'total_spin': 'total_spin'}, arrays_keys={'forces': 'forces', 'charges': 'REF_charges'}))
2026-10-01 08:38:54.926 INFO: Using CPU
2026-10-01 08:38:54.962 DEBUG: Popen(['git', 'version'], cwd=/home/ziat1/Documents/Training/Autonomous_MultiTM_SAC_Pipeline, stdin=None, shell=False, universal_newlines=False)
2026-10-01 08:38:54.966 DEBUG: Popen(['git', 'version'], cwd=/home/ziat1/Documents/Training/Autonomous_MultiTM_SAC_Pipeline, stdin=None, shell=False, universal_newlines=False)
2026-10-01 08:38:54.970 DEBUG: sys.platform='linux', git_executable='git'
2026-10-01 08:38:54.970 DEBUG: Error accessing Git repository: /home/ziat1/Documents/Training/Autonomous_MultiTM_SAC_Pipeline
2026-10-01 08:38:54.970 INFO: ===========LOADING INPUT DATA===========
2026-10-01 08:38:54.970 INFO: Using heads: ['Default']
2026-10-01 08:38:54.970 INFO: Using the key specifications to parse data:
2026-10-01 08:38:54.970 INFO: Default: KeySpecification(info_keys={'energy': 'energy', 'stress': 'REF_stress', 'virials': 'REF_virials', 'dipole': 'dipole', 'head': 'head', 'elec_temp': 'elec_temp', 'total_charge': 'total_charge', 'polarizability': 'polarizability', 'total_spin': 'total_spin'}, arrays_keys={'forces': 'forces', 'charges': 'REF_charges'})
2026-10-01 08:38:54.971 INFO: =============    Processing head Default     ===========
2026-10-01 08:38:54.971 DEBUG: Loading training file: mace_train.xyz
2026-10-01 08:38:55.054 WARNING: Since ASE version 3.23.0b1, using energy_key 'energy' is no longer safe when communicating between MACE and ASE. We recommend using a different key, rewriting 'energy' to 'REF_energy'. You need to use --energy_key='REF_energy' to specify the chosen key name.
2026-10-01 08:38:55.075 WARNING: Since ASE version 3.23.0b1, using forces_key 'forces' is no longer safe when communicating between MACE and ASE. We recommend using a different key, rewriting 'forces' to 'REF_forces'. You need to use --forces_key='REF_forces' to specify the chosen key name.
2026-10-01 08:38:55.096 INFO: Training set 1/1 [energy: 187, stress: 0, virials: 0, dipole components: 0, head: 187, elec_temp: 0, total_charge: 0, polarizability: 0, total_spin: 0, forces: 187, charges: 0]
2026-10-01 08:38:55.097 INFO: Total Training set [energy: 187, stress: 0, virials: 0, dipole components: 0, head: 187, elec_temp: 0, total_charge: 0, polarizability: 0, total_spin: 0, forces: 187, charges: 0]
2026-10-01 08:38:55.118 WARNING: Since ASE version 3.23.0b1, using energy_key 'energy' is no longer safe when communicating between MACE and ASE. We recommend using a different key, rewriting 'energy' to 'REF_energy'. You need to use --energy_key='REF_energy' to specify the chosen key name.
2026-10-01 08:38:55.120 WARNING: Since ASE version 3.23.0b1, using forces_key 'forces' is no longer safe when communicating between MACE and ASE. We recommend using a different key, rewriting 'forces' to 'REF_forces'. You need to use --forces_key='REF_forces' to specify the chosen key name.
2026-10-01 08:38:55.123 INFO: Validation set 1/1 [energy: 33, stress: 0, virials: 0, dipole components: 0, head: 33, elec_temp: 0, total_charge: 0, polarizability: 0, total_spin: 0, forces: 33, charges: 0]
2026-10-01 08:38:55.124 INFO: Total Validation set [energy: 33, stress: 0, virials: 0, dipole components: 0, head: 33, elec_temp: 0, total_charge: 0, polarizability: 0, total_spin: 0, forces: 33, charges: 0]
2026-10-01 08:38:55.124 INFO: Total number of configurations: train=187, valid=33, tests=[],
2026-10-01 08:38:55.124 INFO: Using atomic numbers from command line argument
2026-10-01 08:38:55.124 INFO: Atomic Numbers used: [1, 6, 7, 27, 28, 46]
2026-10-01 08:38:55.124 INFO: Isolated Atomic Energies (E0s) not in training file, using command line argument
2026-10-01 08:38:55.124 INFO: Computing average Atomic Energies using least squares regression
2026-10-01 08:38:55.126 INFO: Atomic Energies used (z: eV) for head Default: {1: -7.157444524841892, 6: -8.888543690676043, 7: -8.478930937547151, 27: -0.17778066170442997, 28: 1.4145339101805425, 46: -1.5911915061949484}
2026-10-01 08:38:55.126 INFO: Processing datasets for head 'Default'
2026-10-01 08:38:55.232 DEBUG: Successfully loaded dataset from ASE files: ['mace_train.xyz']
2026-10-01 08:38:55.232 INFO: Combining 1 list datasets for head 'Default'
2026-10-01 08:38:55.250 DEBUG: Successfully loaded validation dataset from ASE files: ['mace_val.xyz']
2026-10-01 08:38:55.250 INFO: Combining 1 list datasets for head 'Default_valid'
2026-10-01 08:38:55.250 INFO: Combined validation datasets for Default
2026-10-01 08:38:55.250 INFO: Head 'Default' training dataset size: 187
2026-10-01 08:38:55.251 INFO: Computing average number of neighbors
2026-10-01 08:38:55.319 INFO: Average number of neighbors: 29.695999145507812
2026-10-01 08:38:55.319 INFO: During training the following quantities will be reported: energy, forces
2026-10-01 08:38:55.319 INFO: ===========MODEL DETAILS===========
2026-10-01 08:38:55.384 INFO: Building model
2026-10-01 08:38:55.384 INFO: Message passing with 64 channels and max_L=1 (64x0e + 64x1o)
2026-10-01 08:38:55.384 INFO: 2 layers, each with correlation order: 3 (body order: 4) and spherical harmonics up to: l=3
2026-10-01 08:38:55.384 INFO: 8 radial and 5 basis functions
2026-10-01 08:38:55.384 INFO: Radial cutoff: 5.0 A (total receptive field for each atom: 10.0 A)
2026-10-01 08:38:55.384 INFO: Distance transform for radial basis functions: None
2026-10-01 08:38:55.384 INFO: Hidden irreps: 64x0e + 64x1o
2026-10-01 08:38:56.323 INFO: ===========OPTIMIZER INFORMATION===========
2026-10-01 08:38:56.323 INFO: Using ADAM as parameter optimizer
2026-10-01 08:38:56.323 INFO: Batch size: 4
2026-10-01 08:38:56.323 INFO: Using Exponential Moving Average with decay: 0.99
2026-10-01 08:38:56.323 INFO: Number of gradient updates: 2805
2026-10-01 08:38:56.323 INFO: Learning rate: 0.01, weight decay: 5e-07
2026-10-01 08:38:56.323 INFO: WeightedEnergyForcesLoss(energy_weight=1.000, forces_weight=10.000)
2026-10-01 08:38:56.324 INFO: === Layer's learning rates ===
2026-10-01 08:38:56.324 INFO: Param group 0: lr = 0.01
2026-10-01 08:38:56.324 INFO: Param group 1: lr = 0.01
2026-10-01 08:38:56.324 INFO: Param group 2: lr = 0.01
2026-10-01 08:38:56.324 INFO: Param group 3: lr = 0.01
2026-10-01 08:38:56.324 INFO: Param group 4: lr = 0.01
2026-10-01 08:38:56.324 INFO: Using gradient clipping with tolerance=10.000
2026-10-01 08:38:56.325 INFO: 
2026-10-01 08:38:56.325 INFO: ===========TRAINING===========
2026-10-01 08:38:56.325 INFO: Started training, reporting errors on validation set
2026-10-01 08:38:56.325 INFO: Loss metrics on validation set
2026-10-01 08:38:59.650 INFO: Initial: head: Default, loss=9.81795311, RMSE_E_per_atom=  682.92 meV, RMSE_F= 1967.98 meV / A
2026-10-01 08:39:52.538 INFO: Epoch 0: head: Default, loss=0.71319073, RMSE_E_per_atom=   65.42 meV, RMSE_F=  520.55 meV / A
2026-10-01 08:39:52.540 DEBUG: Saving checkpoint: ./checkpoints/mace_multitm_model_run-123_epoch-0.pt
2026-10-01 08:40:44.490 INFO: Epoch 1: head: Default, loss=0.25057197, RMSE_E_per_atom=   47.90 meV, RMSE_F=  313.68 meV / A
2026-10-01 08:40:44.507 DEBUG: Deleting old checkpoint file: ./checkpoints/mace_multitm_model_run-123_epoch-0.pt
2026-10-01 08:40:44.508 DEBUG: Saving checkpoint: ./checkpoints/mace_multitm_model_run-123_epoch-1.pt
2026-10-01 08:41:36.720 INFO: Epoch 2: head: Default, loss=0.15433325, RMSE_E_per_atom=   41.97 meV, RMSE_F=  246.92 meV / A
2026-10-01 08:41:36.722 DEBUG: Deleting old checkpoint file: ./checkpoints/mace_multitm_model_run-123_epoch-1.pt
2026-10-01 08:41:36.723 DEBUG: Saving checkpoint: ./checkpoints/mace_multitm_model_run-123_epoch-2.pt
2026-10-01 08:42:28.551 INFO: Epoch 3: head: Default, loss=0.11503781, RMSE_E_per_atom=   39.64 meV, RMSE_F=  213.23 meV / A
2026-10-01 08:42:28.552 DEBUG: Deleting old checkpoint file: ./checkpoints/mace_multitm_model_run-123_epoch-2.pt
2026-10-01 08:42:28.553 DEBUG: Saving checkpoint: ./checkpoints/mace_multitm_model_run-123_epoch-3.pt
2026-10-01 08:43:20.450 INFO: Epoch 4: head: Default, loss=0.09278760, RMSE_E_per_atom=   37.05 meV, RMSE_F=  191.58 meV / A
2026-10-01 08:43:20.452 DEBUG: Deleting old checkpoint file: ./checkpoints/mace_multitm_model_run-123_epoch-3.pt
2026-10-01 08:43:20.453 DEBUG: Saving checkpoint: ./checkpoints/mace_multitm_model_run-123_epoch-4.pt
2026-10-01 08:44:11.844 INFO: Epoch 5: head: Default, loss=0.08057842, RMSE_E_per_atom=   39.44 meV, RMSE_F=  178.29 meV / A
2026-10-01 08:44:11.847 DEBUG: Deleting old checkpoint file: ./checkpoints/mace_multitm_model_run-123_epoch-4.pt
2026-10-01 08:44:11.848 DEBUG: Saving checkpoint: ./checkpoints/mace_multitm_model_run-123_epoch-5.pt
2026-10-01 08:45:03.952 INFO: Epoch 6: head: Default, loss=0.07017152, RMSE_E_per_atom=   40.27 meV, RMSE_F=  166.54 meV / A
2026-10-01 08:45:03.954 DEBUG: Deleting old checkpoint file: ./checkpoints/mace_multitm_model_run-123_epoch-5.pt
2026-10-01 08:45:03.955 DEBUG: Saving checkpoint: ./checkpoints/mace_multitm_model_run-123_epoch-6.pt
2026-10-01 08:45:56.256 INFO: Epoch 7: head: Default, loss=0.05958866, RMSE_E_per_atom=   35.37 meV, RMSE_F=  153.61 meV / A
2026-10-01 08:45:56.258 DEBUG: Deleting old checkpoint file: ./checkpoints/mace_multitm_model_run-123_epoch-6.pt
2026-10-01 08:45:56.259 DEBUG: Saving checkpoint: ./checkpoints/mace_multitm_model_run-123_epoch-7.pt
2026-10-01 08:46:48.062 INFO: Epoch 8: head: Default, loss=0.05364072, RMSE_E_per_atom=   31.72 meV, RMSE_F=  145.70 meV / A
2026-10-01 08:46:48.064 DEBUG: Deleting old checkpoint file: ./checkpoints/mace_multitm_model_run-123_epoch-7.pt
2026-10-01 08:46:48.065 DEBUG: Saving checkpoint: ./checkpoints/mace_multitm_model_run-123_epoch-8.pt
2026-10-01 08:47:40.260 INFO: Epoch 9: head: Default, loss=0.04792585, RMSE_E_per_atom=   28.78 meV, RMSE_F=  137.82 meV / A
2026-10-01 08:47:40.262 DEBUG: Deleting old checkpoint file: ./checkpoints/mace_multitm_model_run-123_epoch-8.pt
2026-10-01 08:47:40.263 DEBUG: Saving checkpoint: ./checkpoints/mace_multitm_model_run-123_epoch-9.pt
2026-10-01 08:48:32.217 INFO: Epoch 10: head: Default, loss=0.04506283, RMSE_E_per_atom=   26.77 meV, RMSE_F=  133.55 meV / A
2026-10-01 08:48:32.219 DEBUG: Deleting old checkpoint file: ./checkpoints/mace_multitm_model_run-123_epoch-9.pt
2026-10-01 08:48:32.220 DEBUG: Saving checkpoint: ./checkpoints/mace_multitm_model_run-123_epoch-10.pt
2026-10-01 08:49:23.960 INFO: Epoch 11: head: Default, loss=0.04175820, RMSE_E_per_atom=   25.72 meV, RMSE_F=  128.54 meV / A
2026-10-01 08:49:23.962 DEBUG: Deleting old checkpoint file: ./checkpoints/mace_multitm_model_run-123_epoch-10.pt
2026-10-01 08:49:23.963 DEBUG: Saving checkpoint: ./checkpoints/mace_multitm_model_run-123_epoch-11.pt
2026-10-01 08:50:15.719 INFO: Epoch 12: head: Default, loss=0.03914969, RMSE_E_per_atom=   24.26 meV, RMSE_F=  124.53 meV / A
2026-10-01 08:50:15.721 DEBUG: Deleting old checkpoint file: ./checkpoints/mace_multitm_model_run-123_epoch-11.pt
2026-10-01 08:50:15.722 DEBUG: Saving checkpoint: ./checkpoints/mace_multitm_model_run-123_epoch-12.pt
2026-10-01 08:51:08.088 INFO: Epoch 13: head: Default, loss=0.03677442, RMSE_E_per_atom=   22.92 meV, RMSE_F=  120.63 meV / A
2026-10-01 08:51:08.090 DEBUG: Deleting old checkpoint file: ./checkpoints/mace_multitm_model_run-123_epoch-12.pt
2026-10-01 08:51:08.091 DEBUG: Saving checkpoint: ./checkpoints/mace_multitm_model_run-123_epoch-13.pt
2026-10-01 08:52:00.353 INFO: Epoch 14: head: Default, loss=0.03427511, RMSE_E_per_atom=   22.03 meV, RMSE_F=  116.48 meV / A
2026-10-01 08:52:00.355 DEBUG: Deleting old checkpoint file: ./checkpoints/mace_multitm_model_run-123_epoch-13.pt
2026-10-01 08:52:00.356 DEBUG: Saving checkpoint: ./checkpoints/mace_multitm_model_run-123_epoch-14.pt
2026-10-01 08:52:52.928 INFO: Epoch 15: head: Default, loss=0.03268428, RMSE_E_per_atom=   21.09 meV, RMSE_F=  113.79 meV / A
2026-10-01 08:52:52.930 DEBUG: Deleting old checkpoint file: ./checkpoints/mace_multitm_model_run-123_epoch-14.pt
2026-10-01 08:52:52.931 DEBUG: Saving checkpoint: ./checkpoints/mace_multitm_model_run-123_epoch-15.pt
2026-10-01 08:53:44.621 INFO: Epoch 16: head: Default, loss=0.03164250, RMSE_E_per_atom=   20.01 meV, RMSE_F=  111.99 meV / A
2026-10-01 08:53:44.623 DEBUG: Deleting old checkpoint file: ./checkpoints/mace_multitm_model_run-123_epoch-15.pt
2026-10-01 08:53:44.624 DEBUG: Saving checkpoint: ./checkpoints/mace_multitm_model_run-123_epoch-16.pt
2026-10-01 08:54:36.700 INFO: Epoch 17: head: Default, loss=0.03026459, RMSE_E_per_atom=   18.78 meV, RMSE_F=  109.53 meV / A
2026-10-01 08:54:36.702 DEBUG: Deleting old checkpoint file: ./checkpoints/mace_multitm_model_run-123_epoch-16.pt
2026-10-01 08:54:36.703 DEBUG: Saving checkpoint: ./checkpoints/mace_multitm_model_run-123_epoch-17.pt
2026-10-01 08:55:29.280 INFO: Epoch 18: head: Default, loss=0.02940978, RMSE_E_per_atom=   18.47 meV, RMSE_F=  107.93 meV / A
2026-10-01 08:55:29.282 DEBUG: Deleting old checkpoint file: ./checkpoints/mace_multitm_model_run-123_epoch-17.pt
2026-10-01 08:55:29.283 DEBUG: Saving checkpoint: ./checkpoints/mace_multitm_model_run-123_epoch-18.pt
2026-10-01 08:56:21.593 INFO: Epoch 19: head: Default, loss=0.02800526, RMSE_E_per_atom=   18.30 meV, RMSE_F=  105.29 meV / A
2026-10-01 08:56:21.595 DEBUG: Deleting old checkpoint file: ./checkpoints/mace_multitm_model_run-123_epoch-18.pt
2026-10-01 08:56:21.596 DEBUG: Saving checkpoint: ./checkpoints/mace_multitm_model_run-123_epoch-19.pt
2026-10-01 08:57:13.602 INFO: Epoch 20: head: Default, loss=0.02679782, RMSE_E_per_atom=   17.95 meV, RMSE_F=  102.96 meV / A
2026-10-01 08:57:13.604 DEBUG: Deleting old checkpoint file: ./checkpoints/mace_multitm_model_run-123_epoch-19.pt
2026-10-01 08:57:13.605 DEBUG: Saving checkpoint: ./checkpoints/mace_multitm_model_run-123_epoch-20.pt
2026-10-01 08:58:05.836 INFO: Epoch 21: head: Default, loss=0.02564826, RMSE_E_per_atom=   17.12 meV, RMSE_F=  100.75 meV / A
2026-10-01 08:58:05.838 DEBUG: Deleting old checkpoint file: ./checkpoints/mace_multitm_model_run-123_epoch-20.pt
2026-10-01 08:58:05.839 DEBUG: Saving checkpoint: ./checkpoints/mace_multitm_model_run-123_epoch-21.pt
2026-10-01 08:58:57.699 INFO: Epoch 22: head: Default, loss=0.02443117, RMSE_E_per_atom=   16.87 meV, RMSE_F=   98.29 meV / A
2026-10-01 08:58:57.701 DEBUG: Deleting old checkpoint file: ./checkpoints/mace_multitm_model_run-123_epoch-21.pt
2026-10-01 08:58:57.702 DEBUG: Saving checkpoint: ./checkpoints/mace_multitm_model_run-123_epoch-22.pt
2026-10-01 08:59:49.636 INFO: Epoch 23: head: Default, loss=0.02349437, RMSE_E_per_atom=   16.84 meV, RMSE_F=   96.35 meV / A
2026-10-01 08:59:49.638 DEBUG: Deleting old checkpoint file: ./checkpoints/mace_multitm_model_run-123_epoch-22.pt
2026-10-01 08:59:49.639 DEBUG: Saving checkpoint: ./checkpoints/mace_multitm_model_run-123_epoch-23.pt
2026-10-01 09:00:42.118 INFO: Epoch 24: head: Default, loss=0.02261912, RMSE_E_per_atom=   16.65 meV, RMSE_F=   94.56 meV / A
2026-10-01 09:00:42.119 DEBUG: Deleting old checkpoint file: ./checkpoints/mace_multitm_model_run-123_epoch-23.pt
2026-10-01 09:00:42.120 DEBUG: Saving checkpoint: ./checkpoints/mace_multitm_model_run-123_epoch-24.pt
2026-10-01 09:01:34.283 INFO: Epoch 25: head: Default, loss=0.02164402, RMSE_E_per_atom=   16.28 meV, RMSE_F=   92.48 meV / A
2026-10-01 09:01:34.285 DEBUG: Deleting old checkpoint file: ./checkpoints/mace_multitm_model_run-123_epoch-24.pt
2026-10-01 09:01:34.286 DEBUG: Saving checkpoint: ./checkpoints/mace_multitm_model_run-123_epoch-25.pt
2026-10-01 09:02:25.435 INFO: Epoch 26: head: Default, loss=0.02109360, RMSE_E_per_atom=   15.54 meV, RMSE_F=   91.35 meV / A
2026-10-01 09:02:25.437 DEBUG: Deleting old checkpoint file: ./checkpoints/mace_multitm_model_run-123_epoch-25.pt
2026-10-01 09:02:25.438 DEBUG: Saving checkpoint: ./checkpoints/mace_multitm_model_run-123_epoch-26.pt
2026-10-01 09:03:17.412 INFO: Epoch 27: head: Default, loss=0.01981224, RMSE_E_per_atom=   14.78 meV, RMSE_F=   88.53 meV / A
2026-10-01 09:03:17.414 DEBUG: Deleting old checkpoint file: ./checkpoints/mace_multitm_model_run-123_epoch-26.pt
2026-10-01 09:03:17.415 DEBUG: Saving checkpoint: ./checkpoints/mace_multitm_model_run-123_epoch-27.pt
2026-10-01 09:04:09.944 INFO: Epoch 28: head: Default, loss=0.01924108, RMSE_E_per_atom=   14.29 meV, RMSE_F=   87.26 meV / A
2026-10-01 09:04:09.947 DEBUG: Deleting old checkpoint file: ./checkpoints/mace_multitm_model_run-123_epoch-27.pt
2026-10-01 09:04:09.948 DEBUG: Saving checkpoint: ./checkpoints/mace_multitm_model_run-123_epoch-28.pt
2026-10-01 09:05:02.475 INFO: Epoch 29: head: Default, loss=0.01876059, RMSE_E_per_atom=   14.13 meV, RMSE_F=   86.18 meV / A
2026-10-01 09:05:02.477 DEBUG: Deleting old checkpoint file: ./checkpoints/mace_multitm_model_run-123_epoch-28.pt
2026-10-01 09:05:02.478 DEBUG: Saving checkpoint: ./checkpoints/mace_multitm_model_run-123_epoch-29.pt
2026-10-01 09:05:54.628 INFO: Epoch 30: head: Default, loss=0.01804043, RMSE_E_per_atom=   13.77 meV, RMSE_F=   84.53 meV / A
2026-10-01 09:05:54.629 DEBUG: Deleting old checkpoint file: ./checkpoints/mace_multitm_model_run-123_epoch-29.pt
2026-10-01 09:05:54.631 DEBUG: Saving checkpoint: ./checkpoints/mace_multitm_model_run-123_epoch-30.pt
2026-10-01 09:06:46.749 INFO: Epoch 31: head: Default, loss=0.01715931, RMSE_E_per_atom=   13.33 meV, RMSE_F=   82.46 meV / A
2026-10-01 09:06:46.751 DEBUG: Deleting old checkpoint file: ./checkpoints/mace_multitm_model_run-123_epoch-30.pt
2026-10-01 09:06:46.752 DEBUG: Saving checkpoint: ./checkpoints/mace_multitm_model_run-123_epoch-31.pt
2026-10-01 09:07:39.357 INFO: Epoch 32: head: Default, loss=0.01667425, RMSE_E_per_atom=   13.26 meV, RMSE_F=   81.29 meV / A
2026-10-01 09:07:39.359 DEBUG: Deleting old checkpoint file: ./checkpoints/mace_multitm_model_run-123_epoch-31.pt
2026-10-01 09:07:39.360 DEBUG: Saving checkpoint: ./checkpoints/mace_multitm_model_run-123_epoch-32.pt
2026-10-01 09:08:30.912 INFO: Epoch 33: head: Default, loss=0.01617707, RMSE_E_per_atom=   13.58 meV, RMSE_F=   80.07 meV / A
2026-10-01 09:08:30.914 DEBUG: Deleting old checkpoint file: ./checkpoints/mace_multitm_model_run-123_epoch-32.pt
2026-10-01 09:08:30.915 DEBUG: Saving checkpoint: ./checkpoints/mace_multitm_model_run-123_epoch-33.pt
2026-10-01 09:09:23.086 INFO: Epoch 34: head: Default, loss=0.01568613, RMSE_E_per_atom=   13.02 meV, RMSE_F=   78.86 meV / A
2026-10-01 09:09:23.089 DEBUG: Deleting old checkpoint file: ./checkpoints/mace_multitm_model_run-123_epoch-33.pt
2026-10-01 09:09:23.090 DEBUG: Saving checkpoint: ./checkpoints/mace_multitm_model_run-123_epoch-34.pt
2026-10-01 09:10:15.924 INFO: Epoch 35: head: Default, loss=0.01524906, RMSE_E_per_atom=   12.78 meV, RMSE_F=   77.75 meV / A
2026-10-01 09:10:15.925 DEBUG: Deleting old checkpoint file: ./checkpoints/mace_multitm_model_run-123_epoch-34.pt
2026-10-01 09:10:15.926 DEBUG: Saving checkpoint: ./checkpoints/mace_multitm_model_run-123_epoch-35.pt
2026-10-01 09:11:07.709 INFO: Epoch 36: head: Default, loss=0.01476905, RMSE_E_per_atom=   12.62 meV, RMSE_F=   76.55 meV / A
2026-10-01 09:11:07.711 DEBUG: Deleting old checkpoint file: ./checkpoints/mace_multitm_model_run-123_epoch-35.pt
2026-10-01 09:11:07.712 DEBUG: Saving checkpoint: ./checkpoints/mace_multitm_model_run-123_epoch-36.pt
2026-10-01 09:11:59.785 INFO: Epoch 37: head: Default, loss=0.01448141, RMSE_E_per_atom=   12.19 meV, RMSE_F=   75.79 meV / A
2026-10-01 09:11:59.787 DEBUG: Deleting old checkpoint file: ./checkpoints/mace_multitm_model_run-123_epoch-36.pt
2026-10-01 09:11:59.788 DEBUG: Saving checkpoint: ./checkpoints/mace_multitm_model_run-123_epoch-37.pt
2026-10-01 09:12:52.247 INFO: Epoch 38: head: Default, loss=0.01425227, RMSE_E_per_atom=   11.78 meV, RMSE_F=   75.19 meV / A
2026-10-01 09:12:52.250 DEBUG: Deleting old checkpoint file: ./checkpoints/mace_multitm_model_run-123_epoch-37.pt
2026-10-01 09:12:52.251 DEBUG: Saving checkpoint: ./checkpoints/mace_multitm_model_run-123_epoch-38.pt
2026-10-01 09:13:44.542 INFO: Epoch 39: head: Default, loss=0.01392038, RMSE_E_per_atom=   11.70 meV, RMSE_F=   74.31 meV / A
2026-10-01 09:13:44.544 DEBUG: Deleting old checkpoint file: ./checkpoints/mace_multitm_model_run-123_epoch-38.pt
2026-10-01 09:13:44.545 DEBUG: Saving checkpoint: ./checkpoints/mace_multitm_model_run-123_epoch-39.pt
2026-10-01 09:14:36.624 INFO: Epoch 40: head: Default, loss=0.01348819, RMSE_E_per_atom=   11.42 meV, RMSE_F=   73.13 meV / A
2026-10-01 09:14:36.626 DEBUG: Deleting old checkpoint file: ./checkpoints/mace_multitm_model_run-123_epoch-39.pt
2026-10-01 09:14:36.627 DEBUG: Saving checkpoint: ./checkpoints/mace_multitm_model_run-123_epoch-40.pt
2026-10-01 09:15:29.053 INFO: Epoch 41: head: Default, loss=0.01319900, RMSE_E_per_atom=   11.25 meV, RMSE_F=   72.32 meV / A
2026-10-01 09:15:29.055 DEBUG: Deleting old checkpoint file: ./checkpoints/mace_multitm_model_run-123_epoch-40.pt
2026-10-01 09:15:29.056 DEBUG: Saving checkpoint: ./checkpoints/mace_multitm_model_run-123_epoch-41.pt
2026-10-01 09:16:20.579 INFO: Epoch 42: head: Default, loss=0.01323225, RMSE_E_per_atom=   11.07 meV, RMSE_F=   72.46 meV / A
2026-10-01 09:17:12.916 INFO: Epoch 43: head: Default, loss=0.01286365, RMSE_E_per_atom=   11.06 meV, RMSE_F=   71.45 meV / A
2026-10-01 09:17:12.918 DEBUG: Deleting old checkpoint file: ./checkpoints/mace_multitm_model_run-123_epoch-41.pt
2026-10-01 09:17:12.919 DEBUG: Saving checkpoint: ./checkpoints/mace_multitm_model_run-123_epoch-43.pt
2026-10-01 09:18:04.838 INFO: Epoch 44: head: Default, loss=0.01289358, RMSE_E_per_atom=   11.64 meV, RMSE_F=   71.51 meV / A
2026-10-01 09:18:57.141 INFO: Epoch 45: head: Default, loss=0.01286570, RMSE_E_per_atom=   12.24 meV, RMSE_F=   71.43 meV / A
2026-10-01 09:19:49.339 INFO: Epoch 46: head: Default, loss=0.01320121, RMSE_E_per_atom=   11.79 meV, RMSE_F=   72.37 meV / A
2026-10-01 09:20:40.681 INFO: Epoch 47: head: Default, loss=0.01286764, RMSE_E_per_atom=   11.94 meV, RMSE_F=   71.45 meV / A
2026-10-01 09:21:32.496 INFO: Epoch 48: head: Default, loss=0.01245213, RMSE_E_per_atom=   11.79 meV, RMSE_F=   70.29 meV / A
2026-10-01 09:21:32.498 DEBUG: Deleting old checkpoint file: ./checkpoints/mace_multitm_model_run-123_epoch-43.pt
2026-10-01 09:21:32.499 DEBUG: Saving checkpoint: ./checkpoints/mace_multitm_model_run-123_epoch-48.pt
2026-10-01 09:22:24.496 INFO: Epoch 49: head: Default, loss=0.01196106, RMSE_E_per_atom=   11.06 meV, RMSE_F=   68.90 meV / A
2026-10-01 09:22:24.497 DEBUG: Deleting old checkpoint file: ./checkpoints/mace_multitm_model_run-123_epoch-48.pt
2026-10-01 09:22:24.498 DEBUG: Saving checkpoint: ./checkpoints/mace_multitm_model_run-123_epoch-49.pt
2026-10-01 09:23:16.533 INFO: Epoch 50: head: Default, loss=0.01178876, RMSE_E_per_atom=   10.69 meV, RMSE_F=   68.41 meV / A
2026-10-01 09:23:16.535 DEBUG: Deleting old checkpoint file: ./checkpoints/mace_multitm_model_run-123_epoch-49.pt
2026-10-01 09:23:16.536 DEBUG: Saving checkpoint: ./checkpoints/mace_multitm_model_run-123_epoch-50.pt
2026-10-01 09:24:08.885 INFO: Epoch 51: head: Default, loss=0.01155692, RMSE_E_per_atom=   10.43 meV, RMSE_F=   67.74 meV / A
2026-10-01 09:24:08.887 DEBUG: Deleting old checkpoint file: ./checkpoints/mace_multitm_model_run-123_epoch-50.pt
2026-10-01 09:24:08.888 DEBUG: Saving checkpoint: ./checkpoints/mace_multitm_model_run-123_epoch-51.pt
2026-10-01 09:25:00.316 INFO: Epoch 52: head: Default, loss=0.01144965, RMSE_E_per_atom=   10.44 meV, RMSE_F=   67.41 meV / A
2026-10-01 09:25:00.318 DEBUG: Deleting old checkpoint file: ./checkpoints/mace_multitm_model_run-123_epoch-51.pt
2026-10-01 09:25:00.318 DEBUG: Saving checkpoint: ./checkpoints/mace_multitm_model_run-123_epoch-52.pt
2026-10-01 09:25:53.166 INFO: Epoch 53: head: Default, loss=0.01124814, RMSE_E_per_atom=   10.19 meV, RMSE_F=   66.82 meV / A
2026-10-01 09:25:53.168 DEBUG: Deleting old checkpoint file: ./checkpoints/mace_multitm_model_run-123_epoch-52.pt
2026-10-01 09:25:53.169 DEBUG: Saving checkpoint: ./checkpoints/mace_multitm_model_run-123_epoch-53.pt
2026-10-01 09:26:45.825 INFO: Epoch 54: head: Default, loss=0.01097626, RMSE_E_per_atom=   10.15 meV, RMSE_F=   66.00 meV / A
2026-10-01 09:26:45.827 DEBUG: Deleting old checkpoint file: ./checkpoints/mace_multitm_model_run-123_epoch-53.pt
2026-10-01 09:26:45.829 DEBUG: Saving checkpoint: ./checkpoints/mace_multitm_model_run-123_epoch-54.pt
2026-10-01 09:27:37.030 INFO: Epoch 55: head: Default, loss=0.01076194, RMSE_E_per_atom=    9.96 meV, RMSE_F=   65.35 meV / A
2026-10-01 09:27:37.032 DEBUG: Deleting old checkpoint file: ./checkpoints/mace_multitm_model_run-123_epoch-54.pt
2026-10-01 09:27:37.033 DEBUG: Saving checkpoint: ./checkpoints/mace_multitm_model_run-123_epoch-55.pt
2026-10-01 09:28:29.202 INFO: Epoch 56: head: Default, loss=0.01051127, RMSE_E_per_atom=    9.78 meV, RMSE_F=   64.59 meV / A
2026-10-01 09:28:29.203 DEBUG: Deleting old checkpoint file: ./checkpoints/mace_multitm_model_run-123_epoch-55.pt
2026-10-01 09:28:29.204 DEBUG: Saving checkpoint: ./checkpoints/mace_multitm_model_run-123_epoch-56.pt
2026-10-01 09:29:21.579 INFO: Epoch 57: head: Default, loss=0.01037689, RMSE_E_per_atom=    9.63 meV, RMSE_F=   64.16 meV / A
2026-10-01 09:29:21.581 DEBUG: Deleting old checkpoint file: ./checkpoints/mace_multitm_model_run-123_epoch-56.pt
2026-10-01 09:29:21.582 DEBUG: Saving checkpoint: ./checkpoints/mace_multitm_model_run-123_epoch-57.pt
2026-10-01 09:30:13.522 INFO: Epoch 58: head: Default, loss=0.01028135, RMSE_E_per_atom=    9.49 meV, RMSE_F=   63.88 meV / A
2026-10-01 09:30:13.524 DEBUG: Deleting old checkpoint file: ./checkpoints/mace_multitm_model_run-123_epoch-57.pt
2026-10-01 09:30:13.525 DEBUG: Saving checkpoint: ./checkpoints/mace_multitm_model_run-123_epoch-58.pt
2026-10-01 09:31:05.719 INFO: Epoch 59: head: Default, loss=0.01030187, RMSE_E_per_atom=    9.45 meV, RMSE_F=   63.95 meV / A
2026-10-01 09:31:05.719 INFO: Training complete
2026-10-01 09:31:05.719 INFO: 
2026-10-01 09:31:05.719 INFO: ===========RESULTS===========
2026-10-01 09:31:05.720 INFO: Loading checkpoint: ./checkpoints/mace_multitm_model_run-123_epoch-59.pt
2026-10-01 09:31:05.741 INFO: Loaded Stage one model from epoch 59 for evaluation
2026-10-01 09:31:05.742 INFO: Saving model to checkpoints/mace_multitm_model_run-123.model
2026-10-01 09:31:05.889 INFO: Compiling model, saving metadata to mace_multitm_model_compiled.model
2026-10-01 09:31:06.527 INFO: Computing metrics for training, validation, and test sets
2026-10-01 09:31:06.528 INFO: Skipping evaluation for heads: ['pt_head']
2026-10-01 09:31:06.528 INFO: Evaluating train_Default ...
2026-10-01 09:31:20.531 INFO: Evaluating valid_Default ...
2026-10-01 09:31:22.998 INFO: Error-table on TRAIN and VALID:
+---------------+---------------------+------------------+-------------------+
|  config_type  | RMSE E / meV / atom | RMSE F / meV / A | relative F RMSE % |
+---------------+---------------------+------------------+-------------------+
| train_Default |           15.0      |         64.1     |          3.26     |
| valid_Default |           11.1      |         74.9     |          3.83     |
+---------------+---------------------+------------------+-------------------+
2026-10-01 09:31:22.998 DEBUG: Running inference on train_Default dataset
2026-10-01 09:31:36.607 DEBUG: Running inference on valid_Default dataset
2026-10-01 09:31:39.269 DEBUG: STREAM b'IHDR' 16 13
2026-10-01 09:31:39.269 DEBUG: STREAM b'sBIT' 41 4
2026-10-01 09:31:39.269 DEBUG: b'sBIT' 41 4 (unknown)
2026-10-01 09:31:39.269 DEBUG: STREAM b'pHYs' 57 9
2026-10-01 09:31:39.269 DEBUG: STREAM b'IDAT' 78 1189
2026-10-01 09:31:39.271 DEBUG: STREAM b'IHDR' 16 13
2026-10-01 09:31:39.271 DEBUG: STREAM b'sBIT' 41 4
2026-10-01 09:31:39.271 DEBUG: b'sBIT' 41 4 (unknown)
2026-10-01 09:31:39.271 DEBUG: STREAM b'pHYs' 57 9
2026-10-01 09:31:39.271 DEBUG: STREAM b'IDAT' 78 2994
2026-10-01 09:31:39.285 DEBUG: STREAM b'IHDR' 16 13
2026-10-01 09:31:39.285 DEBUG: STREAM b'sBIT' 41 4
2026-10-01 09:31:39.285 DEBUG: b'sBIT' 41 4 (unknown)
2026-10-01 09:31:39.285 DEBUG: STREAM b'pHYs' 57 9
2026-10-01 09:31:39.285 DEBUG: STREAM b'IDAT' 78 374
2026-10-01 09:31:39.286 DEBUG: STREAM b'IHDR' 16 13
2026-10-01 09:31:39.286 DEBUG: STREAM b'sBIT' 41 4
2026-10-01 09:31:39.286 DEBUG: b'sBIT' 41 4 (unknown)
2026-10-01 09:31:39.286 DEBUG: STREAM b'pHYs' 57 9
2026-10-01 09:31:39.286 DEBUG: STREAM b'IDAT' 78 286
2026-10-01 09:31:39.290 DEBUG: STREAM b'IHDR' 16 13
2026-10-01 09:31:39.290 DEBUG: STREAM b'sBIT' 41 4
2026-10-01 09:31:39.290 DEBUG: b'sBIT' 41 4 (unknown)
2026-10-01 09:31:39.290 DEBUG: STREAM b'pHYs' 57 9
2026-10-01 09:31:39.290 DEBUG: STREAM b'IDAT' 78 263
2026-10-01 09:31:39.291 DEBUG: STREAM b'IHDR' 16 13
2026-10-01 09:31:39.291 DEBUG: STREAM b'sBIT' 41 4
2026-10-01 09:31:39.291 DEBUG: b'sBIT' 41 4 (unknown)
2026-10-01 09:31:39.292 DEBUG: STREAM b'pHYs' 57 9
2026-10-01 09:31:39.292 DEBUG: STREAM b'IDAT' 78 387
2026-10-01 09:31:39.292 DEBUG: STREAM b'IHDR' 16 13
2026-10-01 09:31:39.292 DEBUG: STREAM b'sBIT' 41 4
2026-10-01 09:31:39.292 DEBUG: b'sBIT' 41 4 (unknown)
2026-10-01 09:31:39.292 DEBUG: STREAM b'pHYs' 57 9
2026-10-01 09:31:39.292 DEBUG: STREAM b'IDAT' 78 436
2026-10-01 09:31:39.293 DEBUG: STREAM b'IHDR' 16 13
2026-10-01 09:31:39.293 DEBUG: STREAM b'sBIT' 41 4
2026-10-01 09:31:39.293 DEBUG: b'sBIT' 41 4 (unknown)
2026-10-01 09:31:39.293 DEBUG: STREAM b'pHYs' 57 9
2026-10-01 09:31:39.293 DEBUG: STREAM b'IDAT' 78 351
2026-10-01 09:31:39.294 DEBUG: STREAM b'IHDR' 16 13
2026-10-01 09:31:39.294 DEBUG: STREAM b'sBIT' 41 4
2026-10-01 09:31:39.294 DEBUG: b'sBIT' 41 4 (unknown)
2026-10-01 09:31:39.294 DEBUG: STREAM b'pHYs' 57 9
2026-10-01 09:31:39.294 DEBUG: STREAM b'IDAT' 78 364
2026-10-01 09:31:40.571 INFO: Done
2026-10-01 09:54:28.211 INFO: ===========VERIFYING SETTINGS===========
2026-10-01 09:54:28.211 INFO: MACE version: 0.3.16
2026-10-01 09:54:28.211 DEBUG: Configuration: Namespace(config=None, name='mace_multitm_model', seed=123, work_dir='.', log_dir='./logs', model_dir='.', checkpoints_dir='./checkpoints', results_dir='./results', downloads_dir='./downloads', device='cpu', default_dtype='float32', distributed=False, launcher='slurm', log_level='INFO', plot=True, plot_frequency=0, plot_interaction_e=False, error_table='PerAtomRMSE', model='ScaleShiftMACE', r_max=5.0, radial_type='bessel', num_radial_basis=8, num_cutoff_basis=5, pair_repulsion=False, distance_transform='None', apply_cutoff=True, use_last_readout_only=False, use_embedding_readout=False, interaction='RealAgnosticResidualInteractionBlock', interaction_first='RealAgnosticResidualInteractionBlock', max_ell=3, correlation=3, use_reduced_cg=False, use_so3=False, use_agnostic_product=False, num_interactions=2, MLP_irreps='16x0e', radial_MLP='[64, 64, 64]', hidden_irreps='64x0e + 64x1o', edge_irreps=None, use_edge_irreps_first=False, num_channels=64, max_L=1, gate='silu', kspace_cutoff_factor=1.5, atomic_multipoles_max_l=0, atomic_multipoles_smearing_width=1.0, field_feature_max_l=0, field_feature_widths='[1.0]', field_feature_norms=None, num_recursion_steps=1, field_si=False, include_electrostatic_self_interaction=False, add_local_electron_energy=False, quadrupole_feature_corrections=False, return_electrostatic_potentials=False, field_norm_factor=0.02, fixedpoint_update_config=None, field_readout_config=None, scaling='rms_forces_scaling', avg_num_neighbors=1, compute_avg_num_neighbors=True, compute_stress=False, compute_forces=True, compute_polarizability=False, compute_atomic_dipole=False, train_file='mace_train.xyz', valid_file='mace_val.xyz', valid_fraction=0.1, test_file=None, test_dir=None, multi_processed_test=False, num_workers=0, pin_memory=True, atomic_numbers='[1, 6, 7, 27, 28, 46]', mean=None, std=None, statistics_file=None, les_arguments=None, E0s='average', pseudolabel_replay=False, pseudolabel_replay_compute_stress=False, foundation_filter_elements=True, heads=None, multiheads_finetuning=True, foundation_head=None, weight_pt_head=1.0, real_pt_data_ratio_threshold=0.1, num_samples_pt=10000, force_mh_ft_lr=False, subselect_pt='random', filter_type_pt='none', allow_random_padding_pt=True, pt_train_file=None, pt_valid_file=None, foundation_model_elements=False, keep_isolated_atoms=False, lora=False, lora_rank=4, lora_alpha=1.0, energy_key='energy', forces_key='forces', virials_key='REF_virials', stress_key='REF_stress', dipole_key='dipole', polarizability_key='polarizability', head_key='head', charges_key='REF_charges', elec_temp_key='elec_temp', total_spin_key='total_spin', total_charge_key='total_charge', embedding_specs=None, skip_evaluate_heads='pt_head', loss='weighted', forces_weight=10.0, swa_forces_weight=100.0, energy_weight=1.0, swa_energy_weight=1000.0, virials_weight=1.0, swa_virials_weight=10.0, stress_weight=1.0, swa_stress_weight=10.0, dipole_weight=1.0, swa_dipole_weight=1.0, swa_polarizability_weight=1.0, polarizability_weight=1.0, config_type_weights='{"Default":1.0}', huber_delta=0.01, optimizer='adam', beta=0.9, beta1_schedulefree=0.9, beta2_schedulefree=0.98, batch_size=4, valid_batch_size=4, lr=0.01, swa_lr=0.001, weight_decay=5e-07, lr_params_factors='{"embedding_lr_factor": 1.0, "interactions_lr_factor": 1.0, "products_lr_factor": 1.0, "readouts_lr_factor": 1.0}', freeze=None, amsgrad=True, scheduler='ReduceLROnPlateau', lr_factor=0.8, scheduler_patience=50, lr_scheduler_gamma=0.9993, swa=False, start_swa=None, lbfgs=False, ema=True, ema_decay=0.99, max_num_epochs=60, patience=2048, foundation_model=None, foundation_model_kwargs='{}', foundation_model_readout=True, eval_interval=1, keep_checkpoints=False, save_all_checkpoints=False, restart_latest=False, save_cpu=False, clip_grad=10.0, dry_run=False, enable_cueq=False, only_cueq=False, enable_oeq=False, wandb=False, wandb_dir=None, wandb_project='', wandb_entity='', wandb_name='', wandb_log_hypers=['num_channels', 'max_L', 'correlation', 'lr', 'swa_lr', 'weight_decay', 'batch_size', 'max_num_epochs', 'start_swa', 'energy_weight', 'forces_weight'], key_specification=KeySpecification(info_keys={'energy': 'energy', 'stress': 'REF_stress', 'virials': 'REF_virials', 'dipole': 'dipole', 'head': 'head', 'elec_temp': 'elec_temp', 'total_charge': 'total_charge', 'polarizability': 'polarizability', 'total_spin': 'total_spin'}, arrays_keys={'forces': 'forces', 'charges': 'REF_charges'}))
2026-10-01 09:54:28.211 INFO: Using CPU
2026-10-01 09:54:28.241 DEBUG: Popen(['git', 'version'], cwd=/home/ziat1/Documents/Training/Autonomous_MultiTM_SAC_Pipeline, stdin=None, shell=False, universal_newlines=False)
2026-10-01 09:54:28.246 DEBUG: Popen(['git', 'version'], cwd=/home/ziat1/Documents/Training/Autonomous_MultiTM_SAC_Pipeline, stdin=None, shell=False, universal_newlines=False)
2026-10-01 09:54:28.249 DEBUG: sys.platform='linux', git_executable='git'
2026-10-01 09:54:28.250 DEBUG: Error accessing Git repository: /home/ziat1/Documents/Training/Autonomous_MultiTM_SAC_Pipeline
2026-10-01 09:54:28.250 INFO: ===========LOADING INPUT DATA===========
2026-10-01 09:54:28.250 INFO: Using heads: ['Default']
2026-10-01 09:54:28.250 INFO: Using the key specifications to parse data:
2026-10-01 09:54:28.250 INFO: Default: KeySpecification(info_keys={'energy': 'energy', 'stress': 'REF_stress', 'virials': 'REF_virials', 'dipole': 'dipole', 'head': 'head', 'elec_temp': 'elec_temp', 'total_charge': 'total_charge', 'polarizability': 'polarizability', 'total_spin': 'total_spin'}, arrays_keys={'forces': 'forces', 'charges': 'REF_charges'})
2026-10-01 09:54:28.250 INFO: =============    Processing head Default     ===========
2026-10-01 09:54:28.250 DEBUG: Loading training file: mace_train.xyz
2026-10-01 09:54:28.316 WARNING: Since ASE version 3.23.0b1, using energy_key 'energy' is no longer safe when communicating between MACE and ASE. We recommend using a different key, rewriting 'energy' to 'REF_energy'. You need to use --energy_key='REF_energy' to specify the chosen key name.
2026-10-01 09:54:28.327 WARNING: Since ASE version 3.23.0b1, using forces_key 'forces' is no longer safe when communicating between MACE and ASE. We recommend using a different key, rewriting 'forces' to 'REF_forces'. You need to use --forces_key='REF_forces' to specify the chosen key name.
2026-10-01 09:54:28.342 INFO: Training set 1/1 [energy: 187, stress: 0, virials: 0, dipole components: 0, head: 187, elec_temp: 0, total_charge: 0, polarizability: 0, total_spin: 0, forces: 187, charges: 0]
2026-10-01 09:54:28.343 INFO: Total Training set [energy: 187, stress: 0, virials: 0, dipole components: 0, head: 187, elec_temp: 0, total_charge: 0, polarizability: 0, total_spin: 0, forces: 187, charges: 0]
2026-10-01 09:54:28.361 WARNING: Since ASE version 3.23.0b1, using energy_key 'energy' is no longer safe when communicating between MACE and ASE. We recommend using a different key, rewriting 'energy' to 'REF_energy'. You need to use --energy_key='REF_energy' to specify the chosen key name.
2026-10-01 09:54:28.363 WARNING: Since ASE version 3.23.0b1, using forces_key 'forces' is no longer safe when communicating between MACE and ASE. We recommend using a different key, rewriting 'forces' to 'REF_forces'. You need to use --forces_key='REF_forces' to specify the chosen key name.
2026-10-01 09:54:28.367 INFO: Validation set 1/1 [energy: 33, stress: 0, virials: 0, dipole components: 0, head: 33, elec_temp: 0, total_charge: 0, polarizability: 0, total_spin: 0, forces: 33, charges: 0]
2026-10-01 09:54:28.367 INFO: Total Validation set [energy: 33, stress: 0, virials: 0, dipole components: 0, head: 33, elec_temp: 0, total_charge: 0, polarizability: 0, total_spin: 0, forces: 33, charges: 0]
2026-10-01 09:54:28.367 INFO: Total number of configurations: train=187, valid=33, tests=[],
2026-10-01 09:54:28.368 INFO: Using atomic numbers from command line argument
2026-10-01 09:54:28.368 INFO: Atomic Numbers used: [1, 6, 7, 27, 28, 46]
2026-10-01 09:54:28.368 INFO: Isolated Atomic Energies (E0s) not in training file, using command line argument
2026-10-01 09:54:28.368 INFO: Computing average Atomic Energies using least squares regression
2026-10-01 09:54:28.370 INFO: Atomic Energies used (z: eV) for head Default: {1: -7.157444524841892, 6: -8.888543690676043, 7: -8.478930937547151, 27: -0.17778066170442997, 28: 1.4145339101805425, 46: -1.5911915061949484}
2026-10-01 09:54:28.370 INFO: Processing datasets for head 'Default'
2026-10-01 09:54:28.476 DEBUG: Successfully loaded dataset from ASE files: ['mace_train.xyz']
2026-10-01 09:54:28.476 INFO: Combining 1 list datasets for head 'Default'
2026-10-01 09:54:28.495 DEBUG: Successfully loaded validation dataset from ASE files: ['mace_val.xyz']
2026-10-01 09:54:28.495 INFO: Combining 1 list datasets for head 'Default_valid'
2026-10-01 09:54:28.495 INFO: Combined validation datasets for Default
2026-10-01 09:54:28.495 INFO: Head 'Default' training dataset size: 187
2026-10-01 09:54:28.495 INFO: Computing average number of neighbors
2026-10-01 09:54:28.560 INFO: Average number of neighbors: 29.695999145507812
2026-10-01 09:54:28.560 INFO: During training the following quantities will be reported: energy, forces
2026-10-01 09:54:28.560 INFO: ===========MODEL DETAILS===========
2026-10-01 09:54:28.622 INFO: Building model
2026-10-01 09:54:28.622 INFO: Message passing with 64 channels and max_L=1 (64x0e + 64x1o)
2026-10-01 09:54:28.622 INFO: 2 layers, each with correlation order: 3 (body order: 4) and spherical harmonics up to: l=3
2026-10-01 09:54:28.622 INFO: 8 radial and 5 basis functions
2026-10-01 09:54:28.622 INFO: Radial cutoff: 5.0 A (total receptive field for each atom: 10.0 A)
2026-10-01 09:54:28.622 INFO: Distance transform for radial basis functions: None
2026-10-01 09:54:28.622 INFO: Hidden irreps: 64x0e + 64x1o
2026-10-01 09:54:29.547 INFO: ===========OPTIMIZER INFORMATION===========
2026-10-01 09:54:29.547 INFO: Using ADAM as parameter optimizer
2026-10-01 09:54:29.547 INFO: Batch size: 4
2026-10-01 09:54:29.547 INFO: Using Exponential Moving Average with decay: 0.99
2026-10-01 09:54:29.547 INFO: Number of gradient updates: 2805
2026-10-01 09:54:29.547 INFO: Learning rate: 0.01, weight decay: 5e-07
2026-10-01 09:54:29.547 INFO: WeightedEnergyForcesLoss(energy_weight=1.000, forces_weight=10.000)
2026-10-01 09:54:29.547 INFO: === Layer's learning rates ===
2026-10-01 09:54:29.548 INFO: Param group 0: lr = 0.01
2026-10-01 09:54:29.548 INFO: Param group 1: lr = 0.01
2026-10-01 09:54:29.548 INFO: Param group 2: lr = 0.01
2026-10-01 09:54:29.548 INFO: Param group 3: lr = 0.01
2026-10-01 09:54:29.548 INFO: Param group 4: lr = 0.01
2026-10-01 09:54:29.548 INFO: Using gradient clipping with tolerance=10.000
2026-10-01 09:54:29.548 INFO: 
2026-10-01 09:54:29.548 INFO: ===========TRAINING===========
2026-10-01 09:54:29.548 INFO: Started training, reporting errors on validation set
2026-10-01 09:54:29.548 INFO: Loss metrics on validation set
2026-10-01 09:54:32.927 INFO: Initial: head: Default, loss=9.81795311, RMSE_E_per_atom=  682.92 meV, RMSE_F= 1967.98 meV / A
2026-10-01 09:55:26.178 INFO: Epoch 0: head: Default, loss=0.71319073, RMSE_E_per_atom=   65.42 meV, RMSE_F=  520.55 meV / A
2026-10-01 09:55:26.180 DEBUG: Saving checkpoint: ./checkpoints/mace_multitm_model_run-123_epoch-0.pt
2026-10-01 09:56:18.538 INFO: Epoch 1: head: Default, loss=0.25057197, RMSE_E_per_atom=   47.90 meV, RMSE_F=  313.68 meV / A
2026-10-01 09:56:18.540 DEBUG: Deleting old checkpoint file: ./checkpoints/mace_multitm_model_run-123_epoch-0.pt
2026-10-01 09:56:18.541 DEBUG: Saving checkpoint: ./checkpoints/mace_multitm_model_run-123_epoch-1.pt
2026-10-01 09:57:10.544 INFO: Epoch 2: head: Default, loss=0.15433325, RMSE_E_per_atom=   41.97 meV, RMSE_F=  246.92 meV / A
2026-10-01 09:57:10.546 DEBUG: Deleting old checkpoint file: ./checkpoints/mace_multitm_model_run-123_epoch-1.pt
2026-10-01 09:57:10.547 DEBUG: Saving checkpoint: ./checkpoints/mace_multitm_model_run-123_epoch-2.pt
2026-10-01 09:58:02.386 INFO: Epoch 3: head: Default, loss=0.11503781, RMSE_E_per_atom=   39.64 meV, RMSE_F=  213.23 meV / A
2026-10-01 09:58:02.388 DEBUG: Deleting old checkpoint file: ./checkpoints/mace_multitm_model_run-123_epoch-2.pt
2026-10-01 09:58:02.389 DEBUG: Saving checkpoint: ./checkpoints/mace_multitm_model_run-123_epoch-3.pt
2026-10-01 09:58:54.879 INFO: Epoch 4: head: Default, loss=0.09278760, RMSE_E_per_atom=   37.05 meV, RMSE_F=  191.58 meV / A
2026-10-01 09:58:54.881 DEBUG: Deleting old checkpoint file: ./checkpoints/mace_multitm_model_run-123_epoch-3.pt
2026-10-01 09:58:54.881 DEBUG: Saving checkpoint: ./checkpoints/mace_multitm_model_run-123_epoch-4.pt
2026-10-01 09:59:47.098 INFO: Epoch 5: head: Default, loss=0.08057842, RMSE_E_per_atom=   39.44 meV, RMSE_F=  178.29 meV / A
2026-10-01 09:59:47.100 DEBUG: Deleting old checkpoint file: ./checkpoints/mace_multitm_model_run-123_epoch-4.pt
2026-10-01 09:59:47.101 DEBUG: Saving checkpoint: ./checkpoints/mace_multitm_model_run-123_epoch-5.pt
2026-10-01 10:00:40.049 INFO: Epoch 6: head: Default, loss=0.07017152, RMSE_E_per_atom=   40.27 meV, RMSE_F=  166.54 meV / A
2026-10-01 10:00:40.050 DEBUG: Deleting old checkpoint file: ./checkpoints/mace_multitm_model_run-123_epoch-5.pt
2026-10-01 10:00:40.051 DEBUG: Saving checkpoint: ./checkpoints/mace_multitm_model_run-123_epoch-6.pt
2026-10-01 10:01:31.462 INFO: Epoch 7: head: Default, loss=0.05958866, RMSE_E_per_atom=   35.37 meV, RMSE_F=  153.61 meV / A
2026-10-01 10:01:31.464 DEBUG: Deleting old checkpoint file: ./checkpoints/mace_multitm_model_run-123_epoch-6.pt
2026-10-01 10:01:31.465 DEBUG: Saving checkpoint: ./checkpoints/mace_multitm_model_run-123_epoch-7.pt
2026-10-01 10:02:23.735 INFO: Epoch 8: head: Default, loss=0.05364072, RMSE_E_per_atom=   31.72 meV, RMSE_F=  145.70 meV / A
2026-10-01 10:02:23.739 DEBUG: Deleting old checkpoint file: ./checkpoints/mace_multitm_model_run-123_epoch-7.pt
2026-10-01 10:02:23.740 DEBUG: Saving checkpoint: ./checkpoints/mace_multitm_model_run-123_epoch-8.pt
2026-10-01 10:03:16.422 INFO: Epoch 9: head: Default, loss=0.04792585, RMSE_E_per_atom=   28.78 meV, RMSE_F=  137.82 meV / A
2026-10-01 10:03:16.423 DEBUG: Deleting old checkpoint file: ./checkpoints/mace_multitm_model_run-123_epoch-8.pt
2026-10-01 10:03:16.425 DEBUG: Saving checkpoint: ./checkpoints/mace_multitm_model_run-123_epoch-9.pt
2026-10-01 10:04:09.738 INFO: Epoch 10: head: Default, loss=0.04506283, RMSE_E_per_atom=   26.77 meV, RMSE_F=  133.55 meV / A
2026-10-01 10:04:09.739 DEBUG: Deleting old checkpoint file: ./checkpoints/mace_multitm_model_run-123_epoch-9.pt
2026-10-01 10:04:09.740 DEBUG: Saving checkpoint: ./checkpoints/mace_multitm_model_run-123_epoch-10.pt
2026-10-01 10:05:02.442 INFO: Epoch 11: head: Default, loss=0.04175820, RMSE_E_per_atom=   25.72 meV, RMSE_F=  128.54 meV / A
2026-10-01 10:05:02.444 DEBUG: Deleting old checkpoint file: ./checkpoints/mace_multitm_model_run-123_epoch-10.pt
2026-10-01 10:05:02.445 DEBUG: Saving checkpoint: ./checkpoints/mace_multitm_model_run-123_epoch-11.pt
2026-10-01 10:05:54.781 INFO: Epoch 12: head: Default, loss=0.03914969, RMSE_E_per_atom=   24.26 meV, RMSE_F=  124.53 meV / A
2026-10-01 10:05:54.783 DEBUG: Deleting old checkpoint file: ./checkpoints/mace_multitm_model_run-123_epoch-11.pt
2026-10-01 10:05:54.784 DEBUG: Saving checkpoint: ./checkpoints/mace_multitm_model_run-123_epoch-12.pt
2026-10-01 10:06:47.383 INFO: Epoch 13: head: Default, loss=0.03677442, RMSE_E_per_atom=   22.92 meV, RMSE_F=  120.63 meV / A
2026-10-01 10:06:47.384 DEBUG: Deleting old checkpoint file: ./checkpoints/mace_multitm_model_run-123_epoch-12.pt
2026-10-01 10:06:47.385 DEBUG: Saving checkpoint: ./checkpoints/mace_multitm_model_run-123_epoch-13.pt
2026-10-01 10:07:39.312 INFO: Epoch 14: head: Default, loss=0.03427511, RMSE_E_per_atom=   22.03 meV, RMSE_F=  116.48 meV / A
2026-10-01 10:07:39.314 DEBUG: Deleting old checkpoint file: ./checkpoints/mace_multitm_model_run-123_epoch-13.pt
2026-10-01 10:07:39.315 DEBUG: Saving checkpoint: ./checkpoints/mace_multitm_model_run-123_epoch-14.pt
2026-10-01 10:08:31.207 INFO: Epoch 15: head: Default, loss=0.03268428, RMSE_E_per_atom=   21.09 meV, RMSE_F=  113.79 meV / A
2026-10-01 10:08:31.209 DEBUG: Deleting old checkpoint file: ./checkpoints/mace_multitm_model_run-123_epoch-14.pt
2026-10-01 10:08:31.210 DEBUG: Saving checkpoint: ./checkpoints/mace_multitm_model_run-123_epoch-15.pt
2026-10-01 10:09:23.833 INFO: Epoch 16: head: Default, loss=0.03164250, RMSE_E_per_atom=   20.01 meV, RMSE_F=  111.99 meV / A
2026-10-01 10:09:23.835 DEBUG: Deleting old checkpoint file: ./checkpoints/mace_multitm_model_run-123_epoch-15.pt
2026-10-01 10:09:23.836 DEBUG: Saving checkpoint: ./checkpoints/mace_multitm_model_run-123_epoch-16.pt
2026-10-01 10:10:15.890 INFO: Epoch 17: head: Default, loss=0.03026459, RMSE_E_per_atom=   18.78 meV, RMSE_F=  109.53 meV / A
2026-10-01 10:10:15.892 DEBUG: Deleting old checkpoint file: ./checkpoints/mace_multitm_model_run-123_epoch-16.pt
2026-10-01 10:10:15.893 DEBUG: Saving checkpoint: ./checkpoints/mace_multitm_model_run-123_epoch-17.pt
2026-10-01 10:11:08.003 INFO: Epoch 18: head: Default, loss=0.02940978, RMSE_E_per_atom=   18.47 meV, RMSE_F=  107.93 meV / A
2026-10-01 10:11:08.005 DEBUG: Deleting old checkpoint file: ./checkpoints/mace_multitm_model_run-123_epoch-17.pt
2026-10-01 10:11:08.006 DEBUG: Saving checkpoint: ./checkpoints/mace_multitm_model_run-123_epoch-18.pt
2026-10-01 10:12:00.406 INFO: Epoch 19: head: Default, loss=0.02800526, RMSE_E_per_atom=   18.30 meV, RMSE_F=  105.29 meV / A
2026-10-01 10:12:00.408 DEBUG: Deleting old checkpoint file: ./checkpoints/mace_multitm_model_run-123_epoch-18.pt
2026-10-01 10:12:00.409 DEBUG: Saving checkpoint: ./checkpoints/mace_multitm_model_run-123_epoch-19.pt
2026-10-01 10:12:52.531 INFO: Epoch 20: head: Default, loss=0.02679782, RMSE_E_per_atom=   17.95 meV, RMSE_F=  102.96 meV / A
2026-10-01 10:12:52.533 DEBUG: Deleting old checkpoint file: ./checkpoints/mace_multitm_model_run-123_epoch-19.pt
2026-10-01 10:12:52.535 DEBUG: Saving checkpoint: ./checkpoints/mace_multitm_model_run-123_epoch-20.pt
2026-10-01 10:13:44.993 INFO: Epoch 21: head: Default, loss=0.02564826, RMSE_E_per_atom=   17.12 meV, RMSE_F=  100.75 meV / A
2026-10-01 10:13:44.995 DEBUG: Deleting old checkpoint file: ./checkpoints/mace_multitm_model_run-123_epoch-20.pt
2026-10-01 10:13:44.996 DEBUG: Saving checkpoint: ./checkpoints/mace_multitm_model_run-123_epoch-21.pt
2026-10-01 10:14:37.453 INFO: Epoch 22: head: Default, loss=0.02443117, RMSE_E_per_atom=   16.87 meV, RMSE_F=   98.29 meV / A
2026-10-01 10:14:37.455 DEBUG: Deleting old checkpoint file: ./checkpoints/mace_multitm_model_run-123_epoch-21.pt
2026-10-01 10:14:37.456 DEBUG: Saving checkpoint: ./checkpoints/mace_multitm_model_run-123_epoch-22.pt
2026-10-01 10:15:29.236 INFO: Epoch 23: head: Default, loss=0.02349437, RMSE_E_per_atom=   16.84 meV, RMSE_F=   96.35 meV / A
2026-10-01 10:15:29.237 DEBUG: Deleting old checkpoint file: ./checkpoints/mace_multitm_model_run-123_epoch-22.pt
2026-10-01 10:15:29.239 DEBUG: Saving checkpoint: ./checkpoints/mace_multitm_model_run-123_epoch-23.pt
2026-10-01 10:16:20.753 INFO: Epoch 24: head: Default, loss=0.02261912, RMSE_E_per_atom=   16.65 meV, RMSE_F=   94.56 meV / A
2026-10-01 10:16:20.755 DEBUG: Deleting old checkpoint file: ./checkpoints/mace_multitm_model_run-123_epoch-23.pt
2026-10-01 10:16:20.756 DEBUG: Saving checkpoint: ./checkpoints/mace_multitm_model_run-123_epoch-24.pt
2026-10-01 10:17:12.948 INFO: Epoch 25: head: Default, loss=0.02164402, RMSE_E_per_atom=   16.28 meV, RMSE_F=   92.48 meV / A
2026-10-01 10:17:12.951 DEBUG: Deleting old checkpoint file: ./checkpoints/mace_multitm_model_run-123_epoch-24.pt
2026-10-01 10:17:12.952 DEBUG: Saving checkpoint: ./checkpoints/mace_multitm_model_run-123_epoch-25.pt
2026-10-01 10:18:03.710 INFO: Epoch 26: head: Default, loss=0.02109360, RMSE_E_per_atom=   15.54 meV, RMSE_F=   91.35 meV / A
2026-10-01 10:18:03.712 DEBUG: Deleting old checkpoint file: ./checkpoints/mace_multitm_model_run-123_epoch-25.pt
2026-10-01 10:18:03.713 DEBUG: Saving checkpoint: ./checkpoints/mace_multitm_model_run-123_epoch-26.pt
2026-10-01 10:18:56.582 INFO: Epoch 27: head: Default, loss=0.01981224, RMSE_E_per_atom=   14.78 meV, RMSE_F=   88.53 meV / A
2026-10-01 10:18:56.584 DEBUG: Deleting old checkpoint file: ./checkpoints/mace_multitm_model_run-123_epoch-26.pt
2026-10-01 10:18:56.585 DEBUG: Saving checkpoint: ./checkpoints/mace_multitm_model_run-123_epoch-27.pt
2026-10-01 10:19:48.247 INFO: Epoch 28: head: Default, loss=0.01924108, RMSE_E_per_atom=   14.29 meV, RMSE_F=   87.26 meV / A
2026-10-01 10:19:48.249 DEBUG: Deleting old checkpoint file: ./checkpoints/mace_multitm_model_run-123_epoch-27.pt
2026-10-01 10:19:48.250 DEBUG: Saving checkpoint: ./checkpoints/mace_multitm_model_run-123_epoch-28.pt
2026-10-01 10:20:40.817 INFO: Epoch 29: head: Default, loss=0.01876059, RMSE_E_per_atom=   14.13 meV, RMSE_F=   86.18 meV / A
2026-10-01 10:20:40.819 DEBUG: Deleting old checkpoint file: ./checkpoints/mace_multitm_model_run-123_epoch-28.pt
2026-10-01 10:20:40.820 DEBUG: Saving checkpoint: ./checkpoints/mace_multitm_model_run-123_epoch-29.pt
2026-10-01 10:21:32.105 INFO: Epoch 30: head: Default, loss=0.01804043, RMSE_E_per_atom=   13.77 meV, RMSE_F=   84.53 meV / A
2026-10-01 10:21:32.107 DEBUG: Deleting old checkpoint file: ./checkpoints/mace_multitm_model_run-123_epoch-29.pt
2026-10-01 10:21:32.108 DEBUG: Saving checkpoint: ./checkpoints/mace_multitm_model_run-123_epoch-30.pt
2026-10-01 10:22:23.959 INFO: Epoch 31: head: Default, loss=0.01715931, RMSE_E_per_atom=   13.33 meV, RMSE_F=   82.46 meV / A
2026-10-01 10:22:23.961 DEBUG: Deleting old checkpoint file: ./checkpoints/mace_multitm_model_run-123_epoch-30.pt
2026-10-01 10:22:23.962 DEBUG: Saving checkpoint: ./checkpoints/mace_multitm_model_run-123_epoch-31.pt
2026-10-01 10:23:16.419 INFO: Epoch 32: head: Default, loss=0.01667425, RMSE_E_per_atom=   13.26 meV, RMSE_F=   81.29 meV / A
2026-10-01 10:23:16.420 DEBUG: Deleting old checkpoint file: ./checkpoints/mace_multitm_model_run-123_epoch-31.pt
2026-10-01 10:23:16.421 DEBUG: Saving checkpoint: ./checkpoints/mace_multitm_model_run-123_epoch-32.pt
2026-10-01 10:24:07.719 INFO: Epoch 33: head: Default, loss=0.01617707, RMSE_E_per_atom=   13.58 meV, RMSE_F=   80.07 meV / A
2026-10-01 10:24:07.721 DEBUG: Deleting old checkpoint file: ./checkpoints/mace_multitm_model_run-123_epoch-32.pt
2026-10-01 10:24:07.722 DEBUG: Saving checkpoint: ./checkpoints/mace_multitm_model_run-123_epoch-33.pt
2026-10-01 10:24:59.763 INFO: Epoch 34: head: Default, loss=0.01568613, RMSE_E_per_atom=   13.02 meV, RMSE_F=   78.86 meV / A
2026-10-01 10:24:59.765 DEBUG: Deleting old checkpoint file: ./checkpoints/mace_multitm_model_run-123_epoch-33.pt
2026-10-01 10:24:59.766 DEBUG: Saving checkpoint: ./checkpoints/mace_multitm_model_run-123_epoch-34.pt
2026-10-01 10:25:51.370 INFO: Epoch 35: head: Default, loss=0.01524906, RMSE_E_per_atom=   12.78 meV, RMSE_F=   77.75 meV / A
2026-10-01 10:25:51.372 DEBUG: Deleting old checkpoint file: ./checkpoints/mace_multitm_model_run-123_epoch-34.pt
2026-10-01 10:25:51.373 DEBUG: Saving checkpoint: ./checkpoints/mace_multitm_model_run-123_epoch-35.pt
2026-10-01 10:26:42.955 INFO: Epoch 36: head: Default, loss=0.01476905, RMSE_E_per_atom=   12.62 meV, RMSE_F=   76.55 meV / A
2026-10-01 10:26:42.957 DEBUG: Deleting old checkpoint file: ./checkpoints/mace_multitm_model_run-123_epoch-35.pt
2026-10-01 10:26:42.958 DEBUG: Saving checkpoint: ./checkpoints/mace_multitm_model_run-123_epoch-36.pt
2026-10-01 10:27:34.222 INFO: Epoch 37: head: Default, loss=0.01448141, RMSE_E_per_atom=   12.19 meV, RMSE_F=   75.79 meV / A
2026-10-01 10:27:34.224 DEBUG: Deleting old checkpoint file: ./checkpoints/mace_multitm_model_run-123_epoch-36.pt
2026-10-01 10:27:34.225 DEBUG: Saving checkpoint: ./checkpoints/mace_multitm_model_run-123_epoch-37.pt
2026-10-01 10:28:25.709 INFO: Epoch 38: head: Default, loss=0.01425227, RMSE_E_per_atom=   11.78 meV, RMSE_F=   75.19 meV / A
2026-10-01 10:28:25.711 DEBUG: Deleting old checkpoint file: ./checkpoints/mace_multitm_model_run-123_epoch-37.pt
2026-10-01 10:28:25.712 DEBUG: Saving checkpoint: ./checkpoints/mace_multitm_model_run-123_epoch-38.pt
2026-10-01 10:29:17.574 INFO: Epoch 39: head: Default, loss=0.01392038, RMSE_E_per_atom=   11.70 meV, RMSE_F=   74.31 meV / A
2026-10-01 10:29:17.575 DEBUG: Deleting old checkpoint file: ./checkpoints/mace_multitm_model_run-123_epoch-38.pt
2026-10-01 10:29:17.577 DEBUG: Saving checkpoint: ./checkpoints/mace_multitm_model_run-123_epoch-39.pt
2026-10-01 10:30:10.395 INFO: Epoch 40: head: Default, loss=0.01348819, RMSE_E_per_atom=   11.42 meV, RMSE_F=   73.13 meV / A
2026-10-01 10:30:10.397 DEBUG: Deleting old checkpoint file: ./checkpoints/mace_multitm_model_run-123_epoch-39.pt
2026-10-01 10:30:10.398 DEBUG: Saving checkpoint: ./checkpoints/mace_multitm_model_run-123_epoch-40.pt
2026-10-01 10:31:02.480 INFO: Epoch 41: head: Default, loss=0.01319900, RMSE_E_per_atom=   11.25 meV, RMSE_F=   72.32 meV / A
2026-10-01 10:31:02.482 DEBUG: Deleting old checkpoint file: ./checkpoints/mace_multitm_model_run-123_epoch-40.pt
2026-10-01 10:31:02.483 DEBUG: Saving checkpoint: ./checkpoints/mace_multitm_model_run-123_epoch-41.pt
2026-10-01 10:31:54.179 INFO: Epoch 42: head: Default, loss=0.01323225, RMSE_E_per_atom=   11.07 meV, RMSE_F=   72.46 meV / A
2026-10-01 10:32:45.257 INFO: Epoch 43: head: Default, loss=0.01286365, RMSE_E_per_atom=   11.06 meV, RMSE_F=   71.45 meV / A
2026-10-01 10:32:45.259 DEBUG: Deleting old checkpoint file: ./checkpoints/mace_multitm_model_run-123_epoch-41.pt
2026-10-01 10:32:45.260 DEBUG: Saving checkpoint: ./checkpoints/mace_multitm_model_run-123_epoch-43.pt
2026-10-01 10:33:37.459 INFO: Epoch 44: head: Default, loss=0.01289358, RMSE_E_per_atom=   11.64 meV, RMSE_F=   71.51 meV / A
2026-10-01 10:34:29.399 INFO: Epoch 45: head: Default, loss=0.01286570, RMSE_E_per_atom=   12.24 meV, RMSE_F=   71.43 meV / A
2026-10-01 10:35:20.782 INFO: Epoch 46: head: Default, loss=0.01320121, RMSE_E_per_atom=   11.79 meV, RMSE_F=   72.37 meV / A
2026-10-01 10:36:12.075 INFO: Epoch 47: head: Default, loss=0.01286764, RMSE_E_per_atom=   11.94 meV, RMSE_F=   71.45 meV / A
2026-10-01 10:37:04.978 INFO: Epoch 48: head: Default, loss=0.01245213, RMSE_E_per_atom=   11.79 meV, RMSE_F=   70.29 meV / A
2026-10-01 10:37:04.980 DEBUG: Deleting old checkpoint file: ./checkpoints/mace_multitm_model_run-123_epoch-43.pt
2026-10-01 10:37:04.981 DEBUG: Saving checkpoint: ./checkpoints/mace_multitm_model_run-123_epoch-48.pt
2026-10-01 10:37:57.644 INFO: Epoch 49: head: Default, loss=0.01196106, RMSE_E_per_atom=   11.06 meV, RMSE_F=   68.90 meV / A
2026-10-01 10:37:57.646 DEBUG: Deleting old checkpoint file: ./checkpoints/mace_multitm_model_run-123_epoch-48.pt
2026-10-01 10:37:57.647 DEBUG: Saving checkpoint: ./checkpoints/mace_multitm_model_run-123_epoch-49.pt
2026-10-01 10:38:49.896 INFO: Epoch 50: head: Default, loss=0.01178876, RMSE_E_per_atom=   10.69 meV, RMSE_F=   68.41 meV / A
2026-10-01 10:38:49.898 DEBUG: Deleting old checkpoint file: ./checkpoints/mace_multitm_model_run-123_epoch-49.pt
2026-10-01 10:38:49.899 DEBUG: Saving checkpoint: ./checkpoints/mace_multitm_model_run-123_epoch-50.pt
2026-10-01 10:39:42.353 INFO: Epoch 51: head: Default, loss=0.01155692, RMSE_E_per_atom=   10.43 meV, RMSE_F=   67.74 meV / A
2026-10-01 10:39:42.356 DEBUG: Deleting old checkpoint file: ./checkpoints/mace_multitm_model_run-123_epoch-50.pt
2026-10-01 10:39:42.358 DEBUG: Saving checkpoint: ./checkpoints/mace_multitm_model_run-123_epoch-51.pt
2026-10-01 10:40:33.651 INFO: Epoch 52: head: Default, loss=0.01144965, RMSE_E_per_atom=   10.44 meV, RMSE_F=   67.41 meV / A
2026-10-01 10:40:33.653 DEBUG: Deleting old checkpoint file: ./checkpoints/mace_multitm_model_run-123_epoch-51.pt
2026-10-01 10:40:33.653 DEBUG: Saving checkpoint: ./checkpoints/mace_multitm_model_run-123_epoch-52.pt
2026-10-01 10:41:26.297 INFO: Epoch 53: head: Default, loss=0.01124814, RMSE_E_per_atom=   10.19 meV, RMSE_F=   66.82 meV / A
2026-10-01 10:41:26.299 DEBUG: Deleting old checkpoint file: ./checkpoints/mace_multitm_model_run-123_epoch-52.pt
2026-10-01 10:41:26.300 DEBUG: Saving checkpoint: ./checkpoints/mace_multitm_model_run-123_epoch-53.pt
2026-10-01 10:42:17.187 INFO: Epoch 54: head: Default, loss=0.01097626, RMSE_E_per_atom=   10.15 meV, RMSE_F=   66.00 meV / A
2026-10-01 10:42:17.189 DEBUG: Deleting old checkpoint file: ./checkpoints/mace_multitm_model_run-123_epoch-53.pt
2026-10-01 10:42:17.190 DEBUG: Saving checkpoint: ./checkpoints/mace_multitm_model_run-123_epoch-54.pt
2026-10-01 10:43:09.954 INFO: Epoch 55: head: Default, loss=0.01076194, RMSE_E_per_atom=    9.96 meV, RMSE_F=   65.35 meV / A
2026-10-01 10:43:09.956 DEBUG: Deleting old checkpoint file: ./checkpoints/mace_multitm_model_run-123_epoch-54.pt
2026-10-01 10:43:09.957 DEBUG: Saving checkpoint: ./checkpoints/mace_multitm_model_run-123_epoch-55.pt
2026-10-01 10:44:02.632 INFO: Epoch 56: head: Default, loss=0.01051127, RMSE_E_per_atom=    9.78 meV, RMSE_F=   64.59 meV / A
2026-10-01 10:44:02.634 DEBUG: Deleting old checkpoint file: ./checkpoints/mace_multitm_model_run-123_epoch-55.pt
2026-10-01 10:44:02.635 DEBUG: Saving checkpoint: ./checkpoints/mace_multitm_model_run-123_epoch-56.pt
2026-10-01 10:44:54.887 INFO: Epoch 57: head: Default, loss=0.01037689, RMSE_E_per_atom=    9.63 meV, RMSE_F=   64.16 meV / A
2026-10-01 10:44:54.889 DEBUG: Deleting old checkpoint file: ./checkpoints/mace_multitm_model_run-123_epoch-56.pt
2026-10-01 10:44:54.890 DEBUG: Saving checkpoint: ./checkpoints/mace_multitm_model_run-123_epoch-57.pt
2026-10-01 10:45:47.626 INFO: Epoch 58: head: Default, loss=0.01028135, RMSE_E_per_atom=    9.49 meV, RMSE_F=   63.88 meV / A
2026-10-01 10:45:47.628 DEBUG: Deleting old checkpoint file: ./checkpoints/mace_multitm_model_run-123_epoch-57.pt
2026-10-01 10:45:47.629 DEBUG: Saving checkpoint: ./checkpoints/mace_multitm_model_run-123_epoch-58.pt
2026-10-01 10:46:40.350 INFO: Epoch 59: head: Default, loss=0.01030187, RMSE_E_per_atom=    9.45 meV, RMSE_F=   63.95 meV / A
2026-10-01 10:46:40.350 INFO: Training complete
2026-10-01 10:46:40.350 INFO: 
2026-10-01 10:46:40.350 INFO: ===========RESULTS===========
2026-10-01 10:46:40.351 INFO: Loading checkpoint: ./checkpoints/mace_multitm_model_run-123_epoch-59.pt
2026-10-01 10:46:40.374 INFO: Loaded Stage one model from epoch 59 for evaluation
2026-10-01 10:46:40.374 INFO: Saving model to checkpoints/mace_multitm_model_run-123.model
2026-10-01 10:46:40.526 INFO: Compiling model, saving metadata to mace_multitm_model_compiled.model
2026-10-01 10:46:41.147 INFO: Computing metrics for training, validation, and test sets
2026-10-01 10:46:41.147 INFO: Skipping evaluation for heads: ['pt_head']
2026-10-01 10:46:41.147 INFO: Evaluating train_Default ...
2026-10-01 10:46:56.177 INFO: Evaluating valid_Default ...
2026-10-01 10:46:58.830 INFO: Error-table on TRAIN and VALID:
+---------------+---------------------+------------------+-------------------+
|  config_type  | RMSE E / meV / atom | RMSE F / meV / A | relative F RMSE % |
+---------------+---------------------+------------------+-------------------+
| train_Default |           15.0      |         64.1     |          3.26     |
| valid_Default |           11.1      |         74.9     |          3.83     |
+---------------+---------------------+------------------+-------------------+
2026-10-01 10:46:58.830 DEBUG: Running inference on train_Default dataset
2026-10-01 10:47:13.589 DEBUG: Running inference on valid_Default dataset
2026-10-01 10:47:16.433 DEBUG: STREAM b'IHDR' 16 13
2026-10-01 10:47:16.433 DEBUG: STREAM b'sBIT' 41 4
2026-10-01 10:47:16.433 DEBUG: b'sBIT' 41 4 (unknown)
2026-10-01 10:47:16.433 DEBUG: STREAM b'pHYs' 57 9
2026-10-01 10:47:16.434 DEBUG: STREAM b'IDAT' 78 1189
2026-10-01 10:47:16.437 DEBUG: STREAM b'IHDR' 16 13
2026-10-01 10:47:16.437 DEBUG: STREAM b'sBIT' 41 4
2026-10-01 10:47:16.437 DEBUG: b'sBIT' 41 4 (unknown)
2026-10-01 10:47:16.437 DEBUG: STREAM b'pHYs' 57 9
2026-10-01 10:47:16.437 DEBUG: STREAM b'IDAT' 78 2994
2026-10-01 10:47:16.450 DEBUG: STREAM b'IHDR' 16 13
2026-10-01 10:47:16.450 DEBUG: STREAM b'sBIT' 41 4
2026-10-01 10:47:16.450 DEBUG: b'sBIT' 41 4 (unknown)
2026-10-01 10:47:16.450 DEBUG: STREAM b'pHYs' 57 9
2026-10-01 10:47:16.450 DEBUG: STREAM b'IDAT' 78 374
2026-10-01 10:47:16.451 DEBUG: STREAM b'IHDR' 16 13
2026-10-01 10:47:16.451 DEBUG: STREAM b'sBIT' 41 4
2026-10-01 10:47:16.451 DEBUG: b'sBIT' 41 4 (unknown)
2026-10-01 10:47:16.451 DEBUG: STREAM b'pHYs' 57 9
2026-10-01 10:47:16.451 DEBUG: STREAM b'IDAT' 78 286
2026-10-01 10:47:16.452 DEBUG: STREAM b'IHDR' 16 13
2026-10-01 10:47:16.452 DEBUG: STREAM b'sBIT' 41 4
2026-10-01 10:47:16.452 DEBUG: b'sBIT' 41 4 (unknown)
2026-10-01 10:47:16.453 DEBUG: STREAM b'pHYs' 57 9
2026-10-01 10:47:16.453 DEBUG: STREAM b'IDAT' 78 263
2026-10-01 10:47:16.453 DEBUG: STREAM b'IHDR' 16 13
2026-10-01 10:47:16.454 DEBUG: STREAM b'sBIT' 41 4
2026-10-01 10:47:16.454 DEBUG: b'sBIT' 41 4 (unknown)
2026-10-01 10:47:16.454 DEBUG: STREAM b'pHYs' 57 9
2026-10-01 10:47:16.454 DEBUG: STREAM b'IDAT' 78 387
2026-10-01 10:47:16.454 DEBUG: STREAM b'IHDR' 16 13
2026-10-01 10:47:16.454 DEBUG: STREAM b'sBIT' 41 4
2026-10-01 10:47:16.454 DEBUG: b'sBIT' 41 4 (unknown)
2026-10-01 10:47:16.454 DEBUG: STREAM b'pHYs' 57 9
2026-10-01 10:47:16.454 DEBUG: STREAM b'IDAT' 78 436
2026-10-01 10:47:16.455 DEBUG: STREAM b'IHDR' 16 13
2026-10-01 10:47:16.455 DEBUG: STREAM b'sBIT' 41 4
2026-10-01 10:47:16.455 DEBUG: b'sBIT' 41 4 (unknown)
2026-10-01 10:47:16.455 DEBUG: STREAM b'pHYs' 57 9
2026-10-01 10:47:16.455 DEBUG: STREAM b'IDAT' 78 351
2026-10-01 10:47:16.456 DEBUG: STREAM b'IHDR' 16 13
2026-10-01 10:47:16.456 DEBUG: STREAM b'sBIT' 41 4
2026-10-01 10:47:16.456 DEBUG: b'sBIT' 41 4 (unknown)
2026-10-01 10:47:16.456 DEBUG: STREAM b'pHYs' 57 9
2026-10-01 10:47:16.456 DEBUG: STREAM b'IDAT' 78 364
2026-10-01 10:47:17.747 INFO: Done
2026-10-01 11:10:08.139 INFO: ===========VERIFYING SETTINGS===========
2026-10-01 11:10:08.139 INFO: MACE version: 0.3.16
2026-10-01 11:10:08.139 DEBUG: Configuration: Namespace(config=None, name='mace_multitm_model', seed=123, work_dir='.', log_dir='./logs', model_dir='.', checkpoints_dir='./checkpoints', results_dir='./results', downloads_dir='./downloads', device='cpu', default_dtype='float32', distributed=False, launcher='slurm', log_level='INFO', plot=True, plot_frequency=0, plot_interaction_e=False, error_table='PerAtomRMSE', model='ScaleShiftMACE', r_max=5.0, radial_type='bessel', num_radial_basis=8, num_cutoff_basis=5, pair_repulsion=False, distance_transform='None', apply_cutoff=True, use_last_readout_only=False, use_embedding_readout=False, interaction='RealAgnosticResidualInteractionBlock', interaction_first='RealAgnosticResidualInteractionBlock', max_ell=3, correlation=3, use_reduced_cg=False, use_so3=False, use_agnostic_product=False, num_interactions=2, MLP_irreps='16x0e', radial_MLP='[64, 64, 64]', hidden_irreps='64x0e + 64x1o', edge_irreps=None, use_edge_irreps_first=False, num_channels=64, max_L=1, gate='silu', kspace_cutoff_factor=1.5, atomic_multipoles_max_l=0, atomic_multipoles_smearing_width=1.0, field_feature_max_l=0, field_feature_widths='[1.0]', field_feature_norms=None, num_recursion_steps=1, field_si=False, include_electrostatic_self_interaction=False, add_local_electron_energy=False, quadrupole_feature_corrections=False, return_electrostatic_potentials=False, field_norm_factor=0.02, fixedpoint_update_config=None, field_readout_config=None, scaling='rms_forces_scaling', avg_num_neighbors=1, compute_avg_num_neighbors=True, compute_stress=False, compute_forces=True, compute_polarizability=False, compute_atomic_dipole=False, train_file='mace_train.xyz', valid_file='mace_val.xyz', valid_fraction=0.1, test_file=None, test_dir=None, multi_processed_test=False, num_workers=0, pin_memory=True, atomic_numbers='[1, 6, 7, 27, 28, 46]', mean=None, std=None, statistics_file=None, les_arguments=None, E0s='average', pseudolabel_replay=False, pseudolabel_replay_compute_stress=False, foundation_filter_elements=True, heads=None, multiheads_finetuning=True, foundation_head=None, weight_pt_head=1.0, real_pt_data_ratio_threshold=0.1, num_samples_pt=10000, force_mh_ft_lr=False, subselect_pt='random', filter_type_pt='none', allow_random_padding_pt=True, pt_train_file=None, pt_valid_file=None, foundation_model_elements=False, keep_isolated_atoms=False, lora=False, lora_rank=4, lora_alpha=1.0, energy_key='energy', forces_key='forces', virials_key='REF_virials', stress_key='REF_stress', dipole_key='dipole', polarizability_key='polarizability', head_key='head', charges_key='REF_charges', elec_temp_key='elec_temp', total_spin_key='total_spin', total_charge_key='total_charge', embedding_specs=None, skip_evaluate_heads='pt_head', loss='weighted', forces_weight=10.0, swa_forces_weight=100.0, energy_weight=1.0, swa_energy_weight=1000.0, virials_weight=1.0, swa_virials_weight=10.0, stress_weight=1.0, swa_stress_weight=10.0, dipole_weight=1.0, swa_dipole_weight=1.0, swa_polarizability_weight=1.0, polarizability_weight=1.0, config_type_weights='{"Default":1.0}', huber_delta=0.01, optimizer='adam', beta=0.9, beta1_schedulefree=0.9, beta2_schedulefree=0.98, batch_size=4, valid_batch_size=4, lr=0.01, swa_lr=0.001, weight_decay=5e-07, lr_params_factors='{"embedding_lr_factor": 1.0, "interactions_lr_factor": 1.0, "products_lr_factor": 1.0, "readouts_lr_factor": 1.0}', freeze=None, amsgrad=True, scheduler='ReduceLROnPlateau', lr_factor=0.8, scheduler_patience=50, lr_scheduler_gamma=0.9993, swa=False, start_swa=None, lbfgs=False, ema=True, ema_decay=0.99, max_num_epochs=60, patience=2048, foundation_model=None, foundation_model_kwargs='{}', foundation_model_readout=True, eval_interval=1, keep_checkpoints=False, save_all_checkpoints=False, restart_latest=False, save_cpu=False, clip_grad=10.0, dry_run=False, enable_cueq=False, only_cueq=False, enable_oeq=False, wandb=False, wandb_dir=None, wandb_project='', wandb_entity='', wandb_name='', wandb_log_hypers=['num_channels', 'max_L', 'correlation', 'lr', 'swa_lr', 'weight_decay', 'batch_size', 'max_num_epochs', 'start_swa', 'energy_weight', 'forces_weight'], key_specification=KeySpecification(info_keys={'energy': 'energy', 'stress': 'REF_stress', 'virials': 'REF_virials', 'dipole': 'dipole', 'head': 'head', 'elec_temp': 'elec_temp', 'total_charge': 'total_charge', 'polarizability': 'polarizability', 'total_spin': 'total_spin'}, arrays_keys={'forces': 'forces', 'charges': 'REF_charges'}))
2026-10-01 11:10:08.139 INFO: Using CPU
2026-10-01 11:10:08.174 DEBUG: Popen(['git', 'version'], cwd=/home/ziat1/Documents/Training/Autonomous_MultiTM_SAC_Pipeline, stdin=None, shell=False, universal_newlines=False)
2026-10-01 11:10:08.180 DEBUG: Popen(['git', 'version'], cwd=/home/ziat1/Documents/Training/Autonomous_MultiTM_SAC_Pipeline, stdin=None, shell=False, universal_newlines=False)
2026-10-01 11:10:08.184 DEBUG: sys.platform='linux', git_executable='git'
2026-10-01 11:10:08.184 DEBUG: Error accessing Git repository: /home/ziat1/Documents/Training/Autonomous_MultiTM_SAC_Pipeline
2026-10-01 11:10:08.184 INFO: ===========LOADING INPUT DATA===========
2026-10-01 11:10:08.184 INFO: Using heads: ['Default']
2026-10-01 11:10:08.184 INFO: Using the key specifications to parse data:
2026-10-01 11:10:08.185 INFO: Default: KeySpecification(info_keys={'energy': 'energy', 'stress': 'REF_stress', 'virials': 'REF_virials', 'dipole': 'dipole', 'head': 'head', 'elec_temp': 'elec_temp', 'total_charge': 'total_charge', 'polarizability': 'polarizability', 'total_spin': 'total_spin'}, arrays_keys={'forces': 'forces', 'charges': 'REF_charges'})
2026-10-01 11:10:08.185 INFO: =============    Processing head Default     ===========
2026-10-01 11:10:08.185 DEBUG: Loading training file: mace_train.xyz
2026-10-01 11:10:08.249 WARNING: Since ASE version 3.23.0b1, using energy_key 'energy' is no longer safe when communicating between MACE and ASE. We recommend using a different key, rewriting 'energy' to 'REF_energy'. You need to use --energy_key='REF_energy' to specify the chosen key name.
2026-10-01 11:10:08.262 WARNING: Since ASE version 3.23.0b1, using forces_key 'forces' is no longer safe when communicating between MACE and ASE. We recommend using a different key, rewriting 'forces' to 'REF_forces'. You need to use --forces_key='REF_forces' to specify the chosen key name.
2026-10-01 11:10:08.279 INFO: Training set 1/1 [energy: 187, stress: 0, virials: 0, dipole components: 0, head: 187, elec_temp: 0, total_charge: 0, polarizability: 0, total_spin: 0, forces: 187, charges: 0]
2026-10-01 11:10:08.280 INFO: Total Training set [energy: 187, stress: 0, virials: 0, dipole components: 0, head: 187, elec_temp: 0, total_charge: 0, polarizability: 0, total_spin: 0, forces: 187, charges: 0]
2026-10-01 11:10:08.298 WARNING: Since ASE version 3.23.0b1, using energy_key 'energy' is no longer safe when communicating between MACE and ASE. We recommend using a different key, rewriting 'energy' to 'REF_energy'. You need to use --energy_key='REF_energy' to specify the chosen key name.
2026-10-01 11:10:08.301 WARNING: Since ASE version 3.23.0b1, using forces_key 'forces' is no longer safe when communicating between MACE and ASE. We recommend using a different key, rewriting 'forces' to 'REF_forces'. You need to use --forces_key='REF_forces' to specify the chosen key name.
2026-10-01 11:10:08.304 INFO: Validation set 1/1 [energy: 33, stress: 0, virials: 0, dipole components: 0, head: 33, elec_temp: 0, total_charge: 0, polarizability: 0, total_spin: 0, forces: 33, charges: 0]
2026-10-01 11:10:08.304 INFO: Total Validation set [energy: 33, stress: 0, virials: 0, dipole components: 0, head: 33, elec_temp: 0, total_charge: 0, polarizability: 0, total_spin: 0, forces: 33, charges: 0]
2026-10-01 11:10:08.304 INFO: Total number of configurations: train=187, valid=33, tests=[],
2026-10-01 11:10:08.305 INFO: Using atomic numbers from command line argument
2026-10-01 11:10:08.305 INFO: Atomic Numbers used: [1, 6, 7, 27, 28, 46]
2026-10-01 11:10:08.305 INFO: Isolated Atomic Energies (E0s) not in training file, using command line argument
2026-10-01 11:10:08.305 INFO: Computing average Atomic Energies using least squares regression
2026-10-01 11:10:08.306 INFO: Atomic Energies used (z: eV) for head Default: {1: -7.157444524841892, 6: -8.888543690676043, 7: -8.478930937547151, 27: -0.17778066170442997, 28: 1.4145339101805425, 46: -1.5911915061949484}
2026-10-01 11:10:08.306 INFO: Processing datasets for head 'Default'
2026-10-01 11:10:08.413 DEBUG: Successfully loaded dataset from ASE files: ['mace_train.xyz']
2026-10-01 11:10:08.413 INFO: Combining 1 list datasets for head 'Default'
2026-10-01 11:10:08.432 DEBUG: Successfully loaded validation dataset from ASE files: ['mace_val.xyz']
2026-10-01 11:10:08.432 INFO: Combining 1 list datasets for head 'Default_valid'
2026-10-01 11:10:08.432 INFO: Combined validation datasets for Default
2026-10-01 11:10:08.432 INFO: Head 'Default' training dataset size: 187
2026-10-01 11:10:08.432 INFO: Computing average number of neighbors
2026-10-01 11:10:08.500 INFO: Average number of neighbors: 29.695999145507812
2026-10-01 11:10:08.500 INFO: During training the following quantities will be reported: energy, forces
2026-10-01 11:10:08.500 INFO: ===========MODEL DETAILS===========
2026-10-01 11:10:08.561 INFO: Building model
2026-10-01 11:10:08.561 INFO: Message passing with 64 channels and max_L=1 (64x0e + 64x1o)
2026-10-01 11:10:08.561 INFO: 2 layers, each with correlation order: 3 (body order: 4) and spherical harmonics up to: l=3
2026-10-01 11:10:08.561 INFO: 8 radial and 5 basis functions
2026-10-01 11:10:08.561 INFO: Radial cutoff: 5.0 A (total receptive field for each atom: 10.0 A)
2026-10-01 11:10:08.561 INFO: Distance transform for radial basis functions: None
2026-10-01 11:10:08.561 INFO: Hidden irreps: 64x0e + 64x1o
2026-10-01 11:10:09.499 INFO: ===========OPTIMIZER INFORMATION===========
2026-10-01 11:10:09.499 INFO: Using ADAM as parameter optimizer
2026-10-01 11:10:09.499 INFO: Batch size: 4
2026-10-01 11:10:09.499 INFO: Using Exponential Moving Average with decay: 0.99
2026-10-01 11:10:09.499 INFO: Number of gradient updates: 2805
2026-10-01 11:10:09.499 INFO: Learning rate: 0.01, weight decay: 5e-07
2026-10-01 11:10:09.499 INFO: WeightedEnergyForcesLoss(energy_weight=1.000, forces_weight=10.000)
2026-10-01 11:10:09.500 INFO: === Layer's learning rates ===
2026-10-01 11:10:09.500 INFO: Param group 0: lr = 0.01
2026-10-01 11:10:09.500 INFO: Param group 1: lr = 0.01
2026-10-01 11:10:09.500 INFO: Param group 2: lr = 0.01
2026-10-01 11:10:09.500 INFO: Param group 3: lr = 0.01
2026-10-01 11:10:09.500 INFO: Param group 4: lr = 0.01
2026-10-01 11:10:09.501 INFO: Using gradient clipping with tolerance=10.000
2026-10-01 11:10:09.501 INFO: 
2026-10-01 11:10:09.501 INFO: ===========TRAINING===========
2026-10-01 11:10:09.501 INFO: Started training, reporting errors on validation set
2026-10-01 11:10:09.501 INFO: Loss metrics on validation set
2026-10-01 11:10:12.623 INFO: Initial: head: Default, loss=9.81795311, RMSE_E_per_atom=  682.92 meV, RMSE_F= 1967.98 meV / A
2026-10-01 11:11:04.433 INFO: Epoch 0: head: Default, loss=0.71319073, RMSE_E_per_atom=   65.42 meV, RMSE_F=  520.55 meV / A
2026-10-01 11:11:04.436 DEBUG: Saving checkpoint: ./checkpoints/mace_multitm_model_run-123_epoch-0.pt
2026-10-01 11:11:56.038 INFO: Epoch 1: head: Default, loss=0.25057197, RMSE_E_per_atom=   47.90 meV, RMSE_F=  313.68 meV / A
2026-10-01 11:11:56.039 DEBUG: Deleting old checkpoint file: ./checkpoints/mace_multitm_model_run-123_epoch-0.pt
2026-10-01 11:11:56.040 DEBUG: Saving checkpoint: ./checkpoints/mace_multitm_model_run-123_epoch-1.pt
2026-10-01 11:12:47.782 INFO: Epoch 2: head: Default, loss=0.15433325, RMSE_E_per_atom=   41.97 meV, RMSE_F=  246.92 meV / A
2026-10-01 11:12:47.783 DEBUG: Deleting old checkpoint file: ./checkpoints/mace_multitm_model_run-123_epoch-1.pt
2026-10-01 11:12:47.784 DEBUG: Saving checkpoint: ./checkpoints/mace_multitm_model_run-123_epoch-2.pt
2026-10-01 11:13:39.436 INFO: Epoch 3: head: Default, loss=0.11503781, RMSE_E_per_atom=   39.64 meV, RMSE_F=  213.23 meV / A
2026-10-01 11:13:39.438 DEBUG: Deleting old checkpoint file: ./checkpoints/mace_multitm_model_run-123_epoch-2.pt
2026-10-01 11:13:39.439 DEBUG: Saving checkpoint: ./checkpoints/mace_multitm_model_run-123_epoch-3.pt
2026-10-01 11:14:31.318 INFO: Epoch 4: head: Default, loss=0.09278760, RMSE_E_per_atom=   37.05 meV, RMSE_F=  191.58 meV / A
2026-10-01 11:14:31.320 DEBUG: Deleting old checkpoint file: ./checkpoints/mace_multitm_model_run-123_epoch-3.pt
2026-10-01 11:14:31.321 DEBUG: Saving checkpoint: ./checkpoints/mace_multitm_model_run-123_epoch-4.pt
2026-10-01 11:15:22.870 INFO: Epoch 5: head: Default, loss=0.08057842, RMSE_E_per_atom=   39.44 meV, RMSE_F=  178.29 meV / A
2026-10-01 11:15:22.871 DEBUG: Deleting old checkpoint file: ./checkpoints/mace_multitm_model_run-123_epoch-4.pt
2026-10-01 11:15:22.872 DEBUG: Saving checkpoint: ./checkpoints/mace_multitm_model_run-123_epoch-5.pt
2026-10-01 11:16:14.854 INFO: Epoch 6: head: Default, loss=0.07017152, RMSE_E_per_atom=   40.27 meV, RMSE_F=  166.54 meV / A
2026-10-01 11:16:14.856 DEBUG: Deleting old checkpoint file: ./checkpoints/mace_multitm_model_run-123_epoch-5.pt
2026-10-01 11:16:14.857 DEBUG: Saving checkpoint: ./checkpoints/mace_multitm_model_run-123_epoch-6.pt
2026-10-01 11:17:05.585 INFO: Epoch 7: head: Default, loss=0.05958866, RMSE_E_per_atom=   35.37 meV, RMSE_F=  153.61 meV / A
2026-10-01 11:17:05.586 DEBUG: Deleting old checkpoint file: ./checkpoints/mace_multitm_model_run-123_epoch-6.pt
2026-10-01 11:17:05.587 DEBUG: Saving checkpoint: ./checkpoints/mace_multitm_model_run-123_epoch-7.pt
2026-10-01 11:17:57.153 INFO: Epoch 8: head: Default, loss=0.05364072, RMSE_E_per_atom=   31.72 meV, RMSE_F=  145.70 meV / A
2026-10-01 11:17:57.154 DEBUG: Deleting old checkpoint file: ./checkpoints/mace_multitm_model_run-123_epoch-7.pt
2026-10-01 11:17:57.155 DEBUG: Saving checkpoint: ./checkpoints/mace_multitm_model_run-123_epoch-8.pt
2026-10-01 11:18:47.810 INFO: Epoch 9: head: Default, loss=0.04792585, RMSE_E_per_atom=   28.78 meV, RMSE_F=  137.82 meV / A
2026-10-01 11:18:47.811 DEBUG: Deleting old checkpoint file: ./checkpoints/mace_multitm_model_run-123_epoch-8.pt
2026-10-01 11:18:47.812 DEBUG: Saving checkpoint: ./checkpoints/mace_multitm_model_run-123_epoch-9.pt
2026-10-01 11:19:39.774 INFO: Epoch 10: head: Default, loss=0.04506283, RMSE_E_per_atom=   26.77 meV, RMSE_F=  133.55 meV / A
2026-10-01 11:19:39.776 DEBUG: Deleting old checkpoint file: ./checkpoints/mace_multitm_model_run-123_epoch-9.pt
2026-10-01 11:19:39.777 DEBUG: Saving checkpoint: ./checkpoints/mace_multitm_model_run-123_epoch-10.pt
2026-10-01 11:20:30.857 INFO: Epoch 11: head: Default, loss=0.04175820, RMSE_E_per_atom=   25.72 meV, RMSE_F=  128.54 meV / A
2026-10-01 11:20:30.858 DEBUG: Deleting old checkpoint file: ./checkpoints/mace_multitm_model_run-123_epoch-10.pt
2026-10-01 11:20:30.859 DEBUG: Saving checkpoint: ./checkpoints/mace_multitm_model_run-123_epoch-11.pt
2026-10-01 11:21:22.926 INFO: Epoch 12: head: Default, loss=0.03914969, RMSE_E_per_atom=   24.26 meV, RMSE_F=  124.53 meV / A
2026-10-01 11:21:22.928 DEBUG: Deleting old checkpoint file: ./checkpoints/mace_multitm_model_run-123_epoch-11.pt
2026-10-01 11:21:22.929 DEBUG: Saving checkpoint: ./checkpoints/mace_multitm_model_run-123_epoch-12.pt
2026-10-01 11:22:15.085 INFO: Epoch 13: head: Default, loss=0.03677442, RMSE_E_per_atom=   22.92 meV, RMSE_F=  120.63 meV / A
2026-10-01 11:22:15.087 DEBUG: Deleting old checkpoint file: ./checkpoints/mace_multitm_model_run-123_epoch-12.pt
2026-10-01 11:22:15.088 DEBUG: Saving checkpoint: ./checkpoints/mace_multitm_model_run-123_epoch-13.pt
2026-10-01 11:23:07.197 INFO: Epoch 14: head: Default, loss=0.03427511, RMSE_E_per_atom=   22.03 meV, RMSE_F=  116.48 meV / A
2026-10-01 11:23:07.199 DEBUG: Deleting old checkpoint file: ./checkpoints/mace_multitm_model_run-123_epoch-13.pt
2026-10-01 11:23:07.200 DEBUG: Saving checkpoint: ./checkpoints/mace_multitm_model_run-123_epoch-14.pt
2026-10-01 11:23:58.688 INFO: Epoch 15: head: Default, loss=0.03268428, RMSE_E_per_atom=   21.09 meV, RMSE_F=  113.79 meV / A
2026-10-01 11:23:58.690 DEBUG: Deleting old checkpoint file: ./checkpoints/mace_multitm_model_run-123_epoch-14.pt
2026-10-01 11:23:58.691 DEBUG: Saving checkpoint: ./checkpoints/mace_multitm_model_run-123_epoch-15.pt
2026-10-01 11:24:50.264 INFO: Epoch 16: head: Default, loss=0.03164250, RMSE_E_per_atom=   20.01 meV, RMSE_F=  111.99 meV / A
2026-10-01 11:24:50.266 DEBUG: Deleting old checkpoint file: ./checkpoints/mace_multitm_model_run-123_epoch-15.pt
2026-10-01 11:24:50.267 DEBUG: Saving checkpoint: ./checkpoints/mace_multitm_model_run-123_epoch-16.pt
2026-10-01 11:25:42.405 INFO: Epoch 17: head: Default, loss=0.03026459, RMSE_E_per_atom=   18.78 meV, RMSE_F=  109.53 meV / A
2026-10-01 11:25:42.407 DEBUG: Deleting old checkpoint file: ./checkpoints/mace_multitm_model_run-123_epoch-16.pt
2026-10-01 11:25:42.408 DEBUG: Saving checkpoint: ./checkpoints/mace_multitm_model_run-123_epoch-17.pt
2026-10-01 11:26:33.598 INFO: Epoch 18: head: Default, loss=0.02940978, RMSE_E_per_atom=   18.47 meV, RMSE_F=  107.93 meV / A
2026-10-01 11:26:33.600 DEBUG: Deleting old checkpoint file: ./checkpoints/mace_multitm_model_run-123_epoch-17.pt
2026-10-01 11:26:33.601 DEBUG: Saving checkpoint: ./checkpoints/mace_multitm_model_run-123_epoch-18.pt
2026-10-01 11:27:25.414 INFO: Epoch 19: head: Default, loss=0.02800526, RMSE_E_per_atom=   18.30 meV, RMSE_F=  105.29 meV / A
2026-10-01 11:27:25.416 DEBUG: Deleting old checkpoint file: ./checkpoints/mace_multitm_model_run-123_epoch-18.pt
2026-10-01 11:27:25.417 DEBUG: Saving checkpoint: ./checkpoints/mace_multitm_model_run-123_epoch-19.pt
2026-10-01 11:28:16.474 INFO: Epoch 20: head: Default, loss=0.02679782, RMSE_E_per_atom=   17.95 meV, RMSE_F=  102.96 meV / A
2026-10-01 11:28:16.475 DEBUG: Deleting old checkpoint file: ./checkpoints/mace_multitm_model_run-123_epoch-19.pt
2026-10-01 11:28:16.476 DEBUG: Saving checkpoint: ./checkpoints/mace_multitm_model_run-123_epoch-20.pt
2026-10-01 11:29:07.512 INFO: Epoch 21: head: Default, loss=0.02564826, RMSE_E_per_atom=   17.12 meV, RMSE_F=  100.75 meV / A
2026-10-01 11:29:07.514 DEBUG: Deleting old checkpoint file: ./checkpoints/mace_multitm_model_run-123_epoch-20.pt
2026-10-01 11:29:07.515 DEBUG: Saving checkpoint: ./checkpoints/mace_multitm_model_run-123_epoch-21.pt
2026-10-01 11:29:58.837 INFO: Epoch 22: head: Default, loss=0.02443117, RMSE_E_per_atom=   16.87 meV, RMSE_F=   98.29 meV / A
2026-10-01 11:29:58.838 DEBUG: Deleting old checkpoint file: ./checkpoints/mace_multitm_model_run-123_epoch-21.pt
2026-10-01 11:29:58.840 DEBUG: Saving checkpoint: ./checkpoints/mace_multitm_model_run-123_epoch-22.pt
2026-10-01 11:30:50.448 INFO: Epoch 23: head: Default, loss=0.02349437, RMSE_E_per_atom=   16.84 meV, RMSE_F=   96.35 meV / A
2026-10-01 11:30:50.450 DEBUG: Deleting old checkpoint file: ./checkpoints/mace_multitm_model_run-123_epoch-22.pt
2026-10-01 11:30:50.451 DEBUG: Saving checkpoint: ./checkpoints/mace_multitm_model_run-123_epoch-23.pt
2026-10-01 11:31:41.626 INFO: Epoch 24: head: Default, loss=0.02261912, RMSE_E_per_atom=   16.65 meV, RMSE_F=   94.56 meV / A
2026-10-01 11:31:41.628 DEBUG: Deleting old checkpoint file: ./checkpoints/mace_multitm_model_run-123_epoch-23.pt
2026-10-01 11:31:41.629 DEBUG: Saving checkpoint: ./checkpoints/mace_multitm_model_run-123_epoch-24.pt
2026-10-01 11:32:33.219 INFO: Epoch 25: head: Default, loss=0.02164402, RMSE_E_per_atom=   16.28 meV, RMSE_F=   92.48 meV / A
2026-10-01 11:32:33.224 DEBUG: Deleting old checkpoint file: ./checkpoints/mace_multitm_model_run-123_epoch-24.pt
2026-10-01 11:32:33.225 DEBUG: Saving checkpoint: ./checkpoints/mace_multitm_model_run-123_epoch-25.pt
2026-10-01 11:33:24.746 INFO: Epoch 26: head: Default, loss=0.02109360, RMSE_E_per_atom=   15.54 meV, RMSE_F=   91.35 meV / A
2026-10-01 11:33:24.748 DEBUG: Deleting old checkpoint file: ./checkpoints/mace_multitm_model_run-123_epoch-25.pt
2026-10-01 11:33:24.749 DEBUG: Saving checkpoint: ./checkpoints/mace_multitm_model_run-123_epoch-26.pt
2026-10-01 11:34:16.670 INFO: Epoch 27: head: Default, loss=0.01981224, RMSE_E_per_atom=   14.78 meV, RMSE_F=   88.53 meV / A
2026-10-01 11:34:16.672 DEBUG: Deleting old checkpoint file: ./checkpoints/mace_multitm_model_run-123_epoch-26.pt
2026-10-01 11:34:16.673 DEBUG: Saving checkpoint: ./checkpoints/mace_multitm_model_run-123_epoch-27.pt
2026-10-01 11:35:08.247 INFO: Epoch 28: head: Default, loss=0.01924108, RMSE_E_per_atom=   14.29 meV, RMSE_F=   87.26 meV / A
2026-10-01 11:35:08.249 DEBUG: Deleting old checkpoint file: ./checkpoints/mace_multitm_model_run-123_epoch-27.pt
2026-10-01 11:35:08.250 DEBUG: Saving checkpoint: ./checkpoints/mace_multitm_model_run-123_epoch-28.pt
2026-10-01 11:35:59.731 INFO: Epoch 29: head: Default, loss=0.01876059, RMSE_E_per_atom=   14.13 meV, RMSE_F=   86.18 meV / A
2026-10-01 11:35:59.733 DEBUG: Deleting old checkpoint file: ./checkpoints/mace_multitm_model_run-123_epoch-28.pt
2026-10-01 11:35:59.734 DEBUG: Saving checkpoint: ./checkpoints/mace_multitm_model_run-123_epoch-29.pt
2026-10-01 11:36:51.956 INFO: Epoch 30: head: Default, loss=0.01804043, RMSE_E_per_atom=   13.77 meV, RMSE_F=   84.53 meV / A
2026-10-01 11:36:51.958 DEBUG: Deleting old checkpoint file: ./checkpoints/mace_multitm_model_run-123_epoch-29.pt
2026-10-01 11:36:51.959 DEBUG: Saving checkpoint: ./checkpoints/mace_multitm_model_run-123_epoch-30.pt
2026-10-01 11:37:43.707 INFO: Epoch 31: head: Default, loss=0.01715931, RMSE_E_per_atom=   13.33 meV, RMSE_F=   82.46 meV / A
2026-10-01 11:37:43.708 DEBUG: Deleting old checkpoint file: ./checkpoints/mace_multitm_model_run-123_epoch-30.pt
2026-10-01 11:37:43.710 DEBUG: Saving checkpoint: ./checkpoints/mace_multitm_model_run-123_epoch-31.pt
2026-10-01 11:38:35.482 INFO: Epoch 32: head: Default, loss=0.01667425, RMSE_E_per_atom=   13.26 meV, RMSE_F=   81.29 meV / A
2026-10-01 11:38:35.484 DEBUG: Deleting old checkpoint file: ./checkpoints/mace_multitm_model_run-123_epoch-31.pt
2026-10-01 11:38:35.485 DEBUG: Saving checkpoint: ./checkpoints/mace_multitm_model_run-123_epoch-32.pt
2026-10-01 11:39:27.060 INFO: Epoch 33: head: Default, loss=0.01617707, RMSE_E_per_atom=   13.58 meV, RMSE_F=   80.07 meV / A
2026-10-01 11:39:27.062 DEBUG: Deleting old checkpoint file: ./checkpoints/mace_multitm_model_run-123_epoch-32.pt
2026-10-01 11:39:27.063 DEBUG: Saving checkpoint: ./checkpoints/mace_multitm_model_run-123_epoch-33.pt
2026-10-01 11:40:18.954 INFO: Epoch 34: head: Default, loss=0.01568613, RMSE_E_per_atom=   13.02 meV, RMSE_F=   78.86 meV / A
2026-10-01 11:40:18.956 DEBUG: Deleting old checkpoint file: ./checkpoints/mace_multitm_model_run-123_epoch-33.pt
2026-10-01 11:40:18.957 DEBUG: Saving checkpoint: ./checkpoints/mace_multitm_model_run-123_epoch-34.pt
2026-10-01 11:41:10.573 INFO: Epoch 35: head: Default, loss=0.01524906, RMSE_E_per_atom=   12.78 meV, RMSE_F=   77.75 meV / A
2026-10-01 11:41:10.575 DEBUG: Deleting old checkpoint file: ./checkpoints/mace_multitm_model_run-123_epoch-34.pt
2026-10-01 11:41:10.576 DEBUG: Saving checkpoint: ./checkpoints/mace_multitm_model_run-123_epoch-35.pt
2026-10-01 11:42:02.431 INFO: Epoch 36: head: Default, loss=0.01476905, RMSE_E_per_atom=   12.62 meV, RMSE_F=   76.55 meV / A
2026-10-01 11:42:02.432 DEBUG: Deleting old checkpoint file: ./checkpoints/mace_multitm_model_run-123_epoch-35.pt
2026-10-01 11:42:02.433 DEBUG: Saving checkpoint: ./checkpoints/mace_multitm_model_run-123_epoch-36.pt
2026-10-01 11:42:54.538 INFO: Epoch 37: head: Default, loss=0.01448141, RMSE_E_per_atom=   12.19 meV, RMSE_F=   75.79 meV / A
2026-10-01 11:42:54.540 DEBUG: Deleting old checkpoint file: ./checkpoints/mace_multitm_model_run-123_epoch-36.pt
2026-10-01 11:42:54.541 DEBUG: Saving checkpoint: ./checkpoints/mace_multitm_model_run-123_epoch-37.pt
2026-10-01 11:43:45.905 INFO: Epoch 38: head: Default, loss=0.01425227, RMSE_E_per_atom=   11.78 meV, RMSE_F=   75.19 meV / A
2026-10-01 11:43:45.907 DEBUG: Deleting old checkpoint file: ./checkpoints/mace_multitm_model_run-123_epoch-37.pt
2026-10-01 11:43:45.908 DEBUG: Saving checkpoint: ./checkpoints/mace_multitm_model_run-123_epoch-38.pt
2026-10-01 11:44:37.481 INFO: Epoch 39: head: Default, loss=0.01392038, RMSE_E_per_atom=   11.70 meV, RMSE_F=   74.31 meV / A
2026-10-01 11:44:37.483 DEBUG: Deleting old checkpoint file: ./checkpoints/mace_multitm_model_run-123_epoch-38.pt
2026-10-01 11:44:37.484 DEBUG: Saving checkpoint: ./checkpoints/mace_multitm_model_run-123_epoch-39.pt
2026-10-01 11:45:29.006 INFO: Epoch 40: head: Default, loss=0.01348819, RMSE_E_per_atom=   11.42 meV, RMSE_F=   73.13 meV / A
2026-10-01 11:45:29.008 DEBUG: Deleting old checkpoint file: ./checkpoints/mace_multitm_model_run-123_epoch-39.pt
2026-10-01 11:45:29.009 DEBUG: Saving checkpoint: ./checkpoints/mace_multitm_model_run-123_epoch-40.pt
2026-10-01 11:46:21.277 INFO: Epoch 41: head: Default, loss=0.01319900, RMSE_E_per_atom=   11.25 meV, RMSE_F=   72.32 meV / A
2026-10-01 11:46:21.279 DEBUG: Deleting old checkpoint file: ./checkpoints/mace_multitm_model_run-123_epoch-40.pt
2026-10-01 11:46:21.280 DEBUG: Saving checkpoint: ./checkpoints/mace_multitm_model_run-123_epoch-41.pt
2026-10-01 11:47:14.064 INFO: Epoch 42: head: Default, loss=0.01323225, RMSE_E_per_atom=   11.07 meV, RMSE_F=   72.46 meV / A
2026-10-01 11:48:06.065 INFO: Epoch 43: head: Default, loss=0.01286365, RMSE_E_per_atom=   11.06 meV, RMSE_F=   71.45 meV / A
2026-10-01 11:48:06.067 DEBUG: Deleting old checkpoint file: ./checkpoints/mace_multitm_model_run-123_epoch-41.pt
2026-10-01 11:48:06.068 DEBUG: Saving checkpoint: ./checkpoints/mace_multitm_model_run-123_epoch-43.pt
2026-10-01 11:48:58.356 INFO: Epoch 44: head: Default, loss=0.01289358, RMSE_E_per_atom=   11.64 meV, RMSE_F=   71.51 meV / A
2026-10-01 11:49:50.283 INFO: Epoch 45: head: Default, loss=0.01286570, RMSE_E_per_atom=   12.24 meV, RMSE_F=   71.43 meV / A
2026-10-01 11:50:42.243 INFO: Epoch 46: head: Default, loss=0.01320121, RMSE_E_per_atom=   11.79 meV, RMSE_F=   72.37 meV / A
2026-10-01 11:51:34.329 INFO: Epoch 47: head: Default, loss=0.01286764, RMSE_E_per_atom=   11.94 meV, RMSE_F=   71.45 meV / A
2026-10-01 11:52:26.217 INFO: Epoch 48: head: Default, loss=0.01245213, RMSE_E_per_atom=   11.79 meV, RMSE_F=   70.29 meV / A
2026-10-01 11:52:26.219 DEBUG: Deleting old checkpoint file: ./checkpoints/mace_multitm_model_run-123_epoch-43.pt
2026-10-01 11:52:26.220 DEBUG: Saving checkpoint: ./checkpoints/mace_multitm_model_run-123_epoch-48.pt
2026-10-01 11:53:18.129 INFO: Epoch 49: head: Default, loss=0.01196106, RMSE_E_per_atom=   11.06 meV, RMSE_F=   68.90 meV / A
2026-10-01 11:53:18.130 DEBUG: Deleting old checkpoint file: ./checkpoints/mace_multitm_model_run-123_epoch-48.pt
2026-10-01 11:53:18.131 DEBUG: Saving checkpoint: ./checkpoints/mace_multitm_model_run-123_epoch-49.pt
2026-10-01 11:54:10.666 INFO: Epoch 50: head: Default, loss=0.01178876, RMSE_E_per_atom=   10.69 meV, RMSE_F=   68.41 meV / A
2026-10-01 11:54:10.668 DEBUG: Deleting old checkpoint file: ./checkpoints/mace_multitm_model_run-123_epoch-49.pt
2026-10-01 11:54:10.669 DEBUG: Saving checkpoint: ./checkpoints/mace_multitm_model_run-123_epoch-50.pt
2026-10-01 11:55:02.566 INFO: Epoch 51: head: Default, loss=0.01155692, RMSE_E_per_atom=   10.43 meV, RMSE_F=   67.74 meV / A
2026-10-01 11:55:02.567 DEBUG: Deleting old checkpoint file: ./checkpoints/mace_multitm_model_run-123_epoch-50.pt
2026-10-01 11:55:02.568 DEBUG: Saving checkpoint: ./checkpoints/mace_multitm_model_run-123_epoch-51.pt
2026-10-01 11:55:55.182 INFO: Epoch 52: head: Default, loss=0.01144965, RMSE_E_per_atom=   10.44 meV, RMSE_F=   67.41 meV / A
2026-10-01 11:55:55.184 DEBUG: Deleting old checkpoint file: ./checkpoints/mace_multitm_model_run-123_epoch-51.pt
2026-10-01 11:55:55.185 DEBUG: Saving checkpoint: ./checkpoints/mace_multitm_model_run-123_epoch-52.pt
2026-10-01 11:56:47.213 INFO: Epoch 53: head: Default, loss=0.01124814, RMSE_E_per_atom=   10.19 meV, RMSE_F=   66.82 meV / A
2026-10-01 11:56:47.214 DEBUG: Deleting old checkpoint file: ./checkpoints/mace_multitm_model_run-123_epoch-52.pt
2026-10-01 11:56:47.215 DEBUG: Saving checkpoint: ./checkpoints/mace_multitm_model_run-123_epoch-53.pt
2026-10-01 11:57:39.386 INFO: Epoch 54: head: Default, loss=0.01097626, RMSE_E_per_atom=   10.15 meV, RMSE_F=   66.00 meV / A
2026-10-01 11:57:39.388 DEBUG: Deleting old checkpoint file: ./checkpoints/mace_multitm_model_run-123_epoch-53.pt
2026-10-01 11:57:39.389 DEBUG: Saving checkpoint: ./checkpoints/mace_multitm_model_run-123_epoch-54.pt
2026-10-01 11:58:30.500 INFO: Epoch 55: head: Default, loss=0.01076194, RMSE_E_per_atom=    9.96 meV, RMSE_F=   65.35 meV / A
2026-10-01 11:58:30.502 DEBUG: Deleting old checkpoint file: ./checkpoints/mace_multitm_model_run-123_epoch-54.pt
2026-10-01 11:58:30.503 DEBUG: Saving checkpoint: ./checkpoints/mace_multitm_model_run-123_epoch-55.pt
2026-10-01 11:59:22.112 INFO: Epoch 56: head: Default, loss=0.01051127, RMSE_E_per_atom=    9.78 meV, RMSE_F=   64.59 meV / A
2026-10-01 11:59:22.122 DEBUG: Deleting old checkpoint file: ./checkpoints/mace_multitm_model_run-123_epoch-55.pt
2026-10-01 11:59:22.123 DEBUG: Saving checkpoint: ./checkpoints/mace_multitm_model_run-123_epoch-56.pt
2026-10-01 12:00:14.059 INFO: Epoch 57: head: Default, loss=0.01037689, RMSE_E_per_atom=    9.63 meV, RMSE_F=   64.16 meV / A
2026-10-01 12:00:14.061 DEBUG: Deleting old checkpoint file: ./checkpoints/mace_multitm_model_run-123_epoch-56.pt
2026-10-01 12:00:14.062 DEBUG: Saving checkpoint: ./checkpoints/mace_multitm_model_run-123_epoch-57.pt
2026-10-01 12:01:06.014 INFO: Epoch 58: head: Default, loss=0.01028135, RMSE_E_per_atom=    9.49 meV, RMSE_F=   63.88 meV / A
2026-10-01 12:01:06.015 DEBUG: Deleting old checkpoint file: ./checkpoints/mace_multitm_model_run-123_epoch-57.pt
2026-10-01 12:01:06.017 DEBUG: Saving checkpoint: ./checkpoints/mace_multitm_model_run-123_epoch-58.pt
2026-10-01 12:01:57.996 INFO: Epoch 59: head: Default, loss=0.01030187, RMSE_E_per_atom=    9.45 meV, RMSE_F=   63.95 meV / A
2026-10-01 12:01:57.997 INFO: Training complete
2026-10-01 12:01:57.997 INFO: 
2026-10-01 12:01:57.997 INFO: ===========RESULTS===========
2026-10-01 12:01:57.998 INFO: Loading checkpoint: ./checkpoints/mace_multitm_model_run-123_epoch-59.pt
2026-10-01 12:01:58.021 INFO: Loaded Stage one model from epoch 59 for evaluation
2026-10-01 12:01:58.021 INFO: Saving model to checkpoints/mace_multitm_model_run-123.model
2026-10-01 12:01:58.172 INFO: Compiling model, saving metadata to mace_multitm_model_compiled.model
2026-10-01 12:01:58.793 INFO: Computing metrics for training, validation, and test sets
2026-10-01 12:01:58.794 INFO: Skipping evaluation for heads: ['pt_head']
2026-10-01 12:01:58.794 INFO: Evaluating train_Default ...
2026-10-01 12:02:12.490 INFO: Evaluating valid_Default ...
2026-10-01 12:02:14.967 INFO: Error-table on TRAIN and VALID:
+---------------+---------------------+------------------+-------------------+
|  config_type  | RMSE E / meV / atom | RMSE F / meV / A | relative F RMSE % |
+---------------+---------------------+------------------+-------------------+
| train_Default |           15.0      |         64.1     |          3.26     |
| valid_Default |           11.1      |         74.9     |          3.83     |
+---------------+---------------------+------------------+-------------------+
2026-10-01 12:02:14.968 DEBUG: Running inference on train_Default dataset
2026-10-01 12:02:28.565 DEBUG: Running inference on valid_Default dataset
2026-10-01 12:02:31.329 DEBUG: STREAM b'IHDR' 16 13
2026-10-01 12:02:31.329 DEBUG: STREAM b'sBIT' 41 4
2026-10-01 12:02:31.329 DEBUG: b'sBIT' 41 4 (unknown)
2026-10-01 12:02:31.329 DEBUG: STREAM b'pHYs' 57 9
2026-10-01 12:02:31.329 DEBUG: STREAM b'IDAT' 78 1189
2026-10-01 12:02:31.333 DEBUG: STREAM b'IHDR' 16 13
2026-10-01 12:02:31.333 DEBUG: STREAM b'sBIT' 41 4
2026-10-01 12:02:31.333 DEBUG: b'sBIT' 41 4 (unknown)
2026-10-01 12:02:31.333 DEBUG: STREAM b'pHYs' 57 9
2026-10-01 12:02:31.333 DEBUG: STREAM b'IDAT' 78 2994
2026-10-01 12:02:31.346 DEBUG: STREAM b'IHDR' 16 13
2026-10-01 12:02:31.346 DEBUG: STREAM b'sBIT' 41 4
2026-10-01 12:02:31.347 DEBUG: b'sBIT' 41 4 (unknown)
2026-10-01 12:02:31.347 DEBUG: STREAM b'pHYs' 57 9
2026-10-01 12:02:31.347 DEBUG: STREAM b'IDAT' 78 374
2026-10-01 12:02:31.348 DEBUG: STREAM b'IHDR' 16 13
2026-10-01 12:02:31.348 DEBUG: STREAM b'sBIT' 41 4
2026-10-01 12:02:31.348 DEBUG: b'sBIT' 41 4 (unknown)
2026-10-01 12:02:31.348 DEBUG: STREAM b'pHYs' 57 9
2026-10-01 12:02:31.348 DEBUG: STREAM b'IDAT' 78 286
2026-10-01 12:02:31.350 DEBUG: STREAM b'IHDR' 16 13
2026-10-01 12:02:31.350 DEBUG: STREAM b'sBIT' 41 4
2026-10-01 12:02:31.350 DEBUG: b'sBIT' 41 4 (unknown)
2026-10-01 12:02:31.350 DEBUG: STREAM b'pHYs' 57 9
2026-10-01 12:02:31.350 DEBUG: STREAM b'IDAT' 78 263
2026-10-01 12:02:31.351 DEBUG: STREAM b'IHDR' 16 13
2026-10-01 12:02:31.351 DEBUG: STREAM b'sBIT' 41 4
2026-10-01 12:02:31.351 DEBUG: b'sBIT' 41 4 (unknown)
2026-10-01 12:02:31.351 DEBUG: STREAM b'pHYs' 57 9
2026-10-01 12:02:31.351 DEBUG: STREAM b'IDAT' 78 387
2026-10-01 12:02:31.352 DEBUG: STREAM b'IHDR' 16 13
2026-10-01 12:02:31.352 DEBUG: STREAM b'sBIT' 41 4
2026-10-01 12:02:31.352 DEBUG: b'sBIT' 41 4 (unknown)
2026-10-01 12:02:31.352 DEBUG: STREAM b'pHYs' 57 9
2026-10-01 12:02:31.352 DEBUG: STREAM b'IDAT' 78 436
2026-10-01 12:02:31.352 DEBUG: STREAM b'IHDR' 16 13
2026-10-01 12:02:31.352 DEBUG: STREAM b'sBIT' 41 4
2026-10-01 12:02:31.353 DEBUG: b'sBIT' 41 4 (unknown)
2026-10-01 12:02:31.353 DEBUG: STREAM b'pHYs' 57 9
2026-10-01 12:02:31.353 DEBUG: STREAM b'IDAT' 78 351
2026-10-01 12:02:31.353 DEBUG: STREAM b'IHDR' 16 13
2026-10-01 12:02:31.353 DEBUG: STREAM b'sBIT' 41 4
2026-10-01 12:02:31.353 DEBUG: b'sBIT' 41 4 (unknown)
2026-10-01 12:02:31.353 DEBUG: STREAM b'pHYs' 57 9
2026-10-01 12:02:31.353 DEBUG: STREAM b'IDAT' 78 364
2026-10-01 12:02:32.631 INFO: Done
2026-10-01 12:25:20.360 INFO: ===========VERIFYING SETTINGS===========
2026-10-01 12:25:20.360 INFO: MACE version: 0.3.16
2026-10-01 12:25:20.360 DEBUG: Configuration: Namespace(config=None, name='mace_multitm_model', seed=123, work_dir='.', log_dir='./logs', model_dir='.', checkpoints_dir='./checkpoints', results_dir='./results', downloads_dir='./downloads', device='cpu', default_dtype='float32', distributed=False, launcher='slurm', log_level='INFO', plot=True, plot_frequency=0, plot_interaction_e=False, error_table='PerAtomRMSE', model='ScaleShiftMACE', r_max=5.0, radial_type='bessel', num_radial_basis=8, num_cutoff_basis=5, pair_repulsion=False, distance_transform='None', apply_cutoff=True, use_last_readout_only=False, use_embedding_readout=False, interaction='RealAgnosticResidualInteractionBlock', interaction_first='RealAgnosticResidualInteractionBlock', max_ell=3, correlation=3, use_reduced_cg=False, use_so3=False, use_agnostic_product=False, num_interactions=2, MLP_irreps='16x0e', radial_MLP='[64, 64, 64]', hidden_irreps='64x0e + 64x1o', edge_irreps=None, use_edge_irreps_first=False, num_channels=64, max_L=1, gate='silu', kspace_cutoff_factor=1.5, atomic_multipoles_max_l=0, atomic_multipoles_smearing_width=1.0, field_feature_max_l=0, field_feature_widths='[1.0]', field_feature_norms=None, num_recursion_steps=1, field_si=False, include_electrostatic_self_interaction=False, add_local_electron_energy=False, quadrupole_feature_corrections=False, return_electrostatic_potentials=False, field_norm_factor=0.02, fixedpoint_update_config=None, field_readout_config=None, scaling='rms_forces_scaling', avg_num_neighbors=1, compute_avg_num_neighbors=True, compute_stress=False, compute_forces=True, compute_polarizability=False, compute_atomic_dipole=False, train_file='mace_train.xyz', valid_file='mace_val.xyz', valid_fraction=0.1, test_file=None, test_dir=None, multi_processed_test=False, num_workers=0, pin_memory=True, atomic_numbers='[1, 6, 7, 27, 28, 46]', mean=None, std=None, statistics_file=None, les_arguments=None, E0s='average', pseudolabel_replay=False, pseudolabel_replay_compute_stress=False, foundation_filter_elements=True, heads=None, multiheads_finetuning=True, foundation_head=None, weight_pt_head=1.0, real_pt_data_ratio_threshold=0.1, num_samples_pt=10000, force_mh_ft_lr=False, subselect_pt='random', filter_type_pt='none', allow_random_padding_pt=True, pt_train_file=None, pt_valid_file=None, foundation_model_elements=False, keep_isolated_atoms=False, lora=False, lora_rank=4, lora_alpha=1.0, energy_key='energy', forces_key='forces', virials_key='REF_virials', stress_key='REF_stress', dipole_key='dipole', polarizability_key='polarizability', head_key='head', charges_key='REF_charges', elec_temp_key='elec_temp', total_spin_key='total_spin', total_charge_key='total_charge', embedding_specs=None, skip_evaluate_heads='pt_head', loss='weighted', forces_weight=10.0, swa_forces_weight=100.0, energy_weight=1.0, swa_energy_weight=1000.0, virials_weight=1.0, swa_virials_weight=10.0, stress_weight=1.0, swa_stress_weight=10.0, dipole_weight=1.0, swa_dipole_weight=1.0, swa_polarizability_weight=1.0, polarizability_weight=1.0, config_type_weights='{"Default":1.0}', huber_delta=0.01, optimizer='adam', beta=0.9, beta1_schedulefree=0.9, beta2_schedulefree=0.98, batch_size=4, valid_batch_size=4, lr=0.01, swa_lr=0.001, weight_decay=5e-07, lr_params_factors='{"embedding_lr_factor": 1.0, "interactions_lr_factor": 1.0, "products_lr_factor": 1.0, "readouts_lr_factor": 1.0}', freeze=None, amsgrad=True, scheduler='ReduceLROnPlateau', lr_factor=0.8, scheduler_patience=50, lr_scheduler_gamma=0.9993, swa=False, start_swa=None, lbfgs=False, ema=True, ema_decay=0.99, max_num_epochs=60, patience=2048, foundation_model=None, foundation_model_kwargs='{}', foundation_model_readout=True, eval_interval=1, keep_checkpoints=False, save_all_checkpoints=False, restart_latest=False, save_cpu=False, clip_grad=10.0, dry_run=False, enable_cueq=False, only_cueq=False, enable_oeq=False, wandb=False, wandb_dir=None, wandb_project='', wandb_entity='', wandb_name='', wandb_log_hypers=['num_channels', 'max_L', 'correlation', 'lr', 'swa_lr', 'weight_decay', 'batch_size', 'max_num_epochs', 'start_swa', 'energy_weight', 'forces_weight'], key_specification=KeySpecification(info_keys={'energy': 'energy', 'stress': 'REF_stress', 'virials': 'REF_virials', 'dipole': 'dipole', 'head': 'head', 'elec_temp': 'elec_temp', 'total_charge': 'total_charge', 'polarizability': 'polarizability', 'total_spin': 'total_spin'}, arrays_keys={'forces': 'forces', 'charges': 'REF_charges'}))
2026-10-01 12:25:20.360 INFO: Using CPU
2026-10-01 12:25:20.391 DEBUG: Popen(['git', 'version'], cwd=/home/ziat1/Documents/Training/Autonomous_MultiTM_SAC_Pipeline, stdin=None, shell=False, universal_newlines=False)
2026-10-01 12:25:20.397 DEBUG: Popen(['git', 'version'], cwd=/home/ziat1/Documents/Training/Autonomous_MultiTM_SAC_Pipeline, stdin=None, shell=False, universal_newlines=False)
2026-10-01 12:25:20.400 DEBUG: sys.platform='linux', git_executable='git'
2026-10-01 12:25:20.401 DEBUG: Error accessing Git repository: /home/ziat1/Documents/Training/Autonomous_MultiTM_SAC_Pipeline
2026-10-01 12:25:20.401 INFO: ===========LOADING INPUT DATA===========
2026-10-01 12:25:20.401 INFO: Using heads: ['Default']
2026-10-01 12:25:20.401 INFO: Using the key specifications to parse data:
2026-10-01 12:25:20.401 INFO: Default: KeySpecification(info_keys={'energy': 'energy', 'stress': 'REF_stress', 'virials': 'REF_virials', 'dipole': 'dipole', 'head': 'head', 'elec_temp': 'elec_temp', 'total_charge': 'total_charge', 'polarizability': 'polarizability', 'total_spin': 'total_spin'}, arrays_keys={'forces': 'forces', 'charges': 'REF_charges'})
2026-10-01 12:25:20.401 INFO: =============    Processing head Default     ===========
2026-10-01 12:25:20.402 DEBUG: Loading training file: mace_train.xyz
2026-10-01 12:25:20.468 WARNING: Since ASE version 3.23.0b1, using energy_key 'energy' is no longer safe when communicating between MACE and ASE. We recommend using a different key, rewriting 'energy' to 'REF_energy'. You need to use --energy_key='REF_energy' to specify the chosen key name.
2026-10-01 12:25:20.481 WARNING: Since ASE version 3.23.0b1, using forces_key 'forces' is no longer safe when communicating between MACE and ASE. We recommend using a different key, rewriting 'forces' to 'REF_forces'. You need to use --forces_key='REF_forces' to specify the chosen key name.
2026-10-01 12:25:20.496 INFO: Training set 1/1 [energy: 187, stress: 0, virials: 0, dipole components: 0, head: 187, elec_temp: 0, total_charge: 0, polarizability: 0, total_spin: 0, forces: 187, charges: 0]
2026-10-01 12:25:20.497 INFO: Total Training set [energy: 187, stress: 0, virials: 0, dipole components: 0, head: 187, elec_temp: 0, total_charge: 0, polarizability: 0, total_spin: 0, forces: 187, charges: 0]
2026-10-01 12:25:20.515 WARNING: Since ASE version 3.23.0b1, using energy_key 'energy' is no longer safe when communicating between MACE and ASE. We recommend using a different key, rewriting 'energy' to 'REF_energy'. You need to use --energy_key='REF_energy' to specify the chosen key name.
2026-10-01 12:25:20.517 WARNING: Since ASE version 3.23.0b1, using forces_key 'forces' is no longer safe when communicating between MACE and ASE. We recommend using a different key, rewriting 'forces' to 'REF_forces'. You need to use --forces_key='REF_forces' to specify the chosen key name.
2026-10-01 12:25:20.520 INFO: Validation set 1/1 [energy: 33, stress: 0, virials: 0, dipole components: 0, head: 33, elec_temp: 0, total_charge: 0, polarizability: 0, total_spin: 0, forces: 33, charges: 0]
2026-10-01 12:25:20.521 INFO: Total Validation set [energy: 33, stress: 0, virials: 0, dipole components: 0, head: 33, elec_temp: 0, total_charge: 0, polarizability: 0, total_spin: 0, forces: 33, charges: 0]
2026-10-01 12:25:20.521 INFO: Total number of configurations: train=187, valid=33, tests=[],
2026-10-01 12:25:20.521 INFO: Using atomic numbers from command line argument
2026-10-01 12:25:20.521 INFO: Atomic Numbers used: [1, 6, 7, 27, 28, 46]
2026-10-01 12:25:20.521 INFO: Isolated Atomic Energies (E0s) not in training file, using command line argument
2026-10-01 12:25:20.521 INFO: Computing average Atomic Energies using least squares regression
2026-10-01 12:25:20.523 INFO: Atomic Energies used (z: eV) for head Default: {1: -7.157444524841892, 6: -8.888543690676043, 7: -8.478930937547151, 27: -0.17778066170442997, 28: 1.4145339101805425, 46: -1.5911915061949484}
2026-10-01 12:25:20.523 INFO: Processing datasets for head 'Default'
2026-10-01 12:25:20.628 DEBUG: Successfully loaded dataset from ASE files: ['mace_train.xyz']
2026-10-01 12:25:20.628 INFO: Combining 1 list datasets for head 'Default'
2026-10-01 12:25:20.647 DEBUG: Successfully loaded validation dataset from ASE files: ['mace_val.xyz']
2026-10-01 12:25:20.647 INFO: Combining 1 list datasets for head 'Default_valid'
2026-10-01 12:25:20.647 INFO: Combined validation datasets for Default
2026-10-01 12:25:20.647 INFO: Head 'Default' training dataset size: 187
2026-10-01 12:25:20.647 INFO: Computing average number of neighbors
2026-10-01 12:25:20.713 INFO: Average number of neighbors: 29.695999145507812
2026-10-01 12:25:20.713 INFO: During training the following quantities will be reported: energy, forces
2026-10-01 12:25:20.713 INFO: ===========MODEL DETAILS===========
2026-10-01 12:25:20.775 INFO: Building model
2026-10-01 12:25:20.775 INFO: Message passing with 64 channels and max_L=1 (64x0e + 64x1o)
2026-10-01 12:25:20.775 INFO: 2 layers, each with correlation order: 3 (body order: 4) and spherical harmonics up to: l=3
2026-10-01 12:25:20.775 INFO: 8 radial and 5 basis functions
2026-10-01 12:25:20.775 INFO: Radial cutoff: 5.0 A (total receptive field for each atom: 10.0 A)
2026-10-01 12:25:20.775 INFO: Distance transform for radial basis functions: None
2026-10-01 12:25:20.775 INFO: Hidden irreps: 64x0e + 64x1o
2026-10-01 12:25:21.704 INFO: ===========OPTIMIZER INFORMATION===========
2026-10-01 12:25:21.704 INFO: Using ADAM as parameter optimizer
2026-10-01 12:25:21.704 INFO: Batch size: 4
2026-10-01 12:25:21.704 INFO: Using Exponential Moving Average with decay: 0.99
2026-10-01 12:25:21.704 INFO: Number of gradient updates: 2805
2026-10-01 12:25:21.704 INFO: Learning rate: 0.01, weight decay: 5e-07
2026-10-01 12:25:21.704 INFO: WeightedEnergyForcesLoss(energy_weight=1.000, forces_weight=10.000)
2026-10-01 12:25:21.705 INFO: === Layer's learning rates ===
2026-10-01 12:25:21.705 INFO: Param group 0: lr = 0.01
2026-10-01 12:25:21.705 INFO: Param group 1: lr = 0.01
2026-10-01 12:25:21.705 INFO: Param group 2: lr = 0.01
2026-10-01 12:25:21.705 INFO: Param group 3: lr = 0.01
2026-10-01 12:25:21.705 INFO: Param group 4: lr = 0.01
2026-10-01 12:25:21.705 INFO: Using gradient clipping with tolerance=10.000
2026-10-01 12:25:21.705 INFO: 
2026-10-01 12:25:21.706 INFO: ===========TRAINING===========
2026-10-01 12:25:21.706 INFO: Started training, reporting errors on validation set
2026-10-01 12:25:21.706 INFO: Loss metrics on validation set
2026-10-01 12:25:24.886 INFO: Initial: head: Default, loss=9.81795311, RMSE_E_per_atom=  682.92 meV, RMSE_F= 1967.98 meV / A
2026-10-01 12:26:17.659 INFO: Epoch 0: head: Default, loss=0.71319073, RMSE_E_per_atom=   65.42 meV, RMSE_F=  520.55 meV / A
2026-10-01 12:26:17.661 DEBUG: Saving checkpoint: ./checkpoints/mace_multitm_model_run-123_epoch-0.pt
2026-10-01 12:27:09.733 INFO: Epoch 1: head: Default, loss=0.25057197, RMSE_E_per_atom=   47.90 meV, RMSE_F=  313.68 meV / A
2026-10-01 12:27:09.735 DEBUG: Deleting old checkpoint file: ./checkpoints/mace_multitm_model_run-123_epoch-0.pt
2026-10-01 12:27:09.736 DEBUG: Saving checkpoint: ./checkpoints/mace_multitm_model_run-123_epoch-1.pt
2026-10-01 12:28:01.384 INFO: Epoch 2: head: Default, loss=0.15433325, RMSE_E_per_atom=   41.97 meV, RMSE_F=  246.92 meV / A
2026-10-01 12:28:01.386 DEBUG: Deleting old checkpoint file: ./checkpoints/mace_multitm_model_run-123_epoch-1.pt
2026-10-01 12:28:01.387 DEBUG: Saving checkpoint: ./checkpoints/mace_multitm_model_run-123_epoch-2.pt
2026-10-01 12:28:52.635 INFO: Epoch 3: head: Default, loss=0.11503781, RMSE_E_per_atom=   39.64 meV, RMSE_F=  213.23 meV / A
2026-10-01 12:28:52.637 DEBUG: Deleting old checkpoint file: ./checkpoints/mace_multitm_model_run-123_epoch-2.pt
2026-10-01 12:28:52.638 DEBUG: Saving checkpoint: ./checkpoints/mace_multitm_model_run-123_epoch-3.pt
2026-10-01 12:29:44.378 INFO: Epoch 4: head: Default, loss=0.09278760, RMSE_E_per_atom=   37.05 meV, RMSE_F=  191.58 meV / A
2026-10-01 12:29:44.380 DEBUG: Deleting old checkpoint file: ./checkpoints/mace_multitm_model_run-123_epoch-3.pt
2026-10-01 12:29:44.381 DEBUG: Saving checkpoint: ./checkpoints/mace_multitm_model_run-123_epoch-4.pt
2026-10-01 12:30:35.892 INFO: Epoch 5: head: Default, loss=0.08057842, RMSE_E_per_atom=   39.44 meV, RMSE_F=  178.29 meV / A
2026-10-01 12:30:35.893 DEBUG: Deleting old checkpoint file: ./checkpoints/mace_multitm_model_run-123_epoch-4.pt
2026-10-01 12:30:35.895 DEBUG: Saving checkpoint: ./checkpoints/mace_multitm_model_run-123_epoch-5.pt
2026-10-01 12:31:28.510 INFO: Epoch 6: head: Default, loss=0.07017152, RMSE_E_per_atom=   40.27 meV, RMSE_F=  166.54 meV / A
2026-10-01 12:31:28.512 DEBUG: Deleting old checkpoint file: ./checkpoints/mace_multitm_model_run-123_epoch-5.pt
2026-10-01 12:31:28.513 DEBUG: Saving checkpoint: ./checkpoints/mace_multitm_model_run-123_epoch-6.pt
2026-10-01 12:32:20.446 INFO: Epoch 7: head: Default, loss=0.05958866, RMSE_E_per_atom=   35.37 meV, RMSE_F=  153.61 meV / A
2026-10-01 12:32:20.448 DEBUG: Deleting old checkpoint file: ./checkpoints/mace_multitm_model_run-123_epoch-6.pt
2026-10-01 12:32:20.449 DEBUG: Saving checkpoint: ./checkpoints/mace_multitm_model_run-123_epoch-7.pt
2026-10-01 12:33:13.152 INFO: Epoch 8: head: Default, loss=0.05364072, RMSE_E_per_atom=   31.72 meV, RMSE_F=  145.70 meV / A
2026-10-01 12:33:13.154 DEBUG: Deleting old checkpoint file: ./checkpoints/mace_multitm_model_run-123_epoch-7.pt
2026-10-01 12:33:13.155 DEBUG: Saving checkpoint: ./checkpoints/mace_multitm_model_run-123_epoch-8.pt
2026-10-01 12:34:05.424 INFO: Epoch 9: head: Default, loss=0.04792585, RMSE_E_per_atom=   28.78 meV, RMSE_F=  137.82 meV / A
2026-10-01 12:34:05.426 DEBUG: Deleting old checkpoint file: ./checkpoints/mace_multitm_model_run-123_epoch-8.pt
2026-10-01 12:34:05.427 DEBUG: Saving checkpoint: ./checkpoints/mace_multitm_model_run-123_epoch-9.pt
2026-10-01 12:34:57.261 INFO: Epoch 10: head: Default, loss=0.04506283, RMSE_E_per_atom=   26.77 meV, RMSE_F=  133.55 meV / A
2026-10-01 12:34:57.263 DEBUG: Deleting old checkpoint file: ./checkpoints/mace_multitm_model_run-123_epoch-9.pt
2026-10-01 12:34:57.264 DEBUG: Saving checkpoint: ./checkpoints/mace_multitm_model_run-123_epoch-10.pt
2026-10-01 12:35:49.601 INFO: Epoch 11: head: Default, loss=0.04175820, RMSE_E_per_atom=   25.72 meV, RMSE_F=  128.54 meV / A
2026-10-01 12:35:49.602 DEBUG: Deleting old checkpoint file: ./checkpoints/mace_multitm_model_run-123_epoch-10.pt
2026-10-01 12:35:49.603 DEBUG: Saving checkpoint: ./checkpoints/mace_multitm_model_run-123_epoch-11.pt
2026-10-01 12:36:42.273 INFO: Epoch 12: head: Default, loss=0.03914969, RMSE_E_per_atom=   24.26 meV, RMSE_F=  124.53 meV / A
2026-10-01 12:36:42.282 DEBUG: Deleting old checkpoint file: ./checkpoints/mace_multitm_model_run-123_epoch-11.pt
2026-10-01 12:36:42.283 DEBUG: Saving checkpoint: ./checkpoints/mace_multitm_model_run-123_epoch-12.pt
2026-10-01 12:37:34.666 INFO: Epoch 13: head: Default, loss=0.03677442, RMSE_E_per_atom=   22.92 meV, RMSE_F=  120.63 meV / A
2026-10-01 12:37:34.669 DEBUG: Deleting old checkpoint file: ./checkpoints/mace_multitm_model_run-123_epoch-12.pt
2026-10-01 12:37:34.670 DEBUG: Saving checkpoint: ./checkpoints/mace_multitm_model_run-123_epoch-13.pt
2026-10-01 12:38:26.862 INFO: Epoch 14: head: Default, loss=0.03427511, RMSE_E_per_atom=   22.03 meV, RMSE_F=  116.48 meV / A
2026-10-01 12:38:26.864 DEBUG: Deleting old checkpoint file: ./checkpoints/mace_multitm_model_run-123_epoch-13.pt
2026-10-01 12:38:26.865 DEBUG: Saving checkpoint: ./checkpoints/mace_multitm_model_run-123_epoch-14.pt
2026-10-01 12:39:19.139 INFO: Epoch 15: head: Default, loss=0.03268428, RMSE_E_per_atom=   21.09 meV, RMSE_F=  113.79 meV / A
2026-10-01 12:39:19.141 DEBUG: Deleting old checkpoint file: ./checkpoints/mace_multitm_model_run-123_epoch-14.pt
2026-10-01 12:39:19.142 DEBUG: Saving checkpoint: ./checkpoints/mace_multitm_model_run-123_epoch-15.pt
2026-10-01 12:40:11.493 INFO: Epoch 16: head: Default, loss=0.03164250, RMSE_E_per_atom=   20.01 meV, RMSE_F=  111.99 meV / A
2026-10-01 12:40:11.495 DEBUG: Deleting old checkpoint file: ./checkpoints/mace_multitm_model_run-123_epoch-15.pt
2026-10-01 12:40:11.496 DEBUG: Saving checkpoint: ./checkpoints/mace_multitm_model_run-123_epoch-16.pt
2026-10-01 12:41:03.328 INFO: Epoch 17: head: Default, loss=0.03026459, RMSE_E_per_atom=   18.78 meV, RMSE_F=  109.53 meV / A
2026-10-01 12:41:03.330 DEBUG: Deleting old checkpoint file: ./checkpoints/mace_multitm_model_run-123_epoch-16.pt
2026-10-01 12:41:03.331 DEBUG: Saving checkpoint: ./checkpoints/mace_multitm_model_run-123_epoch-17.pt
2026-10-01 12:41:55.953 INFO: Epoch 18: head: Default, loss=0.02940978, RMSE_E_per_atom=   18.47 meV, RMSE_F=  107.93 meV / A
2026-10-01 12:41:55.955 DEBUG: Deleting old checkpoint file: ./checkpoints/mace_multitm_model_run-123_epoch-17.pt
2026-10-01 12:41:55.956 DEBUG: Saving checkpoint: ./checkpoints/mace_multitm_model_run-123_epoch-18.pt
2026-10-01 12:42:48.339 INFO: Epoch 19: head: Default, loss=0.02800526, RMSE_E_per_atom=   18.30 meV, RMSE_F=  105.29 meV / A
2026-10-01 12:42:48.341 DEBUG: Deleting old checkpoint file: ./checkpoints/mace_multitm_model_run-123_epoch-18.pt
2026-10-01 12:42:48.342 DEBUG: Saving checkpoint: ./checkpoints/mace_multitm_model_run-123_epoch-19.pt
2026-10-01 12:43:40.845 INFO: Epoch 20: head: Default, loss=0.02679782, RMSE_E_per_atom=   17.95 meV, RMSE_F=  102.96 meV / A
2026-10-01 12:43:40.847 DEBUG: Deleting old checkpoint file: ./checkpoints/mace_multitm_model_run-123_epoch-19.pt
2026-10-01 12:43:40.848 DEBUG: Saving checkpoint: ./checkpoints/mace_multitm_model_run-123_epoch-20.pt
2026-10-01 12:44:33.333 INFO: Epoch 21: head: Default, loss=0.02564826, RMSE_E_per_atom=   17.12 meV, RMSE_F=  100.75 meV / A
2026-10-01 12:44:33.336 DEBUG: Deleting old checkpoint file: ./checkpoints/mace_multitm_model_run-123_epoch-20.pt
2026-10-01 12:44:33.337 DEBUG: Saving checkpoint: ./checkpoints/mace_multitm_model_run-123_epoch-21.pt
2026-10-01 12:45:25.512 INFO: Epoch 22: head: Default, loss=0.02443117, RMSE_E_per_atom=   16.87 meV, RMSE_F=   98.29 meV / A
2026-10-01 12:45:25.514 DEBUG: Deleting old checkpoint file: ./checkpoints/mace_multitm_model_run-123_epoch-21.pt
2026-10-01 12:45:25.515 DEBUG: Saving checkpoint: ./checkpoints/mace_multitm_model_run-123_epoch-22.pt
2026-10-01 12:46:18.106 INFO: Epoch 23: head: Default, loss=0.02349437, RMSE_E_per_atom=   16.84 meV, RMSE_F=   96.35 meV / A
2026-10-01 12:46:18.107 DEBUG: Deleting old checkpoint file: ./checkpoints/mace_multitm_model_run-123_epoch-22.pt
2026-10-01 12:46:18.109 DEBUG: Saving checkpoint: ./checkpoints/mace_multitm_model_run-123_epoch-23.pt
2026-10-01 12:47:10.519 INFO: Epoch 24: head: Default, loss=0.02261912, RMSE_E_per_atom=   16.65 meV, RMSE_F=   94.56 meV / A
2026-10-01 12:47:10.521 DEBUG: Deleting old checkpoint file: ./checkpoints/mace_multitm_model_run-123_epoch-23.pt
2026-10-01 12:47:10.522 DEBUG: Saving checkpoint: ./checkpoints/mace_multitm_model_run-123_epoch-24.pt
2026-10-01 12:48:03.262 INFO: Epoch 25: head: Default, loss=0.02164402, RMSE_E_per_atom=   16.28 meV, RMSE_F=   92.48 meV / A
2026-10-01 12:48:03.264 DEBUG: Deleting old checkpoint file: ./checkpoints/mace_multitm_model_run-123_epoch-24.pt
2026-10-01 12:48:03.265 DEBUG: Saving checkpoint: ./checkpoints/mace_multitm_model_run-123_epoch-25.pt
2026-10-01 12:48:56.172 INFO: Epoch 26: head: Default, loss=0.02109360, RMSE_E_per_atom=   15.54 meV, RMSE_F=   91.35 meV / A
2026-10-01 12:48:56.174 DEBUG: Deleting old checkpoint file: ./checkpoints/mace_multitm_model_run-123_epoch-25.pt
2026-10-01 12:48:56.175 DEBUG: Saving checkpoint: ./checkpoints/mace_multitm_model_run-123_epoch-26.pt
2026-10-01 12:49:48.391 INFO: Epoch 27: head: Default, loss=0.01981224, RMSE_E_per_atom=   14.78 meV, RMSE_F=   88.53 meV / A
2026-10-01 12:49:48.393 DEBUG: Deleting old checkpoint file: ./checkpoints/mace_multitm_model_run-123_epoch-26.pt
2026-10-01 12:49:48.394 DEBUG: Saving checkpoint: ./checkpoints/mace_multitm_model_run-123_epoch-27.pt
2026-10-01 12:50:40.121 INFO: Epoch 28: head: Default, loss=0.01924108, RMSE_E_per_atom=   14.29 meV, RMSE_F=   87.26 meV / A
2026-10-01 12:50:40.123 DEBUG: Deleting old checkpoint file: ./checkpoints/mace_multitm_model_run-123_epoch-27.pt
2026-10-01 12:50:40.124 DEBUG: Saving checkpoint: ./checkpoints/mace_multitm_model_run-123_epoch-28.pt
2026-10-01 12:51:33.183 INFO: Epoch 29: head: Default, loss=0.01876059, RMSE_E_per_atom=   14.13 meV, RMSE_F=   86.18 meV / A
2026-10-01 12:51:33.185 DEBUG: Deleting old checkpoint file: ./checkpoints/mace_multitm_model_run-123_epoch-28.pt
2026-10-01 12:51:33.186 DEBUG: Saving checkpoint: ./checkpoints/mace_multitm_model_run-123_epoch-29.pt
2026-10-01 12:52:25.539 INFO: Epoch 30: head: Default, loss=0.01804043, RMSE_E_per_atom=   13.77 meV, RMSE_F=   84.53 meV / A
2026-10-01 12:52:25.542 DEBUG: Deleting old checkpoint file: ./checkpoints/mace_multitm_model_run-123_epoch-29.pt
2026-10-01 12:52:25.543 DEBUG: Saving checkpoint: ./checkpoints/mace_multitm_model_run-123_epoch-30.pt
2026-10-01 12:53:18.400 INFO: Epoch 31: head: Default, loss=0.01715931, RMSE_E_per_atom=   13.33 meV, RMSE_F=   82.46 meV / A
2026-10-01 12:53:18.402 DEBUG: Deleting old checkpoint file: ./checkpoints/mace_multitm_model_run-123_epoch-30.pt
2026-10-01 12:53:18.403 DEBUG: Saving checkpoint: ./checkpoints/mace_multitm_model_run-123_epoch-31.pt
2026-10-01 12:54:11.053 INFO: Epoch 32: head: Default, loss=0.01667425, RMSE_E_per_atom=   13.26 meV, RMSE_F=   81.29 meV / A
2026-10-01 12:54:11.055 DEBUG: Deleting old checkpoint file: ./checkpoints/mace_multitm_model_run-123_epoch-31.pt
2026-10-01 12:54:11.056 DEBUG: Saving checkpoint: ./checkpoints/mace_multitm_model_run-123_epoch-32.pt
2026-10-01 12:55:03.952 INFO: Epoch 33: head: Default, loss=0.01617707, RMSE_E_per_atom=   13.58 meV, RMSE_F=   80.07 meV / A
2026-10-01 12:55:03.954 DEBUG: Deleting old checkpoint file: ./checkpoints/mace_multitm_model_run-123_epoch-32.pt
2026-10-01 12:55:03.955 DEBUG: Saving checkpoint: ./checkpoints/mace_multitm_model_run-123_epoch-33.pt
2026-10-01 12:55:57.081 INFO: Epoch 34: head: Default, loss=0.01568613, RMSE_E_per_atom=   13.02 meV, RMSE_F=   78.86 meV / A
2026-10-01 12:55:57.083 DEBUG: Deleting old checkpoint file: ./checkpoints/mace_multitm_model_run-123_epoch-33.pt
2026-10-01 12:55:57.084 DEBUG: Saving checkpoint: ./checkpoints/mace_multitm_model_run-123_epoch-34.pt
2026-10-01 12:56:49.881 INFO: Epoch 35: head: Default, loss=0.01524906, RMSE_E_per_atom=   12.78 meV, RMSE_F=   77.75 meV / A
2026-10-01 12:56:49.883 DEBUG: Deleting old checkpoint file: ./checkpoints/mace_multitm_model_run-123_epoch-34.pt
2026-10-01 12:56:49.884 DEBUG: Saving checkpoint: ./checkpoints/mace_multitm_model_run-123_epoch-35.pt
2026-10-01 12:57:42.290 INFO: Epoch 36: head: Default, loss=0.01476905, RMSE_E_per_atom=   12.62 meV, RMSE_F=   76.55 meV / A
2026-10-01 12:57:42.292 DEBUG: Deleting old checkpoint file: ./checkpoints/mace_multitm_model_run-123_epoch-35.pt
2026-10-01 12:57:42.293 DEBUG: Saving checkpoint: ./checkpoints/mace_multitm_model_run-123_epoch-36.pt
2026-10-01 12:58:34.770 INFO: Epoch 37: head: Default, loss=0.01448141, RMSE_E_per_atom=   12.19 meV, RMSE_F=   75.79 meV / A
2026-10-01 12:58:34.772 DEBUG: Deleting old checkpoint file: ./checkpoints/mace_multitm_model_run-123_epoch-36.pt
2026-10-01 12:58:34.773 DEBUG: Saving checkpoint: ./checkpoints/mace_multitm_model_run-123_epoch-37.pt
2026-10-01 12:59:27.188 INFO: Epoch 38: head: Default, loss=0.01425227, RMSE_E_per_atom=   11.78 meV, RMSE_F=   75.19 meV / A
2026-10-01 12:59:27.191 DEBUG: Deleting old checkpoint file: ./checkpoints/mace_multitm_model_run-123_epoch-37.pt
2026-10-01 12:59:27.192 DEBUG: Saving checkpoint: ./checkpoints/mace_multitm_model_run-123_epoch-38.pt
2026-10-01 13:00:19.634 INFO: Epoch 39: head: Default, loss=0.01392038, RMSE_E_per_atom=   11.70 meV, RMSE_F=   74.31 meV / A
2026-10-01 13:00:19.636 DEBUG: Deleting old checkpoint file: ./checkpoints/mace_multitm_model_run-123_epoch-38.pt
2026-10-01 13:00:19.637 DEBUG: Saving checkpoint: ./checkpoints/mace_multitm_model_run-123_epoch-39.pt
2026-10-01 13:01:12.170 INFO: Epoch 40: head: Default, loss=0.01348819, RMSE_E_per_atom=   11.42 meV, RMSE_F=   73.13 meV / A
2026-10-01 13:01:12.172 DEBUG: Deleting old checkpoint file: ./checkpoints/mace_multitm_model_run-123_epoch-39.pt
2026-10-01 13:01:12.173 DEBUG: Saving checkpoint: ./checkpoints/mace_multitm_model_run-123_epoch-40.pt
2026-10-01 13:02:04.283 INFO: Epoch 41: head: Default, loss=0.01319900, RMSE_E_per_atom=   11.25 meV, RMSE_F=   72.32 meV / A
2026-10-01 13:02:04.284 DEBUG: Deleting old checkpoint file: ./checkpoints/mace_multitm_model_run-123_epoch-40.pt
2026-10-01 13:02:04.285 DEBUG: Saving checkpoint: ./checkpoints/mace_multitm_model_run-123_epoch-41.pt
2026-10-01 13:02:56.210 INFO: Epoch 42: head: Default, loss=0.01323225, RMSE_E_per_atom=   11.07 meV, RMSE_F=   72.46 meV / A
2026-10-01 13:03:48.507 INFO: Epoch 43: head: Default, loss=0.01286365, RMSE_E_per_atom=   11.06 meV, RMSE_F=   71.45 meV / A
2026-10-01 13:03:48.509 DEBUG: Deleting old checkpoint file: ./checkpoints/mace_multitm_model_run-123_epoch-41.pt
2026-10-01 13:03:48.510 DEBUG: Saving checkpoint: ./checkpoints/mace_multitm_model_run-123_epoch-43.pt
2026-10-01 13:04:41.154 INFO: Epoch 44: head: Default, loss=0.01289358, RMSE_E_per_atom=   11.64 meV, RMSE_F=   71.51 meV / A
2026-10-01 13:05:33.801 INFO: Epoch 45: head: Default, loss=0.01286570, RMSE_E_per_atom=   12.24 meV, RMSE_F=   71.43 meV / A
2026-10-01 13:06:26.334 INFO: Epoch 46: head: Default, loss=0.01320121, RMSE_E_per_atom=   11.79 meV, RMSE_F=   72.37 meV / A
2026-10-01 13:07:18.642 INFO: Epoch 47: head: Default, loss=0.01286764, RMSE_E_per_atom=   11.94 meV, RMSE_F=   71.45 meV / A
2026-10-01 13:08:10.872 INFO: Epoch 48: head: Default, loss=0.01245213, RMSE_E_per_atom=   11.79 meV, RMSE_F=   70.29 meV / A
2026-10-01 13:08:10.874 DEBUG: Deleting old checkpoint file: ./checkpoints/mace_multitm_model_run-123_epoch-43.pt
2026-10-01 13:08:10.875 DEBUG: Saving checkpoint: ./checkpoints/mace_multitm_model_run-123_epoch-48.pt
2026-10-01 13:09:03.642 INFO: Epoch 49: head: Default, loss=0.01196106, RMSE_E_per_atom=   11.06 meV, RMSE_F=   68.90 meV / A
2026-10-01 13:09:03.644 DEBUG: Deleting old checkpoint file: ./checkpoints/mace_multitm_model_run-123_epoch-48.pt
2026-10-01 13:09:03.645 DEBUG: Saving checkpoint: ./checkpoints/mace_multitm_model_run-123_epoch-49.pt
2026-10-01 13:09:56.482 INFO: Epoch 50: head: Default, loss=0.01178876, RMSE_E_per_atom=   10.69 meV, RMSE_F=   68.41 meV / A
2026-10-01 13:09:56.484 DEBUG: Deleting old checkpoint file: ./checkpoints/mace_multitm_model_run-123_epoch-49.pt
2026-10-01 13:09:56.485 DEBUG: Saving checkpoint: ./checkpoints/mace_multitm_model_run-123_epoch-50.pt
2026-10-01 13:10:48.847 INFO: Epoch 51: head: Default, loss=0.01155692, RMSE_E_per_atom=   10.43 meV, RMSE_F=   67.74 meV / A
2026-10-01 13:10:48.848 DEBUG: Deleting old checkpoint file: ./checkpoints/mace_multitm_model_run-123_epoch-50.pt
2026-10-01 13:10:48.849 DEBUG: Saving checkpoint: ./checkpoints/mace_multitm_model_run-123_epoch-51.pt
2026-10-01 13:11:41.100 INFO: Epoch 52: head: Default, loss=0.01144965, RMSE_E_per_atom=   10.44 meV, RMSE_F=   67.41 meV / A
2026-10-01 13:11:41.102 DEBUG: Deleting old checkpoint file: ./checkpoints/mace_multitm_model_run-123_epoch-51.pt
2026-10-01 13:11:41.103 DEBUG: Saving checkpoint: ./checkpoints/mace_multitm_model_run-123_epoch-52.pt
2026-10-01 13:12:33.342 INFO: Epoch 53: head: Default, loss=0.01124814, RMSE_E_per_atom=   10.19 meV, RMSE_F=   66.82 meV / A
2026-10-01 13:12:33.344 DEBUG: Deleting old checkpoint file: ./checkpoints/mace_multitm_model_run-123_epoch-52.pt
2026-10-01 13:12:33.345 DEBUG: Saving checkpoint: ./checkpoints/mace_multitm_model_run-123_epoch-53.pt
2026-10-01 13:13:25.522 INFO: Epoch 54: head: Default, loss=0.01097626, RMSE_E_per_atom=   10.15 meV, RMSE_F=   66.00 meV / A
2026-10-01 13:13:25.524 DEBUG: Deleting old checkpoint file: ./checkpoints/mace_multitm_model_run-123_epoch-53.pt
2026-10-01 13:13:25.525 DEBUG: Saving checkpoint: ./checkpoints/mace_multitm_model_run-123_epoch-54.pt
2026-10-01 13:14:17.607 INFO: Epoch 55: head: Default, loss=0.01076194, RMSE_E_per_atom=    9.96 meV, RMSE_F=   65.35 meV / A
2026-10-01 13:14:17.609 DEBUG: Deleting old checkpoint file: ./checkpoints/mace_multitm_model_run-123_epoch-54.pt
2026-10-01 13:14:17.610 DEBUG: Saving checkpoint: ./checkpoints/mace_multitm_model_run-123_epoch-55.pt
2026-10-01 13:15:10.311 INFO: Epoch 56: head: Default, loss=0.01051127, RMSE_E_per_atom=    9.78 meV, RMSE_F=   64.59 meV / A
2026-10-01 13:15:10.313 DEBUG: Deleting old checkpoint file: ./checkpoints/mace_multitm_model_run-123_epoch-55.pt
2026-10-01 13:15:10.314 DEBUG: Saving checkpoint: ./checkpoints/mace_multitm_model_run-123_epoch-56.pt
2026-10-01 13:16:03.442 INFO: Epoch 57: head: Default, loss=0.01037689, RMSE_E_per_atom=    9.63 meV, RMSE_F=   64.16 meV / A
2026-10-01 13:16:03.444 DEBUG: Deleting old checkpoint file: ./checkpoints/mace_multitm_model_run-123_epoch-56.pt
2026-10-01 13:16:03.445 DEBUG: Saving checkpoint: ./checkpoints/mace_multitm_model_run-123_epoch-57.pt
2026-10-01 13:16:55.972 INFO: Epoch 58: head: Default, loss=0.01028135, RMSE_E_per_atom=    9.49 meV, RMSE_F=   63.88 meV / A
2026-10-01 13:16:55.973 DEBUG: Deleting old checkpoint file: ./checkpoints/mace_multitm_model_run-123_epoch-57.pt
2026-10-01 13:16:55.974 DEBUG: Saving checkpoint: ./checkpoints/mace_multitm_model_run-123_epoch-58.pt
2026-10-01 13:17:48.626 INFO: Epoch 59: head: Default, loss=0.01030187, RMSE_E_per_atom=    9.45 meV, RMSE_F=   63.95 meV / A
2026-10-01 13:17:48.626 INFO: Training complete
2026-10-01 13:17:48.627 INFO: 
2026-10-01 13:17:48.627 INFO: ===========RESULTS===========
2026-10-01 13:17:48.627 INFO: Loading checkpoint: ./checkpoints/mace_multitm_model_run-123_epoch-59.pt
2026-10-01 13:17:48.645 INFO: Loaded Stage one model from epoch 59 for evaluation
2026-10-01 13:17:48.645 INFO: Saving model to checkpoints/mace_multitm_model_run-123.model
2026-10-01 13:17:48.795 INFO: Compiling model, saving metadata to mace_multitm_model_compiled.model
2026-10-01 13:17:49.415 INFO: Computing metrics for training, validation, and test sets
2026-10-01 13:17:49.415 INFO: Skipping evaluation for heads: ['pt_head']
2026-10-01 13:17:49.415 INFO: Evaluating train_Default ...
2026-10-01 13:18:03.195 INFO: Evaluating valid_Default ...
2026-10-01 13:18:05.684 INFO: Error-table on TRAIN and VALID:
+---------------+---------------------+------------------+-------------------+
|  config_type  | RMSE E / meV / atom | RMSE F / meV / A | relative F RMSE % |
+---------------+---------------------+------------------+-------------------+
| train_Default |           15.0      |         64.1     |          3.26     |
| valid_Default |           11.1      |         74.9     |          3.83     |
+---------------+---------------------+------------------+-------------------+
2026-10-01 13:18:05.685 DEBUG: Running inference on train_Default dataset
2026-10-01 13:18:19.495 DEBUG: Running inference on valid_Default dataset
2026-10-01 13:18:22.206 DEBUG: STREAM b'IHDR' 16 13
2026-10-01 13:18:22.206 DEBUG: STREAM b'sBIT' 41 4
2026-10-01 13:18:22.206 DEBUG: b'sBIT' 41 4 (unknown)
2026-10-01 13:18:22.206 DEBUG: STREAM b'pHYs' 57 9
2026-10-01 13:18:22.206 DEBUG: STREAM b'IDAT' 78 1189
2026-10-01 13:18:22.208 DEBUG: STREAM b'IHDR' 16 13
2026-10-01 13:18:22.208 DEBUG: STREAM b'sBIT' 41 4
2026-10-01 13:18:22.208 DEBUG: b'sBIT' 41 4 (unknown)
2026-10-01 13:18:22.208 DEBUG: STREAM b'pHYs' 57 9
2026-10-01 13:18:22.208 DEBUG: STREAM b'IDAT' 78 2994
2026-10-01 13:18:22.222 DEBUG: STREAM b'IHDR' 16 13
2026-10-01 13:18:22.222 DEBUG: STREAM b'sBIT' 41 4
2026-10-01 13:18:22.222 DEBUG: b'sBIT' 41 4 (unknown)
2026-10-01 13:18:22.222 DEBUG: STREAM b'pHYs' 57 9
2026-10-01 13:18:22.222 DEBUG: STREAM b'IDAT' 78 374
2026-10-01 13:18:22.223 DEBUG: STREAM b'IHDR' 16 13
2026-10-01 13:18:22.223 DEBUG: STREAM b'sBIT' 41 4
2026-10-01 13:18:22.223 DEBUG: b'sBIT' 41 4 (unknown)
2026-10-01 13:18:22.223 DEBUG: STREAM b'pHYs' 57 9
2026-10-01 13:18:22.223 DEBUG: STREAM b'IDAT' 78 286
2026-10-01 13:18:22.225 DEBUG: STREAM b'IHDR' 16 13
2026-10-01 13:18:22.225 DEBUG: STREAM b'sBIT' 41 4
2026-10-01 13:18:22.225 DEBUG: b'sBIT' 41 4 (unknown)
2026-10-01 13:18:22.225 DEBUG: STREAM b'pHYs' 57 9
2026-10-01 13:18:22.225 DEBUG: STREAM b'IDAT' 78 263
2026-10-01 13:18:22.226 DEBUG: STREAM b'IHDR' 16 13
2026-10-01 13:18:22.226 DEBUG: STREAM b'sBIT' 41 4
2026-10-01 13:18:22.226 DEBUG: b'sBIT' 41 4 (unknown)
2026-10-01 13:18:22.226 DEBUG: STREAM b'pHYs' 57 9
2026-10-01 13:18:22.226 DEBUG: STREAM b'IDAT' 78 387
2026-10-01 13:18:22.227 DEBUG: STREAM b'IHDR' 16 13
2026-10-01 13:18:22.227 DEBUG: STREAM b'sBIT' 41 4
2026-10-01 13:18:22.227 DEBUG: b'sBIT' 41 4 (unknown)
2026-10-01 13:18:22.227 DEBUG: STREAM b'pHYs' 57 9
2026-10-01 13:18:22.227 DEBUG: STREAM b'IDAT' 78 436
2026-10-01 13:18:22.228 DEBUG: STREAM b'IHDR' 16 13
2026-10-01 13:18:22.228 DEBUG: STREAM b'sBIT' 41 4
2026-10-01 13:18:22.228 DEBUG: b'sBIT' 41 4 (unknown)
2026-10-01 13:18:22.228 DEBUG: STREAM b'pHYs' 57 9
2026-10-01 13:18:22.228 DEBUG: STREAM b'IDAT' 78 351
2026-10-01 13:18:22.228 DEBUG: STREAM b'IHDR' 16 13
2026-10-01 13:18:22.228 DEBUG: STREAM b'sBIT' 41 4
2026-10-01 13:18:22.229 DEBUG: b'sBIT' 41 4 (unknown)
2026-10-01 13:18:22.229 DEBUG: STREAM b'pHYs' 57 9
2026-10-01 13:18:22.229 DEBUG: STREAM b'IDAT' 78 364
2026-10-01 13:18:23.476 INFO: Done
2026-10-01 13:41:14.501 INFO: ===========VERIFYING SETTINGS===========
2026-10-01 13:41:14.501 INFO: MACE version: 0.3.16
2026-10-01 13:41:14.501 DEBUG: Configuration: Namespace(config=None, name='mace_multitm_model', seed=123, work_dir='.', log_dir='./logs', model_dir='.', checkpoints_dir='./checkpoints', results_dir='./results', downloads_dir='./downloads', device='cpu', default_dtype='float32', distributed=False, launcher='slurm', log_level='INFO', plot=True, plot_frequency=0, plot_interaction_e=False, error_table='PerAtomRMSE', model='ScaleShiftMACE', r_max=5.0, radial_type='bessel', num_radial_basis=8, num_cutoff_basis=5, pair_repulsion=False, distance_transform='None', apply_cutoff=True, use_last_readout_only=False, use_embedding_readout=False, interaction='RealAgnosticResidualInteractionBlock', interaction_first='RealAgnosticResidualInteractionBlock', max_ell=3, correlation=3, use_reduced_cg=False, use_so3=False, use_agnostic_product=False, num_interactions=2, MLP_irreps='16x0e', radial_MLP='[64, 64, 64]', hidden_irreps='64x0e + 64x1o', edge_irreps=None, use_edge_irreps_first=False, num_channels=64, max_L=1, gate='silu', kspace_cutoff_factor=1.5, atomic_multipoles_max_l=0, atomic_multipoles_smearing_width=1.0, field_feature_max_l=0, field_feature_widths='[1.0]', field_feature_norms=None, num_recursion_steps=1, field_si=False, include_electrostatic_self_interaction=False, add_local_electron_energy=False, quadrupole_feature_corrections=False, return_electrostatic_potentials=False, field_norm_factor=0.02, fixedpoint_update_config=None, field_readout_config=None, scaling='rms_forces_scaling', avg_num_neighbors=1, compute_avg_num_neighbors=True, compute_stress=False, compute_forces=True, compute_polarizability=False, compute_atomic_dipole=False, train_file='mace_train.xyz', valid_file='mace_val.xyz', valid_fraction=0.1, test_file=None, test_dir=None, multi_processed_test=False, num_workers=0, pin_memory=True, atomic_numbers='[1, 6, 7, 27, 28, 46]', mean=None, std=None, statistics_file=None, les_arguments=None, E0s='average', pseudolabel_replay=False, pseudolabel_replay_compute_stress=False, foundation_filter_elements=True, heads=None, multiheads_finetuning=True, foundation_head=None, weight_pt_head=1.0, real_pt_data_ratio_threshold=0.1, num_samples_pt=10000, force_mh_ft_lr=False, subselect_pt='random', filter_type_pt='none', allow_random_padding_pt=True, pt_train_file=None, pt_valid_file=None, foundation_model_elements=False, keep_isolated_atoms=False, lora=False, lora_rank=4, lora_alpha=1.0, energy_key='energy', forces_key='forces', virials_key='REF_virials', stress_key='REF_stress', dipole_key='dipole', polarizability_key='polarizability', head_key='head', charges_key='REF_charges', elec_temp_key='elec_temp', total_spin_key='total_spin', total_charge_key='total_charge', embedding_specs=None, skip_evaluate_heads='pt_head', loss='weighted', forces_weight=10.0, swa_forces_weight=100.0, energy_weight=1.0, swa_energy_weight=1000.0, virials_weight=1.0, swa_virials_weight=10.0, stress_weight=1.0, swa_stress_weight=10.0, dipole_weight=1.0, swa_dipole_weight=1.0, swa_polarizability_weight=1.0, polarizability_weight=1.0, config_type_weights='{"Default":1.0}', huber_delta=0.01, optimizer='adam', beta=0.9, beta1_schedulefree=0.9, beta2_schedulefree=0.98, batch_size=4, valid_batch_size=4, lr=0.01, swa_lr=0.001, weight_decay=5e-07, lr_params_factors='{"embedding_lr_factor": 1.0, "interactions_lr_factor": 1.0, "products_lr_factor": 1.0, "readouts_lr_factor": 1.0}', freeze=None, amsgrad=True, scheduler='ReduceLROnPlateau', lr_factor=0.8, scheduler_patience=50, lr_scheduler_gamma=0.9993, swa=False, start_swa=None, lbfgs=False, ema=True, ema_decay=0.99, max_num_epochs=60, patience=2048, foundation_model=None, foundation_model_kwargs='{}', foundation_model_readout=True, eval_interval=1, keep_checkpoints=False, save_all_checkpoints=False, restart_latest=False, save_cpu=False, clip_grad=10.0, dry_run=False, enable_cueq=False, only_cueq=False, enable_oeq=False, wandb=False, wandb_dir=None, wandb_project='', wandb_entity='', wandb_name='', wandb_log_hypers=['num_channels', 'max_L', 'correlation', 'lr', 'swa_lr', 'weight_decay', 'batch_size', 'max_num_epochs', 'start_swa', 'energy_weight', 'forces_weight'], key_specification=KeySpecification(info_keys={'energy': 'energy', 'stress': 'REF_stress', 'virials': 'REF_virials', 'dipole': 'dipole', 'head': 'head', 'elec_temp': 'elec_temp', 'total_charge': 'total_charge', 'polarizability': 'polarizability', 'total_spin': 'total_spin'}, arrays_keys={'forces': 'forces', 'charges': 'REF_charges'}))
2026-10-01 13:41:14.501 INFO: Using CPU
2026-10-01 13:41:14.533 DEBUG: Popen(['git', 'version'], cwd=/home/ziat1/Documents/Training/Autonomous_MultiTM_SAC_Pipeline, stdin=None, shell=False, universal_newlines=False)
2026-10-01 13:41:14.537 DEBUG: Popen(['git', 'version'], cwd=/home/ziat1/Documents/Training/Autonomous_MultiTM_SAC_Pipeline, stdin=None, shell=False, universal_newlines=False)
2026-10-01 13:41:14.540 DEBUG: sys.platform='linux', git_executable='git'
2026-10-01 13:41:14.541 DEBUG: Error accessing Git repository: /home/ziat1/Documents/Training/Autonomous_MultiTM_SAC_Pipeline
2026-10-01 13:41:14.541 INFO: ===========LOADING INPUT DATA===========
2026-10-01 13:41:14.541 INFO: Using heads: ['Default']
2026-10-01 13:41:14.541 INFO: Using the key specifications to parse data:
2026-10-01 13:41:14.541 INFO: Default: KeySpecification(info_keys={'energy': 'energy', 'stress': 'REF_stress', 'virials': 'REF_virials', 'dipole': 'dipole', 'head': 'head', 'elec_temp': 'elec_temp', 'total_charge': 'total_charge', 'polarizability': 'polarizability', 'total_spin': 'total_spin'}, arrays_keys={'forces': 'forces', 'charges': 'REF_charges'})
2026-10-01 13:41:14.541 INFO: =============    Processing head Default     ===========
2026-10-01 13:41:14.541 DEBUG: Loading training file: mace_train.xyz
2026-10-01 13:41:14.608 WARNING: Since ASE version 3.23.0b1, using energy_key 'energy' is no longer safe when communicating between MACE and ASE. We recommend using a different key, rewriting 'energy' to 'REF_energy'. You need to use --energy_key='REF_energy' to specify the chosen key name.
2026-10-01 13:41:14.620 WARNING: Since ASE version 3.23.0b1, using forces_key 'forces' is no longer safe when communicating between MACE and ASE. We recommend using a different key, rewriting 'forces' to 'REF_forces'. You need to use --forces_key='REF_forces' to specify the chosen key name.
2026-10-01 13:41:14.636 INFO: Training set 1/1 [energy: 187, stress: 0, virials: 0, dipole components: 0, head: 187, elec_temp: 0, total_charge: 0, polarizability: 0, total_spin: 0, forces: 187, charges: 0]
2026-10-01 13:41:14.636 INFO: Total Training set [energy: 187, stress: 0, virials: 0, dipole components: 0, head: 187, elec_temp: 0, total_charge: 0, polarizability: 0, total_spin: 0, forces: 187, charges: 0]
2026-10-01 13:41:14.656 WARNING: Since ASE version 3.23.0b1, using energy_key 'energy' is no longer safe when communicating between MACE and ASE. We recommend using a different key, rewriting 'energy' to 'REF_energy'. You need to use --energy_key='REF_energy' to specify the chosen key name.
2026-10-01 13:41:14.658 WARNING: Since ASE version 3.23.0b1, using forces_key 'forces' is no longer safe when communicating between MACE and ASE. We recommend using a different key, rewriting 'forces' to 'REF_forces'. You need to use --forces_key='REF_forces' to specify the chosen key name.
2026-10-01 13:41:14.662 INFO: Validation set 1/1 [energy: 33, stress: 0, virials: 0, dipole components: 0, head: 33, elec_temp: 0, total_charge: 0, polarizability: 0, total_spin: 0, forces: 33, charges: 0]
2026-10-01 13:41:14.662 INFO: Total Validation set [energy: 33, stress: 0, virials: 0, dipole components: 0, head: 33, elec_temp: 0, total_charge: 0, polarizability: 0, total_spin: 0, forces: 33, charges: 0]
2026-10-01 13:41:14.662 INFO: Total number of configurations: train=187, valid=33, tests=[],
2026-10-01 13:41:14.662 INFO: Using atomic numbers from command line argument
2026-10-01 13:41:14.663 INFO: Atomic Numbers used: [1, 6, 7, 27, 28, 46]
2026-10-01 13:41:14.663 INFO: Isolated Atomic Energies (E0s) not in training file, using command line argument
2026-10-01 13:41:14.663 INFO: Computing average Atomic Energies using least squares regression
2026-10-01 13:41:14.665 INFO: Atomic Energies used (z: eV) for head Default: {1: -7.157444524841892, 6: -8.888543690676043, 7: -8.478930937547151, 27: -0.17778066170442997, 28: 1.4145339101805425, 46: -1.5911915061949484}
2026-10-01 13:41:14.665 INFO: Processing datasets for head 'Default'
2026-10-01 13:41:14.771 DEBUG: Successfully loaded dataset from ASE files: ['mace_train.xyz']
2026-10-01 13:41:14.772 INFO: Combining 1 list datasets for head 'Default'
2026-10-01 13:41:14.792 DEBUG: Successfully loaded validation dataset from ASE files: ['mace_val.xyz']
2026-10-01 13:41:14.792 INFO: Combining 1 list datasets for head 'Default_valid'
2026-10-01 13:41:14.792 INFO: Combined validation datasets for Default
2026-10-01 13:41:14.793 INFO: Head 'Default' training dataset size: 187
2026-10-01 13:41:14.793 INFO: Computing average number of neighbors
2026-10-01 13:41:14.859 INFO: Average number of neighbors: 29.695999145507812
2026-10-01 13:41:14.859 INFO: During training the following quantities will be reported: energy, forces
2026-10-01 13:41:14.859 INFO: ===========MODEL DETAILS===========
2026-10-01 13:41:14.921 INFO: Building model
2026-10-01 13:41:14.921 INFO: Message passing with 64 channels and max_L=1 (64x0e + 64x1o)
2026-10-01 13:41:14.922 INFO: 2 layers, each with correlation order: 3 (body order: 4) and spherical harmonics up to: l=3
2026-10-01 13:41:14.922 INFO: 8 radial and 5 basis functions
2026-10-01 13:41:14.922 INFO: Radial cutoff: 5.0 A (total receptive field for each atom: 10.0 A)
2026-10-01 13:41:14.922 INFO: Distance transform for radial basis functions: None
2026-10-01 13:41:14.922 INFO: Hidden irreps: 64x0e + 64x1o
2026-10-01 13:41:15.855 INFO: ===========OPTIMIZER INFORMATION===========
2026-10-01 13:41:15.856 INFO: Using ADAM as parameter optimizer
2026-10-01 13:41:15.856 INFO: Batch size: 4
2026-10-01 13:41:15.856 INFO: Using Exponential Moving Average with decay: 0.99
2026-10-01 13:41:15.856 INFO: Number of gradient updates: 2805
2026-10-01 13:41:15.856 INFO: Learning rate: 0.01, weight decay: 5e-07
2026-10-01 13:41:15.856 INFO: WeightedEnergyForcesLoss(energy_weight=1.000, forces_weight=10.000)
2026-10-01 13:41:15.856 INFO: === Layer's learning rates ===
2026-10-01 13:41:15.856 INFO: Param group 0: lr = 0.01
2026-10-01 13:41:15.856 INFO: Param group 1: lr = 0.01
2026-10-01 13:41:15.857 INFO: Param group 2: lr = 0.01
2026-10-01 13:41:15.857 INFO: Param group 3: lr = 0.01
2026-10-01 13:41:15.857 INFO: Param group 4: lr = 0.01
2026-10-01 13:41:15.857 INFO: Using gradient clipping with tolerance=10.000
2026-10-01 13:41:15.857 INFO: 
2026-10-01 13:41:15.857 INFO: ===========TRAINING===========
2026-10-01 13:41:15.857 INFO: Started training, reporting errors on validation set
2026-10-01 13:41:15.857 INFO: Loss metrics on validation set
2026-10-01 13:41:19.026 INFO: Initial: head: Default, loss=9.81795311, RMSE_E_per_atom=  682.92 meV, RMSE_F= 1967.98 meV / A
2026-10-01 13:42:11.366 INFO: Epoch 0: head: Default, loss=0.71319073, RMSE_E_per_atom=   65.42 meV, RMSE_F=  520.55 meV / A
2026-10-01 13:42:11.368 DEBUG: Saving checkpoint: ./checkpoints/mace_multitm_model_run-123_epoch-0.pt
2026-10-01 13:43:03.936 INFO: Epoch 1: head: Default, loss=0.25057197, RMSE_E_per_atom=   47.90 meV, RMSE_F=  313.68 meV / A
2026-10-01 13:43:03.937 DEBUG: Deleting old checkpoint file: ./checkpoints/mace_multitm_model_run-123_epoch-0.pt
2026-10-01 13:43:03.938 DEBUG: Saving checkpoint: ./checkpoints/mace_multitm_model_run-123_epoch-1.pt
2026-10-01 13:43:55.445 INFO: Epoch 2: head: Default, loss=0.15433325, RMSE_E_per_atom=   41.97 meV, RMSE_F=  246.92 meV / A
2026-10-01 13:43:55.447 DEBUG: Deleting old checkpoint file: ./checkpoints/mace_multitm_model_run-123_epoch-1.pt
2026-10-01 13:43:55.448 DEBUG: Saving checkpoint: ./checkpoints/mace_multitm_model_run-123_epoch-2.pt
2026-10-01 13:44:47.998 INFO: Epoch 3: head: Default, loss=0.11503781, RMSE_E_per_atom=   39.64 meV, RMSE_F=  213.23 meV / A
2026-10-01 13:44:48.000 DEBUG: Deleting old checkpoint file: ./checkpoints/mace_multitm_model_run-123_epoch-2.pt
2026-10-01 13:44:48.001 DEBUG: Saving checkpoint: ./checkpoints/mace_multitm_model_run-123_epoch-3.pt
2026-10-01 13:45:39.685 INFO: Epoch 4: head: Default, loss=0.09278760, RMSE_E_per_atom=   37.05 meV, RMSE_F=  191.58 meV / A
2026-10-01 13:45:39.687 DEBUG: Deleting old checkpoint file: ./checkpoints/mace_multitm_model_run-123_epoch-3.pt
2026-10-01 13:45:39.688 DEBUG: Saving checkpoint: ./checkpoints/mace_multitm_model_run-123_epoch-4.pt
2026-10-01 13:46:31.496 INFO: Epoch 5: head: Default, loss=0.08057842, RMSE_E_per_atom=   39.44 meV, RMSE_F=  178.29 meV / A
2026-10-01 13:46:31.498 DEBUG: Deleting old checkpoint file: ./checkpoints/mace_multitm_model_run-123_epoch-4.pt
2026-10-01 13:46:31.499 DEBUG: Saving checkpoint: ./checkpoints/mace_multitm_model_run-123_epoch-5.pt
2026-10-01 13:47:23.988 INFO: Epoch 6: head: Default, loss=0.07017152, RMSE_E_per_atom=   40.27 meV, RMSE_F=  166.54 meV / A
2026-10-01 13:47:23.990 DEBUG: Deleting old checkpoint file: ./checkpoints/mace_multitm_model_run-123_epoch-5.pt
2026-10-01 13:47:23.990 DEBUG: Saving checkpoint: ./checkpoints/mace_multitm_model_run-123_epoch-6.pt
2026-10-01 13:48:15.466 INFO: Epoch 7: head: Default, loss=0.05958866, RMSE_E_per_atom=   35.37 meV, RMSE_F=  153.61 meV / A
2026-10-01 13:48:15.468 DEBUG: Deleting old checkpoint file: ./checkpoints/mace_multitm_model_run-123_epoch-6.pt
2026-10-01 13:48:15.469 DEBUG: Saving checkpoint: ./checkpoints/mace_multitm_model_run-123_epoch-7.pt
2026-10-01 13:49:06.726 INFO: Epoch 8: head: Default, loss=0.05364072, RMSE_E_per_atom=   31.72 meV, RMSE_F=  145.70 meV / A
2026-10-01 13:49:06.728 DEBUG: Deleting old checkpoint file: ./checkpoints/mace_multitm_model_run-123_epoch-7.pt
2026-10-01 13:49:06.729 DEBUG: Saving checkpoint: ./checkpoints/mace_multitm_model_run-123_epoch-8.pt
2026-10-01 13:49:58.966 INFO: Epoch 9: head: Default, loss=0.04792585, RMSE_E_per_atom=   28.78 meV, RMSE_F=  137.82 meV / A
2026-10-01 13:49:58.968 DEBUG: Deleting old checkpoint file: ./checkpoints/mace_multitm_model_run-123_epoch-8.pt
2026-10-01 13:49:58.969 DEBUG: Saving checkpoint: ./checkpoints/mace_multitm_model_run-123_epoch-9.pt
2026-10-01 13:50:50.665 INFO: Epoch 10: head: Default, loss=0.04506283, RMSE_E_per_atom=   26.77 meV, RMSE_F=  133.55 meV / A
2026-10-01 13:50:50.667 DEBUG: Deleting old checkpoint file: ./checkpoints/mace_multitm_model_run-123_epoch-9.pt
2026-10-01 13:50:50.668 DEBUG: Saving checkpoint: ./checkpoints/mace_multitm_model_run-123_epoch-10.pt
2026-10-01 13:51:43.581 INFO: Epoch 11: head: Default, loss=0.04175820, RMSE_E_per_atom=   25.72 meV, RMSE_F=  128.54 meV / A
2026-10-01 13:51:43.583 DEBUG: Deleting old checkpoint file: ./checkpoints/mace_multitm_model_run-123_epoch-10.pt
2026-10-01 13:51:43.584 DEBUG: Saving checkpoint: ./checkpoints/mace_multitm_model_run-123_epoch-11.pt
2026-10-01 13:52:36.144 INFO: Epoch 12: head: Default, loss=0.03914969, RMSE_E_per_atom=   24.26 meV, RMSE_F=  124.53 meV / A
2026-10-01 13:52:36.146 DEBUG: Deleting old checkpoint file: ./checkpoints/mace_multitm_model_run-123_epoch-11.pt
2026-10-01 13:52:36.147 DEBUG: Saving checkpoint: ./checkpoints/mace_multitm_model_run-123_epoch-12.pt
2026-10-01 13:53:28.767 INFO: Epoch 13: head: Default, loss=0.03677442, RMSE_E_per_atom=   22.92 meV, RMSE_F=  120.63 meV / A
2026-10-01 13:53:28.769 DEBUG: Deleting old checkpoint file: ./checkpoints/mace_multitm_model_run-123_epoch-12.pt
2026-10-01 13:53:28.770 DEBUG: Saving checkpoint: ./checkpoints/mace_multitm_model_run-123_epoch-13.pt
2026-10-01 13:54:21.154 INFO: Epoch 14: head: Default, loss=0.03427511, RMSE_E_per_atom=   22.03 meV, RMSE_F=  116.48 meV / A
2026-10-01 13:54:21.156 DEBUG: Deleting old checkpoint file: ./checkpoints/mace_multitm_model_run-123_epoch-13.pt
2026-10-01 13:54:21.157 DEBUG: Saving checkpoint: ./checkpoints/mace_multitm_model_run-123_epoch-14.pt
2026-10-01 13:55:14.000 INFO: Epoch 15: head: Default, loss=0.03268428, RMSE_E_per_atom=   21.09 meV, RMSE_F=  113.79 meV / A
2026-10-01 13:55:14.002 DEBUG: Deleting old checkpoint file: ./checkpoints/mace_multitm_model_run-123_epoch-14.pt
2026-10-01 13:55:14.003 DEBUG: Saving checkpoint: ./checkpoints/mace_multitm_model_run-123_epoch-15.pt
2026-10-01 13:56:06.616 INFO: Epoch 16: head: Default, loss=0.03164250, RMSE_E_per_atom=   20.01 meV, RMSE_F=  111.99 meV / A
2026-10-01 13:56:06.619 DEBUG: Deleting old checkpoint file: ./checkpoints/mace_multitm_model_run-123_epoch-15.pt
2026-10-01 13:56:06.620 DEBUG: Saving checkpoint: ./checkpoints/mace_multitm_model_run-123_epoch-16.pt
2026-10-01 13:56:59.289 INFO: Epoch 17: head: Default, loss=0.03026459, RMSE_E_per_atom=   18.78 meV, RMSE_F=  109.53 meV / A
2026-10-01 13:56:59.291 DEBUG: Deleting old checkpoint file: ./checkpoints/mace_multitm_model_run-123_epoch-16.pt
2026-10-01 13:56:59.292 DEBUG: Saving checkpoint: ./checkpoints/mace_multitm_model_run-123_epoch-17.pt
2026-10-01 13:57:51.735 INFO: Epoch 18: head: Default, loss=0.02940978, RMSE_E_per_atom=   18.47 meV, RMSE_F=  107.93 meV / A
2026-10-01 13:57:51.737 DEBUG: Deleting old checkpoint file: ./checkpoints/mace_multitm_model_run-123_epoch-17.pt
2026-10-01 13:57:51.738 DEBUG: Saving checkpoint: ./checkpoints/mace_multitm_model_run-123_epoch-18.pt
2026-10-01 13:58:43.536 INFO: Epoch 19: head: Default, loss=0.02800526, RMSE_E_per_atom=   18.30 meV, RMSE_F=  105.29 meV / A
2026-10-01 13:58:43.538 DEBUG: Deleting old checkpoint file: ./checkpoints/mace_multitm_model_run-123_epoch-18.pt
2026-10-01 13:58:43.539 DEBUG: Saving checkpoint: ./checkpoints/mace_multitm_model_run-123_epoch-19.pt
2026-10-01 13:59:35.933 INFO: Epoch 20: head: Default, loss=0.02679782, RMSE_E_per_atom=   17.95 meV, RMSE_F=  102.96 meV / A
2026-10-01 13:59:35.934 DEBUG: Deleting old checkpoint file: ./checkpoints/mace_multitm_model_run-123_epoch-19.pt
2026-10-01 13:59:35.935 DEBUG: Saving checkpoint: ./checkpoints/mace_multitm_model_run-123_epoch-20.pt
2026-10-01 14:00:28.575 INFO: Epoch 21: head: Default, loss=0.02564826, RMSE_E_per_atom=   17.12 meV, RMSE_F=  100.75 meV / A
2026-10-01 14:00:28.577 DEBUG: Deleting old checkpoint file: ./checkpoints/mace_multitm_model_run-123_epoch-20.pt
2026-10-01 14:00:28.578 DEBUG: Saving checkpoint: ./checkpoints/mace_multitm_model_run-123_epoch-21.pt
2026-10-01 14:01:21.112 INFO: Epoch 22: head: Default, loss=0.02443117, RMSE_E_per_atom=   16.87 meV, RMSE_F=   98.29 meV / A
2026-10-01 14:01:21.114 DEBUG: Deleting old checkpoint file: ./checkpoints/mace_multitm_model_run-123_epoch-21.pt
2026-10-01 14:01:21.115 DEBUG: Saving checkpoint: ./checkpoints/mace_multitm_model_run-123_epoch-22.pt
2026-10-01 14:02:13.541 INFO: Epoch 23: head: Default, loss=0.02349437, RMSE_E_per_atom=   16.84 meV, RMSE_F=   96.35 meV / A
2026-10-01 14:02:13.543 DEBUG: Deleting old checkpoint file: ./checkpoints/mace_multitm_model_run-123_epoch-22.pt
2026-10-01 14:02:13.544 DEBUG: Saving checkpoint: ./checkpoints/mace_multitm_model_run-123_epoch-23.pt
2026-10-01 14:03:06.648 INFO: Epoch 24: head: Default, loss=0.02261912, RMSE_E_per_atom=   16.65 meV, RMSE_F=   94.56 meV / A
2026-10-01 14:03:06.649 DEBUG: Deleting old checkpoint file: ./checkpoints/mace_multitm_model_run-123_epoch-23.pt
2026-10-01 14:03:06.650 DEBUG: Saving checkpoint: ./checkpoints/mace_multitm_model_run-123_epoch-24.pt
2026-10-01 14:04:00.772 INFO: Epoch 25: head: Default, loss=0.02164402, RMSE_E_per_atom=   16.28 meV, RMSE_F=   92.48 meV / A
2026-10-01 14:04:00.774 DEBUG: Deleting old checkpoint file: ./checkpoints/mace_multitm_model_run-123_epoch-24.pt
2026-10-01 14:04:00.775 DEBUG: Saving checkpoint: ./checkpoints/mace_multitm_model_run-123_epoch-25.pt
2026-10-01 14:04:54.388 INFO: Epoch 26: head: Default, loss=0.02109360, RMSE_E_per_atom=   15.54 meV, RMSE_F=   91.35 meV / A
2026-10-01 14:04:54.390 DEBUG: Deleting old checkpoint file: ./checkpoints/mace_multitm_model_run-123_epoch-25.pt
2026-10-01 14:04:54.390 DEBUG: Saving checkpoint: ./checkpoints/mace_multitm_model_run-123_epoch-26.pt
2026-10-01 14:05:47.021 INFO: Epoch 27: head: Default, loss=0.01981224, RMSE_E_per_atom=   14.78 meV, RMSE_F=   88.53 meV / A
2026-10-01 14:05:47.023 DEBUG: Deleting old checkpoint file: ./checkpoints/mace_multitm_model_run-123_epoch-26.pt
2026-10-01 14:05:47.024 DEBUG: Saving checkpoint: ./checkpoints/mace_multitm_model_run-123_epoch-27.pt
2026-10-01 14:06:39.515 INFO: Epoch 28: head: Default, loss=0.01924108, RMSE_E_per_atom=   14.29 meV, RMSE_F=   87.26 meV / A
2026-10-01 14:06:39.517 DEBUG: Deleting old checkpoint file: ./checkpoints/mace_multitm_model_run-123_epoch-27.pt
2026-10-01 14:06:39.518 DEBUG: Saving checkpoint: ./checkpoints/mace_multitm_model_run-123_epoch-28.pt
2026-10-01 14:07:31.678 INFO: Epoch 29: head: Default, loss=0.01876059, RMSE_E_per_atom=   14.13 meV, RMSE_F=   86.18 meV / A
2026-10-01 14:07:31.679 DEBUG: Deleting old checkpoint file: ./checkpoints/mace_multitm_model_run-123_epoch-28.pt
2026-10-01 14:07:31.680 DEBUG: Saving checkpoint: ./checkpoints/mace_multitm_model_run-123_epoch-29.pt
2026-10-01 14:08:24.301 INFO: Epoch 30: head: Default, loss=0.01804043, RMSE_E_per_atom=   13.77 meV, RMSE_F=   84.53 meV / A
2026-10-01 14:08:24.303 DEBUG: Deleting old checkpoint file: ./checkpoints/mace_multitm_model_run-123_epoch-29.pt
2026-10-01 14:08:24.304 DEBUG: Saving checkpoint: ./checkpoints/mace_multitm_model_run-123_epoch-30.pt
2026-10-01 14:09:17.122 INFO: Epoch 31: head: Default, loss=0.01715931, RMSE_E_per_atom=   13.33 meV, RMSE_F=   82.46 meV / A
2026-10-01 14:09:17.123 DEBUG: Deleting old checkpoint file: ./checkpoints/mace_multitm_model_run-123_epoch-30.pt
2026-10-01 14:09:17.124 DEBUG: Saving checkpoint: ./checkpoints/mace_multitm_model_run-123_epoch-31.pt
2026-10-01 14:10:09.363 INFO: Epoch 32: head: Default, loss=0.01667425, RMSE_E_per_atom=   13.26 meV, RMSE_F=   81.29 meV / A
2026-10-01 14:10:09.365 DEBUG: Deleting old checkpoint file: ./checkpoints/mace_multitm_model_run-123_epoch-31.pt
2026-10-01 14:10:09.366 DEBUG: Saving checkpoint: ./checkpoints/mace_multitm_model_run-123_epoch-32.pt
2026-10-01 14:11:02.055 INFO: Epoch 33: head: Default, loss=0.01617707, RMSE_E_per_atom=   13.58 meV, RMSE_F=   80.07 meV / A
2026-10-01 14:11:02.057 DEBUG: Deleting old checkpoint file: ./checkpoints/mace_multitm_model_run-123_epoch-32.pt
2026-10-01 14:11:02.058 DEBUG: Saving checkpoint: ./checkpoints/mace_multitm_model_run-123_epoch-33.pt
2026-10-01 14:11:55.062 INFO: Epoch 34: head: Default, loss=0.01568613, RMSE_E_per_atom=   13.02 meV, RMSE_F=   78.86 meV / A
2026-10-01 14:11:55.064 DEBUG: Deleting old checkpoint file: ./checkpoints/mace_multitm_model_run-123_epoch-33.pt
2026-10-01 14:11:55.065 DEBUG: Saving checkpoint: ./checkpoints/mace_multitm_model_run-123_epoch-34.pt
2026-10-01 14:12:47.316 INFO: Epoch 35: head: Default, loss=0.01524906, RMSE_E_per_atom=   12.78 meV, RMSE_F=   77.75 meV / A
2026-10-01 14:12:47.318 DEBUG: Deleting old checkpoint file: ./checkpoints/mace_multitm_model_run-123_epoch-34.pt
2026-10-01 14:12:47.320 DEBUG: Saving checkpoint: ./checkpoints/mace_multitm_model_run-123_epoch-35.pt
2026-10-01 14:13:51.355 INFO: Epoch 36: head: Default, loss=0.01476905, RMSE_E_per_atom=   12.62 meV, RMSE_F=   76.55 meV / A
2026-10-01 14:13:51.357 DEBUG: Deleting old checkpoint file: ./checkpoints/mace_multitm_model_run-123_epoch-35.pt
2026-10-01 14:13:51.358 DEBUG: Saving checkpoint: ./checkpoints/mace_multitm_model_run-123_epoch-36.pt
2026-10-01 14:14:46.601 INFO: Epoch 37: head: Default, loss=0.01448141, RMSE_E_per_atom=   12.19 meV, RMSE_F=   75.79 meV / A
2026-10-01 14:14:46.602 DEBUG: Deleting old checkpoint file: ./checkpoints/mace_multitm_model_run-123_epoch-36.pt
2026-10-01 14:14:46.603 DEBUG: Saving checkpoint: ./checkpoints/mace_multitm_model_run-123_epoch-37.pt
2026-10-01 14:15:40.515 INFO: Epoch 38: head: Default, loss=0.01425227, RMSE_E_per_atom=   11.78 meV, RMSE_F=   75.19 meV / A
2026-10-01 14:15:40.516 DEBUG: Deleting old checkpoint file: ./checkpoints/mace_multitm_model_run-123_epoch-37.pt
2026-10-01 14:15:40.517 DEBUG: Saving checkpoint: ./checkpoints/mace_multitm_model_run-123_epoch-38.pt
2026-10-01 14:16:34.216 INFO: Epoch 39: head: Default, loss=0.01392038, RMSE_E_per_atom=   11.70 meV, RMSE_F=   74.31 meV / A
2026-10-01 14:16:34.218 DEBUG: Deleting old checkpoint file: ./checkpoints/mace_multitm_model_run-123_epoch-38.pt
2026-10-01 14:16:34.219 DEBUG: Saving checkpoint: ./checkpoints/mace_multitm_model_run-123_epoch-39.pt
2026-10-01 14:17:33.843 INFO: Epoch 40: head: Default, loss=0.01348819, RMSE_E_per_atom=   11.42 meV, RMSE_F=   73.13 meV / A
2026-10-01 14:17:33.845 DEBUG: Deleting old checkpoint file: ./checkpoints/mace_multitm_model_run-123_epoch-39.pt
2026-10-01 14:17:33.846 DEBUG: Saving checkpoint: ./checkpoints/mace_multitm_model_run-123_epoch-40.pt
2026-10-01 14:18:30.538 INFO: Epoch 41: head: Default, loss=0.01319900, RMSE_E_per_atom=   11.25 meV, RMSE_F=   72.32 meV / A
2026-10-01 14:18:30.540 DEBUG: Deleting old checkpoint file: ./checkpoints/mace_multitm_model_run-123_epoch-40.pt
2026-10-01 14:18:30.542 DEBUG: Saving checkpoint: ./checkpoints/mace_multitm_model_run-123_epoch-41.pt
2026-10-01 14:19:29.119 INFO: Epoch 42: head: Default, loss=0.01323225, RMSE_E_per_atom=   11.07 meV, RMSE_F=   72.46 meV / A
2026-10-01 14:20:23.104 INFO: Epoch 43: head: Default, loss=0.01286365, RMSE_E_per_atom=   11.06 meV, RMSE_F=   71.45 meV / A
2026-10-01 14:20:23.106 DEBUG: Deleting old checkpoint file: ./checkpoints/mace_multitm_model_run-123_epoch-41.pt
2026-10-01 14:20:23.107 DEBUG: Saving checkpoint: ./checkpoints/mace_multitm_model_run-123_epoch-43.pt
2026-10-01 14:21:19.460 INFO: Epoch 44: head: Default, loss=0.01289358, RMSE_E_per_atom=   11.64 meV, RMSE_F=   71.51 meV / A
2026-10-01 14:22:17.911 INFO: Epoch 45: head: Default, loss=0.01286570, RMSE_E_per_atom=   12.24 meV, RMSE_F=   71.43 meV / A
2026-10-01 14:23:13.931 INFO: Epoch 46: head: Default, loss=0.01320121, RMSE_E_per_atom=   11.79 meV, RMSE_F=   72.37 meV / A
2026-10-01 14:24:11.457 INFO: Epoch 47: head: Default, loss=0.01286764, RMSE_E_per_atom=   11.94 meV, RMSE_F=   71.45 meV / A
2026-10-01 14:25:06.139 INFO: Epoch 48: head: Default, loss=0.01245213, RMSE_E_per_atom=   11.79 meV, RMSE_F=   70.29 meV / A
2026-10-01 14:25:06.141 DEBUG: Deleting old checkpoint file: ./checkpoints/mace_multitm_model_run-123_epoch-43.pt
2026-10-01 14:25:06.142 DEBUG: Saving checkpoint: ./checkpoints/mace_multitm_model_run-123_epoch-48.pt
2026-10-01 14:25:59.105 INFO: Epoch 49: head: Default, loss=0.01196106, RMSE_E_per_atom=   11.06 meV, RMSE_F=   68.90 meV / A
2026-10-01 14:25:59.107 DEBUG: Deleting old checkpoint file: ./checkpoints/mace_multitm_model_run-123_epoch-48.pt
2026-10-01 14:25:59.109 DEBUG: Saving checkpoint: ./checkpoints/mace_multitm_model_run-123_epoch-49.pt
2026-10-01 14:26:53.006 INFO: Epoch 50: head: Default, loss=0.01178876, RMSE_E_per_atom=   10.69 meV, RMSE_F=   68.41 meV / A
2026-10-01 14:26:53.008 DEBUG: Deleting old checkpoint file: ./checkpoints/mace_multitm_model_run-123_epoch-49.pt
2026-10-01 14:26:53.009 DEBUG: Saving checkpoint: ./checkpoints/mace_multitm_model_run-123_epoch-50.pt
2026-10-01 14:27:48.616 INFO: Epoch 51: head: Default, loss=0.01155692, RMSE_E_per_atom=   10.43 meV, RMSE_F=   67.74 meV / A
2026-10-01 14:27:48.618 DEBUG: Deleting old checkpoint file: ./checkpoints/mace_multitm_model_run-123_epoch-50.pt
2026-10-01 14:27:48.619 DEBUG: Saving checkpoint: ./checkpoints/mace_multitm_model_run-123_epoch-51.pt
2026-10-01 14:28:42.572 INFO: Epoch 52: head: Default, loss=0.01144965, RMSE_E_per_atom=   10.44 meV, RMSE_F=   67.41 meV / A
2026-10-01 14:28:42.573 DEBUG: Deleting old checkpoint file: ./checkpoints/mace_multitm_model_run-123_epoch-51.pt
2026-10-01 14:28:42.574 DEBUG: Saving checkpoint: ./checkpoints/mace_multitm_model_run-123_epoch-52.pt
2026-10-01 14:29:35.632 INFO: Epoch 53: head: Default, loss=0.01124814, RMSE_E_per_atom=   10.19 meV, RMSE_F=   66.82 meV / A
2026-10-01 14:29:35.639 DEBUG: Deleting old checkpoint file: ./checkpoints/mace_multitm_model_run-123_epoch-52.pt
2026-10-01 14:29:35.640 DEBUG: Saving checkpoint: ./checkpoints/mace_multitm_model_run-123_epoch-53.pt
2026-10-01 14:30:29.545 INFO: Epoch 54: head: Default, loss=0.01097626, RMSE_E_per_atom=   10.15 meV, RMSE_F=   66.00 meV / A
2026-10-01 14:30:29.547 DEBUG: Deleting old checkpoint file: ./checkpoints/mace_multitm_model_run-123_epoch-53.pt
2026-10-01 14:30:29.548 DEBUG: Saving checkpoint: ./checkpoints/mace_multitm_model_run-123_epoch-54.pt
2026-10-01 14:31:24.722 INFO: Epoch 55: head: Default, loss=0.01076194, RMSE_E_per_atom=    9.96 meV, RMSE_F=   65.35 meV / A
2026-10-01 14:31:24.724 DEBUG: Deleting old checkpoint file: ./checkpoints/mace_multitm_model_run-123_epoch-54.pt
2026-10-01 14:31:24.726 DEBUG: Saving checkpoint: ./checkpoints/mace_multitm_model_run-123_epoch-55.pt
2026-10-01 14:32:20.115 INFO: Epoch 56: head: Default, loss=0.01051127, RMSE_E_per_atom=    9.78 meV, RMSE_F=   64.59 meV / A
2026-10-01 14:32:20.117 DEBUG: Deleting old checkpoint file: ./checkpoints/mace_multitm_model_run-123_epoch-55.pt
2026-10-01 14:32:20.118 DEBUG: Saving checkpoint: ./checkpoints/mace_multitm_model_run-123_epoch-56.pt
2026-10-01 14:33:18.240 INFO: Epoch 57: head: Default, loss=0.01037689, RMSE_E_per_atom=    9.63 meV, RMSE_F=   64.16 meV / A
2026-10-01 14:33:18.241 DEBUG: Deleting old checkpoint file: ./checkpoints/mace_multitm_model_run-123_epoch-56.pt
2026-10-01 14:33:18.243 DEBUG: Saving checkpoint: ./checkpoints/mace_multitm_model_run-123_epoch-57.pt
2026-10-01 14:34:11.505 INFO: Epoch 58: head: Default, loss=0.01028135, RMSE_E_per_atom=    9.49 meV, RMSE_F=   63.88 meV / A
2026-10-01 14:34:11.507 DEBUG: Deleting old checkpoint file: ./checkpoints/mace_multitm_model_run-123_epoch-57.pt
2026-10-01 14:34:11.508 DEBUG: Saving checkpoint: ./checkpoints/mace_multitm_model_run-123_epoch-58.pt
2026-10-01 15:14:25.342 INFO: ===========VERIFYING SETTINGS===========
2026-10-01 15:14:25.342 INFO: MACE version: 0.3.16
2026-10-01 15:14:25.343 DEBUG: Configuration: Namespace(config=None, name='mace_multitm_model', seed=123, work_dir='.', log_dir='./logs', model_dir='.', checkpoints_dir='./checkpoints', results_dir='./results', downloads_dir='./downloads', device='cpu', default_dtype='float32', distributed=False, launcher='slurm', log_level='INFO', plot=True, plot_frequency=0, plot_interaction_e=False, error_table='PerAtomRMSE', model='ScaleShiftMACE', r_max=5.0, radial_type='bessel', num_radial_basis=8, num_cutoff_basis=5, pair_repulsion=False, distance_transform='None', apply_cutoff=True, use_last_readout_only=False, use_embedding_readout=False, interaction='RealAgnosticResidualInteractionBlock', interaction_first='RealAgnosticResidualInteractionBlock', max_ell=3, correlation=3, use_reduced_cg=False, use_so3=False, use_agnostic_product=False, num_interactions=2, MLP_irreps='16x0e', radial_MLP='[64, 64, 64]', hidden_irreps='64x0e + 64x1o', edge_irreps=None, use_edge_irreps_first=False, num_channels=64, max_L=1, gate='silu', kspace_cutoff_factor=1.5, atomic_multipoles_max_l=0, atomic_multipoles_smearing_width=1.0, field_feature_max_l=0, field_feature_widths='[1.0]', field_feature_norms=None, num_recursion_steps=1, field_si=False, include_electrostatic_self_interaction=False, add_local_electron_energy=False, quadrupole_feature_corrections=False, return_electrostatic_potentials=False, field_norm_factor=0.02, fixedpoint_update_config=None, field_readout_config=None, scaling='rms_forces_scaling', avg_num_neighbors=1, compute_avg_num_neighbors=True, compute_stress=False, compute_forces=True, compute_polarizability=False, compute_atomic_dipole=False, train_file='mace_train.xyz', valid_file='mace_val.xyz', valid_fraction=0.1, test_file=None, test_dir=None, multi_processed_test=False, num_workers=0, pin_memory=True, atomic_numbers='[1, 6, 7, 27, 28, 46]', mean=None, std=None, statistics_file=None, les_arguments=None, E0s='average', pseudolabel_replay=False, pseudolabel_replay_compute_stress=False, foundation_filter_elements=True, heads=None, multiheads_finetuning=True, foundation_head=None, weight_pt_head=1.0, real_pt_data_ratio_threshold=0.1, num_samples_pt=10000, force_mh_ft_lr=False, subselect_pt='random', filter_type_pt='none', allow_random_padding_pt=True, pt_train_file=None, pt_valid_file=None, foundation_model_elements=False, keep_isolated_atoms=False, lora=False, lora_rank=4, lora_alpha=1.0, energy_key='energy', forces_key='forces', virials_key='REF_virials', stress_key='REF_stress', dipole_key='dipole', polarizability_key='polarizability', head_key='head', charges_key='REF_charges', elec_temp_key='elec_temp', total_spin_key='total_spin', total_charge_key='total_charge', embedding_specs=None, skip_evaluate_heads='pt_head', loss='weighted', forces_weight=10.0, swa_forces_weight=100.0, energy_weight=1.0, swa_energy_weight=1000.0, virials_weight=1.0, swa_virials_weight=10.0, stress_weight=1.0, swa_stress_weight=10.0, dipole_weight=1.0, swa_dipole_weight=1.0, swa_polarizability_weight=1.0, polarizability_weight=1.0, config_type_weights='{"Default":1.0}', huber_delta=0.01, optimizer='adam', beta=0.9, beta1_schedulefree=0.9, beta2_schedulefree=0.98, batch_size=4, valid_batch_size=4, lr=0.01, swa_lr=0.001, weight_decay=5e-07, lr_params_factors='{"embedding_lr_factor": 1.0, "interactions_lr_factor": 1.0, "products_lr_factor": 1.0, "readouts_lr_factor": 1.0}', freeze=None, amsgrad=True, scheduler='ReduceLROnPlateau', lr_factor=0.8, scheduler_patience=50, lr_scheduler_gamma=0.9993, swa=False, start_swa=None, lbfgs=False, ema=True, ema_decay=0.99, max_num_epochs=60, patience=2048, foundation_model=None, foundation_model_kwargs='{}', foundation_model_readout=True, eval_interval=1, keep_checkpoints=False, save_all_checkpoints=False, restart_latest=False, save_cpu=False, clip_grad=10.0, dry_run=False, enable_cueq=False, only_cueq=False, enable_oeq=False, wandb=False, wandb_dir=None, wandb_project='', wandb_entity='', wandb_name='', wandb_log_hypers=['num_channels', 'max_L', 'correlation', 'lr', 'swa_lr', 'weight_decay', 'batch_size', 'max_num_epochs', 'start_swa', 'energy_weight', 'forces_weight'], key_specification=KeySpecification(info_keys={'energy': 'energy', 'stress': 'REF_stress', 'virials': 'REF_virials', 'dipole': 'dipole', 'head': 'head', 'elec_temp': 'elec_temp', 'total_charge': 'total_charge', 'polarizability': 'polarizability', 'total_spin': 'total_spin'}, arrays_keys={'forces': 'forces', 'charges': 'REF_charges'}))
2026-10-01 15:14:25.343 INFO: Using CPU
2026-10-01 15:14:25.390 DEBUG: Popen(['git', 'version'], cwd=/home/ziat1/Documents/Training/Autonomous_MultiTM_SAC_Pipeline, stdin=None, shell=False, universal_newlines=False)
2026-10-01 15:14:25.394 DEBUG: Popen(['git', 'version'], cwd=/home/ziat1/Documents/Training/Autonomous_MultiTM_SAC_Pipeline, stdin=None, shell=False, universal_newlines=False)
2026-10-01 15:14:25.397 DEBUG: sys.platform='linux', git_executable='git'
2026-10-01 15:14:25.398 DEBUG: Error accessing Git repository: /home/ziat1/Documents/Training/Autonomous_MultiTM_SAC_Pipeline
2026-10-01 15:14:25.398 INFO: ===========LOADING INPUT DATA===========
2026-10-01 15:14:25.398 INFO: Using heads: ['Default']
2026-10-01 15:14:25.398 INFO: Using the key specifications to parse data:
2026-10-01 15:14:25.398 INFO: Default: KeySpecification(info_keys={'energy': 'energy', 'stress': 'REF_stress', 'virials': 'REF_virials', 'dipole': 'dipole', 'head': 'head', 'elec_temp': 'elec_temp', 'total_charge': 'total_charge', 'polarizability': 'polarizability', 'total_spin': 'total_spin'}, arrays_keys={'forces': 'forces', 'charges': 'REF_charges'})
2026-10-01 15:14:25.398 INFO: =============    Processing head Default     ===========
2026-10-01 15:14:25.398 DEBUG: Loading training file: mace_train.xyz
2026-10-01 15:14:25.468 WARNING: Since ASE version 3.23.0b1, using energy_key 'energy' is no longer safe when communicating between MACE and ASE. We recommend using a different key, rewriting 'energy' to 'REF_energy'. You need to use --energy_key='REF_energy' to specify the chosen key name.
2026-10-01 15:14:25.480 WARNING: Since ASE version 3.23.0b1, using forces_key 'forces' is no longer safe when communicating between MACE and ASE. We recommend using a different key, rewriting 'forces' to 'REF_forces'. You need to use --forces_key='REF_forces' to specify the chosen key name.
2026-10-01 15:14:25.497 INFO: Training set 1/1 [energy: 187, stress: 0, virials: 0, dipole components: 0, head: 187, elec_temp: 0, total_charge: 0, polarizability: 0, total_spin: 0, forces: 187, charges: 0]
2026-10-01 15:14:25.497 INFO: Total Training set [energy: 187, stress: 0, virials: 0, dipole components: 0, head: 187, elec_temp: 0, total_charge: 0, polarizability: 0, total_spin: 0, forces: 187, charges: 0]
2026-10-01 15:14:25.517 WARNING: Since ASE version 3.23.0b1, using energy_key 'energy' is no longer safe when communicating between MACE and ASE. We recommend using a different key, rewriting 'energy' to 'REF_energy'. You need to use --energy_key='REF_energy' to specify the chosen key name.
2026-10-01 15:14:25.519 WARNING: Since ASE version 3.23.0b1, using forces_key 'forces' is no longer safe when communicating between MACE and ASE. We recommend using a different key, rewriting 'forces' to 'REF_forces'. You need to use --forces_key='REF_forces' to specify the chosen key name.
2026-10-01 15:14:25.523 INFO: Validation set 1/1 [energy: 33, stress: 0, virials: 0, dipole components: 0, head: 33, elec_temp: 0, total_charge: 0, polarizability: 0, total_spin: 0, forces: 33, charges: 0]
2026-10-01 15:14:25.523 INFO: Total Validation set [energy: 33, stress: 0, virials: 0, dipole components: 0, head: 33, elec_temp: 0, total_charge: 0, polarizability: 0, total_spin: 0, forces: 33, charges: 0]
2026-10-01 15:14:25.523 INFO: Total number of configurations: train=187, valid=33, tests=[],
2026-10-01 15:14:25.524 INFO: Using atomic numbers from command line argument
2026-10-01 15:14:25.524 INFO: Atomic Numbers used: [1, 6, 7, 27, 28, 46]
2026-10-01 15:14:25.524 INFO: Isolated Atomic Energies (E0s) not in training file, using command line argument
2026-10-01 15:14:25.524 INFO: Computing average Atomic Energies using least squares regression
2026-10-01 15:14:25.531 INFO: Atomic Energies used (z: eV) for head Default: {1: -7.157444524841892, 6: -8.888543690676043, 7: -8.478930937547151, 27: -0.17778066170442997, 28: 1.4145339101805425, 46: -1.5911915061949484}
2026-10-01 15:14:25.531 INFO: Processing datasets for head 'Default'
2026-10-01 15:14:25.658 DEBUG: Successfully loaded dataset from ASE files: ['mace_train.xyz']
2026-10-01 15:14:25.658 INFO: Combining 1 list datasets for head 'Default'
2026-10-01 15:14:25.677 DEBUG: Successfully loaded validation dataset from ASE files: ['mace_val.xyz']
2026-10-01 15:14:25.677 INFO: Combining 1 list datasets for head 'Default_valid'
2026-10-01 15:14:25.677 INFO: Combined validation datasets for Default
2026-10-01 15:14:25.678 INFO: Head 'Default' training dataset size: 187
2026-10-01 15:14:25.678 INFO: Computing average number of neighbors
2026-10-01 15:14:25.750 INFO: Average number of neighbors: 29.695999145507812
2026-10-01 15:14:25.750 INFO: During training the following quantities will be reported: energy, forces
2026-10-01 15:14:25.750 INFO: ===========MODEL DETAILS===========
2026-10-01 15:14:25.824 INFO: Building model
2026-10-01 15:14:25.825 INFO: Message passing with 64 channels and max_L=1 (64x0e + 64x1o)
2026-10-01 15:14:25.825 INFO: 2 layers, each with correlation order: 3 (body order: 4) and spherical harmonics up to: l=3
2026-10-01 15:14:25.825 INFO: 8 radial and 5 basis functions
2026-10-01 15:14:25.825 INFO: Radial cutoff: 5.0 A (total receptive field for each atom: 10.0 A)
2026-10-01 15:14:25.825 INFO: Distance transform for radial basis functions: None
2026-10-01 15:14:25.825 INFO: Hidden irreps: 64x0e + 64x1o
2026-10-01 15:14:26.767 INFO: ===========OPTIMIZER INFORMATION===========
2026-10-01 15:14:26.767 INFO: Using ADAM as parameter optimizer
2026-10-01 15:14:26.767 INFO: Batch size: 4
2026-10-01 15:14:26.767 INFO: Using Exponential Moving Average with decay: 0.99
2026-10-01 15:14:26.767 INFO: Number of gradient updates: 2805
2026-10-01 15:14:26.767 INFO: Learning rate: 0.01, weight decay: 5e-07
2026-10-01 15:14:26.767 INFO: WeightedEnergyForcesLoss(energy_weight=1.000, forces_weight=10.000)
2026-10-01 15:14:26.767 INFO: === Layer's learning rates ===
2026-10-01 15:14:26.768 INFO: Param group 0: lr = 0.01
2026-10-01 15:14:26.768 INFO: Param group 1: lr = 0.01
2026-10-01 15:14:26.768 INFO: Param group 2: lr = 0.01
2026-10-01 15:14:26.768 INFO: Param group 3: lr = 0.01
2026-10-01 15:14:26.768 INFO: Param group 4: lr = 0.01
2026-10-01 15:14:26.768 INFO: Using gradient clipping with tolerance=10.000
2026-10-01 15:14:26.768 INFO: 
2026-10-01 15:14:26.768 INFO: ===========TRAINING===========
2026-10-01 15:14:26.769 INFO: Started training, reporting errors on validation set
2026-10-01 15:14:26.769 INFO: Loss metrics on validation set
2026-10-01 15:14:29.981 INFO: Initial: head: Default, loss=9.81795311, RMSE_E_per_atom=  682.92 meV, RMSE_F= 1967.98 meV / A
2026-10-01 15:15:18.845 INFO: Epoch 0: head: Default, loss=0.71319073, RMSE_E_per_atom=   65.42 meV, RMSE_F=  520.55 meV / A
2026-10-01 15:15:18.847 DEBUG: Saving checkpoint: ./checkpoints/mace_multitm_model_run-123_epoch-0.pt
2026-10-01 15:16:09.344 INFO: Epoch 1: head: Default, loss=0.25057197, RMSE_E_per_atom=   47.90 meV, RMSE_F=  313.68 meV / A
2026-10-01 15:16:09.345 DEBUG: Deleting old checkpoint file: ./checkpoints/mace_multitm_model_run-123_epoch-0.pt
2026-10-01 15:16:09.347 DEBUG: Saving checkpoint: ./checkpoints/mace_multitm_model_run-123_epoch-1.pt
2026-10-01 15:17:01.117 INFO: Epoch 2: head: Default, loss=0.15433325, RMSE_E_per_atom=   41.97 meV, RMSE_F=  246.92 meV / A
2026-10-01 15:17:01.119 DEBUG: Deleting old checkpoint file: ./checkpoints/mace_multitm_model_run-123_epoch-1.pt
2026-10-01 15:17:01.120 DEBUG: Saving checkpoint: ./checkpoints/mace_multitm_model_run-123_epoch-2.pt
2026-10-01 15:17:53.505 INFO: Epoch 3: head: Default, loss=0.11503781, RMSE_E_per_atom=   39.64 meV, RMSE_F=  213.23 meV / A
2026-10-01 15:17:53.507 DEBUG: Deleting old checkpoint file: ./checkpoints/mace_multitm_model_run-123_epoch-2.pt
2026-10-01 15:17:53.508 DEBUG: Saving checkpoint: ./checkpoints/mace_multitm_model_run-123_epoch-3.pt
2026-10-01 15:18:46.395 INFO: Epoch 4: head: Default, loss=0.09278760, RMSE_E_per_atom=   37.05 meV, RMSE_F=  191.58 meV / A
2026-10-01 15:18:46.397 DEBUG: Deleting old checkpoint file: ./checkpoints/mace_multitm_model_run-123_epoch-3.pt
2026-10-01 15:18:46.398 DEBUG: Saving checkpoint: ./checkpoints/mace_multitm_model_run-123_epoch-4.pt
2026-10-01 15:19:37.514 INFO: Epoch 5: head: Default, loss=0.08057842, RMSE_E_per_atom=   39.44 meV, RMSE_F=  178.29 meV / A
2026-10-01 15:19:37.516 DEBUG: Deleting old checkpoint file: ./checkpoints/mace_multitm_model_run-123_epoch-4.pt
2026-10-01 15:19:37.516 DEBUG: Saving checkpoint: ./checkpoints/mace_multitm_model_run-123_epoch-5.pt
2026-10-01 15:20:29.921 INFO: Epoch 6: head: Default, loss=0.07017152, RMSE_E_per_atom=   40.27 meV, RMSE_F=  166.54 meV / A
2026-10-01 15:20:29.923 DEBUG: Deleting old checkpoint file: ./checkpoints/mace_multitm_model_run-123_epoch-5.pt
2026-10-01 15:20:29.924 DEBUG: Saving checkpoint: ./checkpoints/mace_multitm_model_run-123_epoch-6.pt
2026-10-01 15:21:21.997 INFO: Epoch 7: head: Default, loss=0.05958866, RMSE_E_per_atom=   35.37 meV, RMSE_F=  153.61 meV / A
2026-10-01 15:21:21.999 DEBUG: Deleting old checkpoint file: ./checkpoints/mace_multitm_model_run-123_epoch-6.pt
2026-10-01 15:21:22.000 DEBUG: Saving checkpoint: ./checkpoints/mace_multitm_model_run-123_epoch-7.pt
2026-10-01 15:22:13.062 INFO: Epoch 8: head: Default, loss=0.05364072, RMSE_E_per_atom=   31.72 meV, RMSE_F=  145.70 meV / A
2026-10-01 15:22:13.063 DEBUG: Deleting old checkpoint file: ./checkpoints/mace_multitm_model_run-123_epoch-7.pt
2026-10-01 15:22:13.064 DEBUG: Saving checkpoint: ./checkpoints/mace_multitm_model_run-123_epoch-8.pt
2026-10-01 15:23:03.210 INFO: Epoch 9: head: Default, loss=0.04792585, RMSE_E_per_atom=   28.78 meV, RMSE_F=  137.82 meV / A
2026-10-01 15:23:03.212 DEBUG: Deleting old checkpoint file: ./checkpoints/mace_multitm_model_run-123_epoch-8.pt
2026-10-01 15:23:03.213 DEBUG: Saving checkpoint: ./checkpoints/mace_multitm_model_run-123_epoch-9.pt
2026-10-01 15:23:55.544 INFO: Epoch 10: head: Default, loss=0.04506283, RMSE_E_per_atom=   26.77 meV, RMSE_F=  133.55 meV / A
2026-10-01 15:23:55.547 DEBUG: Deleting old checkpoint file: ./checkpoints/mace_multitm_model_run-123_epoch-9.pt
2026-10-01 15:23:55.548 DEBUG: Saving checkpoint: ./checkpoints/mace_multitm_model_run-123_epoch-10.pt
2026-10-01 15:24:47.027 INFO: Epoch 11: head: Default, loss=0.04175820, RMSE_E_per_atom=   25.72 meV, RMSE_F=  128.54 meV / A
2026-10-01 15:24:47.029 DEBUG: Deleting old checkpoint file: ./checkpoints/mace_multitm_model_run-123_epoch-10.pt
2026-10-01 15:24:47.030 DEBUG: Saving checkpoint: ./checkpoints/mace_multitm_model_run-123_epoch-11.pt
2026-10-01 15:25:39.047 INFO: Epoch 12: head: Default, loss=0.03914969, RMSE_E_per_atom=   24.26 meV, RMSE_F=  124.53 meV / A
2026-10-01 15:25:39.049 DEBUG: Deleting old checkpoint file: ./checkpoints/mace_multitm_model_run-123_epoch-11.pt
2026-10-01 15:25:39.050 DEBUG: Saving checkpoint: ./checkpoints/mace_multitm_model_run-123_epoch-12.pt
2026-10-01 15:26:31.632 INFO: Epoch 13: head: Default, loss=0.03677442, RMSE_E_per_atom=   22.92 meV, RMSE_F=  120.63 meV / A
2026-10-01 15:26:31.634 DEBUG: Deleting old checkpoint file: ./checkpoints/mace_multitm_model_run-123_epoch-12.pt
2026-10-01 15:26:31.636 DEBUG: Saving checkpoint: ./checkpoints/mace_multitm_model_run-123_epoch-13.pt
2026-10-01 15:27:22.445 INFO: Epoch 14: head: Default, loss=0.03427511, RMSE_E_per_atom=   22.03 meV, RMSE_F=  116.48 meV / A
2026-10-01 15:27:22.447 DEBUG: Deleting old checkpoint file: ./checkpoints/mace_multitm_model_run-123_epoch-13.pt
2026-10-01 15:27:22.448 DEBUG: Saving checkpoint: ./checkpoints/mace_multitm_model_run-123_epoch-14.pt
2026-10-01 15:28:14.797 INFO: Epoch 15: head: Default, loss=0.03268428, RMSE_E_per_atom=   21.09 meV, RMSE_F=  113.79 meV / A
2026-10-01 15:28:14.799 DEBUG: Deleting old checkpoint file: ./checkpoints/mace_multitm_model_run-123_epoch-14.pt
2026-10-01 15:28:14.800 DEBUG: Saving checkpoint: ./checkpoints/mace_multitm_model_run-123_epoch-15.pt
2026-10-01 15:29:05.709 INFO: Epoch 16: head: Default, loss=0.03164250, RMSE_E_per_atom=   20.01 meV, RMSE_F=  111.99 meV / A
2026-10-01 15:29:05.710 DEBUG: Deleting old checkpoint file: ./checkpoints/mace_multitm_model_run-123_epoch-15.pt
2026-10-01 15:29:05.711 DEBUG: Saving checkpoint: ./checkpoints/mace_multitm_model_run-123_epoch-16.pt
2026-10-01 15:29:58.201 INFO: Epoch 17: head: Default, loss=0.03026459, RMSE_E_per_atom=   18.78 meV, RMSE_F=  109.53 meV / A
2026-10-01 15:29:58.203 DEBUG: Deleting old checkpoint file: ./checkpoints/mace_multitm_model_run-123_epoch-16.pt
2026-10-01 15:29:58.204 DEBUG: Saving checkpoint: ./checkpoints/mace_multitm_model_run-123_epoch-17.pt
2026-10-01 15:30:49.939 INFO: Epoch 18: head: Default, loss=0.02940978, RMSE_E_per_atom=   18.47 meV, RMSE_F=  107.93 meV / A
2026-10-01 15:30:49.941 DEBUG: Deleting old checkpoint file: ./checkpoints/mace_multitm_model_run-123_epoch-17.pt
2026-10-01 15:30:49.942 DEBUG: Saving checkpoint: ./checkpoints/mace_multitm_model_run-123_epoch-18.pt
2026-10-01 15:31:41.048 INFO: Epoch 19: head: Default, loss=0.02800526, RMSE_E_per_atom=   18.30 meV, RMSE_F=  105.29 meV / A
2026-10-01 15:31:41.050 DEBUG: Deleting old checkpoint file: ./checkpoints/mace_multitm_model_run-123_epoch-18.pt
2026-10-01 15:31:41.051 DEBUG: Saving checkpoint: ./checkpoints/mace_multitm_model_run-123_epoch-19.pt
2026-10-01 15:32:31.755 INFO: Epoch 20: head: Default, loss=0.02679782, RMSE_E_per_atom=   17.95 meV, RMSE_F=  102.96 meV / A
2026-10-01 15:32:31.757 DEBUG: Deleting old checkpoint file: ./checkpoints/mace_multitm_model_run-123_epoch-19.pt
2026-10-01 15:32:31.758 DEBUG: Saving checkpoint: ./checkpoints/mace_multitm_model_run-123_epoch-20.pt
2026-10-01 15:33:22.832 INFO: Epoch 21: head: Default, loss=0.02564826, RMSE_E_per_atom=   17.12 meV, RMSE_F=  100.75 meV / A
2026-10-01 15:33:22.847 DEBUG: Deleting old checkpoint file: ./checkpoints/mace_multitm_model_run-123_epoch-20.pt
2026-10-01 15:33:22.848 DEBUG: Saving checkpoint: ./checkpoints/mace_multitm_model_run-123_epoch-21.pt
2026-10-01 15:34:14.516 INFO: Epoch 22: head: Default, loss=0.02443117, RMSE_E_per_atom=   16.87 meV, RMSE_F=   98.29 meV / A
2026-10-01 15:34:14.518 DEBUG: Deleting old checkpoint file: ./checkpoints/mace_multitm_model_run-123_epoch-21.pt
2026-10-01 15:34:14.519 DEBUG: Saving checkpoint: ./checkpoints/mace_multitm_model_run-123_epoch-22.pt
2026-10-01 15:35:06.259 INFO: Epoch 23: head: Default, loss=0.02349437, RMSE_E_per_atom=   16.84 meV, RMSE_F=   96.35 meV / A
2026-10-01 15:35:06.261 DEBUG: Deleting old checkpoint file: ./checkpoints/mace_multitm_model_run-123_epoch-22.pt
2026-10-01 15:35:06.262 DEBUG: Saving checkpoint: ./checkpoints/mace_multitm_model_run-123_epoch-23.pt
2026-10-01 15:35:58.785 INFO: Epoch 24: head: Default, loss=0.02261912, RMSE_E_per_atom=   16.65 meV, RMSE_F=   94.56 meV / A
2026-10-01 15:35:58.787 DEBUG: Deleting old checkpoint file: ./checkpoints/mace_multitm_model_run-123_epoch-23.pt
2026-10-01 15:35:58.788 DEBUG: Saving checkpoint: ./checkpoints/mace_multitm_model_run-123_epoch-24.pt
2026-10-01 15:36:50.880 INFO: Epoch 25: head: Default, loss=0.02164402, RMSE_E_per_atom=   16.28 meV, RMSE_F=   92.48 meV / A
2026-10-01 15:36:50.882 DEBUG: Deleting old checkpoint file: ./checkpoints/mace_multitm_model_run-123_epoch-24.pt
2026-10-01 15:36:50.883 DEBUG: Saving checkpoint: ./checkpoints/mace_multitm_model_run-123_epoch-25.pt
2026-10-01 15:37:42.873 INFO: Epoch 26: head: Default, loss=0.02109360, RMSE_E_per_atom=   15.54 meV, RMSE_F=   91.35 meV / A
2026-10-01 15:37:42.875 DEBUG: Deleting old checkpoint file: ./checkpoints/mace_multitm_model_run-123_epoch-25.pt
2026-10-01 15:37:42.876 DEBUG: Saving checkpoint: ./checkpoints/mace_multitm_model_run-123_epoch-26.pt
2026-10-01 15:38:33.210 INFO: Epoch 27: head: Default, loss=0.01981224, RMSE_E_per_atom=   14.78 meV, RMSE_F=   88.53 meV / A
2026-10-01 15:38:33.212 DEBUG: Deleting old checkpoint file: ./checkpoints/mace_multitm_model_run-123_epoch-26.pt
2026-10-01 15:38:33.214 DEBUG: Saving checkpoint: ./checkpoints/mace_multitm_model_run-123_epoch-27.pt
2026-10-01 15:39:24.590 INFO: Epoch 28: head: Default, loss=0.01924108, RMSE_E_per_atom=   14.29 meV, RMSE_F=   87.26 meV / A
2026-10-01 15:39:24.591 DEBUG: Deleting old checkpoint file: ./checkpoints/mace_multitm_model_run-123_epoch-27.pt
2026-10-01 15:39:24.592 DEBUG: Saving checkpoint: ./checkpoints/mace_multitm_model_run-123_epoch-28.pt
2026-10-01 15:40:16.096 INFO: Epoch 29: head: Default, loss=0.01876059, RMSE_E_per_atom=   14.13 meV, RMSE_F=   86.18 meV / A
2026-10-01 15:40:16.099 DEBUG: Deleting old checkpoint file: ./checkpoints/mace_multitm_model_run-123_epoch-28.pt
2026-10-01 15:40:16.100 DEBUG: Saving checkpoint: ./checkpoints/mace_multitm_model_run-123_epoch-29.pt
2026-10-01 15:41:07.154 INFO: Epoch 30: head: Default, loss=0.01804043, RMSE_E_per_atom=   13.77 meV, RMSE_F=   84.53 meV / A
2026-10-01 15:41:07.156 DEBUG: Deleting old checkpoint file: ./checkpoints/mace_multitm_model_run-123_epoch-29.pt
2026-10-01 15:41:07.157 DEBUG: Saving checkpoint: ./checkpoints/mace_multitm_model_run-123_epoch-30.pt
2026-10-01 15:41:59.227 INFO: Epoch 31: head: Default, loss=0.01715931, RMSE_E_per_atom=   13.33 meV, RMSE_F=   82.46 meV / A
2026-10-01 15:41:59.229 DEBUG: Deleting old checkpoint file: ./checkpoints/mace_multitm_model_run-123_epoch-30.pt
2026-10-01 15:41:59.230 DEBUG: Saving checkpoint: ./checkpoints/mace_multitm_model_run-123_epoch-31.pt
2026-10-01 15:42:51.661 INFO: Epoch 32: head: Default, loss=0.01667425, RMSE_E_per_atom=   13.26 meV, RMSE_F=   81.29 meV / A
2026-10-01 15:42:51.663 DEBUG: Deleting old checkpoint file: ./checkpoints/mace_multitm_model_run-123_epoch-31.pt
2026-10-01 15:42:51.664 DEBUG: Saving checkpoint: ./checkpoints/mace_multitm_model_run-123_epoch-32.pt
2026-10-01 15:43:44.177 INFO: Epoch 33: head: Default, loss=0.01617707, RMSE_E_per_atom=   13.58 meV, RMSE_F=   80.07 meV / A
2026-10-01 15:43:44.180 DEBUG: Deleting old checkpoint file: ./checkpoints/mace_multitm_model_run-123_epoch-32.pt
2026-10-01 15:43:44.181 DEBUG: Saving checkpoint: ./checkpoints/mace_multitm_model_run-123_epoch-33.pt
2026-10-01 15:44:35.781 INFO: Epoch 34: head: Default, loss=0.01568613, RMSE_E_per_atom=   13.02 meV, RMSE_F=   78.86 meV / A
2026-10-01 15:44:35.782 DEBUG: Deleting old checkpoint file: ./checkpoints/mace_multitm_model_run-123_epoch-33.pt
2026-10-01 15:44:35.783 DEBUG: Saving checkpoint: ./checkpoints/mace_multitm_model_run-123_epoch-34.pt
2026-10-01 15:45:26.841 INFO: Epoch 35: head: Default, loss=0.01524906, RMSE_E_per_atom=   12.78 meV, RMSE_F=   77.75 meV / A
2026-10-01 15:45:26.843 DEBUG: Deleting old checkpoint file: ./checkpoints/mace_multitm_model_run-123_epoch-34.pt
2026-10-01 15:45:26.844 DEBUG: Saving checkpoint: ./checkpoints/mace_multitm_model_run-123_epoch-35.pt
2026-10-01 15:46:17.614 INFO: Epoch 36: head: Default, loss=0.01476905, RMSE_E_per_atom=   12.62 meV, RMSE_F=   76.55 meV / A
2026-10-01 15:46:17.616 DEBUG: Deleting old checkpoint file: ./checkpoints/mace_multitm_model_run-123_epoch-35.pt
2026-10-01 15:46:17.617 DEBUG: Saving checkpoint: ./checkpoints/mace_multitm_model_run-123_epoch-36.pt
2026-10-01 15:47:08.848 INFO: Epoch 37: head: Default, loss=0.01448141, RMSE_E_per_atom=   12.19 meV, RMSE_F=   75.79 meV / A
2026-10-01 15:47:08.856 DEBUG: Deleting old checkpoint file: ./checkpoints/mace_multitm_model_run-123_epoch-36.pt
2026-10-01 15:47:08.857 DEBUG: Saving checkpoint: ./checkpoints/mace_multitm_model_run-123_epoch-37.pt
2026-10-01 15:48:01.052 INFO: Epoch 38: head: Default, loss=0.01425227, RMSE_E_per_atom=   11.78 meV, RMSE_F=   75.19 meV / A
2026-10-01 15:48:01.053 DEBUG: Deleting old checkpoint file: ./checkpoints/mace_multitm_model_run-123_epoch-37.pt
2026-10-01 15:48:01.054 DEBUG: Saving checkpoint: ./checkpoints/mace_multitm_model_run-123_epoch-38.pt
2026-10-01 15:48:53.505 INFO: Epoch 39: head: Default, loss=0.01392038, RMSE_E_per_atom=   11.70 meV, RMSE_F=   74.31 meV / A
2026-10-01 15:48:53.507 DEBUG: Deleting old checkpoint file: ./checkpoints/mace_multitm_model_run-123_epoch-38.pt
2026-10-01 15:48:53.508 DEBUG: Saving checkpoint: ./checkpoints/mace_multitm_model_run-123_epoch-39.pt
2026-10-01 15:49:45.920 INFO: Epoch 40: head: Default, loss=0.01348819, RMSE_E_per_atom=   11.42 meV, RMSE_F=   73.13 meV / A
2026-10-01 15:49:45.922 DEBUG: Deleting old checkpoint file: ./checkpoints/mace_multitm_model_run-123_epoch-39.pt
2026-10-01 15:49:45.923 DEBUG: Saving checkpoint: ./checkpoints/mace_multitm_model_run-123_epoch-40.pt
2026-10-01 15:50:37.674 INFO: Epoch 41: head: Default, loss=0.01319900, RMSE_E_per_atom=   11.25 meV, RMSE_F=   72.32 meV / A
2026-10-01 15:50:37.676 DEBUG: Deleting old checkpoint file: ./checkpoints/mace_multitm_model_run-123_epoch-40.pt
2026-10-01 15:50:37.677 DEBUG: Saving checkpoint: ./checkpoints/mace_multitm_model_run-123_epoch-41.pt
2026-10-01 15:51:29.170 INFO: Epoch 42: head: Default, loss=0.01323225, RMSE_E_per_atom=   11.07 meV, RMSE_F=   72.46 meV / A
2026-10-01 15:52:20.254 INFO: Epoch 43: head: Default, loss=0.01286365, RMSE_E_per_atom=   11.06 meV, RMSE_F=   71.45 meV / A
2026-10-01 15:52:20.256 DEBUG: Deleting old checkpoint file: ./checkpoints/mace_multitm_model_run-123_epoch-41.pt
2026-10-01 15:52:20.257 DEBUG: Saving checkpoint: ./checkpoints/mace_multitm_model_run-123_epoch-43.pt
2026-10-01 15:53:11.624 INFO: Epoch 44: head: Default, loss=0.01289358, RMSE_E_per_atom=   11.64 meV, RMSE_F=   71.51 meV / A
2026-10-01 15:54:03.091 INFO: Epoch 45: head: Default, loss=0.01286570, RMSE_E_per_atom=   12.24 meV, RMSE_F=   71.43 meV / A
2026-10-01 15:54:54.206 INFO: Epoch 46: head: Default, loss=0.01320121, RMSE_E_per_atom=   11.79 meV, RMSE_F=   72.37 meV / A
2026-10-01 15:55:43.988 INFO: Epoch 47: head: Default, loss=0.01286764, RMSE_E_per_atom=   11.94 meV, RMSE_F=   71.45 meV / A
2026-10-01 15:56:34.952 INFO: Epoch 48: head: Default, loss=0.01245213, RMSE_E_per_atom=   11.79 meV, RMSE_F=   70.29 meV / A
2026-10-01 15:56:34.954 DEBUG: Deleting old checkpoint file: ./checkpoints/mace_multitm_model_run-123_epoch-43.pt
2026-10-01 15:56:34.955 DEBUG: Saving checkpoint: ./checkpoints/mace_multitm_model_run-123_epoch-48.pt
2026-10-01 15:57:25.644 INFO: Epoch 49: head: Default, loss=0.01196106, RMSE_E_per_atom=   11.06 meV, RMSE_F=   68.90 meV / A
2026-10-01 15:57:25.646 DEBUG: Deleting old checkpoint file: ./checkpoints/mace_multitm_model_run-123_epoch-48.pt
2026-10-01 15:57:25.647 DEBUG: Saving checkpoint: ./checkpoints/mace_multitm_model_run-123_epoch-49.pt
2026-10-01 15:58:16.285 INFO: Epoch 50: head: Default, loss=0.01178876, RMSE_E_per_atom=   10.69 meV, RMSE_F=   68.41 meV / A
2026-10-01 15:58:16.287 DEBUG: Deleting old checkpoint file: ./checkpoints/mace_multitm_model_run-123_epoch-49.pt
2026-10-01 15:58:16.288 DEBUG: Saving checkpoint: ./checkpoints/mace_multitm_model_run-123_epoch-50.pt
2026-10-01 15:59:06.865 INFO: Epoch 51: head: Default, loss=0.01155692, RMSE_E_per_atom=   10.43 meV, RMSE_F=   67.74 meV / A
2026-10-01 15:59:06.867 DEBUG: Deleting old checkpoint file: ./checkpoints/mace_multitm_model_run-123_epoch-50.pt
2026-10-01 15:59:06.868 DEBUG: Saving checkpoint: ./checkpoints/mace_multitm_model_run-123_epoch-51.pt
2026-10-01 15:59:58.313 INFO: Epoch 52: head: Default, loss=0.01144965, RMSE_E_per_atom=   10.44 meV, RMSE_F=   67.41 meV / A
2026-10-01 15:59:58.314 DEBUG: Deleting old checkpoint file: ./checkpoints/mace_multitm_model_run-123_epoch-51.pt
2026-10-01 15:59:58.315 DEBUG: Saving checkpoint: ./checkpoints/mace_multitm_model_run-123_epoch-52.pt
2026-10-01 16:00:49.514 INFO: Epoch 53: head: Default, loss=0.01124814, RMSE_E_per_atom=   10.19 meV, RMSE_F=   66.82 meV / A
2026-10-01 16:00:49.516 DEBUG: Deleting old checkpoint file: ./checkpoints/mace_multitm_model_run-123_epoch-52.pt
2026-10-01 16:00:49.517 DEBUG: Saving checkpoint: ./checkpoints/mace_multitm_model_run-123_epoch-53.pt
2026-10-01 16:01:40.055 INFO: Epoch 54: head: Default, loss=0.01097626, RMSE_E_per_atom=   10.15 meV, RMSE_F=   66.00 meV / A
2026-10-01 16:01:40.056 DEBUG: Deleting old checkpoint file: ./checkpoints/mace_multitm_model_run-123_epoch-53.pt
2026-10-01 16:01:40.057 DEBUG: Saving checkpoint: ./checkpoints/mace_multitm_model_run-123_epoch-54.pt
2026-10-01 16:02:30.259 INFO: Epoch 55: head: Default, loss=0.01076194, RMSE_E_per_atom=    9.96 meV, RMSE_F=   65.35 meV / A
2026-10-01 16:02:30.261 DEBUG: Deleting old checkpoint file: ./checkpoints/mace_multitm_model_run-123_epoch-54.pt
2026-10-01 16:02:30.262 DEBUG: Saving checkpoint: ./checkpoints/mace_multitm_model_run-123_epoch-55.pt
2026-10-01 16:03:20.487 INFO: Epoch 56: head: Default, loss=0.01051127, RMSE_E_per_atom=    9.78 meV, RMSE_F=   64.59 meV / A
2026-10-01 16:03:20.489 DEBUG: Deleting old checkpoint file: ./checkpoints/mace_multitm_model_run-123_epoch-55.pt
2026-10-01 16:03:20.490 DEBUG: Saving checkpoint: ./checkpoints/mace_multitm_model_run-123_epoch-56.pt
2026-10-01 16:04:11.901 INFO: Epoch 57: head: Default, loss=0.01037689, RMSE_E_per_atom=    9.63 meV, RMSE_F=   64.16 meV / A
2026-10-01 16:04:11.910 DEBUG: Deleting old checkpoint file: ./checkpoints/mace_multitm_model_run-123_epoch-56.pt
2026-10-01 16:04:11.911 DEBUG: Saving checkpoint: ./checkpoints/mace_multitm_model_run-123_epoch-57.pt
2026-10-01 16:05:02.801 INFO: Epoch 58: head: Default, loss=0.01028135, RMSE_E_per_atom=    9.49 meV, RMSE_F=   63.88 meV / A
2026-10-01 16:05:02.803 DEBUG: Deleting old checkpoint file: ./checkpoints/mace_multitm_model_run-123_epoch-57.pt
2026-10-01 16:05:02.804 DEBUG: Saving checkpoint: ./checkpoints/mace_multitm_model_run-123_epoch-58.pt
2026-10-01 16:05:56.083 INFO: Epoch 59: head: Default, loss=0.01030187, RMSE_E_per_atom=    9.45 meV, RMSE_F=   63.95 meV / A
2026-10-01 16:05:56.084 INFO: Training complete
2026-10-01 16:05:56.084 INFO: 
2026-10-01 16:05:56.084 INFO: ===========RESULTS===========
2026-10-01 16:05:56.084 INFO: Loading checkpoint: ./checkpoints/mace_multitm_model_run-123_epoch-59.pt
2026-10-01 16:05:56.105 INFO: Loaded Stage one model from epoch 59 for evaluation
2026-10-01 16:05:56.105 INFO: Saving model to checkpoints/mace_multitm_model_run-123.model
2026-10-01 16:05:56.251 INFO: Compiling model, saving metadata to mace_multitm_model_compiled.model
2026-10-01 16:05:56.862 INFO: Computing metrics for training, validation, and test sets
2026-10-01 16:05:56.863 INFO: Skipping evaluation for heads: ['pt_head']
2026-10-01 16:05:56.863 INFO: Evaluating train_Default ...
2026-10-01 16:06:10.906 INFO: Evaluating valid_Default ...
2026-10-01 16:06:13.430 INFO: Error-table on TRAIN and VALID:
+---------------+---------------------+------------------+-------------------+
|  config_type  | RMSE E / meV / atom | RMSE F / meV / A | relative F RMSE % |
+---------------+---------------------+------------------+-------------------+
| train_Default |           15.0      |         64.1     |          3.26     |
| valid_Default |           11.1      |         74.9     |          3.83     |
+---------------+---------------------+------------------+-------------------+
2026-10-01 16:06:13.431 DEBUG: Running inference on train_Default dataset
2026-10-01 16:06:27.121 DEBUG: Running inference on valid_Default dataset
2026-10-01 16:06:29.808 DEBUG: STREAM b'IHDR' 16 13
2026-10-01 16:06:29.808 DEBUG: STREAM b'sBIT' 41 4
2026-10-01 16:06:29.808 DEBUG: b'sBIT' 41 4 (unknown)
2026-10-01 16:06:29.808 DEBUG: STREAM b'pHYs' 57 9
2026-10-01 16:06:29.808 DEBUG: STREAM b'IDAT' 78 1189
2026-10-01 16:06:29.810 DEBUG: STREAM b'IHDR' 16 13
2026-10-01 16:06:29.810 DEBUG: STREAM b'sBIT' 41 4
2026-10-01 16:06:29.810 DEBUG: b'sBIT' 41 4 (unknown)
2026-10-01 16:06:29.810 DEBUG: STREAM b'pHYs' 57 9
2026-10-01 16:06:29.810 DEBUG: STREAM b'IDAT' 78 2994
2026-10-01 16:06:29.822 DEBUG: STREAM b'IHDR' 16 13
2026-10-01 16:06:29.822 DEBUG: STREAM b'sBIT' 41 4
2026-10-01 16:06:29.822 DEBUG: b'sBIT' 41 4 (unknown)
2026-10-01 16:06:29.822 DEBUG: STREAM b'pHYs' 57 9
2026-10-01 16:06:29.822 DEBUG: STREAM b'IDAT' 78 374
2026-10-01 16:06:29.823 DEBUG: STREAM b'IHDR' 16 13
2026-10-01 16:06:29.823 DEBUG: STREAM b'sBIT' 41 4
2026-10-01 16:06:29.823 DEBUG: b'sBIT' 41 4 (unknown)
2026-10-01 16:06:29.824 DEBUG: STREAM b'pHYs' 57 9
2026-10-01 16:06:29.824 DEBUG: STREAM b'IDAT' 78 286
2026-10-01 16:06:29.825 DEBUG: STREAM b'IHDR' 16 13
2026-10-01 16:06:29.825 DEBUG: STREAM b'sBIT' 41 4
2026-10-01 16:06:29.825 DEBUG: b'sBIT' 41 4 (unknown)
2026-10-01 16:06:29.825 DEBUG: STREAM b'pHYs' 57 9
2026-10-01 16:06:29.825 DEBUG: STREAM b'IDAT' 78 263
2026-10-01 16:06:29.826 DEBUG: STREAM b'IHDR' 16 13
2026-10-01 16:06:29.826 DEBUG: STREAM b'sBIT' 41 4
2026-10-01 16:06:29.826 DEBUG: b'sBIT' 41 4 (unknown)
2026-10-01 16:06:29.826 DEBUG: STREAM b'pHYs' 57 9
2026-10-01 16:06:29.826 DEBUG: STREAM b'IDAT' 78 387
2026-10-01 16:06:29.827 DEBUG: STREAM b'IHDR' 16 13
2026-10-01 16:06:29.827 DEBUG: STREAM b'sBIT' 41 4
2026-10-01 16:06:29.827 DEBUG: b'sBIT' 41 4 (unknown)
2026-10-01 16:06:29.827 DEBUG: STREAM b'pHYs' 57 9
2026-10-01 16:06:29.827 DEBUG: STREAM b'IDAT' 78 436
2026-10-01 16:06:29.828 DEBUG: STREAM b'IHDR' 16 13
2026-10-01 16:06:29.828 DEBUG: STREAM b'sBIT' 41 4
2026-10-01 16:06:29.828 DEBUG: b'sBIT' 41 4 (unknown)
2026-10-01 16:06:29.828 DEBUG: STREAM b'pHYs' 57 9
2026-10-01 16:06:29.828 DEBUG: STREAM b'IDAT' 78 351
2026-10-01 16:06:29.829 DEBUG: STREAM b'IHDR' 16 13
2026-10-01 16:06:29.829 DEBUG: STREAM b'sBIT' 41 4
2026-10-01 16:06:29.829 DEBUG: b'sBIT' 41 4 (unknown)
2026-10-01 16:06:29.829 DEBUG: STREAM b'pHYs' 57 9
2026-10-01 16:06:29.829 DEBUG: STREAM b'IDAT' 78 364
2026-10-01 16:06:31.129 INFO: Done
2026-10-01 16:28:59.663 INFO: ===========VERIFYING SETTINGS===========
2026-10-01 16:28:59.663 INFO: MACE version: 0.3.16
2026-10-01 16:28:59.663 DEBUG: Configuration: Namespace(config=None, name='mace_multitm_model', seed=123, work_dir='.', log_dir='./logs', model_dir='.', checkpoints_dir='./checkpoints', results_dir='./results', downloads_dir='./downloads', device='cpu', default_dtype='float32', distributed=False, launcher='slurm', log_level='INFO', plot=True, plot_frequency=0, plot_interaction_e=False, error_table='PerAtomRMSE', model='ScaleShiftMACE', r_max=5.0, radial_type='bessel', num_radial_basis=8, num_cutoff_basis=5, pair_repulsion=False, distance_transform='None', apply_cutoff=True, use_last_readout_only=False, use_embedding_readout=False, interaction='RealAgnosticResidualInteractionBlock', interaction_first='RealAgnosticResidualInteractionBlock', max_ell=3, correlation=3, use_reduced_cg=False, use_so3=False, use_agnostic_product=False, num_interactions=2, MLP_irreps='16x0e', radial_MLP='[64, 64, 64]', hidden_irreps='64x0e + 64x1o', edge_irreps=None, use_edge_irreps_first=False, num_channels=64, max_L=1, gate='silu', kspace_cutoff_factor=1.5, atomic_multipoles_max_l=0, atomic_multipoles_smearing_width=1.0, field_feature_max_l=0, field_feature_widths='[1.0]', field_feature_norms=None, num_recursion_steps=1, field_si=False, include_electrostatic_self_interaction=False, add_local_electron_energy=False, quadrupole_feature_corrections=False, return_electrostatic_potentials=False, field_norm_factor=0.02, fixedpoint_update_config=None, field_readout_config=None, scaling='rms_forces_scaling', avg_num_neighbors=1, compute_avg_num_neighbors=True, compute_stress=False, compute_forces=True, compute_polarizability=False, compute_atomic_dipole=False, train_file='mace_train.xyz', valid_file='mace_val.xyz', valid_fraction=0.1, test_file=None, test_dir=None, multi_processed_test=False, num_workers=0, pin_memory=True, atomic_numbers='[1, 6, 7, 27, 28, 46]', mean=None, std=None, statistics_file=None, les_arguments=None, E0s='average', pseudolabel_replay=False, pseudolabel_replay_compute_stress=False, foundation_filter_elements=True, heads=None, multiheads_finetuning=True, foundation_head=None, weight_pt_head=1.0, real_pt_data_ratio_threshold=0.1, num_samples_pt=10000, force_mh_ft_lr=False, subselect_pt='random', filter_type_pt='none', allow_random_padding_pt=True, pt_train_file=None, pt_valid_file=None, foundation_model_elements=False, keep_isolated_atoms=False, lora=False, lora_rank=4, lora_alpha=1.0, energy_key='energy', forces_key='forces', virials_key='REF_virials', stress_key='REF_stress', dipole_key='dipole', polarizability_key='polarizability', head_key='head', charges_key='REF_charges', elec_temp_key='elec_temp', total_spin_key='total_spin', total_charge_key='total_charge', embedding_specs=None, skip_evaluate_heads='pt_head', loss='weighted', forces_weight=10.0, swa_forces_weight=100.0, energy_weight=1.0, swa_energy_weight=1000.0, virials_weight=1.0, swa_virials_weight=10.0, stress_weight=1.0, swa_stress_weight=10.0, dipole_weight=1.0, swa_dipole_weight=1.0, swa_polarizability_weight=1.0, polarizability_weight=1.0, config_type_weights='{"Default":1.0}', huber_delta=0.01, optimizer='adam', beta=0.9, beta1_schedulefree=0.9, beta2_schedulefree=0.98, batch_size=4, valid_batch_size=4, lr=0.01, swa_lr=0.001, weight_decay=5e-07, lr_params_factors='{"embedding_lr_factor": 1.0, "interactions_lr_factor": 1.0, "products_lr_factor": 1.0, "readouts_lr_factor": 1.0}', freeze=None, amsgrad=True, scheduler='ReduceLROnPlateau', lr_factor=0.8, scheduler_patience=50, lr_scheduler_gamma=0.9993, swa=False, start_swa=None, lbfgs=False, ema=True, ema_decay=0.99, max_num_epochs=60, patience=2048, foundation_model=None, foundation_model_kwargs='{}', foundation_model_readout=True, eval_interval=1, keep_checkpoints=False, save_all_checkpoints=False, restart_latest=False, save_cpu=False, clip_grad=10.0, dry_run=False, enable_cueq=False, only_cueq=False, enable_oeq=False, wandb=False, wandb_dir=None, wandb_project='', wandb_entity='', wandb_name='', wandb_log_hypers=['num_channels', 'max_L', 'correlation', 'lr', 'swa_lr', 'weight_decay', 'batch_size', 'max_num_epochs', 'start_swa', 'energy_weight', 'forces_weight'], key_specification=KeySpecification(info_keys={'energy': 'energy', 'stress': 'REF_stress', 'virials': 'REF_virials', 'dipole': 'dipole', 'head': 'head', 'elec_temp': 'elec_temp', 'total_charge': 'total_charge', 'polarizability': 'polarizability', 'total_spin': 'total_spin'}, arrays_keys={'forces': 'forces', 'charges': 'REF_charges'}))
2026-10-01 16:28:59.663 INFO: Using CPU
2026-10-01 16:28:59.697 DEBUG: Popen(['git', 'version'], cwd=/home/ziat1/Documents/Training/Autonomous_MultiTM_SAC_Pipeline, stdin=None, shell=False, universal_newlines=False)
2026-10-01 16:28:59.702 DEBUG: Popen(['git', 'version'], cwd=/home/ziat1/Documents/Training/Autonomous_MultiTM_SAC_Pipeline, stdin=None, shell=False, universal_newlines=False)
2026-10-01 16:28:59.706 DEBUG: sys.platform='linux', git_executable='git'
2026-10-01 16:28:59.706 DEBUG: Error accessing Git repository: /home/ziat1/Documents/Training/Autonomous_MultiTM_SAC_Pipeline
2026-10-01 16:28:59.706 INFO: ===========LOADING INPUT DATA===========
2026-10-01 16:28:59.706 INFO: Using heads: ['Default']
2026-10-01 16:28:59.706 INFO: Using the key specifications to parse data:
2026-10-01 16:28:59.707 INFO: Default: KeySpecification(info_keys={'energy': 'energy', 'stress': 'REF_stress', 'virials': 'REF_virials', 'dipole': 'dipole', 'head': 'head', 'elec_temp': 'elec_temp', 'total_charge': 'total_charge', 'polarizability': 'polarizability', 'total_spin': 'total_spin'}, arrays_keys={'forces': 'forces', 'charges': 'REF_charges'})
2026-10-01 16:28:59.707 INFO: =============    Processing head Default     ===========
2026-10-01 16:28:59.707 DEBUG: Loading training file: mace_train.xyz
2026-10-01 16:28:59.777 WARNING: Since ASE version 3.23.0b1, using energy_key 'energy' is no longer safe when communicating between MACE and ASE. We recommend using a different key, rewriting 'energy' to 'REF_energy'. You need to use --energy_key='REF_energy' to specify the chosen key name.
2026-10-01 16:28:59.788 WARNING: Since ASE version 3.23.0b1, using forces_key 'forces' is no longer safe when communicating between MACE and ASE. We recommend using a different key, rewriting 'forces' to 'REF_forces'. You need to use --forces_key='REF_forces' to specify the chosen key name.
2026-10-01 16:28:59.804 INFO: Training set 1/1 [energy: 187, stress: 0, virials: 0, dipole components: 0, head: 187, elec_temp: 0, total_charge: 0, polarizability: 0, total_spin: 0, forces: 187, charges: 0]
2026-10-01 16:28:59.804 INFO: Total Training set [energy: 187, stress: 0, virials: 0, dipole components: 0, head: 187, elec_temp: 0, total_charge: 0, polarizability: 0, total_spin: 0, forces: 187, charges: 0]
2026-10-01 16:28:59.824 WARNING: Since ASE version 3.23.0b1, using energy_key 'energy' is no longer safe when communicating between MACE and ASE. We recommend using a different key, rewriting 'energy' to 'REF_energy'. You need to use --energy_key='REF_energy' to specify the chosen key name.
2026-10-01 16:28:59.826 WARNING: Since ASE version 3.23.0b1, using forces_key 'forces' is no longer safe when communicating between MACE and ASE. We recommend using a different key, rewriting 'forces' to 'REF_forces'. You need to use --forces_key='REF_forces' to specify the chosen key name.
2026-10-01 16:28:59.830 INFO: Validation set 1/1 [energy: 33, stress: 0, virials: 0, dipole components: 0, head: 33, elec_temp: 0, total_charge: 0, polarizability: 0, total_spin: 0, forces: 33, charges: 0]
2026-10-01 16:28:59.830 INFO: Total Validation set [energy: 33, stress: 0, virials: 0, dipole components: 0, head: 33, elec_temp: 0, total_charge: 0, polarizability: 0, total_spin: 0, forces: 33, charges: 0]
2026-10-01 16:28:59.830 INFO: Total number of configurations: train=187, valid=33, tests=[],
2026-10-01 16:28:59.830 INFO: Using atomic numbers from command line argument
2026-10-01 16:28:59.830 INFO: Atomic Numbers used: [1, 6, 7, 27, 28, 46]
2026-10-01 16:28:59.830 INFO: Isolated Atomic Energies (E0s) not in training file, using command line argument
2026-10-01 16:28:59.830 INFO: Computing average Atomic Energies using least squares regression
2026-10-01 16:28:59.832 INFO: Atomic Energies used (z: eV) for head Default: {1: -7.157444524841892, 6: -8.888543690676043, 7: -8.478930937547151, 27: -0.17778066170442997, 28: 1.4145339101805425, 46: -1.5911915061949484}
2026-10-01 16:28:59.832 INFO: Processing datasets for head 'Default'
2026-10-01 16:28:59.938 DEBUG: Successfully loaded dataset from ASE files: ['mace_train.xyz']
2026-10-01 16:28:59.938 INFO: Combining 1 list datasets for head 'Default'
2026-10-01 16:28:59.959 DEBUG: Successfully loaded validation dataset from ASE files: ['mace_val.xyz']
2026-10-01 16:28:59.959 INFO: Combining 1 list datasets for head 'Default_valid'
2026-10-01 16:28:59.959 INFO: Combined validation datasets for Default
2026-10-01 16:28:59.959 INFO: Head 'Default' training dataset size: 187
2026-10-01 16:28:59.960 INFO: Computing average number of neighbors
2026-10-01 16:29:00.030 INFO: Average number of neighbors: 29.695999145507812
2026-10-01 16:29:00.030 INFO: During training the following quantities will be reported: energy, forces
2026-10-01 16:29:00.030 INFO: ===========MODEL DETAILS===========
2026-10-01 16:29:00.097 INFO: Building model
2026-10-01 16:29:00.097 INFO: Message passing with 64 channels and max_L=1 (64x0e + 64x1o)
2026-10-01 16:29:00.097 INFO: 2 layers, each with correlation order: 3 (body order: 4) and spherical harmonics up to: l=3
2026-10-01 16:29:00.097 INFO: 8 radial and 5 basis functions
2026-10-01 16:29:00.097 INFO: Radial cutoff: 5.0 A (total receptive field for each atom: 10.0 A)
2026-10-01 16:29:00.097 INFO: Distance transform for radial basis functions: None
2026-10-01 16:29:00.097 INFO: Hidden irreps: 64x0e + 64x1o
2026-10-01 16:29:01.065 INFO: ===========OPTIMIZER INFORMATION===========
2026-10-01 16:29:01.065 INFO: Using ADAM as parameter optimizer
2026-10-01 16:29:01.065 INFO: Batch size: 4
2026-10-01 16:29:01.065 INFO: Using Exponential Moving Average with decay: 0.99
2026-10-01 16:29:01.065 INFO: Number of gradient updates: 2805
2026-10-01 16:29:01.065 INFO: Learning rate: 0.01, weight decay: 5e-07
2026-10-01 16:29:01.065 INFO: WeightedEnergyForcesLoss(energy_weight=1.000, forces_weight=10.000)
2026-10-01 16:29:01.065 INFO: === Layer's learning rates ===
2026-10-01 16:29:01.066 INFO: Param group 0: lr = 0.01
2026-10-01 16:29:01.066 INFO: Param group 1: lr = 0.01
2026-10-01 16:29:01.066 INFO: Param group 2: lr = 0.01
2026-10-01 16:29:01.066 INFO: Param group 3: lr = 0.01
2026-10-01 16:29:01.066 INFO: Param group 4: lr = 0.01
2026-10-01 16:29:01.066 INFO: Using gradient clipping with tolerance=10.000
2026-10-01 16:29:01.066 INFO: 
2026-10-01 16:29:01.066 INFO: ===========TRAINING===========
2026-10-01 16:29:01.066 INFO: Started training, reporting errors on validation set
2026-10-01 16:29:01.066 INFO: Loss metrics on validation set
2026-10-01 16:29:04.151 INFO: Initial: head: Default, loss=9.81795311, RMSE_E_per_atom=  682.92 meV, RMSE_F= 1967.98 meV / A
2026-10-01 16:29:53.863 INFO: Epoch 0: head: Default, loss=0.71319073, RMSE_E_per_atom=   65.42 meV, RMSE_F=  520.55 meV / A
2026-10-01 16:29:53.864 DEBUG: Saving checkpoint: ./checkpoints/mace_multitm_model_run-123_epoch-0.pt
2026-10-01 16:30:42.618 INFO: Epoch 1: head: Default, loss=0.25057197, RMSE_E_per_atom=   47.90 meV, RMSE_F=  313.68 meV / A
2026-10-01 16:30:42.620 DEBUG: Deleting old checkpoint file: ./checkpoints/mace_multitm_model_run-123_epoch-0.pt
2026-10-01 16:30:42.621 DEBUG: Saving checkpoint: ./checkpoints/mace_multitm_model_run-123_epoch-1.pt
2026-10-01 16:31:31.893 INFO: Epoch 2: head: Default, loss=0.15433325, RMSE_E_per_atom=   41.97 meV, RMSE_F=  246.92 meV / A
2026-10-01 16:31:31.895 DEBUG: Deleting old checkpoint file: ./checkpoints/mace_multitm_model_run-123_epoch-1.pt
2026-10-01 16:31:31.896 DEBUG: Saving checkpoint: ./checkpoints/mace_multitm_model_run-123_epoch-2.pt
2026-10-01 16:32:20.959 INFO: Epoch 3: head: Default, loss=0.11503781, RMSE_E_per_atom=   39.64 meV, RMSE_F=  213.23 meV / A
2026-10-01 16:32:20.961 DEBUG: Deleting old checkpoint file: ./checkpoints/mace_multitm_model_run-123_epoch-2.pt
2026-10-01 16:32:20.962 DEBUG: Saving checkpoint: ./checkpoints/mace_multitm_model_run-123_epoch-3.pt
2026-10-01 16:33:10.748 INFO: Epoch 4: head: Default, loss=0.09278760, RMSE_E_per_atom=   37.05 meV, RMSE_F=  191.58 meV / A
2026-10-01 16:33:10.749 DEBUG: Deleting old checkpoint file: ./checkpoints/mace_multitm_model_run-123_epoch-3.pt
2026-10-01 16:33:10.750 DEBUG: Saving checkpoint: ./checkpoints/mace_multitm_model_run-123_epoch-4.pt
2026-10-01 16:34:00.695 INFO: Epoch 5: head: Default, loss=0.08057842, RMSE_E_per_atom=   39.44 meV, RMSE_F=  178.29 meV / A
2026-10-01 16:34:00.698 DEBUG: Deleting old checkpoint file: ./checkpoints/mace_multitm_model_run-123_epoch-4.pt
2026-10-01 16:34:00.699 DEBUG: Saving checkpoint: ./checkpoints/mace_multitm_model_run-123_epoch-5.pt
2026-10-01 16:34:51.165 INFO: Epoch 6: head: Default, loss=0.07017152, RMSE_E_per_atom=   40.27 meV, RMSE_F=  166.54 meV / A
2026-10-01 16:34:51.169 DEBUG: Deleting old checkpoint file: ./checkpoints/mace_multitm_model_run-123_epoch-5.pt
2026-10-01 16:34:51.170 DEBUG: Saving checkpoint: ./checkpoints/mace_multitm_model_run-123_epoch-6.pt
2026-10-01 16:35:41.032 INFO: Epoch 7: head: Default, loss=0.05958866, RMSE_E_per_atom=   35.37 meV, RMSE_F=  153.61 meV / A
2026-10-01 16:35:41.035 DEBUG: Deleting old checkpoint file: ./checkpoints/mace_multitm_model_run-123_epoch-6.pt
2026-10-01 16:35:41.036 DEBUG: Saving checkpoint: ./checkpoints/mace_multitm_model_run-123_epoch-7.pt
2026-10-01 16:36:32.087 INFO: Epoch 8: head: Default, loss=0.05364072, RMSE_E_per_atom=   31.72 meV, RMSE_F=  145.70 meV / A
2026-10-01 16:36:32.089 DEBUG: Deleting old checkpoint file: ./checkpoints/mace_multitm_model_run-123_epoch-7.pt
2026-10-01 16:36:32.090 DEBUG: Saving checkpoint: ./checkpoints/mace_multitm_model_run-123_epoch-8.pt
2026-10-01 16:37:23.332 INFO: Epoch 9: head: Default, loss=0.04792585, RMSE_E_per_atom=   28.78 meV, RMSE_F=  137.82 meV / A
2026-10-01 16:37:23.335 DEBUG: Deleting old checkpoint file: ./checkpoints/mace_multitm_model_run-123_epoch-8.pt
2026-10-01 16:37:23.335 DEBUG: Saving checkpoint: ./checkpoints/mace_multitm_model_run-123_epoch-9.pt
2026-10-01 16:38:14.815 INFO: Epoch 10: head: Default, loss=0.04506283, RMSE_E_per_atom=   26.77 meV, RMSE_F=  133.55 meV / A
2026-10-01 16:38:14.817 DEBUG: Deleting old checkpoint file: ./checkpoints/mace_multitm_model_run-123_epoch-9.pt
2026-10-01 16:38:14.818 DEBUG: Saving checkpoint: ./checkpoints/mace_multitm_model_run-123_epoch-10.pt
2026-10-01 16:39:04.447 INFO: Epoch 11: head: Default, loss=0.04175820, RMSE_E_per_atom=   25.72 meV, RMSE_F=  128.54 meV / A
2026-10-01 16:39:04.449 DEBUG: Deleting old checkpoint file: ./checkpoints/mace_multitm_model_run-123_epoch-10.pt
2026-10-01 16:39:04.450 DEBUG: Saving checkpoint: ./checkpoints/mace_multitm_model_run-123_epoch-11.pt
2026-10-01 16:39:54.710 INFO: Epoch 12: head: Default, loss=0.03914969, RMSE_E_per_atom=   24.26 meV, RMSE_F=  124.53 meV / A
2026-10-01 16:39:54.712 DEBUG: Deleting old checkpoint file: ./checkpoints/mace_multitm_model_run-123_epoch-11.pt
2026-10-01 16:39:54.713 DEBUG: Saving checkpoint: ./checkpoints/mace_multitm_model_run-123_epoch-12.pt
2026-10-01 16:40:45.290 INFO: Epoch 13: head: Default, loss=0.03677442, RMSE_E_per_atom=   22.92 meV, RMSE_F=  120.63 meV / A
2026-10-01 16:40:45.293 DEBUG: Deleting old checkpoint file: ./checkpoints/mace_multitm_model_run-123_epoch-12.pt
2026-10-01 16:40:45.294 DEBUG: Saving checkpoint: ./checkpoints/mace_multitm_model_run-123_epoch-13.pt
2026-10-01 16:41:34.719 INFO: Epoch 14: head: Default, loss=0.03427511, RMSE_E_per_atom=   22.03 meV, RMSE_F=  116.48 meV / A
2026-10-01 16:41:34.722 DEBUG: Deleting old checkpoint file: ./checkpoints/mace_multitm_model_run-123_epoch-13.pt
2026-10-01 16:41:34.723 DEBUG: Saving checkpoint: ./checkpoints/mace_multitm_model_run-123_epoch-14.pt
2026-10-01 16:42:25.610 INFO: Epoch 15: head: Default, loss=0.03268428, RMSE_E_per_atom=   21.09 meV, RMSE_F=  113.79 meV / A
2026-10-01 16:42:25.611 DEBUG: Deleting old checkpoint file: ./checkpoints/mace_multitm_model_run-123_epoch-14.pt
2026-10-01 16:42:25.612 DEBUG: Saving checkpoint: ./checkpoints/mace_multitm_model_run-123_epoch-15.pt
2026-10-01 16:43:18.227 INFO: Epoch 16: head: Default, loss=0.03164250, RMSE_E_per_atom=   20.01 meV, RMSE_F=  111.99 meV / A
2026-10-01 16:43:18.229 DEBUG: Deleting old checkpoint file: ./checkpoints/mace_multitm_model_run-123_epoch-15.pt
2026-10-01 16:43:18.230 DEBUG: Saving checkpoint: ./checkpoints/mace_multitm_model_run-123_epoch-16.pt
2026-10-01 16:44:08.601 INFO: Epoch 17: head: Default, loss=0.03026459, RMSE_E_per_atom=   18.78 meV, RMSE_F=  109.53 meV / A
2026-10-01 16:44:08.603 DEBUG: Deleting old checkpoint file: ./checkpoints/mace_multitm_model_run-123_epoch-16.pt
2026-10-01 16:44:08.604 DEBUG: Saving checkpoint: ./checkpoints/mace_multitm_model_run-123_epoch-17.pt
2026-10-01 16:44:59.625 INFO: Epoch 18: head: Default, loss=0.02940978, RMSE_E_per_atom=   18.47 meV, RMSE_F=  107.93 meV / A
2026-10-01 16:44:59.627 DEBUG: Deleting old checkpoint file: ./checkpoints/mace_multitm_model_run-123_epoch-17.pt
2026-10-01 16:44:59.628 DEBUG: Saving checkpoint: ./checkpoints/mace_multitm_model_run-123_epoch-18.pt
2026-10-01 16:45:52.853 INFO: Epoch 19: head: Default, loss=0.02800526, RMSE_E_per_atom=   18.30 meV, RMSE_F=  105.29 meV / A
2026-10-01 16:45:52.855 DEBUG: Deleting old checkpoint file: ./checkpoints/mace_multitm_model_run-123_epoch-18.pt
2026-10-01 16:45:52.856 DEBUG: Saving checkpoint: ./checkpoints/mace_multitm_model_run-123_epoch-19.pt
2026-10-01 16:46:46.627 INFO: Epoch 20: head: Default, loss=0.02679782, RMSE_E_per_atom=   17.95 meV, RMSE_F=  102.96 meV / A
2026-10-01 16:46:46.630 DEBUG: Deleting old checkpoint file: ./checkpoints/mace_multitm_model_run-123_epoch-19.pt
2026-10-01 16:46:46.631 DEBUG: Saving checkpoint: ./checkpoints/mace_multitm_model_run-123_epoch-20.pt
2026-10-01 16:47:38.373 INFO: Epoch 21: head: Default, loss=0.02564826, RMSE_E_per_atom=   17.12 meV, RMSE_F=  100.75 meV / A
2026-10-01 16:47:38.375 DEBUG: Deleting old checkpoint file: ./checkpoints/mace_multitm_model_run-123_epoch-20.pt
2026-10-01 16:47:38.376 DEBUG: Saving checkpoint: ./checkpoints/mace_multitm_model_run-123_epoch-21.pt
2026-10-01 16:48:30.007 INFO: Epoch 22: head: Default, loss=0.02443117, RMSE_E_per_atom=   16.87 meV, RMSE_F=   98.29 meV / A
2026-10-01 16:48:30.009 DEBUG: Deleting old checkpoint file: ./checkpoints/mace_multitm_model_run-123_epoch-21.pt
2026-10-01 16:48:30.011 DEBUG: Saving checkpoint: ./checkpoints/mace_multitm_model_run-123_epoch-22.pt
2026-10-01 16:49:21.057 INFO: Epoch 23: head: Default, loss=0.02349437, RMSE_E_per_atom=   16.84 meV, RMSE_F=   96.35 meV / A
2026-10-01 16:49:21.058 DEBUG: Deleting old checkpoint file: ./checkpoints/mace_multitm_model_run-123_epoch-22.pt
2026-10-01 16:49:21.059 DEBUG: Saving checkpoint: ./checkpoints/mace_multitm_model_run-123_epoch-23.pt
2026-10-01 16:50:13.194 INFO: Epoch 24: head: Default, loss=0.02261912, RMSE_E_per_atom=   16.65 meV, RMSE_F=   94.56 meV / A
2026-10-01 16:50:13.196 DEBUG: Deleting old checkpoint file: ./checkpoints/mace_multitm_model_run-123_epoch-23.pt
2026-10-01 16:50:13.197 DEBUG: Saving checkpoint: ./checkpoints/mace_multitm_model_run-123_epoch-24.pt
2026-10-01 16:51:03.157 INFO: Epoch 25: head: Default, loss=0.02164402, RMSE_E_per_atom=   16.28 meV, RMSE_F=   92.48 meV / A
2026-10-01 16:51:03.158 DEBUG: Deleting old checkpoint file: ./checkpoints/mace_multitm_model_run-123_epoch-24.pt
2026-10-01 16:51:03.159 DEBUG: Saving checkpoint: ./checkpoints/mace_multitm_model_run-123_epoch-25.pt
2026-10-01 16:51:55.233 INFO: Epoch 26: head: Default, loss=0.02109360, RMSE_E_per_atom=   15.54 meV, RMSE_F=   91.35 meV / A
2026-10-01 16:51:55.235 DEBUG: Deleting old checkpoint file: ./checkpoints/mace_multitm_model_run-123_epoch-25.pt
2026-10-01 16:51:55.236 DEBUG: Saving checkpoint: ./checkpoints/mace_multitm_model_run-123_epoch-26.pt
2026-10-01 16:52:47.012 INFO: Epoch 27: head: Default, loss=0.01981224, RMSE_E_per_atom=   14.78 meV, RMSE_F=   88.53 meV / A
2026-10-01 16:52:47.014 DEBUG: Deleting old checkpoint file: ./checkpoints/mace_multitm_model_run-123_epoch-26.pt
2026-10-01 16:52:47.015 DEBUG: Saving checkpoint: ./checkpoints/mace_multitm_model_run-123_epoch-27.pt
2026-10-01 16:53:37.559 INFO: Epoch 28: head: Default, loss=0.01924108, RMSE_E_per_atom=   14.29 meV, RMSE_F=   87.26 meV / A
2026-10-01 16:53:37.560 DEBUG: Deleting old checkpoint file: ./checkpoints/mace_multitm_model_run-123_epoch-27.pt
2026-10-01 16:53:37.561 DEBUG: Saving checkpoint: ./checkpoints/mace_multitm_model_run-123_epoch-28.pt
2026-10-01 16:54:29.969 INFO: Epoch 29: head: Default, loss=0.01876059, RMSE_E_per_atom=   14.13 meV, RMSE_F=   86.18 meV / A
2026-10-01 16:54:29.972 DEBUG: Deleting old checkpoint file: ./checkpoints/mace_multitm_model_run-123_epoch-28.pt
2026-10-01 16:54:29.973 DEBUG: Saving checkpoint: ./checkpoints/mace_multitm_model_run-123_epoch-29.pt
2026-10-01 16:55:20.879 INFO: Epoch 30: head: Default, loss=0.01804043, RMSE_E_per_atom=   13.77 meV, RMSE_F=   84.53 meV / A
2026-10-01 16:55:20.881 DEBUG: Deleting old checkpoint file: ./checkpoints/mace_multitm_model_run-123_epoch-29.pt
2026-10-01 16:55:20.881 DEBUG: Saving checkpoint: ./checkpoints/mace_multitm_model_run-123_epoch-30.pt
2026-10-01 16:56:12.334 INFO: Epoch 31: head: Default, loss=0.01715931, RMSE_E_per_atom=   13.33 meV, RMSE_F=   82.46 meV / A
2026-10-01 16:56:12.336 DEBUG: Deleting old checkpoint file: ./checkpoints/mace_multitm_model_run-123_epoch-30.pt
2026-10-01 16:56:12.337 DEBUG: Saving checkpoint: ./checkpoints/mace_multitm_model_run-123_epoch-31.pt
2026-10-01 16:57:03.964 INFO: Epoch 32: head: Default, loss=0.01667425, RMSE_E_per_atom=   13.26 meV, RMSE_F=   81.29 meV / A
2026-10-01 16:57:03.967 DEBUG: Deleting old checkpoint file: ./checkpoints/mace_multitm_model_run-123_epoch-31.pt
2026-10-01 16:57:03.968 DEBUG: Saving checkpoint: ./checkpoints/mace_multitm_model_run-123_epoch-32.pt
2026-10-01 16:57:54.855 INFO: Epoch 33: head: Default, loss=0.01617707, RMSE_E_per_atom=   13.58 meV, RMSE_F=   80.07 meV / A
2026-10-01 16:57:54.856 DEBUG: Deleting old checkpoint file: ./checkpoints/mace_multitm_model_run-123_epoch-32.pt
2026-10-01 16:57:54.857 DEBUG: Saving checkpoint: ./checkpoints/mace_multitm_model_run-123_epoch-33.pt
2026-10-01 16:58:47.057 INFO: Epoch 34: head: Default, loss=0.01568613, RMSE_E_per_atom=   13.02 meV, RMSE_F=   78.86 meV / A
2026-10-01 16:58:47.059 DEBUG: Deleting old checkpoint file: ./checkpoints/mace_multitm_model_run-123_epoch-33.pt
2026-10-01 16:58:47.060 DEBUG: Saving checkpoint: ./checkpoints/mace_multitm_model_run-123_epoch-34.pt
2026-10-01 16:59:38.280 INFO: Epoch 35: head: Default, loss=0.01524906, RMSE_E_per_atom=   12.78 meV, RMSE_F=   77.75 meV / A
2026-10-01 16:59:38.282 DEBUG: Deleting old checkpoint file: ./checkpoints/mace_multitm_model_run-123_epoch-34.pt
2026-10-01 16:59:38.283 DEBUG: Saving checkpoint: ./checkpoints/mace_multitm_model_run-123_epoch-35.pt
2026-10-01 17:00:30.135 INFO: Epoch 36: head: Default, loss=0.01476905, RMSE_E_per_atom=   12.62 meV, RMSE_F=   76.55 meV / A
2026-10-01 17:00:30.137 DEBUG: Deleting old checkpoint file: ./checkpoints/mace_multitm_model_run-123_epoch-35.pt
2026-10-01 17:00:30.138 DEBUG: Saving checkpoint: ./checkpoints/mace_multitm_model_run-123_epoch-36.pt
2026-10-01 17:01:22.107 INFO: Epoch 37: head: Default, loss=0.01448141, RMSE_E_per_atom=   12.19 meV, RMSE_F=   75.79 meV / A
2026-10-01 17:01:22.108 DEBUG: Deleting old checkpoint file: ./checkpoints/mace_multitm_model_run-123_epoch-36.pt
2026-10-01 17:01:22.109 DEBUG: Saving checkpoint: ./checkpoints/mace_multitm_model_run-123_epoch-37.pt
2026-10-01 17:02:13.009 INFO: Epoch 38: head: Default, loss=0.01425227, RMSE_E_per_atom=   11.78 meV, RMSE_F=   75.19 meV / A
2026-10-01 17:02:13.011 DEBUG: Deleting old checkpoint file: ./checkpoints/mace_multitm_model_run-123_epoch-37.pt
2026-10-01 17:02:13.012 DEBUG: Saving checkpoint: ./checkpoints/mace_multitm_model_run-123_epoch-38.pt
2026-10-01 17:03:04.671 INFO: Epoch 39: head: Default, loss=0.01392038, RMSE_E_per_atom=   11.70 meV, RMSE_F=   74.31 meV / A
2026-10-01 17:03:04.673 DEBUG: Deleting old checkpoint file: ./checkpoints/mace_multitm_model_run-123_epoch-38.pt
2026-10-01 17:03:04.674 DEBUG: Saving checkpoint: ./checkpoints/mace_multitm_model_run-123_epoch-39.pt
2026-10-01 17:03:56.677 INFO: Epoch 40: head: Default, loss=0.01348819, RMSE_E_per_atom=   11.42 meV, RMSE_F=   73.13 meV / A
2026-10-01 17:03:56.679 DEBUG: Deleting old checkpoint file: ./checkpoints/mace_multitm_model_run-123_epoch-39.pt
2026-10-01 17:03:56.680 DEBUG: Saving checkpoint: ./checkpoints/mace_multitm_model_run-123_epoch-40.pt
2026-10-01 17:04:48.808 INFO: Epoch 41: head: Default, loss=0.01319900, RMSE_E_per_atom=   11.25 meV, RMSE_F=   72.32 meV / A
2026-10-01 17:04:48.810 DEBUG: Deleting old checkpoint file: ./checkpoints/mace_multitm_model_run-123_epoch-40.pt
2026-10-01 17:04:48.811 DEBUG: Saving checkpoint: ./checkpoints/mace_multitm_model_run-123_epoch-41.pt
2026-10-01 17:05:40.684 INFO: Epoch 42: head: Default, loss=0.01323225, RMSE_E_per_atom=   11.07 meV, RMSE_F=   72.46 meV / A
2026-10-01 17:06:33.225 INFO: Epoch 43: head: Default, loss=0.01286365, RMSE_E_per_atom=   11.06 meV, RMSE_F=   71.45 meV / A
2026-10-01 17:06:33.228 DEBUG: Deleting old checkpoint file: ./checkpoints/mace_multitm_model_run-123_epoch-41.pt
2026-10-01 17:06:33.228 DEBUG: Saving checkpoint: ./checkpoints/mace_multitm_model_run-123_epoch-43.pt
2026-10-01 17:07:24.832 INFO: Epoch 44: head: Default, loss=0.01289358, RMSE_E_per_atom=   11.64 meV, RMSE_F=   71.51 meV / A
2026-10-01 17:08:16.588 INFO: Epoch 45: head: Default, loss=0.01286570, RMSE_E_per_atom=   12.24 meV, RMSE_F=   71.43 meV / A
2026-10-01 17:09:08.316 INFO: Epoch 46: head: Default, loss=0.01320121, RMSE_E_per_atom=   11.79 meV, RMSE_F=   72.37 meV / A
2026-10-01 17:10:00.590 INFO: Epoch 47: head: Default, loss=0.01286764, RMSE_E_per_atom=   11.94 meV, RMSE_F=   71.45 meV / A
2026-10-01 17:10:52.921 INFO: Epoch 48: head: Default, loss=0.01245213, RMSE_E_per_atom=   11.79 meV, RMSE_F=   70.29 meV / A
2026-10-01 17:10:52.923 DEBUG: Deleting old checkpoint file: ./checkpoints/mace_multitm_model_run-123_epoch-43.pt
2026-10-01 17:10:52.924 DEBUG: Saving checkpoint: ./checkpoints/mace_multitm_model_run-123_epoch-48.pt
2026-10-01 17:11:43.297 INFO: Epoch 49: head: Default, loss=0.01196106, RMSE_E_per_atom=   11.06 meV, RMSE_F=   68.90 meV / A
2026-10-01 17:11:43.299 DEBUG: Deleting old checkpoint file: ./checkpoints/mace_multitm_model_run-123_epoch-48.pt
2026-10-01 17:11:43.299 DEBUG: Saving checkpoint: ./checkpoints/mace_multitm_model_run-123_epoch-49.pt
2026-10-01 17:12:35.924 INFO: Epoch 50: head: Default, loss=0.01178876, RMSE_E_per_atom=   10.69 meV, RMSE_F=   68.41 meV / A
2026-10-01 17:12:35.926 DEBUG: Deleting old checkpoint file: ./checkpoints/mace_multitm_model_run-123_epoch-49.pt
2026-10-01 17:12:35.927 DEBUG: Saving checkpoint: ./checkpoints/mace_multitm_model_run-123_epoch-50.pt
2026-10-01 17:13:27.135 INFO: Epoch 51: head: Default, loss=0.01155692, RMSE_E_per_atom=   10.43 meV, RMSE_F=   67.74 meV / A
2026-10-01 17:13:27.136 DEBUG: Deleting old checkpoint file: ./checkpoints/mace_multitm_model_run-123_epoch-50.pt
2026-10-01 17:13:27.137 DEBUG: Saving checkpoint: ./checkpoints/mace_multitm_model_run-123_epoch-51.pt
2026-10-01 17:14:19.049 INFO: Epoch 52: head: Default, loss=0.01144965, RMSE_E_per_atom=   10.44 meV, RMSE_F=   67.41 meV / A
2026-10-01 17:14:19.051 DEBUG: Deleting old checkpoint file: ./checkpoints/mace_multitm_model_run-123_epoch-51.pt
2026-10-01 17:14:19.052 DEBUG: Saving checkpoint: ./checkpoints/mace_multitm_model_run-123_epoch-52.pt
2026-10-01 17:15:08.691 INFO: Epoch 53: head: Default, loss=0.01124814, RMSE_E_per_atom=   10.19 meV, RMSE_F=   66.82 meV / A
2026-10-01 17:15:08.693 DEBUG: Deleting old checkpoint file: ./checkpoints/mace_multitm_model_run-123_epoch-52.pt
2026-10-01 17:15:08.694 DEBUG: Saving checkpoint: ./checkpoints/mace_multitm_model_run-123_epoch-53.pt
2026-10-01 17:16:01.411 INFO: Epoch 54: head: Default, loss=0.01097626, RMSE_E_per_atom=   10.15 meV, RMSE_F=   66.00 meV / A
2026-10-01 17:16:01.413 DEBUG: Deleting old checkpoint file: ./checkpoints/mace_multitm_model_run-123_epoch-53.pt
2026-10-01 17:16:01.414 DEBUG: Saving checkpoint: ./checkpoints/mace_multitm_model_run-123_epoch-54.pt
2026-10-01 17:16:52.602 INFO: Epoch 55: head: Default, loss=0.01076194, RMSE_E_per_atom=    9.96 meV, RMSE_F=   65.35 meV / A
2026-10-01 17:16:52.605 DEBUG: Deleting old checkpoint file: ./checkpoints/mace_multitm_model_run-123_epoch-54.pt
2026-10-01 17:16:52.605 DEBUG: Saving checkpoint: ./checkpoints/mace_multitm_model_run-123_epoch-55.pt
2026-10-01 17:17:44.823 INFO: Epoch 56: head: Default, loss=0.01051127, RMSE_E_per_atom=    9.78 meV, RMSE_F=   64.59 meV / A
2026-10-01 17:17:44.825 DEBUG: Deleting old checkpoint file: ./checkpoints/mace_multitm_model_run-123_epoch-55.pt
2026-10-01 17:17:44.826 DEBUG: Saving checkpoint: ./checkpoints/mace_multitm_model_run-123_epoch-56.pt
2026-10-01 17:18:35.446 INFO: Epoch 57: head: Default, loss=0.01037689, RMSE_E_per_atom=    9.63 meV, RMSE_F=   64.16 meV / A
2026-10-01 17:18:35.447 DEBUG: Deleting old checkpoint file: ./checkpoints/mace_multitm_model_run-123_epoch-56.pt
2026-10-01 17:18:35.449 DEBUG: Saving checkpoint: ./checkpoints/mace_multitm_model_run-123_epoch-57.pt
2026-10-01 17:19:27.476 INFO: Epoch 58: head: Default, loss=0.01028135, RMSE_E_per_atom=    9.49 meV, RMSE_F=   63.88 meV / A
2026-10-01 17:19:27.477 DEBUG: Deleting old checkpoint file: ./checkpoints/mace_multitm_model_run-123_epoch-57.pt
2026-10-01 17:19:27.478 DEBUG: Saving checkpoint: ./checkpoints/mace_multitm_model_run-123_epoch-58.pt
2026-10-01 17:20:17.436 INFO: Epoch 59: head: Default, loss=0.01030187, RMSE_E_per_atom=    9.45 meV, RMSE_F=   63.95 meV / A
2026-10-01 17:20:17.437 INFO: Training complete
2026-10-01 17:20:17.437 INFO: 
2026-10-01 17:20:17.437 INFO: ===========RESULTS===========
2026-10-01 17:20:17.438 INFO: Loading checkpoint: ./checkpoints/mace_multitm_model_run-123_epoch-59.pt
2026-10-01 17:20:17.461 INFO: Loaded Stage one model from epoch 59 for evaluation
2026-10-01 17:20:17.462 INFO: Saving model to checkpoints/mace_multitm_model_run-123.model
2026-10-01 17:20:17.636 INFO: Compiling model, saving metadata to mace_multitm_model_compiled.model
2026-10-01 17:20:18.288 INFO: Computing metrics for training, validation, and test sets
2026-10-01 17:20:18.289 INFO: Skipping evaluation for heads: ['pt_head']
2026-10-01 17:20:18.289 INFO: Evaluating train_Default ...
2026-10-01 17:20:31.408 INFO: Evaluating valid_Default ...
2026-10-01 17:20:33.926 INFO: Error-table on TRAIN and VALID:
+---------------+---------------------+------------------+-------------------+
|  config_type  | RMSE E / meV / atom | RMSE F / meV / A | relative F RMSE % |
+---------------+---------------------+------------------+-------------------+
| train_Default |           15.0      |         64.1     |          3.26     |
| valid_Default |           11.1      |         74.9     |          3.83     |
+---------------+---------------------+------------------+-------------------+
2026-10-01 17:20:33.926 DEBUG: Running inference on train_Default dataset
2026-10-01 17:20:47.314 DEBUG: Running inference on valid_Default dataset
2026-10-01 17:20:50.007 DEBUG: STREAM b'IHDR' 16 13
2026-10-01 17:20:50.007 DEBUG: STREAM b'sBIT' 41 4
2026-10-01 17:20:50.007 DEBUG: b'sBIT' 41 4 (unknown)
2026-10-01 17:20:50.007 DEBUG: STREAM b'pHYs' 57 9
2026-10-01 17:20:50.007 DEBUG: STREAM b'IDAT' 78 1189
2026-10-01 17:20:50.010 DEBUG: STREAM b'IHDR' 16 13
2026-10-01 17:20:50.010 DEBUG: STREAM b'sBIT' 41 4
2026-10-01 17:20:50.010 DEBUG: b'sBIT' 41 4 (unknown)
2026-10-01 17:20:50.010 DEBUG: STREAM b'pHYs' 57 9
2026-10-01 17:20:50.010 DEBUG: STREAM b'IDAT' 78 2994
2026-10-01 17:20:50.024 DEBUG: STREAM b'IHDR' 16 13
2026-10-01 17:20:50.024 DEBUG: STREAM b'sBIT' 41 4
2026-10-01 17:20:50.024 DEBUG: b'sBIT' 41 4 (unknown)
2026-10-01 17:20:50.024 DEBUG: STREAM b'pHYs' 57 9
2026-10-01 17:20:50.024 DEBUG: STREAM b'IDAT' 78 374
2026-10-01 17:20:50.025 DEBUG: STREAM b'IHDR' 16 13
2026-10-01 17:20:50.025 DEBUG: STREAM b'sBIT' 41 4
2026-10-01 17:20:50.025 DEBUG: b'sBIT' 41 4 (unknown)
2026-10-01 17:20:50.025 DEBUG: STREAM b'pHYs' 57 9
2026-10-01 17:20:50.025 DEBUG: STREAM b'IDAT' 78 286
2026-10-01 17:20:50.026 DEBUG: STREAM b'IHDR' 16 13
2026-10-01 17:20:50.027 DEBUG: STREAM b'sBIT' 41 4
2026-10-01 17:20:50.027 DEBUG: b'sBIT' 41 4 (unknown)
2026-10-01 17:20:50.027 DEBUG: STREAM b'pHYs' 57 9
2026-10-01 17:20:50.027 DEBUG: STREAM b'IDAT' 78 263
2026-10-01 17:20:50.028 DEBUG: STREAM b'IHDR' 16 13
2026-10-01 17:20:50.028 DEBUG: STREAM b'sBIT' 41 4
2026-10-01 17:20:50.028 DEBUG: b'sBIT' 41 4 (unknown)
2026-10-01 17:20:50.028 DEBUG: STREAM b'pHYs' 57 9
2026-10-01 17:20:50.028 DEBUG: STREAM b'IDAT' 78 387
2026-10-01 17:20:50.029 DEBUG: STREAM b'IHDR' 16 13
2026-10-01 17:20:50.029 DEBUG: STREAM b'sBIT' 41 4
2026-10-01 17:20:50.029 DEBUG: b'sBIT' 41 4 (unknown)
2026-10-01 17:20:50.029 DEBUG: STREAM b'pHYs' 57 9
2026-10-01 17:20:50.029 DEBUG: STREAM b'IDAT' 78 436
2026-10-01 17:20:50.029 DEBUG: STREAM b'IHDR' 16 13
2026-10-01 17:20:50.029 DEBUG: STREAM b'sBIT' 41 4
2026-10-01 17:20:50.029 DEBUG: b'sBIT' 41 4 (unknown)
2026-10-01 17:20:50.029 DEBUG: STREAM b'pHYs' 57 9
2026-10-01 17:20:50.029 DEBUG: STREAM b'IDAT' 78 351
2026-10-01 17:20:50.030 DEBUG: STREAM b'IHDR' 16 13
2026-10-01 17:20:50.030 DEBUG: STREAM b'sBIT' 41 4
2026-10-01 17:20:50.030 DEBUG: b'sBIT' 41 4 (unknown)
2026-10-01 17:20:50.030 DEBUG: STREAM b'pHYs' 57 9
2026-10-01 17:20:50.030 DEBUG: STREAM b'IDAT' 78 364
2026-10-01 17:20:51.307 INFO: Done
2026-10-01 17:43:40.543 INFO: ===========VERIFYING SETTINGS===========
2026-10-01 17:43:40.543 INFO: MACE version: 0.3.16
2026-10-01 17:43:40.543 DEBUG: Configuration: Namespace(config=None, name='mace_multitm_model', seed=123, work_dir='.', log_dir='./logs', model_dir='.', checkpoints_dir='./checkpoints', results_dir='./results', downloads_dir='./downloads', device='cpu', default_dtype='float32', distributed=False, launcher='slurm', log_level='INFO', plot=True, plot_frequency=0, plot_interaction_e=False, error_table='PerAtomRMSE', model='ScaleShiftMACE', r_max=5.0, radial_type='bessel', num_radial_basis=8, num_cutoff_basis=5, pair_repulsion=False, distance_transform='None', apply_cutoff=True, use_last_readout_only=False, use_embedding_readout=False, interaction='RealAgnosticResidualInteractionBlock', interaction_first='RealAgnosticResidualInteractionBlock', max_ell=3, correlation=3, use_reduced_cg=False, use_so3=False, use_agnostic_product=False, num_interactions=2, MLP_irreps='16x0e', radial_MLP='[64, 64, 64]', hidden_irreps='64x0e + 64x1o', edge_irreps=None, use_edge_irreps_first=False, num_channels=64, max_L=1, gate='silu', kspace_cutoff_factor=1.5, atomic_multipoles_max_l=0, atomic_multipoles_smearing_width=1.0, field_feature_max_l=0, field_feature_widths='[1.0]', field_feature_norms=None, num_recursion_steps=1, field_si=False, include_electrostatic_self_interaction=False, add_local_electron_energy=False, quadrupole_feature_corrections=False, return_electrostatic_potentials=False, field_norm_factor=0.02, fixedpoint_update_config=None, field_readout_config=None, scaling='rms_forces_scaling', avg_num_neighbors=1, compute_avg_num_neighbors=True, compute_stress=False, compute_forces=True, compute_polarizability=False, compute_atomic_dipole=False, train_file='mace_train.xyz', valid_file='mace_val.xyz', valid_fraction=0.1, test_file=None, test_dir=None, multi_processed_test=False, num_workers=0, pin_memory=True, atomic_numbers='[1, 6, 7, 27, 28, 46]', mean=None, std=None, statistics_file=None, les_arguments=None, E0s='average', pseudolabel_replay=False, pseudolabel_replay_compute_stress=False, foundation_filter_elements=True, heads=None, multiheads_finetuning=True, foundation_head=None, weight_pt_head=1.0, real_pt_data_ratio_threshold=0.1, num_samples_pt=10000, force_mh_ft_lr=False, subselect_pt='random', filter_type_pt='none', allow_random_padding_pt=True, pt_train_file=None, pt_valid_file=None, foundation_model_elements=False, keep_isolated_atoms=False, lora=False, lora_rank=4, lora_alpha=1.0, energy_key='energy', forces_key='forces', virials_key='REF_virials', stress_key='REF_stress', dipole_key='dipole', polarizability_key='polarizability', head_key='head', charges_key='REF_charges', elec_temp_key='elec_temp', total_spin_key='total_spin', total_charge_key='total_charge', embedding_specs=None, skip_evaluate_heads='pt_head', loss='weighted', forces_weight=10.0, swa_forces_weight=100.0, energy_weight=1.0, swa_energy_weight=1000.0, virials_weight=1.0, swa_virials_weight=10.0, stress_weight=1.0, swa_stress_weight=10.0, dipole_weight=1.0, swa_dipole_weight=1.0, swa_polarizability_weight=1.0, polarizability_weight=1.0, config_type_weights='{"Default":1.0}', huber_delta=0.01, optimizer='adam', beta=0.9, beta1_schedulefree=0.9, beta2_schedulefree=0.98, batch_size=4, valid_batch_size=4, lr=0.01, swa_lr=0.001, weight_decay=5e-07, lr_params_factors='{"embedding_lr_factor": 1.0, "interactions_lr_factor": 1.0, "products_lr_factor": 1.0, "readouts_lr_factor": 1.0}', freeze=None, amsgrad=True, scheduler='ReduceLROnPlateau', lr_factor=0.8, scheduler_patience=50, lr_scheduler_gamma=0.9993, swa=False, start_swa=None, lbfgs=False, ema=True, ema_decay=0.99, max_num_epochs=60, patience=2048, foundation_model=None, foundation_model_kwargs='{}', foundation_model_readout=True, eval_interval=1, keep_checkpoints=False, save_all_checkpoints=False, restart_latest=False, save_cpu=False, clip_grad=10.0, dry_run=False, enable_cueq=False, only_cueq=False, enable_oeq=False, wandb=False, wandb_dir=None, wandb_project='', wandb_entity='', wandb_name='', wandb_log_hypers=['num_channels', 'max_L', 'correlation', 'lr', 'swa_lr', 'weight_decay', 'batch_size', 'max_num_epochs', 'start_swa', 'energy_weight', 'forces_weight'], key_specification=KeySpecification(info_keys={'energy': 'energy', 'stress': 'REF_stress', 'virials': 'REF_virials', 'dipole': 'dipole', 'head': 'head', 'elec_temp': 'elec_temp', 'total_charge': 'total_charge', 'polarizability': 'polarizability', 'total_spin': 'total_spin'}, arrays_keys={'forces': 'forces', 'charges': 'REF_charges'}))
2026-10-01 17:43:40.544 INFO: Using CPU
2026-10-01 17:43:40.578 DEBUG: Popen(['git', 'version'], cwd=/home/ziat1/Documents/Training/Autonomous_MultiTM_SAC_Pipeline, stdin=None, shell=False, universal_newlines=False)
2026-10-01 17:43:40.583 DEBUG: Popen(['git', 'version'], cwd=/home/ziat1/Documents/Training/Autonomous_MultiTM_SAC_Pipeline, stdin=None, shell=False, universal_newlines=False)
2026-10-01 17:43:40.587 DEBUG: sys.platform='linux', git_executable='git'
2026-10-01 17:43:40.587 DEBUG: Error accessing Git repository: /home/ziat1/Documents/Training/Autonomous_MultiTM_SAC_Pipeline
2026-10-01 17:43:40.587 INFO: ===========LOADING INPUT DATA===========
2026-10-01 17:43:40.587 INFO: Using heads: ['Default']
2026-10-01 17:43:40.587 INFO: Using the key specifications to parse data:
2026-10-01 17:43:40.588 INFO: Default: KeySpecification(info_keys={'energy': 'energy', 'stress': 'REF_stress', 'virials': 'REF_virials', 'dipole': 'dipole', 'head': 'head', 'elec_temp': 'elec_temp', 'total_charge': 'total_charge', 'polarizability': 'polarizability', 'total_spin': 'total_spin'}, arrays_keys={'forces': 'forces', 'charges': 'REF_charges'})
2026-10-01 17:43:40.588 INFO: =============    Processing head Default     ===========
2026-10-01 17:43:40.588 DEBUG: Loading training file: mace_train.xyz
2026-10-01 17:43:40.655 WARNING: Since ASE version 3.23.0b1, using energy_key 'energy' is no longer safe when communicating between MACE and ASE. We recommend using a different key, rewriting 'energy' to 'REF_energy'. You need to use --energy_key='REF_energy' to specify the chosen key name.
2026-10-01 17:43:40.667 WARNING: Since ASE version 3.23.0b1, using forces_key 'forces' is no longer safe when communicating between MACE and ASE. We recommend using a different key, rewriting 'forces' to 'REF_forces'. You need to use --forces_key='REF_forces' to specify the chosen key name.
2026-10-01 17:43:40.683 INFO: Training set 1/1 [energy: 187, stress: 0, virials: 0, dipole components: 0, head: 187, elec_temp: 0, total_charge: 0, polarizability: 0, total_spin: 0, forces: 187, charges: 0]
2026-10-01 17:43:40.684 INFO: Total Training set [energy: 187, stress: 0, virials: 0, dipole components: 0, head: 187, elec_temp: 0, total_charge: 0, polarizability: 0, total_spin: 0, forces: 187, charges: 0]
2026-10-01 17:43:40.703 WARNING: Since ASE version 3.23.0b1, using energy_key 'energy' is no longer safe when communicating between MACE and ASE. We recommend using a different key, rewriting 'energy' to 'REF_energy'. You need to use --energy_key='REF_energy' to specify the chosen key name.
2026-10-01 17:43:40.705 WARNING: Since ASE version 3.23.0b1, using forces_key 'forces' is no longer safe when communicating between MACE and ASE. We recommend using a different key, rewriting 'forces' to 'REF_forces'. You need to use --forces_key='REF_forces' to specify the chosen key name.
2026-10-01 17:43:40.709 INFO: Validation set 1/1 [energy: 33, stress: 0, virials: 0, dipole components: 0, head: 33, elec_temp: 0, total_charge: 0, polarizability: 0, total_spin: 0, forces: 33, charges: 0]
2026-10-01 17:43:40.709 INFO: Total Validation set [energy: 33, stress: 0, virials: 0, dipole components: 0, head: 33, elec_temp: 0, total_charge: 0, polarizability: 0, total_spin: 0, forces: 33, charges: 0]
2026-10-01 17:43:40.709 INFO: Total number of configurations: train=187, valid=33, tests=[],
2026-10-01 17:43:40.709 INFO: Using atomic numbers from command line argument
2026-10-01 17:43:40.709 INFO: Atomic Numbers used: [1, 6, 7, 27, 28, 46]
2026-10-01 17:43:40.709 INFO: Isolated Atomic Energies (E0s) not in training file, using command line argument
2026-10-01 17:43:40.709 INFO: Computing average Atomic Energies using least squares regression
2026-10-01 17:43:40.711 INFO: Atomic Energies used (z: eV) for head Default: {1: -7.157444524841892, 6: -8.888543690676043, 7: -8.478930937547151, 27: -0.17778066170442997, 28: 1.4145339101805425, 46: -1.5911915061949484}
2026-10-01 17:43:40.711 INFO: Processing datasets for head 'Default'
2026-10-01 17:43:40.813 DEBUG: Successfully loaded dataset from ASE files: ['mace_train.xyz']
2026-10-01 17:43:40.813 INFO: Combining 1 list datasets for head 'Default'
2026-10-01 17:43:40.831 DEBUG: Successfully loaded validation dataset from ASE files: ['mace_val.xyz']
2026-10-01 17:43:40.831 INFO: Combining 1 list datasets for head 'Default_valid'
2026-10-01 17:43:40.832 INFO: Combined validation datasets for Default
2026-10-01 17:43:40.832 INFO: Head 'Default' training dataset size: 187
2026-10-01 17:43:40.832 INFO: Computing average number of neighbors
2026-10-01 17:43:40.899 INFO: Average number of neighbors: 29.695999145507812
2026-10-01 17:43:40.899 INFO: During training the following quantities will be reported: energy, forces
2026-10-01 17:43:40.900 INFO: ===========MODEL DETAILS===========
2026-10-01 17:43:40.961 INFO: Building model
2026-10-01 17:43:40.961 INFO: Message passing with 64 channels and max_L=1 (64x0e + 64x1o)
2026-10-01 17:43:40.961 INFO: 2 layers, each with correlation order: 3 (body order: 4) and spherical harmonics up to: l=3
2026-10-01 17:43:40.961 INFO: 8 radial and 5 basis functions
2026-10-01 17:43:40.961 INFO: Radial cutoff: 5.0 A (total receptive field for each atom: 10.0 A)
2026-10-01 17:43:40.961 INFO: Distance transform for radial basis functions: None
2026-10-01 17:43:40.961 INFO: Hidden irreps: 64x0e + 64x1o
2026-10-01 17:43:41.864 INFO: ===========OPTIMIZER INFORMATION===========
2026-10-01 17:43:41.864 INFO: Using ADAM as parameter optimizer
2026-10-01 17:43:41.864 INFO: Batch size: 4
2026-10-01 17:43:41.864 INFO: Using Exponential Moving Average with decay: 0.99
2026-10-01 17:43:41.864 INFO: Number of gradient updates: 2805
2026-10-01 17:43:41.864 INFO: Learning rate: 0.01, weight decay: 5e-07
2026-10-01 17:43:41.865 INFO: WeightedEnergyForcesLoss(energy_weight=1.000, forces_weight=10.000)
2026-10-01 17:43:41.865 INFO: === Layer's learning rates ===
2026-10-01 17:43:41.865 INFO: Param group 0: lr = 0.01
2026-10-01 17:43:41.865 INFO: Param group 1: lr = 0.01
2026-10-01 17:43:41.865 INFO: Param group 2: lr = 0.01
2026-10-01 17:43:41.865 INFO: Param group 3: lr = 0.01
2026-10-01 17:43:41.865 INFO: Param group 4: lr = 0.01
2026-10-01 17:43:41.866 INFO: Using gradient clipping with tolerance=10.000
2026-10-01 17:43:41.866 INFO: 
2026-10-01 17:43:41.866 INFO: ===========TRAINING===========
2026-10-01 17:43:41.866 INFO: Started training, reporting errors on validation set
2026-10-01 17:43:41.866 INFO: Loss metrics on validation set
2026-10-01 17:43:45.033 INFO: Initial: head: Default, loss=9.81795311, RMSE_E_per_atom=  682.92 meV, RMSE_F= 1967.98 meV / A
2026-10-01 17:44:35.569 INFO: Epoch 0: head: Default, loss=0.71319073, RMSE_E_per_atom=   65.42 meV, RMSE_F=  520.55 meV / A
2026-10-01 17:44:35.571 DEBUG: Saving checkpoint: ./checkpoints/mace_multitm_model_run-123_epoch-0.pt
2026-10-01 17:45:27.140 INFO: Epoch 1: head: Default, loss=0.25057197, RMSE_E_per_atom=   47.90 meV, RMSE_F=  313.68 meV / A
2026-10-01 17:45:27.143 DEBUG: Deleting old checkpoint file: ./checkpoints/mace_multitm_model_run-123_epoch-0.pt
2026-10-01 17:45:27.144 DEBUG: Saving checkpoint: ./checkpoints/mace_multitm_model_run-123_epoch-1.pt
2026-10-01 17:46:18.878 INFO: Epoch 2: head: Default, loss=0.15433325, RMSE_E_per_atom=   41.97 meV, RMSE_F=  246.92 meV / A
2026-10-01 17:46:18.881 DEBUG: Deleting old checkpoint file: ./checkpoints/mace_multitm_model_run-123_epoch-1.pt
2026-10-01 17:46:18.882 DEBUG: Saving checkpoint: ./checkpoints/mace_multitm_model_run-123_epoch-2.pt
2026-10-01 17:47:11.537 INFO: Epoch 3: head: Default, loss=0.11503781, RMSE_E_per_atom=   39.64 meV, RMSE_F=  213.23 meV / A
2026-10-01 17:47:11.539 DEBUG: Deleting old checkpoint file: ./checkpoints/mace_multitm_model_run-123_epoch-2.pt
2026-10-01 17:47:11.540 DEBUG: Saving checkpoint: ./checkpoints/mace_multitm_model_run-123_epoch-3.pt
2026-10-01 17:48:03.779 INFO: Epoch 4: head: Default, loss=0.09278760, RMSE_E_per_atom=   37.05 meV, RMSE_F=  191.58 meV / A
2026-10-01 17:48:03.780 DEBUG: Deleting old checkpoint file: ./checkpoints/mace_multitm_model_run-123_epoch-3.pt
2026-10-01 17:48:03.781 DEBUG: Saving checkpoint: ./checkpoints/mace_multitm_model_run-123_epoch-4.pt
2026-10-01 17:48:55.864 INFO: Epoch 5: head: Default, loss=0.08057842, RMSE_E_per_atom=   39.44 meV, RMSE_F=  178.29 meV / A
2026-10-01 17:48:55.866 DEBUG: Deleting old checkpoint file: ./checkpoints/mace_multitm_model_run-123_epoch-4.pt
2026-10-01 17:48:55.867 DEBUG: Saving checkpoint: ./checkpoints/mace_multitm_model_run-123_epoch-5.pt
2026-10-01 17:49:47.852 INFO: Epoch 6: head: Default, loss=0.07017152, RMSE_E_per_atom=   40.27 meV, RMSE_F=  166.54 meV / A
2026-10-01 17:49:47.854 DEBUG: Deleting old checkpoint file: ./checkpoints/mace_multitm_model_run-123_epoch-5.pt
2026-10-01 17:49:47.855 DEBUG: Saving checkpoint: ./checkpoints/mace_multitm_model_run-123_epoch-6.pt
2026-10-01 17:50:39.742 INFO: Epoch 7: head: Default, loss=0.05958866, RMSE_E_per_atom=   35.37 meV, RMSE_F=  153.61 meV / A
2026-10-01 17:50:39.744 DEBUG: Deleting old checkpoint file: ./checkpoints/mace_multitm_model_run-123_epoch-6.pt
2026-10-01 17:50:39.745 DEBUG: Saving checkpoint: ./checkpoints/mace_multitm_model_run-123_epoch-7.pt
2026-10-01 17:51:31.212 INFO: Epoch 8: head: Default, loss=0.05364072, RMSE_E_per_atom=   31.72 meV, RMSE_F=  145.70 meV / A
2026-10-01 17:51:31.214 DEBUG: Deleting old checkpoint file: ./checkpoints/mace_multitm_model_run-123_epoch-7.pt
2026-10-01 17:51:31.215 DEBUG: Saving checkpoint: ./checkpoints/mace_multitm_model_run-123_epoch-8.pt
2026-10-01 17:52:23.820 INFO: Epoch 9: head: Default, loss=0.04792585, RMSE_E_per_atom=   28.78 meV, RMSE_F=  137.82 meV / A
2026-10-01 17:52:23.822 DEBUG: Deleting old checkpoint file: ./checkpoints/mace_multitm_model_run-123_epoch-8.pt
2026-10-01 17:52:23.823 DEBUG: Saving checkpoint: ./checkpoints/mace_multitm_model_run-123_epoch-9.pt
2026-10-01 17:53:15.747 INFO: Epoch 10: head: Default, loss=0.04506283, RMSE_E_per_atom=   26.77 meV, RMSE_F=  133.55 meV / A
2026-10-01 17:53:15.750 DEBUG: Deleting old checkpoint file: ./checkpoints/mace_multitm_model_run-123_epoch-9.pt
2026-10-01 17:53:15.751 DEBUG: Saving checkpoint: ./checkpoints/mace_multitm_model_run-123_epoch-10.pt
2026-10-01 17:54:07.918 INFO: Epoch 11: head: Default, loss=0.04175820, RMSE_E_per_atom=   25.72 meV, RMSE_F=  128.54 meV / A
2026-10-01 17:54:07.920 DEBUG: Deleting old checkpoint file: ./checkpoints/mace_multitm_model_run-123_epoch-10.pt
2026-10-01 17:54:07.922 DEBUG: Saving checkpoint: ./checkpoints/mace_multitm_model_run-123_epoch-11.pt
2026-10-01 17:54:59.162 INFO: Epoch 12: head: Default, loss=0.03914969, RMSE_E_per_atom=   24.26 meV, RMSE_F=  124.53 meV / A
2026-10-01 17:54:59.164 DEBUG: Deleting old checkpoint file: ./checkpoints/mace_multitm_model_run-123_epoch-11.pt
2026-10-01 17:54:59.165 DEBUG: Saving checkpoint: ./checkpoints/mace_multitm_model_run-123_epoch-12.pt
2026-10-01 17:55:51.191 INFO: Epoch 13: head: Default, loss=0.03677442, RMSE_E_per_atom=   22.92 meV, RMSE_F=  120.63 meV / A
2026-10-01 17:55:51.195 DEBUG: Deleting old checkpoint file: ./checkpoints/mace_multitm_model_run-123_epoch-12.pt
2026-10-01 17:55:51.196 DEBUG: Saving checkpoint: ./checkpoints/mace_multitm_model_run-123_epoch-13.pt
2026-10-01 17:56:43.789 INFO: Epoch 14: head: Default, loss=0.03427511, RMSE_E_per_atom=   22.03 meV, RMSE_F=  116.48 meV / A
2026-10-01 17:56:43.791 DEBUG: Deleting old checkpoint file: ./checkpoints/mace_multitm_model_run-123_epoch-13.pt
2026-10-01 17:56:43.791 DEBUG: Saving checkpoint: ./checkpoints/mace_multitm_model_run-123_epoch-14.pt
2026-10-01 17:57:36.531 INFO: Epoch 15: head: Default, loss=0.03268428, RMSE_E_per_atom=   21.09 meV, RMSE_F=  113.79 meV / A
2026-10-01 17:57:36.532 DEBUG: Deleting old checkpoint file: ./checkpoints/mace_multitm_model_run-123_epoch-14.pt
2026-10-01 17:57:36.533 DEBUG: Saving checkpoint: ./checkpoints/mace_multitm_model_run-123_epoch-15.pt
2026-10-01 17:58:30.082 INFO: Epoch 16: head: Default, loss=0.03164250, RMSE_E_per_atom=   20.01 meV, RMSE_F=  111.99 meV / A
2026-10-01 17:58:30.084 DEBUG: Deleting old checkpoint file: ./checkpoints/mace_multitm_model_run-123_epoch-15.pt
2026-10-01 17:58:30.085 DEBUG: Saving checkpoint: ./checkpoints/mace_multitm_model_run-123_epoch-16.pt
2026-10-01 17:59:22.545 INFO: Epoch 17: head: Default, loss=0.03026459, RMSE_E_per_atom=   18.78 meV, RMSE_F=  109.53 meV / A
2026-10-01 17:59:22.547 DEBUG: Deleting old checkpoint file: ./checkpoints/mace_multitm_model_run-123_epoch-16.pt
2026-10-01 17:59:22.548 DEBUG: Saving checkpoint: ./checkpoints/mace_multitm_model_run-123_epoch-17.pt
2026-10-01 18:00:14.646 INFO: Epoch 18: head: Default, loss=0.02940978, RMSE_E_per_atom=   18.47 meV, RMSE_F=  107.93 meV / A
2026-10-01 18:00:14.647 DEBUG: Deleting old checkpoint file: ./checkpoints/mace_multitm_model_run-123_epoch-17.pt
2026-10-01 18:00:14.649 DEBUG: Saving checkpoint: ./checkpoints/mace_multitm_model_run-123_epoch-18.pt
2026-10-01 18:01:08.330 INFO: Epoch 19: head: Default, loss=0.02800526, RMSE_E_per_atom=   18.30 meV, RMSE_F=  105.29 meV / A
2026-10-01 18:01:08.332 DEBUG: Deleting old checkpoint file: ./checkpoints/mace_multitm_model_run-123_epoch-18.pt
2026-10-01 18:01:08.333 DEBUG: Saving checkpoint: ./checkpoints/mace_multitm_model_run-123_epoch-19.pt
2026-10-01 18:02:04.956 INFO: Epoch 20: head: Default, loss=0.02679782, RMSE_E_per_atom=   17.95 meV, RMSE_F=  102.96 meV / A
2026-10-01 18:02:04.958 DEBUG: Deleting old checkpoint file: ./checkpoints/mace_multitm_model_run-123_epoch-19.pt
2026-10-01 18:02:04.959 DEBUG: Saving checkpoint: ./checkpoints/mace_multitm_model_run-123_epoch-20.pt
2026-10-01 18:02:58.443 INFO: Epoch 21: head: Default, loss=0.02564826, RMSE_E_per_atom=   17.12 meV, RMSE_F=  100.75 meV / A
2026-10-01 18:02:58.445 DEBUG: Deleting old checkpoint file: ./checkpoints/mace_multitm_model_run-123_epoch-20.pt
2026-10-01 18:02:58.446 DEBUG: Saving checkpoint: ./checkpoints/mace_multitm_model_run-123_epoch-21.pt
2026-10-01 18:05:23.067 INFO: ===========VERIFYING SETTINGS===========
2026-10-01 18:05:23.067 INFO: MACE version: 0.3.16
2026-10-01 18:05:23.068 DEBUG: Configuration: Namespace(config=None, name='mace_multitm_model', seed=123, work_dir='.', log_dir='./logs', model_dir='.', checkpoints_dir='./checkpoints', results_dir='./results', downloads_dir='./downloads', device='cpu', default_dtype='float32', distributed=False, launcher='slurm', log_level='INFO', plot=True, plot_frequency=0, plot_interaction_e=False, error_table='PerAtomRMSE', model='ScaleShiftMACE', r_max=5.0, radial_type='bessel', num_radial_basis=8, num_cutoff_basis=5, pair_repulsion=False, distance_transform='None', apply_cutoff=True, use_last_readout_only=False, use_embedding_readout=False, interaction='RealAgnosticResidualInteractionBlock', interaction_first='RealAgnosticResidualInteractionBlock', max_ell=3, correlation=3, use_reduced_cg=False, use_so3=False, use_agnostic_product=False, num_interactions=2, MLP_irreps='16x0e', radial_MLP='[64, 64, 64]', hidden_irreps='64x0e + 64x1o', edge_irreps=None, use_edge_irreps_first=False, num_channels=64, max_L=1, gate='silu', kspace_cutoff_factor=1.5, atomic_multipoles_max_l=0, atomic_multipoles_smearing_width=1.0, field_feature_max_l=0, field_feature_widths='[1.0]', field_feature_norms=None, num_recursion_steps=1, field_si=False, include_electrostatic_self_interaction=False, add_local_electron_energy=False, quadrupole_feature_corrections=False, return_electrostatic_potentials=False, field_norm_factor=0.02, fixedpoint_update_config=None, field_readout_config=None, scaling='rms_forces_scaling', avg_num_neighbors=1, compute_avg_num_neighbors=True, compute_stress=False, compute_forces=True, compute_polarizability=False, compute_atomic_dipole=False, train_file='mace_train.xyz', valid_file='mace_val.xyz', valid_fraction=0.1, test_file=None, test_dir=None, multi_processed_test=False, num_workers=0, pin_memory=True, atomic_numbers='[1, 6, 7, 27, 28, 46]', mean=None, std=None, statistics_file=None, les_arguments=None, E0s='average', pseudolabel_replay=False, pseudolabel_replay_compute_stress=False, foundation_filter_elements=True, heads=None, multiheads_finetuning=True, foundation_head=None, weight_pt_head=1.0, real_pt_data_ratio_threshold=0.1, num_samples_pt=10000, force_mh_ft_lr=False, subselect_pt='random', filter_type_pt='none', allow_random_padding_pt=True, pt_train_file=None, pt_valid_file=None, foundation_model_elements=False, keep_isolated_atoms=False, lora=False, lora_rank=4, lora_alpha=1.0, energy_key='energy', forces_key='forces', virials_key='REF_virials', stress_key='REF_stress', dipole_key='dipole', polarizability_key='polarizability', head_key='head', charges_key='REF_charges', elec_temp_key='elec_temp', total_spin_key='total_spin', total_charge_key='total_charge', embedding_specs=None, skip_evaluate_heads='pt_head', loss='weighted', forces_weight=10.0, swa_forces_weight=100.0, energy_weight=1.0, swa_energy_weight=1000.0, virials_weight=1.0, swa_virials_weight=10.0, stress_weight=1.0, swa_stress_weight=10.0, dipole_weight=1.0, swa_dipole_weight=1.0, swa_polarizability_weight=1.0, polarizability_weight=1.0, config_type_weights='{"Default":1.0}', huber_delta=0.01, optimizer='adam', beta=0.9, beta1_schedulefree=0.9, beta2_schedulefree=0.98, batch_size=4, valid_batch_size=4, lr=0.01, swa_lr=0.001, weight_decay=5e-07, lr_params_factors='{"embedding_lr_factor": 1.0, "interactions_lr_factor": 1.0, "products_lr_factor": 1.0, "readouts_lr_factor": 1.0}', freeze=None, amsgrad=True, scheduler='ReduceLROnPlateau', lr_factor=0.8, scheduler_patience=50, lr_scheduler_gamma=0.9993, swa=False, start_swa=None, lbfgs=False, ema=True, ema_decay=0.99, max_num_epochs=60, patience=2048, foundation_model=None, foundation_model_kwargs='{}', foundation_model_readout=True, eval_interval=1, keep_checkpoints=False, save_all_checkpoints=False, restart_latest=False, save_cpu=False, clip_grad=10.0, dry_run=False, enable_cueq=False, only_cueq=False, enable_oeq=False, wandb=False, wandb_dir=None, wandb_project='', wandb_entity='', wandb_name='', wandb_log_hypers=['num_channels', 'max_L', 'correlation', 'lr', 'swa_lr', 'weight_decay', 'batch_size', 'max_num_epochs', 'start_swa', 'energy_weight', 'forces_weight'], key_specification=KeySpecification(info_keys={'energy': 'energy', 'stress': 'REF_stress', 'virials': 'REF_virials', 'dipole': 'dipole', 'head': 'head', 'elec_temp': 'elec_temp', 'total_charge': 'total_charge', 'polarizability': 'polarizability', 'total_spin': 'total_spin'}, arrays_keys={'forces': 'forces', 'charges': 'REF_charges'}))
2026-10-01 18:05:23.068 INFO: Using CPU
2026-10-01 18:05:23.100 DEBUG: Popen(['git', 'version'], cwd=/home/ziat1/Documents/Training/Autonomous_MultiTM_SAC_Pipeline, stdin=None, shell=False, universal_newlines=False)
2026-10-01 18:05:23.104 DEBUG: Popen(['git', 'version'], cwd=/home/ziat1/Documents/Training/Autonomous_MultiTM_SAC_Pipeline, stdin=None, shell=False, universal_newlines=False)
2026-10-01 18:05:23.107 DEBUG: sys.platform='linux', git_executable='git'
2026-10-01 18:05:23.107 DEBUG: Error accessing Git repository: /home/ziat1/Documents/Training/Autonomous_MultiTM_SAC_Pipeline
2026-10-01 18:05:23.107 INFO: ===========LOADING INPUT DATA===========
2026-10-01 18:05:23.107 INFO: Using heads: ['Default']
2026-10-01 18:05:23.107 INFO: Using the key specifications to parse data:
2026-10-01 18:05:23.108 INFO: Default: KeySpecification(info_keys={'energy': 'energy', 'stress': 'REF_stress', 'virials': 'REF_virials', 'dipole': 'dipole', 'head': 'head', 'elec_temp': 'elec_temp', 'total_charge': 'total_charge', 'polarizability': 'polarizability', 'total_spin': 'total_spin'}, arrays_keys={'forces': 'forces', 'charges': 'REF_charges'})
2026-10-01 18:05:23.108 INFO: =============    Processing head Default     ===========
2026-10-01 18:05:23.108 DEBUG: Loading training file: mace_train.xyz
2026-10-01 18:05:23.172 WARNING: Since ASE version 3.23.0b1, using energy_key 'energy' is no longer safe when communicating between MACE and ASE. We recommend using a different key, rewriting 'energy' to 'REF_energy'. You need to use --energy_key='REF_energy' to specify the chosen key name.
2026-10-01 18:05:23.183 WARNING: Since ASE version 3.23.0b1, using forces_key 'forces' is no longer safe when communicating between MACE and ASE. We recommend using a different key, rewriting 'forces' to 'REF_forces'. You need to use --forces_key='REF_forces' to specify the chosen key name.
2026-10-01 18:05:23.199 INFO: Training set 1/1 [energy: 187, stress: 0, virials: 0, dipole components: 0, head: 187, elec_temp: 0, total_charge: 0, polarizability: 0, total_spin: 0, forces: 187, charges: 0]
2026-10-01 18:05:23.200 INFO: Total Training set [energy: 187, stress: 0, virials: 0, dipole components: 0, head: 187, elec_temp: 0, total_charge: 0, polarizability: 0, total_spin: 0, forces: 187, charges: 0]
2026-10-01 18:05:23.218 WARNING: Since ASE version 3.23.0b1, using energy_key 'energy' is no longer safe when communicating between MACE and ASE. We recommend using a different key, rewriting 'energy' to 'REF_energy'. You need to use --energy_key='REF_energy' to specify the chosen key name.
2026-10-01 18:05:23.220 WARNING: Since ASE version 3.23.0b1, using forces_key 'forces' is no longer safe when communicating between MACE and ASE. We recommend using a different key, rewriting 'forces' to 'REF_forces'. You need to use --forces_key='REF_forces' to specify the chosen key name.
2026-10-01 18:05:23.223 INFO: Validation set 1/1 [energy: 33, stress: 0, virials: 0, dipole components: 0, head: 33, elec_temp: 0, total_charge: 0, polarizability: 0, total_spin: 0, forces: 33, charges: 0]
2026-10-01 18:05:23.223 INFO: Total Validation set [energy: 33, stress: 0, virials: 0, dipole components: 0, head: 33, elec_temp: 0, total_charge: 0, polarizability: 0, total_spin: 0, forces: 33, charges: 0]
2026-10-01 18:05:23.223 INFO: Total number of configurations: train=187, valid=33, tests=[],
2026-10-01 18:05:23.223 INFO: Using atomic numbers from command line argument
2026-10-01 18:05:23.224 INFO: Atomic Numbers used: [1, 6, 7, 27, 28, 46]
2026-10-01 18:05:23.224 INFO: Isolated Atomic Energies (E0s) not in training file, using command line argument
2026-10-01 18:05:23.224 INFO: Computing average Atomic Energies using least squares regression
2026-10-01 18:05:23.225 INFO: Atomic Energies used (z: eV) for head Default: {1: -7.157444524841892, 6: -8.888543690676043, 7: -8.478930937547151, 27: -0.17778066170442997, 28: 1.4145339101805425, 46: -1.5911915061949484}
2026-10-01 18:05:23.225 INFO: Processing datasets for head 'Default'
2026-10-01 18:05:23.328 DEBUG: Successfully loaded dataset from ASE files: ['mace_train.xyz']
2026-10-01 18:05:23.328 INFO: Combining 1 list datasets for head 'Default'
2026-10-01 18:05:23.346 DEBUG: Successfully loaded validation dataset from ASE files: ['mace_val.xyz']
2026-10-01 18:05:23.346 INFO: Combining 1 list datasets for head 'Default_valid'
2026-10-01 18:05:23.346 INFO: Combined validation datasets for Default
2026-10-01 18:05:23.346 INFO: Head 'Default' training dataset size: 187
2026-10-01 18:05:23.346 INFO: Computing average number of neighbors
2026-10-01 18:05:23.413 INFO: Average number of neighbors: 29.695999145507812
2026-10-01 18:05:23.414 INFO: During training the following quantities will be reported: energy, forces
2026-10-01 18:05:23.414 INFO: ===========MODEL DETAILS===========
2026-10-01 18:05:23.475 INFO: Building model
2026-10-01 18:05:23.475 INFO: Message passing with 64 channels and max_L=1 (64x0e + 64x1o)
2026-10-01 18:05:23.475 INFO: 2 layers, each with correlation order: 3 (body order: 4) and spherical harmonics up to: l=3
2026-10-01 18:05:23.475 INFO: 8 radial and 5 basis functions
2026-10-01 18:05:23.475 INFO: Radial cutoff: 5.0 A (total receptive field for each atom: 10.0 A)
2026-10-01 18:05:23.475 INFO: Distance transform for radial basis functions: None
2026-10-01 18:05:23.475 INFO: Hidden irreps: 64x0e + 64x1o
2026-10-01 18:05:24.357 INFO: ===========OPTIMIZER INFORMATION===========
2026-10-01 18:05:24.357 INFO: Using ADAM as parameter optimizer
2026-10-01 18:05:24.357 INFO: Batch size: 4
2026-10-01 18:05:24.357 INFO: Using Exponential Moving Average with decay: 0.99
2026-10-01 18:05:24.357 INFO: Number of gradient updates: 2805
2026-10-01 18:05:24.357 INFO: Learning rate: 0.01, weight decay: 5e-07
2026-10-01 18:05:24.357 INFO: WeightedEnergyForcesLoss(energy_weight=1.000, forces_weight=10.000)
2026-10-01 18:05:24.357 INFO: === Layer's learning rates ===
2026-10-01 18:05:24.357 INFO: Param group 0: lr = 0.01
2026-10-01 18:05:24.358 INFO: Param group 1: lr = 0.01
2026-10-01 18:05:24.358 INFO: Param group 2: lr = 0.01
2026-10-01 18:05:24.358 INFO: Param group 3: lr = 0.01
2026-10-01 18:05:24.358 INFO: Param group 4: lr = 0.01
2026-10-01 18:05:24.358 INFO: Using gradient clipping with tolerance=10.000
2026-10-01 18:05:24.358 INFO: 
2026-10-01 18:05:24.358 INFO: ===========TRAINING===========
2026-10-01 18:05:24.358 INFO: Started training, reporting errors on validation set
2026-10-01 18:05:24.358 INFO: Loss metrics on validation set
2026-10-01 18:05:27.434 INFO: Initial: head: Default, loss=9.81795311, RMSE_E_per_atom=  682.92 meV, RMSE_F= 1967.98 meV / A
2026-10-01 18:06:16.506 INFO: Epoch 0: head: Default, loss=0.71319073, RMSE_E_per_atom=   65.42 meV, RMSE_F=  520.55 meV / A
2026-10-01 18:06:16.507 DEBUG: Saving checkpoint: ./checkpoints/mace_multitm_model_run-123_epoch-0.pt
2026-10-01 18:07:07.572 INFO: Epoch 1: head: Default, loss=0.25057197, RMSE_E_per_atom=   47.90 meV, RMSE_F=  313.68 meV / A
2026-10-01 18:07:07.574 DEBUG: Deleting old checkpoint file: ./checkpoints/mace_multitm_model_run-123_epoch-0.pt
2026-10-01 18:07:07.575 DEBUG: Saving checkpoint: ./checkpoints/mace_multitm_model_run-123_epoch-1.pt
2026-10-01 18:07:59.114 INFO: Epoch 2: head: Default, loss=0.15433325, RMSE_E_per_atom=   41.97 meV, RMSE_F=  246.92 meV / A
2026-10-01 18:07:59.116 DEBUG: Deleting old checkpoint file: ./checkpoints/mace_multitm_model_run-123_epoch-1.pt
2026-10-01 18:07:59.117 DEBUG: Saving checkpoint: ./checkpoints/mace_multitm_model_run-123_epoch-2.pt
2026-10-01 18:08:50.707 INFO: Epoch 3: head: Default, loss=0.11503781, RMSE_E_per_atom=   39.64 meV, RMSE_F=  213.23 meV / A
2026-10-01 18:08:50.709 DEBUG: Deleting old checkpoint file: ./checkpoints/mace_multitm_model_run-123_epoch-2.pt
2026-10-01 18:08:50.710 DEBUG: Saving checkpoint: ./checkpoints/mace_multitm_model_run-123_epoch-3.pt
2026-10-01 18:09:42.136 INFO: Epoch 4: head: Default, loss=0.09278760, RMSE_E_per_atom=   37.05 meV, RMSE_F=  191.58 meV / A
2026-10-01 18:09:42.138 DEBUG: Deleting old checkpoint file: ./checkpoints/mace_multitm_model_run-123_epoch-3.pt
2026-10-01 18:09:42.139 DEBUG: Saving checkpoint: ./checkpoints/mace_multitm_model_run-123_epoch-4.pt
2026-10-01 18:10:34.022 INFO: Epoch 5: head: Default, loss=0.08057842, RMSE_E_per_atom=   39.44 meV, RMSE_F=  178.29 meV / A
2026-10-01 18:10:34.024 DEBUG: Deleting old checkpoint file: ./checkpoints/mace_multitm_model_run-123_epoch-4.pt
2026-10-01 18:10:34.025 DEBUG: Saving checkpoint: ./checkpoints/mace_multitm_model_run-123_epoch-5.pt
2026-10-01 18:11:25.971 INFO: Epoch 6: head: Default, loss=0.07017152, RMSE_E_per_atom=   40.27 meV, RMSE_F=  166.54 meV / A
2026-10-01 18:11:25.972 DEBUG: Deleting old checkpoint file: ./checkpoints/mace_multitm_model_run-123_epoch-5.pt
2026-10-01 18:11:25.974 DEBUG: Saving checkpoint: ./checkpoints/mace_multitm_model_run-123_epoch-6.pt
2026-10-01 18:12:17.485 INFO: Epoch 7: head: Default, loss=0.05958866, RMSE_E_per_atom=   35.37 meV, RMSE_F=  153.61 meV / A
2026-10-01 18:12:17.486 DEBUG: Deleting old checkpoint file: ./checkpoints/mace_multitm_model_run-123_epoch-6.pt
2026-10-01 18:12:17.487 DEBUG: Saving checkpoint: ./checkpoints/mace_multitm_model_run-123_epoch-7.pt
2026-10-01 18:13:09.274 INFO: Epoch 8: head: Default, loss=0.05364072, RMSE_E_per_atom=   31.72 meV, RMSE_F=  145.70 meV / A
2026-10-01 18:13:09.276 DEBUG: Deleting old checkpoint file: ./checkpoints/mace_multitm_model_run-123_epoch-7.pt
2026-10-01 18:13:09.277 DEBUG: Saving checkpoint: ./checkpoints/mace_multitm_model_run-123_epoch-8.pt
2026-10-01 18:14:00.494 INFO: Epoch 9: head: Default, loss=0.04792585, RMSE_E_per_atom=   28.78 meV, RMSE_F=  137.82 meV / A
2026-10-01 18:14:00.495 DEBUG: Deleting old checkpoint file: ./checkpoints/mace_multitm_model_run-123_epoch-8.pt
2026-10-01 18:14:00.496 DEBUG: Saving checkpoint: ./checkpoints/mace_multitm_model_run-123_epoch-9.pt
2026-10-01 18:14:52.159 INFO: Epoch 10: head: Default, loss=0.04506283, RMSE_E_per_atom=   26.77 meV, RMSE_F=  133.55 meV / A
2026-10-01 18:14:52.161 DEBUG: Deleting old checkpoint file: ./checkpoints/mace_multitm_model_run-123_epoch-9.pt
2026-10-01 18:14:52.162 DEBUG: Saving checkpoint: ./checkpoints/mace_multitm_model_run-123_epoch-10.pt
2026-10-01 18:15:43.257 INFO: Epoch 11: head: Default, loss=0.04175820, RMSE_E_per_atom=   25.72 meV, RMSE_F=  128.54 meV / A
2026-10-01 18:15:43.259 DEBUG: Deleting old checkpoint file: ./checkpoints/mace_multitm_model_run-123_epoch-10.pt
2026-10-01 18:15:43.260 DEBUG: Saving checkpoint: ./checkpoints/mace_multitm_model_run-123_epoch-11.pt
2026-10-01 18:16:36.131 INFO: Epoch 12: head: Default, loss=0.03914969, RMSE_E_per_atom=   24.26 meV, RMSE_F=  124.53 meV / A
2026-10-01 18:16:36.132 DEBUG: Deleting old checkpoint file: ./checkpoints/mace_multitm_model_run-123_epoch-11.pt
2026-10-01 18:16:36.133 DEBUG: Saving checkpoint: ./checkpoints/mace_multitm_model_run-123_epoch-12.pt
2026-10-01 18:17:30.827 INFO: Epoch 13: head: Default, loss=0.03677442, RMSE_E_per_atom=   22.92 meV, RMSE_F=  120.63 meV / A
2026-10-01 18:17:30.830 DEBUG: Deleting old checkpoint file: ./checkpoints/mace_multitm_model_run-123_epoch-12.pt
2026-10-01 18:17:30.831 DEBUG: Saving checkpoint: ./checkpoints/mace_multitm_model_run-123_epoch-13.pt
2026-10-01 18:18:24.247 INFO: Epoch 14: head: Default, loss=0.03427511, RMSE_E_per_atom=   22.03 meV, RMSE_F=  116.48 meV / A
2026-10-01 18:18:24.249 DEBUG: Deleting old checkpoint file: ./checkpoints/mace_multitm_model_run-123_epoch-13.pt
2026-10-01 18:18:24.250 DEBUG: Saving checkpoint: ./checkpoints/mace_multitm_model_run-123_epoch-14.pt
2026-10-01 18:19:16.294 INFO: Epoch 15: head: Default, loss=0.03268428, RMSE_E_per_atom=   21.09 meV, RMSE_F=  113.79 meV / A
2026-10-01 18:19:16.296 DEBUG: Deleting old checkpoint file: ./checkpoints/mace_multitm_model_run-123_epoch-14.pt
2026-10-01 18:19:16.297 DEBUG: Saving checkpoint: ./checkpoints/mace_multitm_model_run-123_epoch-15.pt
2026-10-01 18:20:08.855 INFO: Epoch 16: head: Default, loss=0.03164250, RMSE_E_per_atom=   20.01 meV, RMSE_F=  111.99 meV / A
2026-10-01 18:20:08.856 DEBUG: Deleting old checkpoint file: ./checkpoints/mace_multitm_model_run-123_epoch-15.pt
2026-10-01 18:20:08.857 DEBUG: Saving checkpoint: ./checkpoints/mace_multitm_model_run-123_epoch-16.pt
2026-10-01 18:21:00.646 INFO: Epoch 17: head: Default, loss=0.03026459, RMSE_E_per_atom=   18.78 meV, RMSE_F=  109.53 meV / A
2026-10-01 18:21:00.648 DEBUG: Deleting old checkpoint file: ./checkpoints/mace_multitm_model_run-123_epoch-16.pt
2026-10-01 18:21:00.649 DEBUG: Saving checkpoint: ./checkpoints/mace_multitm_model_run-123_epoch-17.pt
2026-10-01 18:21:52.328 INFO: Epoch 18: head: Default, loss=0.02940978, RMSE_E_per_atom=   18.47 meV, RMSE_F=  107.93 meV / A
2026-10-01 18:21:52.331 DEBUG: Deleting old checkpoint file: ./checkpoints/mace_multitm_model_run-123_epoch-17.pt
2026-10-01 18:21:52.332 DEBUG: Saving checkpoint: ./checkpoints/mace_multitm_model_run-123_epoch-18.pt
2026-10-01 18:22:44.305 INFO: Epoch 19: head: Default, loss=0.02800526, RMSE_E_per_atom=   18.30 meV, RMSE_F=  105.29 meV / A
2026-10-01 18:22:44.306 DEBUG: Deleting old checkpoint file: ./checkpoints/mace_multitm_model_run-123_epoch-18.pt
2026-10-01 18:22:44.307 DEBUG: Saving checkpoint: ./checkpoints/mace_multitm_model_run-123_epoch-19.pt
2026-10-01 18:23:36.968 INFO: Epoch 20: head: Default, loss=0.02679782, RMSE_E_per_atom=   17.95 meV, RMSE_F=  102.96 meV / A
2026-10-01 18:23:36.969 DEBUG: Deleting old checkpoint file: ./checkpoints/mace_multitm_model_run-123_epoch-19.pt
2026-10-01 18:23:36.971 DEBUG: Saving checkpoint: ./checkpoints/mace_multitm_model_run-123_epoch-20.pt
2026-10-01 18:24:28.138 INFO: Epoch 21: head: Default, loss=0.02564826, RMSE_E_per_atom=   17.12 meV, RMSE_F=  100.75 meV / A
2026-10-01 18:24:28.140 DEBUG: Deleting old checkpoint file: ./checkpoints/mace_multitm_model_run-123_epoch-20.pt
2026-10-01 18:24:28.141 DEBUG: Saving checkpoint: ./checkpoints/mace_multitm_model_run-123_epoch-21.pt
2026-10-01 18:25:19.659 INFO: Epoch 22: head: Default, loss=0.02443117, RMSE_E_per_atom=   16.87 meV, RMSE_F=   98.29 meV / A
2026-10-01 18:25:19.661 DEBUG: Deleting old checkpoint file: ./checkpoints/mace_multitm_model_run-123_epoch-21.pt
2026-10-01 18:25:19.662 DEBUG: Saving checkpoint: ./checkpoints/mace_multitm_model_run-123_epoch-22.pt
2026-10-01 18:26:12.527 INFO: Epoch 23: head: Default, loss=0.02349437, RMSE_E_per_atom=   16.84 meV, RMSE_F=   96.35 meV / A
2026-10-01 18:26:12.529 DEBUG: Deleting old checkpoint file: ./checkpoints/mace_multitm_model_run-123_epoch-22.pt
2026-10-01 18:26:12.530 DEBUG: Saving checkpoint: ./checkpoints/mace_multitm_model_run-123_epoch-23.pt
2026-10-01 18:27:04.723 INFO: Epoch 24: head: Default, loss=0.02261912, RMSE_E_per_atom=   16.65 meV, RMSE_F=   94.56 meV / A
2026-10-01 18:27:04.725 DEBUG: Deleting old checkpoint file: ./checkpoints/mace_multitm_model_run-123_epoch-23.pt
2026-10-01 18:27:04.726 DEBUG: Saving checkpoint: ./checkpoints/mace_multitm_model_run-123_epoch-24.pt
2026-10-01 18:27:56.822 INFO: Epoch 25: head: Default, loss=0.02164402, RMSE_E_per_atom=   16.28 meV, RMSE_F=   92.48 meV / A
2026-10-01 18:27:56.824 DEBUG: Deleting old checkpoint file: ./checkpoints/mace_multitm_model_run-123_epoch-24.pt
2026-10-01 18:27:56.825 DEBUG: Saving checkpoint: ./checkpoints/mace_multitm_model_run-123_epoch-25.pt
2026-10-01 18:28:48.813 INFO: Epoch 26: head: Default, loss=0.02109360, RMSE_E_per_atom=   15.54 meV, RMSE_F=   91.35 meV / A
2026-10-01 18:28:48.815 DEBUG: Deleting old checkpoint file: ./checkpoints/mace_multitm_model_run-123_epoch-25.pt
2026-10-01 18:28:48.816 DEBUG: Saving checkpoint: ./checkpoints/mace_multitm_model_run-123_epoch-26.pt
2026-10-01 18:29:40.961 INFO: Epoch 27: head: Default, loss=0.01981224, RMSE_E_per_atom=   14.78 meV, RMSE_F=   88.53 meV / A
2026-10-01 18:29:40.963 DEBUG: Deleting old checkpoint file: ./checkpoints/mace_multitm_model_run-123_epoch-26.pt
2026-10-01 18:29:40.964 DEBUG: Saving checkpoint: ./checkpoints/mace_multitm_model_run-123_epoch-27.pt
2026-10-01 18:30:33.170 INFO: Epoch 28: head: Default, loss=0.01924108, RMSE_E_per_atom=   14.29 meV, RMSE_F=   87.26 meV / A
2026-10-01 18:30:33.172 DEBUG: Deleting old checkpoint file: ./checkpoints/mace_multitm_model_run-123_epoch-27.pt
2026-10-01 18:30:33.173 DEBUG: Saving checkpoint: ./checkpoints/mace_multitm_model_run-123_epoch-28.pt
2026-10-01 18:31:25.655 INFO: Epoch 29: head: Default, loss=0.01876059, RMSE_E_per_atom=   14.13 meV, RMSE_F=   86.18 meV / A
2026-10-01 18:31:25.656 DEBUG: Deleting old checkpoint file: ./checkpoints/mace_multitm_model_run-123_epoch-28.pt
2026-10-01 18:31:25.657 DEBUG: Saving checkpoint: ./checkpoints/mace_multitm_model_run-123_epoch-29.pt
2026-10-01 18:32:18.218 INFO: Epoch 30: head: Default, loss=0.01804043, RMSE_E_per_atom=   13.77 meV, RMSE_F=   84.53 meV / A
2026-10-01 18:32:18.220 DEBUG: Deleting old checkpoint file: ./checkpoints/mace_multitm_model_run-123_epoch-29.pt
2026-10-01 18:32:18.221 DEBUG: Saving checkpoint: ./checkpoints/mace_multitm_model_run-123_epoch-30.pt
2026-10-01 18:33:10.458 INFO: Epoch 31: head: Default, loss=0.01715931, RMSE_E_per_atom=   13.33 meV, RMSE_F=   82.46 meV / A
2026-10-01 18:33:10.459 DEBUG: Deleting old checkpoint file: ./checkpoints/mace_multitm_model_run-123_epoch-30.pt
2026-10-01 18:33:10.460 DEBUG: Saving checkpoint: ./checkpoints/mace_multitm_model_run-123_epoch-31.pt
2026-10-01 18:34:02.157 INFO: Epoch 32: head: Default, loss=0.01667425, RMSE_E_per_atom=   13.26 meV, RMSE_F=   81.29 meV / A
2026-10-01 18:34:02.160 DEBUG: Deleting old checkpoint file: ./checkpoints/mace_multitm_model_run-123_epoch-31.pt
2026-10-01 18:34:02.162 DEBUG: Saving checkpoint: ./checkpoints/mace_multitm_model_run-123_epoch-32.pt
2026-10-01 18:34:53.856 INFO: Epoch 33: head: Default, loss=0.01617707, RMSE_E_per_atom=   13.58 meV, RMSE_F=   80.07 meV / A
2026-10-01 18:34:53.859 DEBUG: Deleting old checkpoint file: ./checkpoints/mace_multitm_model_run-123_epoch-32.pt
2026-10-01 18:34:53.860 DEBUG: Saving checkpoint: ./checkpoints/mace_multitm_model_run-123_epoch-33.pt
2026-10-01 18:35:45.714 INFO: Epoch 34: head: Default, loss=0.01568613, RMSE_E_per_atom=   13.02 meV, RMSE_F=   78.86 meV / A
2026-10-01 18:35:45.716 DEBUG: Deleting old checkpoint file: ./checkpoints/mace_multitm_model_run-123_epoch-33.pt
2026-10-01 18:35:45.717 DEBUG: Saving checkpoint: ./checkpoints/mace_multitm_model_run-123_epoch-34.pt
2026-10-01 18:36:38.233 INFO: Epoch 35: head: Default, loss=0.01524906, RMSE_E_per_atom=   12.78 meV, RMSE_F=   77.75 meV / A
2026-10-01 18:36:38.235 DEBUG: Deleting old checkpoint file: ./checkpoints/mace_multitm_model_run-123_epoch-34.pt
2026-10-01 18:36:38.236 DEBUG: Saving checkpoint: ./checkpoints/mace_multitm_model_run-123_epoch-35.pt
2026-10-01 18:37:30.330 INFO: Epoch 36: head: Default, loss=0.01476905, RMSE_E_per_atom=   12.62 meV, RMSE_F=   76.55 meV / A
2026-10-01 18:37:30.332 DEBUG: Deleting old checkpoint file: ./checkpoints/mace_multitm_model_run-123_epoch-35.pt
2026-10-01 18:37:30.333 DEBUG: Saving checkpoint: ./checkpoints/mace_multitm_model_run-123_epoch-36.pt
2026-10-01 18:38:22.590 INFO: Epoch 37: head: Default, loss=0.01448141, RMSE_E_per_atom=   12.19 meV, RMSE_F=   75.79 meV / A
2026-10-01 18:38:22.592 DEBUG: Deleting old checkpoint file: ./checkpoints/mace_multitm_model_run-123_epoch-36.pt
2026-10-01 18:38:22.593 DEBUG: Saving checkpoint: ./checkpoints/mace_multitm_model_run-123_epoch-37.pt
2026-10-01 18:39:16.525 INFO: Epoch 38: head: Default, loss=0.01425227, RMSE_E_per_atom=   11.78 meV, RMSE_F=   75.19 meV / A
2026-10-01 18:39:16.527 DEBUG: Deleting old checkpoint file: ./checkpoints/mace_multitm_model_run-123_epoch-37.pt
2026-10-01 18:39:16.528 DEBUG: Saving checkpoint: ./checkpoints/mace_multitm_model_run-123_epoch-38.pt
2026-10-01 18:40:08.255 INFO: Epoch 39: head: Default, loss=0.01392038, RMSE_E_per_atom=   11.70 meV, RMSE_F=   74.31 meV / A
2026-10-01 18:40:08.257 DEBUG: Deleting old checkpoint file: ./checkpoints/mace_multitm_model_run-123_epoch-38.pt
2026-10-01 18:40:08.257 DEBUG: Saving checkpoint: ./checkpoints/mace_multitm_model_run-123_epoch-39.pt
2026-10-01 18:41:00.907 INFO: Epoch 40: head: Default, loss=0.01348819, RMSE_E_per_atom=   11.42 meV, RMSE_F=   73.13 meV / A
2026-10-01 18:41:00.909 DEBUG: Deleting old checkpoint file: ./checkpoints/mace_multitm_model_run-123_epoch-39.pt
2026-10-01 18:41:00.910 DEBUG: Saving checkpoint: ./checkpoints/mace_multitm_model_run-123_epoch-40.pt
2026-10-01 18:41:52.604 INFO: Epoch 41: head: Default, loss=0.01319900, RMSE_E_per_atom=   11.25 meV, RMSE_F=   72.32 meV / A
2026-10-01 18:41:52.606 DEBUG: Deleting old checkpoint file: ./checkpoints/mace_multitm_model_run-123_epoch-40.pt
2026-10-01 18:41:52.607 DEBUG: Saving checkpoint: ./checkpoints/mace_multitm_model_run-123_epoch-41.pt
2026-10-01 18:42:45.752 INFO: Epoch 42: head: Default, loss=0.01323225, RMSE_E_per_atom=   11.07 meV, RMSE_F=   72.46 meV / A
2026-10-01 18:43:40.308 INFO: Epoch 43: head: Default, loss=0.01286365, RMSE_E_per_atom=   11.06 meV, RMSE_F=   71.45 meV / A
2026-10-01 18:43:40.311 DEBUG: Deleting old checkpoint file: ./checkpoints/mace_multitm_model_run-123_epoch-41.pt
2026-10-01 18:43:40.312 DEBUG: Saving checkpoint: ./checkpoints/mace_multitm_model_run-123_epoch-43.pt
2026-10-01 18:44:32.455 INFO: Epoch 44: head: Default, loss=0.01289358, RMSE_E_per_atom=   11.64 meV, RMSE_F=   71.51 meV / A
2026-10-01 18:45:24.246 INFO: Epoch 45: head: Default, loss=0.01286570, RMSE_E_per_atom=   12.24 meV, RMSE_F=   71.43 meV / A
2026-10-01 18:46:16.234 INFO: Epoch 46: head: Default, loss=0.01320121, RMSE_E_per_atom=   11.79 meV, RMSE_F=   72.37 meV / A
2026-10-01 18:47:08.804 INFO: Epoch 47: head: Default, loss=0.01286764, RMSE_E_per_atom=   11.94 meV, RMSE_F=   71.45 meV / A
2026-10-01 18:48:03.178 INFO: Epoch 48: head: Default, loss=0.01245213, RMSE_E_per_atom=   11.79 meV, RMSE_F=   70.29 meV / A
2026-10-01 18:48:03.179 DEBUG: Deleting old checkpoint file: ./checkpoints/mace_multitm_model_run-123_epoch-43.pt
2026-10-01 18:48:03.181 DEBUG: Saving checkpoint: ./checkpoints/mace_multitm_model_run-123_epoch-48.pt
2026-10-01 18:49:00.204 INFO: Epoch 49: head: Default, loss=0.01196106, RMSE_E_per_atom=   11.06 meV, RMSE_F=   68.90 meV / A
2026-10-01 18:49:00.207 DEBUG: Deleting old checkpoint file: ./checkpoints/mace_multitm_model_run-123_epoch-48.pt
2026-10-01 18:49:00.208 DEBUG: Saving checkpoint: ./checkpoints/mace_multitm_model_run-123_epoch-49.pt
2026-10-01 18:49:57.621 INFO: Epoch 50: head: Default, loss=0.01178876, RMSE_E_per_atom=   10.69 meV, RMSE_F=   68.41 meV / A
2026-10-01 18:49:57.623 DEBUG: Deleting old checkpoint file: ./checkpoints/mace_multitm_model_run-123_epoch-49.pt
2026-10-01 18:49:57.624 DEBUG: Saving checkpoint: ./checkpoints/mace_multitm_model_run-123_epoch-50.pt
2026-10-01 18:50:51.927 INFO: Epoch 51: head: Default, loss=0.01155692, RMSE_E_per_atom=   10.43 meV, RMSE_F=   67.74 meV / A
2026-10-01 18:50:51.936 DEBUG: Deleting old checkpoint file: ./checkpoints/mace_multitm_model_run-123_epoch-50.pt
2026-10-01 18:50:51.937 DEBUG: Saving checkpoint: ./checkpoints/mace_multitm_model_run-123_epoch-51.pt
2026-10-01 18:51:49.489 INFO: Epoch 52: head: Default, loss=0.01144965, RMSE_E_per_atom=   10.44 meV, RMSE_F=   67.41 meV / A
2026-10-01 18:51:49.490 DEBUG: Deleting old checkpoint file: ./checkpoints/mace_multitm_model_run-123_epoch-51.pt
2026-10-01 18:51:49.492 DEBUG: Saving checkpoint: ./checkpoints/mace_multitm_model_run-123_epoch-52.pt
2026-10-01 18:52:44.353 INFO: Epoch 53: head: Default, loss=0.01124814, RMSE_E_per_atom=   10.19 meV, RMSE_F=   66.82 meV / A
2026-10-01 18:52:44.359 DEBUG: Deleting old checkpoint file: ./checkpoints/mace_multitm_model_run-123_epoch-52.pt
2026-10-01 18:52:44.359 DEBUG: Saving checkpoint: ./checkpoints/mace_multitm_model_run-123_epoch-53.pt
2026-10-01 18:53:36.807 INFO: Epoch 54: head: Default, loss=0.01097626, RMSE_E_per_atom=   10.15 meV, RMSE_F=   66.00 meV / A
2026-10-01 18:53:36.808 DEBUG: Deleting old checkpoint file: ./checkpoints/mace_multitm_model_run-123_epoch-53.pt
2026-10-01 18:53:36.809 DEBUG: Saving checkpoint: ./checkpoints/mace_multitm_model_run-123_epoch-54.pt
2026-10-01 18:54:34.553 INFO: Epoch 55: head: Default, loss=0.01076194, RMSE_E_per_atom=    9.96 meV, RMSE_F=   65.35 meV / A
2026-10-01 18:54:34.555 DEBUG: Deleting old checkpoint file: ./checkpoints/mace_multitm_model_run-123_epoch-54.pt
2026-10-01 18:54:34.557 DEBUG: Saving checkpoint: ./checkpoints/mace_multitm_model_run-123_epoch-55.pt
2026-10-01 18:55:31.753 INFO: Epoch 56: head: Default, loss=0.01051127, RMSE_E_per_atom=    9.78 meV, RMSE_F=   64.59 meV / A
2026-10-01 18:55:31.755 DEBUG: Deleting old checkpoint file: ./checkpoints/mace_multitm_model_run-123_epoch-55.pt
2026-10-01 18:55:31.757 DEBUG: Saving checkpoint: ./checkpoints/mace_multitm_model_run-123_epoch-56.pt
2026-10-01 18:56:30.261 INFO: Epoch 57: head: Default, loss=0.01037689, RMSE_E_per_atom=    9.63 meV, RMSE_F=   64.16 meV / A
2026-10-01 18:56:30.263 DEBUG: Deleting old checkpoint file: ./checkpoints/mace_multitm_model_run-123_epoch-56.pt
2026-10-01 18:56:30.264 DEBUG: Saving checkpoint: ./checkpoints/mace_multitm_model_run-123_epoch-57.pt
2026-10-01 18:57:25.478 INFO: Epoch 58: head: Default, loss=0.01028135, RMSE_E_per_atom=    9.49 meV, RMSE_F=   63.88 meV / A
2026-10-01 18:57:25.480 DEBUG: Deleting old checkpoint file: ./checkpoints/mace_multitm_model_run-123_epoch-57.pt
2026-10-01 18:57:25.481 DEBUG: Saving checkpoint: ./checkpoints/mace_multitm_model_run-123_epoch-58.pt
2026-10-01 18:58:22.080 INFO: Epoch 59: head: Default, loss=0.01030187, RMSE_E_per_atom=    9.45 meV, RMSE_F=   63.95 meV / A
2026-10-01 18:58:22.081 INFO: Training complete
2026-10-01 18:58:22.081 INFO: 
2026-10-01 18:58:22.081 INFO: ===========RESULTS===========
2026-10-01 18:58:22.081 INFO: Loading checkpoint: ./checkpoints/mace_multitm_model_run-123_epoch-59.pt
2026-10-01 18:58:22.104 INFO: Loaded Stage one model from epoch 59 for evaluation
2026-10-01 18:58:22.104 INFO: Saving model to checkpoints/mace_multitm_model_run-123.model
2026-10-01 18:58:22.271 INFO: Compiling model, saving metadata to mace_multitm_model_compiled.model
2026-10-01 18:58:22.950 INFO: Computing metrics for training, validation, and test sets
2026-10-01 18:58:22.951 INFO: Skipping evaluation for heads: ['pt_head']
2026-10-01 18:58:22.951 INFO: Evaluating train_Default ...
2026-10-01 18:58:39.462 INFO: Evaluating valid_Default ...
2026-10-01 18:58:42.360 INFO: Error-table on TRAIN and VALID:
+---------------+---------------------+------------------+-------------------+
|  config_type  | RMSE E / meV / atom | RMSE F / meV / A | relative F RMSE % |
+---------------+---------------------+------------------+-------------------+
| train_Default |           15.0      |         64.1     |          3.26     |
| valid_Default |           11.1      |         74.9     |          3.83     |
+---------------+---------------------+------------------+-------------------+
2026-10-01 18:58:42.360 DEBUG: Running inference on train_Default dataset
2026-10-01 18:58:58.912 DEBUG: Running inference on valid_Default dataset
2026-10-01 18:59:02.243 DEBUG: STREAM b'IHDR' 16 13
2026-10-01 18:59:02.244 DEBUG: STREAM b'sBIT' 41 4
2026-10-01 18:59:02.244 DEBUG: b'sBIT' 41 4 (unknown)
2026-10-01 18:59:02.244 DEBUG: STREAM b'pHYs' 57 9
2026-10-01 18:59:02.244 DEBUG: STREAM b'IDAT' 78 1189
2026-10-01 18:59:02.246 DEBUG: STREAM b'IHDR' 16 13
2026-10-01 18:59:02.247 DEBUG: STREAM b'sBIT' 41 4
2026-10-01 18:59:02.247 DEBUG: b'sBIT' 41 4 (unknown)
2026-10-01 18:59:02.247 DEBUG: STREAM b'pHYs' 57 9
2026-10-01 18:59:02.247 DEBUG: STREAM b'IDAT' 78 2994
2026-10-01 18:59:02.264 DEBUG: STREAM b'IHDR' 16 13
2026-10-01 18:59:02.264 DEBUG: STREAM b'sBIT' 41 4
2026-10-01 18:59:02.264 DEBUG: b'sBIT' 41 4 (unknown)
2026-10-01 18:59:02.264 DEBUG: STREAM b'pHYs' 57 9
2026-10-01 18:59:02.264 DEBUG: STREAM b'IDAT' 78 374
2026-10-01 18:59:02.265 DEBUG: STREAM b'IHDR' 16 13
2026-10-01 18:59:02.265 DEBUG: STREAM b'sBIT' 41 4
2026-10-01 18:59:02.265 DEBUG: b'sBIT' 41 4 (unknown)
2026-10-01 18:59:02.266 DEBUG: STREAM b'pHYs' 57 9
2026-10-01 18:59:02.266 DEBUG: STREAM b'IDAT' 78 286
2026-10-01 18:59:02.267 DEBUG: STREAM b'IHDR' 16 13
2026-10-01 18:59:02.267 DEBUG: STREAM b'sBIT' 41 4
2026-10-01 18:59:02.267 DEBUG: b'sBIT' 41 4 (unknown)
2026-10-01 18:59:02.267 DEBUG: STREAM b'pHYs' 57 9
2026-10-01 18:59:02.267 DEBUG: STREAM b'IDAT' 78 263
2026-10-01 18:59:02.269 DEBUG: STREAM b'IHDR' 16 13
2026-10-01 18:59:02.269 DEBUG: STREAM b'sBIT' 41 4
2026-10-01 18:59:02.269 DEBUG: b'sBIT' 41 4 (unknown)
2026-10-01 18:59:02.269 DEBUG: STREAM b'pHYs' 57 9
2026-10-01 18:59:02.269 DEBUG: STREAM b'IDAT' 78 387
2026-10-01 18:59:02.269 DEBUG: STREAM b'IHDR' 16 13
2026-10-01 18:59:02.270 DEBUG: STREAM b'sBIT' 41 4
2026-10-01 18:59:02.270 DEBUG: b'sBIT' 41 4 (unknown)
2026-10-01 18:59:02.270 DEBUG: STREAM b'pHYs' 57 9
2026-10-01 18:59:02.270 DEBUG: STREAM b'IDAT' 78 436
2026-10-01 18:59:02.270 DEBUG: STREAM b'IHDR' 16 13
2026-10-01 18:59:02.270 DEBUG: STREAM b'sBIT' 41 4
2026-10-01 18:59:02.271 DEBUG: b'sBIT' 41 4 (unknown)
2026-10-01 18:59:02.271 DEBUG: STREAM b'pHYs' 57 9
2026-10-01 18:59:02.271 DEBUG: STREAM b'IDAT' 78 351
2026-10-01 18:59:02.272 DEBUG: STREAM b'IHDR' 16 13
2026-10-01 18:59:02.272 DEBUG: STREAM b'sBIT' 41 4
2026-10-01 18:59:02.272 DEBUG: b'sBIT' 41 4 (unknown)
2026-10-01 18:59:02.272 DEBUG: STREAM b'pHYs' 57 9
2026-10-01 18:59:02.272 DEBUG: STREAM b'IDAT' 78 364
2026-10-01 18:59:03.866 INFO: Done
2026-10-01 22:39:37.351 INFO: ===========VERIFYING SETTINGS===========
2026-10-01 22:39:37.352 INFO: MACE version: 0.3.16
2026-10-01 22:39:37.352 DEBUG: Configuration: Namespace(config=None, name='mace_multitm_model', seed=123, work_dir='.', log_dir='./logs', model_dir='.', checkpoints_dir='./checkpoints', results_dir='./results', downloads_dir='./downloads', device='cpu', default_dtype='float32', distributed=False, launcher='slurm', log_level='INFO', plot=True, plot_frequency=0, plot_interaction_e=False, error_table='PerAtomRMSE', model='ScaleShiftMACE', r_max=5.0, radial_type='bessel', num_radial_basis=8, num_cutoff_basis=5, pair_repulsion=False, distance_transform='None', apply_cutoff=True, use_last_readout_only=False, use_embedding_readout=False, interaction='RealAgnosticResidualInteractionBlock', interaction_first='RealAgnosticResidualInteractionBlock', max_ell=3, correlation=3, use_reduced_cg=False, use_so3=False, use_agnostic_product=False, num_interactions=2, MLP_irreps='16x0e', radial_MLP='[64, 64, 64]', hidden_irreps='64x0e + 64x1o', edge_irreps=None, use_edge_irreps_first=False, num_channels=64, max_L=1, gate='silu', kspace_cutoff_factor=1.5, atomic_multipoles_max_l=0, atomic_multipoles_smearing_width=1.0, field_feature_max_l=0, field_feature_widths='[1.0]', field_feature_norms=None, num_recursion_steps=1, field_si=False, include_electrostatic_self_interaction=False, add_local_electron_energy=False, quadrupole_feature_corrections=False, return_electrostatic_potentials=False, field_norm_factor=0.02, fixedpoint_update_config=None, field_readout_config=None, scaling='rms_forces_scaling', avg_num_neighbors=1, compute_avg_num_neighbors=True, compute_stress=False, compute_forces=True, compute_polarizability=False, compute_atomic_dipole=False, train_file='mace_train.xyz', valid_file='mace_val.xyz', valid_fraction=0.1, test_file=None, test_dir=None, multi_processed_test=False, num_workers=0, pin_memory=True, atomic_numbers='[1, 6, 7, 27, 28, 46]', mean=None, std=None, statistics_file=None, les_arguments=None, E0s='average', pseudolabel_replay=False, pseudolabel_replay_compute_stress=False, foundation_filter_elements=True, heads=None, multiheads_finetuning=True, foundation_head=None, weight_pt_head=1.0, real_pt_data_ratio_threshold=0.1, num_samples_pt=10000, force_mh_ft_lr=False, subselect_pt='random', filter_type_pt='none', allow_random_padding_pt=True, pt_train_file=None, pt_valid_file=None, foundation_model_elements=False, keep_isolated_atoms=False, lora=False, lora_rank=4, lora_alpha=1.0, energy_key='energy', forces_key='forces', virials_key='REF_virials', stress_key='REF_stress', dipole_key='dipole', polarizability_key='polarizability', head_key='head', charges_key='REF_charges', elec_temp_key='elec_temp', total_spin_key='total_spin', total_charge_key='total_charge', embedding_specs=None, skip_evaluate_heads='pt_head', loss='weighted', forces_weight=10.0, swa_forces_weight=100.0, energy_weight=1.0, swa_energy_weight=1000.0, virials_weight=1.0, swa_virials_weight=10.0, stress_weight=1.0, swa_stress_weight=10.0, dipole_weight=1.0, swa_dipole_weight=1.0, swa_polarizability_weight=1.0, polarizability_weight=1.0, config_type_weights='{"Default":1.0}', huber_delta=0.01, optimizer='adam', beta=0.9, beta1_schedulefree=0.9, beta2_schedulefree=0.98, batch_size=4, valid_batch_size=4, lr=0.01, swa_lr=0.001, weight_decay=5e-07, lr_params_factors='{"embedding_lr_factor": 1.0, "interactions_lr_factor": 1.0, "products_lr_factor": 1.0, "readouts_lr_factor": 1.0}', freeze=None, amsgrad=True, scheduler='ReduceLROnPlateau', lr_factor=0.8, scheduler_patience=50, lr_scheduler_gamma=0.9993, swa=False, start_swa=None, lbfgs=False, ema=True, ema_decay=0.99, max_num_epochs=60, patience=2048, foundation_model=None, foundation_model_kwargs='{}', foundation_model_readout=True, eval_interval=1, keep_checkpoints=False, save_all_checkpoints=False, restart_latest=False, save_cpu=False, clip_grad=10.0, dry_run=False, enable_cueq=False, only_cueq=False, enable_oeq=False, wandb=False, wandb_dir=None, wandb_project='', wandb_entity='', wandb_name='', wandb_log_hypers=['num_channels', 'max_L', 'correlation', 'lr', 'swa_lr', 'weight_decay', 'batch_size', 'max_num_epochs', 'start_swa', 'energy_weight', 'forces_weight'], key_specification=KeySpecification(info_keys={'energy': 'energy', 'stress': 'REF_stress', 'virials': 'REF_virials', 'dipole': 'dipole', 'head': 'head', 'elec_temp': 'elec_temp', 'total_charge': 'total_charge', 'polarizability': 'polarizability', 'total_spin': 'total_spin'}, arrays_keys={'forces': 'forces', 'charges': 'REF_charges'}))
2026-10-01 22:39:37.352 INFO: Using CPU
2026-10-01 22:39:37.393 DEBUG: Popen(['git', 'version'], cwd=/home/ziat1/Documents/Training/Autonomous_MultiTM_SAC_Pipeline, stdin=None, shell=False, universal_newlines=False)
2026-10-01 22:39:37.400 DEBUG: Popen(['git', 'version'], cwd=/home/ziat1/Documents/Training/Autonomous_MultiTM_SAC_Pipeline, stdin=None, shell=False, universal_newlines=False)
2026-10-01 22:39:37.404 DEBUG: sys.platform='linux', git_executable='git'
2026-10-01 22:39:37.405 DEBUG: Error accessing Git repository: /home/ziat1/Documents/Training/Autonomous_MultiTM_SAC_Pipeline
2026-10-01 22:39:37.405 INFO: ===========LOADING INPUT DATA===========
2026-10-01 22:39:37.405 INFO: Using heads: ['Default']
2026-10-01 22:39:37.405 INFO: Using the key specifications to parse data:
2026-10-01 22:39:37.405 INFO: Default: KeySpecification(info_keys={'energy': 'energy', 'stress': 'REF_stress', 'virials': 'REF_virials', 'dipole': 'dipole', 'head': 'head', 'elec_temp': 'elec_temp', 'total_charge': 'total_charge', 'polarizability': 'polarizability', 'total_spin': 'total_spin'}, arrays_keys={'forces': 'forces', 'charges': 'REF_charges'})
2026-10-01 22:39:37.405 INFO: =============    Processing head Default     ===========
2026-10-01 22:39:37.405 DEBUG: Loading training file: mace_train.xyz
2026-10-01 22:39:37.481 WARNING: Since ASE version 3.23.0b1, using energy_key 'energy' is no longer safe when communicating between MACE and ASE. We recommend using a different key, rewriting 'energy' to 'REF_energy'. You need to use --energy_key='REF_energy' to specify the chosen key name.
2026-10-01 22:39:37.493 WARNING: Since ASE version 3.23.0b1, using forces_key 'forces' is no longer safe when communicating between MACE and ASE. We recommend using a different key, rewriting 'forces' to 'REF_forces'. You need to use --forces_key='REF_forces' to specify the chosen key name.
2026-10-01 22:39:37.510 INFO: Training set 1/1 [energy: 210, stress: 0, virials: 0, dipole components: 0, head: 210, elec_temp: 0, total_charge: 0, polarizability: 0, total_spin: 0, forces: 210, charges: 0]
2026-10-01 22:39:37.511 INFO: Total Training set [energy: 210, stress: 0, virials: 0, dipole components: 0, head: 210, elec_temp: 0, total_charge: 0, polarizability: 0, total_spin: 0, forces: 210, charges: 0]
2026-10-01 22:39:37.530 WARNING: Since ASE version 3.23.0b1, using energy_key 'energy' is no longer safe when communicating between MACE and ASE. We recommend using a different key, rewriting 'energy' to 'REF_energy'. You need to use --energy_key='REF_energy' to specify the chosen key name.
2026-10-01 22:39:37.533 WARNING: Since ASE version 3.23.0b1, using forces_key 'forces' is no longer safe when communicating between MACE and ASE. We recommend using a different key, rewriting 'forces' to 'REF_forces'. You need to use --forces_key='REF_forces' to specify the chosen key name.
2026-10-01 22:39:37.536 INFO: Validation set 1/1 [energy: 38, stress: 0, virials: 0, dipole components: 0, head: 38, elec_temp: 0, total_charge: 0, polarizability: 0, total_spin: 0, forces: 38, charges: 0]
2026-10-01 22:39:37.537 INFO: Total Validation set [energy: 38, stress: 0, virials: 0, dipole components: 0, head: 38, elec_temp: 0, total_charge: 0, polarizability: 0, total_spin: 0, forces: 38, charges: 0]
2026-10-01 22:39:37.537 INFO: Total number of configurations: train=210, valid=38, tests=[],
2026-10-01 22:39:37.537 INFO: Using atomic numbers from command line argument
2026-10-01 22:39:37.537 INFO: Atomic Numbers used: [1, 6, 7, 27, 28, 46]
2026-10-01 22:39:37.537 INFO: Isolated Atomic Energies (E0s) not in training file, using command line argument
2026-10-01 22:39:37.537 INFO: Computing average Atomic Energies using least squares regression
2026-10-01 22:39:37.539 INFO: Atomic Energies used (z: eV) for head Default: {1: -7.197763348048121, 6: -8.89026966282508, 7: -8.418644668344038, 27: -0.11110335598827159, 28: 1.4737429427832027, 46: -1.7158827364106213}
2026-10-01 22:39:37.539 INFO: Processing datasets for head 'Default'
2026-10-01 22:39:37.669 DEBUG: Successfully loaded dataset from ASE files: ['mace_train.xyz']
2026-10-01 22:39:37.669 INFO: Combining 1 list datasets for head 'Default'
2026-10-01 22:39:37.691 DEBUG: Successfully loaded validation dataset from ASE files: ['mace_val.xyz']
2026-10-01 22:39:37.691 INFO: Combining 1 list datasets for head 'Default_valid'
2026-10-01 22:39:37.691 INFO: Combined validation datasets for Default
2026-10-01 22:39:37.691 INFO: Head 'Default' training dataset size: 210
2026-10-01 22:39:37.691 INFO: Computing average number of neighbors
2026-10-01 22:39:37.767 INFO: Average number of neighbors: 29.715635299682617
2026-10-01 22:39:37.767 INFO: During training the following quantities will be reported: energy, forces
2026-10-01 22:39:37.767 INFO: ===========MODEL DETAILS===========
2026-10-01 22:39:37.847 INFO: Building model
2026-10-01 22:39:37.848 INFO: Message passing with 64 channels and max_L=1 (64x0e + 64x1o)
2026-10-01 22:39:37.848 INFO: 2 layers, each with correlation order: 3 (body order: 4) and spherical harmonics up to: l=3
2026-10-01 22:39:37.848 INFO: 8 radial and 5 basis functions
2026-10-01 22:39:37.848 INFO: Radial cutoff: 5.0 A (total receptive field for each atom: 10.0 A)
2026-10-01 22:39:37.848 INFO: Distance transform for radial basis functions: None
2026-10-01 22:39:37.848 INFO: Hidden irreps: 64x0e + 64x1o
2026-10-01 22:39:38.791 INFO: ===========OPTIMIZER INFORMATION===========
2026-10-01 22:39:38.791 INFO: Using ADAM as parameter optimizer
2026-10-01 22:39:38.791 INFO: Batch size: 4
2026-10-01 22:39:38.791 INFO: Using Exponential Moving Average with decay: 0.99
2026-10-01 22:39:38.791 INFO: Number of gradient updates: 3150
2026-10-01 22:39:38.791 INFO: Learning rate: 0.01, weight decay: 5e-07
2026-10-01 22:39:38.791 INFO: WeightedEnergyForcesLoss(energy_weight=1.000, forces_weight=10.000)
2026-10-01 22:39:38.792 INFO: === Layer's learning rates ===
2026-10-01 22:39:38.792 INFO: Param group 0: lr = 0.01
2026-10-01 22:39:38.792 INFO: Param group 1: lr = 0.01
2026-10-01 22:39:38.792 INFO: Param group 2: lr = 0.01
2026-10-01 22:39:38.792 INFO: Param group 3: lr = 0.01
2026-10-01 22:39:38.792 INFO: Param group 4: lr = 0.01
2026-10-01 22:39:38.793 INFO: Using gradient clipping with tolerance=10.000
2026-10-01 22:39:38.793 INFO: 
2026-10-01 22:39:38.793 INFO: ===========TRAINING===========
2026-10-01 22:39:38.793 INFO: Started training, reporting errors on validation set
2026-10-01 22:39:38.793 INFO: Loss metrics on validation set
2026-10-01 22:39:42.224 INFO: Initial: head: Default, loss=9.07029819, RMSE_E_per_atom=  634.50 meV, RMSE_F= 1892.41 meV / A
2026-10-01 22:40:41.526 INFO: Epoch 0: head: Default, loss=0.59075946, RMSE_E_per_atom=   45.45 meV, RMSE_F=  478.42 meV / A
2026-10-01 22:40:41.527 DEBUG: Saving checkpoint: ./checkpoints/mace_multitm_model_run-123_epoch-0.pt
2026-10-01 22:41:42.925 INFO: Epoch 1: head: Default, loss=0.19924942, RMSE_E_per_atom=   41.71 meV, RMSE_F=  279.04 meV / A
2026-10-01 22:41:42.927 DEBUG: Deleting old checkpoint file: ./checkpoints/mace_multitm_model_run-123_epoch-0.pt
2026-10-01 22:41:42.928 DEBUG: Saving checkpoint: ./checkpoints/mace_multitm_model_run-123_epoch-1.pt
2026-10-01 22:42:42.568 INFO: Epoch 2: head: Default, loss=0.13946052, RMSE_E_per_atom=   40.54 meV, RMSE_F=  233.18 meV / A
2026-10-01 22:42:42.569 DEBUG: Deleting old checkpoint file: ./checkpoints/mace_multitm_model_run-123_epoch-1.pt
2026-10-01 22:42:42.570 DEBUG: Saving checkpoint: ./checkpoints/mace_multitm_model_run-123_epoch-2.pt
2026-10-01 22:43:40.451 INFO: Epoch 3: head: Default, loss=0.10226338, RMSE_E_per_atom=   37.17 meV, RMSE_F=  200.04 meV / A
2026-10-01 22:43:40.452 DEBUG: Deleting old checkpoint file: ./checkpoints/mace_multitm_model_run-123_epoch-2.pt
2026-10-01 22:43:40.453 DEBUG: Saving checkpoint: ./checkpoints/mace_multitm_model_run-123_epoch-3.pt
2026-10-01 22:44:38.143 INFO: Epoch 4: head: Default, loss=0.07897104, RMSE_E_per_atom=   33.10 meV, RMSE_F=  175.84 meV / A
2026-10-01 22:44:38.145 DEBUG: Deleting old checkpoint file: ./checkpoints/mace_multitm_model_run-123_epoch-3.pt
2026-10-01 22:44:38.146 DEBUG: Saving checkpoint: ./checkpoints/mace_multitm_model_run-123_epoch-4.pt
2026-10-01 22:45:37.011 INFO: Epoch 5: head: Default, loss=0.06201991, RMSE_E_per_atom=   32.15 meV, RMSE_F=  155.76 meV / A
2026-10-01 22:45:37.013 DEBUG: Deleting old checkpoint file: ./checkpoints/mace_multitm_model_run-123_epoch-4.pt
2026-10-01 22:45:37.014 DEBUG: Saving checkpoint: ./checkpoints/mace_multitm_model_run-123_epoch-5.pt
2026-10-01 22:46:36.081 INFO: Epoch 6: head: Default, loss=0.05351421, RMSE_E_per_atom=   28.88 meV, RMSE_F=  144.73 meV / A
2026-10-01 22:46:36.083 DEBUG: Deleting old checkpoint file: ./checkpoints/mace_multitm_model_run-123_epoch-5.pt
2026-10-01 22:46:36.084 DEBUG: Saving checkpoint: ./checkpoints/mace_multitm_model_run-123_epoch-6.pt
2026-10-01 22:47:36.140 INFO: Epoch 7: head: Default, loss=0.04671307, RMSE_E_per_atom=   27.31 meV, RMSE_F=  135.18 meV / A
2026-10-01 22:47:36.142 DEBUG: Deleting old checkpoint file: ./checkpoints/mace_multitm_model_run-123_epoch-6.pt
2026-10-01 22:47:36.143 DEBUG: Saving checkpoint: ./checkpoints/mace_multitm_model_run-123_epoch-7.pt
2026-10-01 22:48:38.535 INFO: Epoch 8: head: Default, loss=0.04156333, RMSE_E_per_atom=   24.83 meV, RMSE_F=  127.52 meV / A
2026-10-01 22:48:38.537 DEBUG: Deleting old checkpoint file: ./checkpoints/mace_multitm_model_run-123_epoch-7.pt
2026-10-01 22:48:38.538 DEBUG: Saving checkpoint: ./checkpoints/mace_multitm_model_run-123_epoch-8.pt
2026-10-01 22:49:43.825 INFO: Epoch 9: head: Default, loss=0.03845841, RMSE_E_per_atom=   23.89 meV, RMSE_F=  122.65 meV / A
2026-10-01 22:49:43.827 DEBUG: Deleting old checkpoint file: ./checkpoints/mace_multitm_model_run-123_epoch-8.pt
2026-10-01 22:49:43.828 DEBUG: Saving checkpoint: ./checkpoints/mace_multitm_model_run-123_epoch-9.pt
2026-10-01 22:50:45.442 INFO: Epoch 10: head: Default, loss=0.03605099, RMSE_E_per_atom=   23.74 meV, RMSE_F=  118.71 meV / A
2026-10-01 22:50:45.444 DEBUG: Deleting old checkpoint file: ./checkpoints/mace_multitm_model_run-123_epoch-9.pt
2026-10-01 22:50:45.445 DEBUG: Saving checkpoint: ./checkpoints/mace_multitm_model_run-123_epoch-10.pt
2026-10-01 22:51:47.758 INFO: Epoch 11: head: Default, loss=0.03313687, RMSE_E_per_atom=   22.84 meV, RMSE_F=  113.76 meV / A
2026-10-01 22:51:47.760 DEBUG: Deleting old checkpoint file: ./checkpoints/mace_multitm_model_run-123_epoch-10.pt
2026-10-01 22:51:47.761 DEBUG: Saving checkpoint: ./checkpoints/mace_multitm_model_run-123_epoch-11.pt
2026-10-01 22:52:51.476 INFO: Epoch 12: head: Default, loss=0.03097724, RMSE_E_per_atom=   22.19 meV, RMSE_F=  109.96 meV / A
2026-10-01 22:52:51.478 DEBUG: Deleting old checkpoint file: ./checkpoints/mace_multitm_model_run-123_epoch-11.pt
2026-10-01 22:52:51.479 DEBUG: Saving checkpoint: ./checkpoints/mace_multitm_model_run-123_epoch-12.pt
2026-10-01 22:53:55.300 INFO: Epoch 13: head: Default, loss=0.03248698, RMSE_E_per_atom=   21.69 meV, RMSE_F=  112.67 meV / A
2026-10-01 22:54:54.997 INFO: Epoch 14: head: Default, loss=0.07165675, RMSE_E_per_atom=   54.37 meV, RMSE_F=  167.38 meV / A
2026-10-01 22:55:56.077 INFO: Epoch 15: head: Default, loss=0.05379976, RMSE_E_per_atom=   54.53 meV, RMSE_F=  144.42 meV / A
2026-10-01 22:56:57.371 INFO: Epoch 16: head: Default, loss=0.04004873, RMSE_E_per_atom=   37.17 meV, RMSE_F=  124.82 meV / A
2026-10-01 22:58:00.046 INFO: Epoch 17: head: Default, loss=0.03329867, RMSE_E_per_atom=   27.37 meV, RMSE_F=  113.92 meV / A
2026-10-01 22:59:05.173 INFO: Epoch 18: head: Default, loss=0.02909823, RMSE_E_per_atom=   22.78 meV, RMSE_F=  106.50 meV / A
2026-10-01 22:59:05.176 DEBUG: Deleting old checkpoint file: ./checkpoints/mace_multitm_model_run-123_epoch-12.pt
2026-10-01 22:59:05.176 DEBUG: Saving checkpoint: ./checkpoints/mace_multitm_model_run-123_epoch-18.pt
2026-10-01 23:00:03.818 INFO: Epoch 19: head: Default, loss=0.02650442, RMSE_E_per_atom=   20.47 meV, RMSE_F=  101.63 meV / A
2026-10-01 23:00:03.820 DEBUG: Deleting old checkpoint file: ./checkpoints/mace_multitm_model_run-123_epoch-18.pt
2026-10-01 23:00:03.821 DEBUG: Saving checkpoint: ./checkpoints/mace_multitm_model_run-123_epoch-19.pt
2026-10-01 23:01:06.960 INFO: Epoch 20: head: Default, loss=0.02460765, RMSE_E_per_atom=   19.18 meV, RMSE_F=   97.91 meV / A
2026-10-01 23:01:06.963 DEBUG: Deleting old checkpoint file: ./checkpoints/mace_multitm_model_run-123_epoch-19.pt
2026-10-01 23:01:06.963 DEBUG: Saving checkpoint: ./checkpoints/mace_multitm_model_run-123_epoch-20.pt
2026-10-01 23:02:16.527 INFO: Epoch 21: head: Default, loss=0.02281042, RMSE_E_per_atom=   18.84 meV, RMSE_F=   94.26 meV / A
2026-10-01 23:02:16.529 DEBUG: Deleting old checkpoint file: ./checkpoints/mace_multitm_model_run-123_epoch-20.pt
2026-10-01 23:02:16.530 DEBUG: Saving checkpoint: ./checkpoints/mace_multitm_model_run-123_epoch-21.pt
2026-10-01 23:03:28.048 INFO: Epoch 22: head: Default, loss=0.02125130, RMSE_E_per_atom=   18.13 meV, RMSE_F=   90.98 meV / A
2026-10-01 23:03:28.050 DEBUG: Deleting old checkpoint file: ./checkpoints/mace_multitm_model_run-123_epoch-21.pt
2026-10-01 23:03:28.051 DEBUG: Saving checkpoint: ./checkpoints/mace_multitm_model_run-123_epoch-22.pt
2026-10-01 23:04:42.837 INFO: Epoch 23: head: Default, loss=0.02002978, RMSE_E_per_atom=   17.80 meV, RMSE_F=   88.35 meV / A
2026-10-01 23:04:42.839 DEBUG: Deleting old checkpoint file: ./checkpoints/mace_multitm_model_run-123_epoch-22.pt
2026-10-01 23:04:42.840 DEBUG: Saving checkpoint: ./checkpoints/mace_multitm_model_run-123_epoch-23.pt
2026-10-01 23:05:52.087 INFO: Epoch 24: head: Default, loss=0.01898400, RMSE_E_per_atom=   17.18 meV, RMSE_F=   85.99 meV / A
2026-10-01 23:05:52.090 DEBUG: Deleting old checkpoint file: ./checkpoints/mace_multitm_model_run-123_epoch-23.pt
2026-10-01 23:05:52.091 DEBUG: Saving checkpoint: ./checkpoints/mace_multitm_model_run-123_epoch-24.pt
2026-10-01 23:07:02.873 INFO: Epoch 25: head: Default, loss=0.01823151, RMSE_E_per_atom=   16.56 meV, RMSE_F=   84.29 meV / A
2026-10-01 23:07:02.875 DEBUG: Deleting old checkpoint file: ./checkpoints/mace_multitm_model_run-123_epoch-24.pt
2026-10-01 23:07:02.876 DEBUG: Saving checkpoint: ./checkpoints/mace_multitm_model_run-123_epoch-25.pt
2026-10-01 23:08:10.030 INFO: Epoch 26: head: Default, loss=0.01741302, RMSE_E_per_atom=   16.23 meV, RMSE_F=   82.40 meV / A
2026-10-01 23:08:10.032 DEBUG: Deleting old checkpoint file: ./checkpoints/mace_multitm_model_run-123_epoch-25.pt
2026-10-01 23:08:10.033 DEBUG: Saving checkpoint: ./checkpoints/mace_multitm_model_run-123_epoch-26.pt
2026-10-01 23:09:17.422 INFO: Epoch 27: head: Default, loss=0.01673445, RMSE_E_per_atom=   15.53 meV, RMSE_F=   80.80 meV / A
2026-10-01 23:09:17.424 DEBUG: Deleting old checkpoint file: ./checkpoints/mace_multitm_model_run-123_epoch-26.pt
2026-10-01 23:09:17.425 DEBUG: Saving checkpoint: ./checkpoints/mace_multitm_model_run-123_epoch-27.pt
2026-10-01 23:10:23.080 INFO: Epoch 28: head: Default, loss=0.01608570, RMSE_E_per_atom=   14.98 meV, RMSE_F=   79.24 meV / A
2026-10-01 23:10:23.082 DEBUG: Deleting old checkpoint file: ./checkpoints/mace_multitm_model_run-123_epoch-27.pt
2026-10-01 23:10:23.084 DEBUG: Saving checkpoint: ./checkpoints/mace_multitm_model_run-123_epoch-28.pt
2026-10-01 23:11:30.180 INFO: Epoch 29: head: Default, loss=0.01541283, RMSE_E_per_atom=   14.54 meV, RMSE_F=   77.58 meV / A
2026-10-01 23:11:30.182 DEBUG: Deleting old checkpoint file: ./checkpoints/mace_multitm_model_run-123_epoch-28.pt
2026-10-01 23:11:30.183 DEBUG: Saving checkpoint: ./checkpoints/mace_multitm_model_run-123_epoch-29.pt
2026-10-01 23:12:36.205 INFO: Epoch 30: head: Default, loss=0.01471418, RMSE_E_per_atom=   14.39 meV, RMSE_F=   75.79 meV / A
2026-10-01 23:12:36.207 DEBUG: Deleting old checkpoint file: ./checkpoints/mace_multitm_model_run-123_epoch-29.pt
2026-10-01 23:12:36.208 DEBUG: Saving checkpoint: ./checkpoints/mace_multitm_model_run-123_epoch-30.pt
2026-10-01 23:13:41.986 INFO: Epoch 31: head: Default, loss=0.01430825, RMSE_E_per_atom=   14.10 meV, RMSE_F=   74.78 meV / A
2026-10-01 23:13:41.988 DEBUG: Deleting old checkpoint file: ./checkpoints/mace_multitm_model_run-123_epoch-30.pt
2026-10-01 23:13:41.989 DEBUG: Saving checkpoint: ./checkpoints/mace_multitm_model_run-123_epoch-31.pt
2026-10-01 23:14:48.184 INFO: Epoch 32: head: Default, loss=0.01402914, RMSE_E_per_atom=   13.87 meV, RMSE_F=   74.08 meV / A
2026-10-01 23:14:48.186 DEBUG: Deleting old checkpoint file: ./checkpoints/mace_multitm_model_run-123_epoch-31.pt
2026-10-01 23:14:48.188 DEBUG: Saving checkpoint: ./checkpoints/mace_multitm_model_run-123_epoch-32.pt
2026-10-01 23:15:54.467 INFO: Epoch 33: head: Default, loss=0.01348447, RMSE_E_per_atom=   14.04 meV, RMSE_F=   72.61 meV / A
2026-10-01 23:15:54.469 DEBUG: Deleting old checkpoint file: ./checkpoints/mace_multitm_model_run-123_epoch-32.pt
2026-10-01 23:15:54.471 DEBUG: Saving checkpoint: ./checkpoints/mace_multitm_model_run-123_epoch-33.pt
2026-10-01 23:17:00.800 INFO: Epoch 34: head: Default, loss=0.01333129, RMSE_E_per_atom=   14.21 meV, RMSE_F=   72.22 meV / A
2026-10-01 23:17:00.801 DEBUG: Deleting old checkpoint file: ./checkpoints/mace_multitm_model_run-123_epoch-33.pt
2026-10-01 23:17:00.802 DEBUG: Saving checkpoint: ./checkpoints/mace_multitm_model_run-123_epoch-34.pt
2026-10-01 23:18:06.865 INFO: Epoch 35: head: Default, loss=0.01317277, RMSE_E_per_atom=   14.13 meV, RMSE_F=   71.79 meV / A
2026-10-01 23:18:06.867 DEBUG: Deleting old checkpoint file: ./checkpoints/mace_multitm_model_run-123_epoch-34.pt
2026-10-01 23:18:06.868 DEBUG: Saving checkpoint: ./checkpoints/mace_multitm_model_run-123_epoch-35.pt
2026-10-01 23:19:13.080 INFO: Epoch 36: head: Default, loss=0.01284510, RMSE_E_per_atom=   13.67 meV, RMSE_F=   70.91 meV / A
2026-10-01 23:19:13.082 DEBUG: Deleting old checkpoint file: ./checkpoints/mace_multitm_model_run-123_epoch-35.pt
2026-10-01 23:19:13.083 DEBUG: Saving checkpoint: ./checkpoints/mace_multitm_model_run-123_epoch-36.pt
2026-10-01 23:20:25.943 INFO: Epoch 37: head: Default, loss=0.01256345, RMSE_E_per_atom=   13.23 meV, RMSE_F=   70.14 meV / A
2026-10-01 23:20:25.945 DEBUG: Deleting old checkpoint file: ./checkpoints/mace_multitm_model_run-123_epoch-36.pt
2026-10-01 23:20:25.946 DEBUG: Saving checkpoint: ./checkpoints/mace_multitm_model_run-123_epoch-37.pt
2026-10-01 23:21:34.754 INFO: Epoch 38: head: Default, loss=0.01218940, RMSE_E_per_atom=   12.99 meV, RMSE_F=   69.12 meV / A
2026-10-01 23:21:34.757 DEBUG: Deleting old checkpoint file: ./checkpoints/mace_multitm_model_run-123_epoch-37.pt
2026-10-01 23:21:34.758 DEBUG: Saving checkpoint: ./checkpoints/mace_multitm_model_run-123_epoch-38.pt
2026-10-01 23:22:43.740 INFO: Epoch 39: head: Default, loss=0.01186264, RMSE_E_per_atom=   12.67 meV, RMSE_F=   68.20 meV / A
2026-10-01 23:22:43.742 DEBUG: Deleting old checkpoint file: ./checkpoints/mace_multitm_model_run-123_epoch-38.pt
2026-10-01 23:22:43.744 DEBUG: Saving checkpoint: ./checkpoints/mace_multitm_model_run-123_epoch-39.pt
2026-10-01 23:23:57.138 INFO: Epoch 40: head: Default, loss=0.01146251, RMSE_E_per_atom=   12.52 meV, RMSE_F=   67.06 meV / A
2026-10-01 23:23:57.143 DEBUG: Deleting old checkpoint file: ./checkpoints/mace_multitm_model_run-123_epoch-39.pt
2026-10-01 23:23:57.144 DEBUG: Saving checkpoint: ./checkpoints/mace_multitm_model_run-123_epoch-40.pt
2026-10-01 23:25:13.914 INFO: Epoch 41: head: Default, loss=0.01179151, RMSE_E_per_atom=   12.28 meV, RMSE_F=   68.05 meV / A
2026-10-01 23:26:13.569 INFO: Epoch 42: head: Default, loss=0.01158296, RMSE_E_per_atom=   12.14 meV, RMSE_F=   67.44 meV / A
2026-10-01 23:27:20.910 INFO: Epoch 43: head: Default, loss=0.01122506, RMSE_E_per_atom=   12.29 meV, RMSE_F=   66.40 meV / A
2026-10-01 23:27:20.913 DEBUG: Deleting old checkpoint file: ./checkpoints/mace_multitm_model_run-123_epoch-40.pt
2026-10-01 23:27:20.914 DEBUG: Saving checkpoint: ./checkpoints/mace_multitm_model_run-123_epoch-43.pt
2026-10-01 23:28:26.089 INFO: Epoch 44: head: Default, loss=0.01092510, RMSE_E_per_atom=   12.22 meV, RMSE_F=   65.52 meV / A
2026-10-01 23:28:26.091 DEBUG: Deleting old checkpoint file: ./checkpoints/mace_multitm_model_run-123_epoch-43.pt
2026-10-01 23:28:26.093 DEBUG: Saving checkpoint: ./checkpoints/mace_multitm_model_run-123_epoch-44.pt
2026-10-01 23:29:28.313 INFO: Epoch 45: head: Default, loss=0.01065099, RMSE_E_per_atom=   12.17 meV, RMSE_F=   64.67 meV / A
2026-10-01 23:29:28.314 DEBUG: Deleting old checkpoint file: ./checkpoints/mace_multitm_model_run-123_epoch-44.pt
2026-10-01 23:29:28.315 DEBUG: Saving checkpoint: ./checkpoints/mace_multitm_model_run-123_epoch-45.pt
2026-10-01 23:30:29.668 INFO: Epoch 46: head: Default, loss=0.01032803, RMSE_E_per_atom=   12.10 meV, RMSE_F=   63.68 meV / A
2026-10-01 23:30:29.670 DEBUG: Deleting old checkpoint file: ./checkpoints/mace_multitm_model_run-123_epoch-45.pt
2026-10-01 23:30:29.671 DEBUG: Saving checkpoint: ./checkpoints/mace_multitm_model_run-123_epoch-46.pt
2026-10-01 23:31:37.439 INFO: Epoch 47: head: Default, loss=0.01013709, RMSE_E_per_atom=   11.70 meV, RMSE_F=   63.11 meV / A
2026-10-01 23:31:37.441 DEBUG: Deleting old checkpoint file: ./checkpoints/mace_multitm_model_run-123_epoch-46.pt
2026-10-01 23:31:37.442 DEBUG: Saving checkpoint: ./checkpoints/mace_multitm_model_run-123_epoch-47.pt
2026-10-01 23:32:46.711 INFO: Epoch 48: head: Default, loss=0.00980065, RMSE_E_per_atom=   11.55 meV, RMSE_F=   62.07 meV / A
2026-10-01 23:32:46.714 DEBUG: Deleting old checkpoint file: ./checkpoints/mace_multitm_model_run-123_epoch-47.pt
2026-10-01 23:32:46.715 DEBUG: Saving checkpoint: ./checkpoints/mace_multitm_model_run-123_epoch-48.pt
2026-10-01 23:33:52.909 INFO: Epoch 49: head: Default, loss=0.00952828, RMSE_E_per_atom=   11.42 meV, RMSE_F=   61.20 meV / A
2026-10-01 23:33:52.911 DEBUG: Deleting old checkpoint file: ./checkpoints/mace_multitm_model_run-123_epoch-48.pt
2026-10-01 23:33:52.912 DEBUG: Saving checkpoint: ./checkpoints/mace_multitm_model_run-123_epoch-49.pt
2026-10-01 23:35:00.369 INFO: Epoch 50: head: Default, loss=0.00936115, RMSE_E_per_atom=   11.26 meV, RMSE_F=   60.67 meV / A
2026-10-01 23:35:00.371 DEBUG: Deleting old checkpoint file: ./checkpoints/mace_multitm_model_run-123_epoch-49.pt
2026-10-01 23:35:00.372 DEBUG: Saving checkpoint: ./checkpoints/mace_multitm_model_run-123_epoch-50.pt
2026-10-01 23:36:06.279 INFO: Epoch 51: head: Default, loss=0.00921557, RMSE_E_per_atom=   11.17 meV, RMSE_F=   60.19 meV / A
2026-10-01 23:36:06.281 DEBUG: Deleting old checkpoint file: ./checkpoints/mace_multitm_model_run-123_epoch-50.pt
2026-10-01 23:36:06.282 DEBUG: Saving checkpoint: ./checkpoints/mace_multitm_model_run-123_epoch-51.pt
2026-10-01 23:37:15.544 INFO: Epoch 52: head: Default, loss=0.00895529, RMSE_E_per_atom=   11.18 meV, RMSE_F=   59.34 meV / A
2026-10-01 23:37:15.546 DEBUG: Deleting old checkpoint file: ./checkpoints/mace_multitm_model_run-123_epoch-51.pt
2026-10-01 23:37:15.547 DEBUG: Saving checkpoint: ./checkpoints/mace_multitm_model_run-123_epoch-52.pt
2026-10-01 23:38:19.700 INFO: Epoch 53: head: Default, loss=0.00883962, RMSE_E_per_atom=   11.11 meV, RMSE_F=   58.96 meV / A
2026-10-01 23:38:19.702 DEBUG: Deleting old checkpoint file: ./checkpoints/mace_multitm_model_run-123_epoch-52.pt
2026-10-01 23:38:19.703 DEBUG: Saving checkpoint: ./checkpoints/mace_multitm_model_run-123_epoch-53.pt
2026-10-01 23:39:25.155 INFO: Epoch 54: head: Default, loss=0.00853517, RMSE_E_per_atom=   10.77 meV, RMSE_F=   57.94 meV / A
2026-10-01 23:39:25.157 DEBUG: Deleting old checkpoint file: ./checkpoints/mace_multitm_model_run-123_epoch-53.pt
2026-10-01 23:39:25.158 DEBUG: Saving checkpoint: ./checkpoints/mace_multitm_model_run-123_epoch-54.pt
2026-10-01 23:40:31.674 INFO: Epoch 55: head: Default, loss=0.00840312, RMSE_E_per_atom=   10.50 meV, RMSE_F=   57.49 meV / A
2026-10-01 23:40:31.678 DEBUG: Deleting old checkpoint file: ./checkpoints/mace_multitm_model_run-123_epoch-54.pt
2026-10-01 23:40:31.679 DEBUG: Saving checkpoint: ./checkpoints/mace_multitm_model_run-123_epoch-55.pt
2026-10-01 23:41:39.302 INFO: Epoch 56: head: Default, loss=0.00832624, RMSE_E_per_atom=   10.41 meV, RMSE_F=   57.24 meV / A
2026-10-01 23:41:39.321 DEBUG: Deleting old checkpoint file: ./checkpoints/mace_multitm_model_run-123_epoch-55.pt
2026-10-01 23:41:39.323 DEBUG: Saving checkpoint: ./checkpoints/mace_multitm_model_run-123_epoch-56.pt
2026-10-01 23:42:44.960 INFO: Epoch 57: head: Default, loss=0.00867578, RMSE_E_per_atom=   10.66 meV, RMSE_F=   58.44 meV / A
2026-10-01 23:43:52.454 INFO: Epoch 58: head: Default, loss=0.00840024, RMSE_E_per_atom=   10.57 meV, RMSE_F=   57.48 meV / A
2026-10-01 23:45:02.697 INFO: Epoch 59: head: Default, loss=0.00813630, RMSE_E_per_atom=   10.43 meV, RMSE_F=   56.58 meV / A
2026-10-01 23:45:02.699 DEBUG: Deleting old checkpoint file: ./checkpoints/mace_multitm_model_run-123_epoch-56.pt
2026-10-01 23:45:02.700 DEBUG: Saving checkpoint: ./checkpoints/mace_multitm_model_run-123_epoch-59.pt
2026-10-01 23:45:02.719 INFO: Training complete
2026-10-01 23:45:02.719 INFO: 
2026-10-01 23:45:02.719 INFO: ===========RESULTS===========
2026-10-01 23:45:02.727 INFO: Loading checkpoint: ./checkpoints/mace_multitm_model_run-123_epoch-59.pt
2026-10-01 23:45:02.786 INFO: Loaded Stage one model from epoch 59 for evaluation
2026-10-01 23:45:02.787 INFO: Saving model to checkpoints/mace_multitm_model_run-123.model
2026-10-01 23:45:03.051 INFO: Compiling model, saving metadata to mace_multitm_model_compiled.model
2026-10-01 23:45:04.089 INFO: Computing metrics for training, validation, and test sets
2026-10-01 23:45:04.090 INFO: Skipping evaluation for heads: ['pt_head']
2026-10-01 23:45:04.093 INFO: Evaluating train_Default ...
2026-10-01 23:45:22.759 INFO: Evaluating valid_Default ...
2026-10-01 23:45:26.281 INFO: Error-table on TRAIN and VALID:
+---------------+---------------------+------------------+-------------------+
|  config_type  | RMSE E / meV / atom | RMSE F / meV / A | relative F RMSE % |
+---------------+---------------------+------------------+-------------------+
| train_Default |           14.4      |         42.7     |          2.31     |
| valid_Default |           10.4      |         56.6     |          3.01     |
+---------------+---------------------+------------------+-------------------+
2026-10-01 23:45:26.282 DEBUG: Running inference on train_Default dataset
2026-10-01 23:45:44.580 DEBUG: Running inference on valid_Default dataset
2026-10-01 23:45:48.770 DEBUG: STREAM b'IHDR' 16 13
2026-10-01 23:45:48.770 DEBUG: STREAM b'sBIT' 41 4
2026-10-01 23:45:48.770 DEBUG: b'sBIT' 41 4 (unknown)
2026-10-01 23:45:48.770 DEBUG: STREAM b'pHYs' 57 9
2026-10-01 23:45:48.770 DEBUG: STREAM b'IDAT' 78 1189
2026-10-01 23:45:48.775 DEBUG: STREAM b'IHDR' 16 13
2026-10-01 23:45:48.775 DEBUG: STREAM b'sBIT' 41 4
2026-10-01 23:45:48.775 DEBUG: b'sBIT' 41 4 (unknown)
2026-10-01 23:45:48.775 DEBUG: STREAM b'pHYs' 57 9
2026-10-01 23:45:48.775 DEBUG: STREAM b'IDAT' 78 2994
2026-10-01 23:45:48.794 DEBUG: STREAM b'IHDR' 16 13
2026-10-01 23:45:48.794 DEBUG: STREAM b'sBIT' 41 4
2026-10-01 23:45:48.794 DEBUG: b'sBIT' 41 4 (unknown)
2026-10-01 23:45:48.794 DEBUG: STREAM b'pHYs' 57 9
2026-10-01 23:45:48.794 DEBUG: STREAM b'IDAT' 78 374
2026-10-01 23:45:48.796 DEBUG: STREAM b'IHDR' 16 13
2026-10-01 23:45:48.796 DEBUG: STREAM b'sBIT' 41 4
2026-10-01 23:45:48.796 DEBUG: b'sBIT' 41 4 (unknown)
2026-10-01 23:45:48.796 DEBUG: STREAM b'pHYs' 57 9
2026-10-01 23:45:48.796 DEBUG: STREAM b'IDAT' 78 286
2026-10-01 23:45:48.798 DEBUG: STREAM b'IHDR' 16 13
2026-10-01 23:45:48.798 DEBUG: STREAM b'sBIT' 41 4
2026-10-01 23:45:48.798 DEBUG: b'sBIT' 41 4 (unknown)
2026-10-01 23:45:48.799 DEBUG: STREAM b'pHYs' 57 9
2026-10-01 23:45:48.799 DEBUG: STREAM b'IDAT' 78 263
2026-10-01 23:45:48.800 DEBUG: STREAM b'IHDR' 16 13
2026-10-01 23:45:48.800 DEBUG: STREAM b'sBIT' 41 4
2026-10-01 23:45:48.800 DEBUG: b'sBIT' 41 4 (unknown)
2026-10-01 23:45:48.800 DEBUG: STREAM b'pHYs' 57 9
2026-10-01 23:45:48.801 DEBUG: STREAM b'IDAT' 78 387
2026-10-01 23:45:48.802 DEBUG: STREAM b'IHDR' 16 13
2026-10-01 23:45:48.802 DEBUG: STREAM b'sBIT' 41 4
2026-10-01 23:45:48.802 DEBUG: b'sBIT' 41 4 (unknown)
2026-10-01 23:45:48.802 DEBUG: STREAM b'pHYs' 57 9
2026-10-01 23:45:48.802 DEBUG: STREAM b'IDAT' 78 436
2026-10-01 23:45:48.803 DEBUG: STREAM b'IHDR' 16 13
2026-10-01 23:45:48.803 DEBUG: STREAM b'sBIT' 41 4
2026-10-01 23:45:48.803 DEBUG: b'sBIT' 41 4 (unknown)
2026-10-01 23:45:48.803 DEBUG: STREAM b'pHYs' 57 9
2026-10-01 23:45:48.803 DEBUG: STREAM b'IDAT' 78 351
2026-10-01 23:45:48.805 DEBUG: STREAM b'IHDR' 16 13
2026-10-01 23:45:48.805 DEBUG: STREAM b'sBIT' 41 4
2026-10-01 23:45:48.805 DEBUG: b'sBIT' 41 4 (unknown)
2026-10-01 23:45:48.805 DEBUG: STREAM b'pHYs' 57 9
2026-10-01 23:45:48.805 DEBUG: STREAM b'IDAT' 78 364
2026-10-01 23:45:51.572 INFO: Done
2026-10-02 01:50:49.798 INFO: ===========VERIFYING SETTINGS===========
2026-10-02 01:50:49.798 INFO: MACE version: 0.3.16
2026-10-02 01:50:49.798 DEBUG: Configuration: Namespace(config=None, name='mace_multitm_model', seed=123, work_dir='.', log_dir='./logs', model_dir='.', checkpoints_dir='./checkpoints', results_dir='./results', downloads_dir='./downloads', device='cpu', default_dtype='float32', distributed=False, launcher='slurm', log_level='INFO', plot=True, plot_frequency=0, plot_interaction_e=False, error_table='PerAtomRMSE', model='ScaleShiftMACE', r_max=5.0, radial_type='bessel', num_radial_basis=8, num_cutoff_basis=5, pair_repulsion=False, distance_transform='None', apply_cutoff=True, use_last_readout_only=False, use_embedding_readout=False, interaction='RealAgnosticResidualInteractionBlock', interaction_first='RealAgnosticResidualInteractionBlock', max_ell=3, correlation=3, use_reduced_cg=False, use_so3=False, use_agnostic_product=False, num_interactions=2, MLP_irreps='16x0e', radial_MLP='[64, 64, 64]', hidden_irreps='64x0e + 64x1o', edge_irreps=None, use_edge_irreps_first=False, num_channels=64, max_L=1, gate='silu', kspace_cutoff_factor=1.5, atomic_multipoles_max_l=0, atomic_multipoles_smearing_width=1.0, field_feature_max_l=0, field_feature_widths='[1.0]', field_feature_norms=None, num_recursion_steps=1, field_si=False, include_electrostatic_self_interaction=False, add_local_electron_energy=False, quadrupole_feature_corrections=False, return_electrostatic_potentials=False, field_norm_factor=0.02, fixedpoint_update_config=None, field_readout_config=None, scaling='rms_forces_scaling', avg_num_neighbors=1, compute_avg_num_neighbors=True, compute_stress=False, compute_forces=True, compute_polarizability=False, compute_atomic_dipole=False, train_file='mace_train.xyz', valid_file='mace_val.xyz', valid_fraction=0.1, test_file=None, test_dir=None, multi_processed_test=False, num_workers=0, pin_memory=True, atomic_numbers='[1, 6, 7, 27, 28, 46]', mean=None, std=None, statistics_file=None, les_arguments=None, E0s='average', pseudolabel_replay=False, pseudolabel_replay_compute_stress=False, foundation_filter_elements=True, heads=None, multiheads_finetuning=True, foundation_head=None, weight_pt_head=1.0, real_pt_data_ratio_threshold=0.1, num_samples_pt=10000, force_mh_ft_lr=False, subselect_pt='random', filter_type_pt='none', allow_random_padding_pt=True, pt_train_file=None, pt_valid_file=None, foundation_model_elements=False, keep_isolated_atoms=False, lora=False, lora_rank=4, lora_alpha=1.0, energy_key='energy', forces_key='forces', virials_key='REF_virials', stress_key='REF_stress', dipole_key='dipole', polarizability_key='polarizability', head_key='head', charges_key='REF_charges', elec_temp_key='elec_temp', total_spin_key='total_spin', total_charge_key='total_charge', embedding_specs=None, skip_evaluate_heads='pt_head', loss='weighted', forces_weight=10.0, swa_forces_weight=100.0, energy_weight=1.0, swa_energy_weight=1000.0, virials_weight=1.0, swa_virials_weight=10.0, stress_weight=1.0, swa_stress_weight=10.0, dipole_weight=1.0, swa_dipole_weight=1.0, swa_polarizability_weight=1.0, polarizability_weight=1.0, config_type_weights='{"Default":1.0}', huber_delta=0.01, optimizer='adam', beta=0.9, beta1_schedulefree=0.9, beta2_schedulefree=0.98, batch_size=4, valid_batch_size=4, lr=0.01, swa_lr=0.001, weight_decay=5e-07, lr_params_factors='{"embedding_lr_factor": 1.0, "interactions_lr_factor": 1.0, "products_lr_factor": 1.0, "readouts_lr_factor": 1.0}', freeze=None, amsgrad=True, scheduler='ReduceLROnPlateau', lr_factor=0.8, scheduler_patience=50, lr_scheduler_gamma=0.9993, swa=False, start_swa=None, lbfgs=False, ema=True, ema_decay=0.99, max_num_epochs=60, patience=2048, foundation_model=None, foundation_model_kwargs='{}', foundation_model_readout=True, eval_interval=1, keep_checkpoints=False, save_all_checkpoints=False, restart_latest=False, save_cpu=False, clip_grad=10.0, dry_run=False, enable_cueq=False, only_cueq=False, enable_oeq=False, wandb=False, wandb_dir=None, wandb_project='', wandb_entity='', wandb_name='', wandb_log_hypers=['num_channels', 'max_L', 'correlation', 'lr', 'swa_lr', 'weight_decay', 'batch_size', 'max_num_epochs', 'start_swa', 'energy_weight', 'forces_weight'], key_specification=KeySpecification(info_keys={'energy': 'energy', 'stress': 'REF_stress', 'virials': 'REF_virials', 'dipole': 'dipole', 'head': 'head', 'elec_temp': 'elec_temp', 'total_charge': 'total_charge', 'polarizability': 'polarizability', 'total_spin': 'total_spin'}, arrays_keys={'forces': 'forces', 'charges': 'REF_charges'}))
2026-10-02 01:50:49.799 INFO: Using CPU
2026-10-02 01:50:49.840 DEBUG: Popen(['git', 'version'], cwd=/home/ziat1/Documents/Training/Autonomous_MultiTM_SAC_Pipeline, stdin=None, shell=False, universal_newlines=False)
2026-10-02 01:50:49.847 DEBUG: Popen(['git', 'version'], cwd=/home/ziat1/Documents/Training/Autonomous_MultiTM_SAC_Pipeline, stdin=None, shell=False, universal_newlines=False)
2026-10-02 01:50:49.851 DEBUG: sys.platform='linux', git_executable='git'
2026-10-02 01:50:49.852 DEBUG: Error accessing Git repository: /home/ziat1/Documents/Training/Autonomous_MultiTM_SAC_Pipeline
2026-10-02 01:50:49.852 INFO: ===========LOADING INPUT DATA===========
2026-10-02 01:50:49.852 INFO: Using heads: ['Default']
2026-10-02 01:50:49.852 INFO: Using the key specifications to parse data:
2026-10-02 01:50:49.852 INFO: Default: KeySpecification(info_keys={'energy': 'energy', 'stress': 'REF_stress', 'virials': 'REF_virials', 'dipole': 'dipole', 'head': 'head', 'elec_temp': 'elec_temp', 'total_charge': 'total_charge', 'polarizability': 'polarizability', 'total_spin': 'total_spin'}, arrays_keys={'forces': 'forces', 'charges': 'REF_charges'})
2026-10-02 01:50:49.852 INFO: =============    Processing head Default     ===========
2026-10-02 01:50:49.852 DEBUG: Loading training file: mace_train.xyz
2026-10-02 01:50:49.923 WARNING: Since ASE version 3.23.0b1, using energy_key 'energy' is no longer safe when communicating between MACE and ASE. We recommend using a different key, rewriting 'energy' to 'REF_energy'. You need to use --energy_key='REF_energy' to specify the chosen key name.
2026-10-02 01:50:49.935 WARNING: Since ASE version 3.23.0b1, using forces_key 'forces' is no longer safe when communicating between MACE and ASE. We recommend using a different key, rewriting 'forces' to 'REF_forces'. You need to use --forces_key='REF_forces' to specify the chosen key name.
2026-10-02 01:50:49.953 INFO: Training set 1/1 [energy: 210, stress: 0, virials: 0, dipole components: 0, head: 210, elec_temp: 0, total_charge: 0, polarizability: 0, total_spin: 0, forces: 210, charges: 0]
2026-10-02 01:50:49.954 INFO: Total Training set [energy: 210, stress: 0, virials: 0, dipole components: 0, head: 210, elec_temp: 0, total_charge: 0, polarizability: 0, total_spin: 0, forces: 210, charges: 0]
2026-10-02 01:50:49.973 WARNING: Since ASE version 3.23.0b1, using energy_key 'energy' is no longer safe when communicating between MACE and ASE. We recommend using a different key, rewriting 'energy' to 'REF_energy'. You need to use --energy_key='REF_energy' to specify the chosen key name.
2026-10-02 01:50:49.975 WARNING: Since ASE version 3.23.0b1, using forces_key 'forces' is no longer safe when communicating between MACE and ASE. We recommend using a different key, rewriting 'forces' to 'REF_forces'. You need to use --forces_key='REF_forces' to specify the chosen key name.
2026-10-02 01:50:49.979 INFO: Validation set 1/1 [energy: 38, stress: 0, virials: 0, dipole components: 0, head: 38, elec_temp: 0, total_charge: 0, polarizability: 0, total_spin: 0, forces: 38, charges: 0]
2026-10-02 01:50:49.979 INFO: Total Validation set [energy: 38, stress: 0, virials: 0, dipole components: 0, head: 38, elec_temp: 0, total_charge: 0, polarizability: 0, total_spin: 0, forces: 38, charges: 0]
2026-10-02 01:50:49.979 INFO: Total number of configurations: train=210, valid=38, tests=[],
2026-10-02 01:50:49.979 INFO: Using atomic numbers from command line argument
2026-10-02 01:50:49.979 INFO: Atomic Numbers used: [1, 6, 7, 27, 28, 46]
2026-10-02 01:50:49.979 INFO: Isolated Atomic Energies (E0s) not in training file, using command line argument
2026-10-02 01:50:49.979 INFO: Computing average Atomic Energies using least squares regression
2026-10-02 01:50:49.985 INFO: Atomic Energies used (z: eV) for head Default: {1: -7.197763348048121, 6: -8.89026966282508, 7: -8.418644668344038, 27: -0.11110335598827159, 28: 1.4737429427832027, 46: -1.7158827364106213}
2026-10-02 01:50:49.985 INFO: Processing datasets for head 'Default'
2026-10-02 01:50:50.111 DEBUG: Successfully loaded dataset from ASE files: ['mace_train.xyz']
2026-10-02 01:50:50.111 INFO: Combining 1 list datasets for head 'Default'
2026-10-02 01:50:50.133 DEBUG: Successfully loaded validation dataset from ASE files: ['mace_val.xyz']
2026-10-02 01:50:50.133 INFO: Combining 1 list datasets for head 'Default_valid'
2026-10-02 01:50:50.133 INFO: Combined validation datasets for Default
2026-10-02 01:50:50.133 INFO: Head 'Default' training dataset size: 210
2026-10-02 01:50:50.134 INFO: Computing average number of neighbors
2026-10-02 01:50:50.208 INFO: Average number of neighbors: 29.715635299682617
2026-10-02 01:50:50.208 INFO: During training the following quantities will be reported: energy, forces
2026-10-02 01:50:50.208 INFO: ===========MODEL DETAILS===========
2026-10-02 01:50:50.291 INFO: Building model
2026-10-02 01:50:50.291 INFO: Message passing with 64 channels and max_L=1 (64x0e + 64x1o)
2026-10-02 01:50:50.291 INFO: 2 layers, each with correlation order: 3 (body order: 4) and spherical harmonics up to: l=3
2026-10-02 01:50:50.291 INFO: 8 radial and 5 basis functions
2026-10-02 01:50:50.291 INFO: Radial cutoff: 5.0 A (total receptive field for each atom: 10.0 A)
2026-10-02 01:50:50.291 INFO: Distance transform for radial basis functions: None
2026-10-02 01:50:50.291 INFO: Hidden irreps: 64x0e + 64x1o
2026-10-02 01:50:51.181 INFO: ===========OPTIMIZER INFORMATION===========
2026-10-02 01:50:51.181 INFO: Using ADAM as parameter optimizer
2026-10-02 01:50:51.181 INFO: Batch size: 4
2026-10-02 01:50:51.181 INFO: Using Exponential Moving Average with decay: 0.99
2026-10-02 01:50:51.181 INFO: Number of gradient updates: 3150
2026-10-02 01:50:51.181 INFO: Learning rate: 0.01, weight decay: 5e-07
2026-10-02 01:50:51.181 INFO: WeightedEnergyForcesLoss(energy_weight=1.000, forces_weight=10.000)
2026-10-02 01:50:51.182 INFO: === Layer's learning rates ===
2026-10-02 01:50:51.182 INFO: Param group 0: lr = 0.01
2026-10-02 01:50:51.182 INFO: Param group 1: lr = 0.01
2026-10-02 01:50:51.182 INFO: Param group 2: lr = 0.01
2026-10-02 01:50:51.182 INFO: Param group 3: lr = 0.01
2026-10-02 01:50:51.182 INFO: Param group 4: lr = 0.01
2026-10-02 01:50:51.183 INFO: Using gradient clipping with tolerance=10.000
2026-10-02 01:50:51.183 INFO: 
2026-10-02 01:50:51.183 INFO: ===========TRAINING===========
2026-10-02 01:50:51.183 INFO: Started training, reporting errors on validation set
2026-10-02 01:50:51.183 INFO: Loss metrics on validation set
2026-10-02 01:50:54.752 INFO: Initial: head: Default, loss=9.07029819, RMSE_E_per_atom=  634.50 meV, RMSE_F= 1892.41 meV / A
2026-10-02 01:51:56.630 INFO: Epoch 0: head: Default, loss=0.59075946, RMSE_E_per_atom=   45.45 meV, RMSE_F=  478.42 meV / A
2026-10-02 01:51:56.632 DEBUG: Saving checkpoint: ./checkpoints/mace_multitm_model_run-123_epoch-0.pt
2026-10-02 01:53:03.670 INFO: Epoch 1: head: Default, loss=0.19924942, RMSE_E_per_atom=   41.71 meV, RMSE_F=  279.04 meV / A
2026-10-02 01:53:03.672 DEBUG: Deleting old checkpoint file: ./checkpoints/mace_multitm_model_run-123_epoch-0.pt
2026-10-02 01:53:03.673 DEBUG: Saving checkpoint: ./checkpoints/mace_multitm_model_run-123_epoch-1.pt
2026-10-02 01:54:10.059 INFO: Epoch 2: head: Default, loss=0.13946052, RMSE_E_per_atom=   40.54 meV, RMSE_F=  233.18 meV / A
2026-10-02 01:54:10.061 DEBUG: Deleting old checkpoint file: ./checkpoints/mace_multitm_model_run-123_epoch-1.pt
2026-10-02 01:54:10.062 DEBUG: Saving checkpoint: ./checkpoints/mace_multitm_model_run-123_epoch-2.pt
2026-10-02 01:55:18.910 INFO: Epoch 3: head: Default, loss=0.10226338, RMSE_E_per_atom=   37.17 meV, RMSE_F=  200.04 meV / A
2026-10-02 01:55:18.911 DEBUG: Deleting old checkpoint file: ./checkpoints/mace_multitm_model_run-123_epoch-2.pt
2026-10-02 01:55:18.913 DEBUG: Saving checkpoint: ./checkpoints/mace_multitm_model_run-123_epoch-3.pt
2026-10-02 01:56:24.634 INFO: Epoch 4: head: Default, loss=0.07897104, RMSE_E_per_atom=   33.10 meV, RMSE_F=  175.84 meV / A
2026-10-02 01:56:24.635 DEBUG: Deleting old checkpoint file: ./checkpoints/mace_multitm_model_run-123_epoch-3.pt
2026-10-02 01:56:24.637 DEBUG: Saving checkpoint: ./checkpoints/mace_multitm_model_run-123_epoch-4.pt
2026-10-02 01:57:34.196 INFO: Epoch 5: head: Default, loss=0.06201991, RMSE_E_per_atom=   32.15 meV, RMSE_F=  155.76 meV / A
2026-10-02 01:57:34.198 DEBUG: Deleting old checkpoint file: ./checkpoints/mace_multitm_model_run-123_epoch-4.pt
2026-10-02 01:57:34.200 DEBUG: Saving checkpoint: ./checkpoints/mace_multitm_model_run-123_epoch-5.pt
2026-10-02 01:58:42.909 INFO: Epoch 6: head: Default, loss=0.05351421, RMSE_E_per_atom=   28.88 meV, RMSE_F=  144.73 meV / A
2026-10-02 01:58:42.912 DEBUG: Deleting old checkpoint file: ./checkpoints/mace_multitm_model_run-123_epoch-5.pt
2026-10-02 01:58:42.913 DEBUG: Saving checkpoint: ./checkpoints/mace_multitm_model_run-123_epoch-6.pt
2026-10-02 01:59:49.572 INFO: Epoch 7: head: Default, loss=0.04671307, RMSE_E_per_atom=   27.31 meV, RMSE_F=  135.18 meV / A
2026-10-02 01:59:49.574 DEBUG: Deleting old checkpoint file: ./checkpoints/mace_multitm_model_run-123_epoch-6.pt
2026-10-02 01:59:49.575 DEBUG: Saving checkpoint: ./checkpoints/mace_multitm_model_run-123_epoch-7.pt
2026-10-02 02:00:57.413 INFO: Epoch 8: head: Default, loss=0.04156333, RMSE_E_per_atom=   24.83 meV, RMSE_F=  127.52 meV / A
2026-10-02 02:00:57.417 DEBUG: Deleting old checkpoint file: ./checkpoints/mace_multitm_model_run-123_epoch-7.pt
2026-10-02 02:00:57.417 DEBUG: Saving checkpoint: ./checkpoints/mace_multitm_model_run-123_epoch-8.pt
2026-10-02 02:01:58.822 INFO: Epoch 9: head: Default, loss=0.03845841, RMSE_E_per_atom=   23.89 meV, RMSE_F=  122.65 meV / A
2026-10-02 02:01:58.824 DEBUG: Deleting old checkpoint file: ./checkpoints/mace_multitm_model_run-123_epoch-8.pt
2026-10-02 02:01:58.825 DEBUG: Saving checkpoint: ./checkpoints/mace_multitm_model_run-123_epoch-9.pt
2026-10-02 02:03:00.232 INFO: Epoch 10: head: Default, loss=0.03605099, RMSE_E_per_atom=   23.74 meV, RMSE_F=  118.71 meV / A
2026-10-02 02:03:00.235 DEBUG: Deleting old checkpoint file: ./checkpoints/mace_multitm_model_run-123_epoch-9.pt
2026-10-02 02:03:00.237 DEBUG: Saving checkpoint: ./checkpoints/mace_multitm_model_run-123_epoch-10.pt
2026-10-02 02:04:05.364 INFO: Epoch 11: head: Default, loss=0.03313687, RMSE_E_per_atom=   22.84 meV, RMSE_F=  113.76 meV / A
2026-10-02 02:04:05.368 DEBUG: Deleting old checkpoint file: ./checkpoints/mace_multitm_model_run-123_epoch-10.pt
2026-10-02 02:04:05.369 DEBUG: Saving checkpoint: ./checkpoints/mace_multitm_model_run-123_epoch-11.pt
2026-10-02 02:05:09.007 INFO: Epoch 12: head: Default, loss=0.03097724, RMSE_E_per_atom=   22.19 meV, RMSE_F=  109.96 meV / A
2026-10-02 02:05:09.009 DEBUG: Deleting old checkpoint file: ./checkpoints/mace_multitm_model_run-123_epoch-11.pt
2026-10-02 02:05:09.011 DEBUG: Saving checkpoint: ./checkpoints/mace_multitm_model_run-123_epoch-12.pt
2026-10-02 02:06:14.153 INFO: Epoch 13: head: Default, loss=0.03248698, RMSE_E_per_atom=   21.69 meV, RMSE_F=  112.67 meV / A
2026-10-02 02:07:19.472 INFO: Epoch 14: head: Default, loss=0.07165675, RMSE_E_per_atom=   54.37 meV, RMSE_F=  167.38 meV / A
2026-10-02 02:08:23.079 INFO: Epoch 15: head: Default, loss=0.05379976, RMSE_E_per_atom=   54.53 meV, RMSE_F=  144.42 meV / A
2026-10-02 02:09:28.059 INFO: Epoch 16: head: Default, loss=0.04004873, RMSE_E_per_atom=   37.17 meV, RMSE_F=  124.82 meV / A
2026-10-02 02:10:28.110 INFO: Epoch 17: head: Default, loss=0.03329867, RMSE_E_per_atom=   27.37 meV, RMSE_F=  113.92 meV / A
2026-10-02 02:11:28.444 INFO: Epoch 18: head: Default, loss=0.02909823, RMSE_E_per_atom=   22.78 meV, RMSE_F=  106.50 meV / A
2026-10-02 02:11:28.446 DEBUG: Deleting old checkpoint file: ./checkpoints/mace_multitm_model_run-123_epoch-12.pt
2026-10-02 02:11:28.447 DEBUG: Saving checkpoint: ./checkpoints/mace_multitm_model_run-123_epoch-18.pt
2026-10-02 02:12:33.209 INFO: Epoch 19: head: Default, loss=0.02650442, RMSE_E_per_atom=   20.47 meV, RMSE_F=  101.63 meV / A
2026-10-02 02:12:33.212 DEBUG: Deleting old checkpoint file: ./checkpoints/mace_multitm_model_run-123_epoch-18.pt
2026-10-02 02:12:33.213 DEBUG: Saving checkpoint: ./checkpoints/mace_multitm_model_run-123_epoch-19.pt
2026-10-02 02:13:40.205 INFO: Epoch 20: head: Default, loss=0.02460765, RMSE_E_per_atom=   19.18 meV, RMSE_F=   97.91 meV / A
2026-10-02 02:13:40.208 DEBUG: Deleting old checkpoint file: ./checkpoints/mace_multitm_model_run-123_epoch-19.pt
2026-10-02 02:13:40.209 DEBUG: Saving checkpoint: ./checkpoints/mace_multitm_model_run-123_epoch-20.pt
2026-10-02 02:14:48.595 INFO: Epoch 21: head: Default, loss=0.02281042, RMSE_E_per_atom=   18.84 meV, RMSE_F=   94.26 meV / A
2026-10-02 02:14:48.598 DEBUG: Deleting old checkpoint file: ./checkpoints/mace_multitm_model_run-123_epoch-20.pt
2026-10-02 02:14:48.600 DEBUG: Saving checkpoint: ./checkpoints/mace_multitm_model_run-123_epoch-21.pt
2026-10-02 02:15:54.538 INFO: Epoch 22: head: Default, loss=0.02125130, RMSE_E_per_atom=   18.13 meV, RMSE_F=   90.98 meV / A
2026-10-02 02:15:54.540 DEBUG: Deleting old checkpoint file: ./checkpoints/mace_multitm_model_run-123_epoch-21.pt
2026-10-02 02:15:54.541 DEBUG: Saving checkpoint: ./checkpoints/mace_multitm_model_run-123_epoch-22.pt
2026-10-02 02:16:59.529 INFO: Epoch 23: head: Default, loss=0.02002978, RMSE_E_per_atom=   17.80 meV, RMSE_F=   88.35 meV / A
2026-10-02 02:16:59.531 DEBUG: Deleting old checkpoint file: ./checkpoints/mace_multitm_model_run-123_epoch-22.pt
2026-10-02 02:16:59.532 DEBUG: Saving checkpoint: ./checkpoints/mace_multitm_model_run-123_epoch-23.pt
2026-10-02 02:18:07.142 INFO: Epoch 24: head: Default, loss=0.01898400, RMSE_E_per_atom=   17.18 meV, RMSE_F=   85.99 meV / A
2026-10-02 02:18:07.144 DEBUG: Deleting old checkpoint file: ./checkpoints/mace_multitm_model_run-123_epoch-23.pt
2026-10-02 02:18:07.146 DEBUG: Saving checkpoint: ./checkpoints/mace_multitm_model_run-123_epoch-24.pt
2026-10-02 02:19:13.489 INFO: Epoch 25: head: Default, loss=0.01823151, RMSE_E_per_atom=   16.56 meV, RMSE_F=   84.29 meV / A
2026-10-02 02:19:13.492 DEBUG: Deleting old checkpoint file: ./checkpoints/mace_multitm_model_run-123_epoch-24.pt
2026-10-02 02:19:13.492 DEBUG: Saving checkpoint: ./checkpoints/mace_multitm_model_run-123_epoch-25.pt
2026-10-02 02:20:23.111 INFO: Epoch 26: head: Default, loss=0.01741302, RMSE_E_per_atom=   16.23 meV, RMSE_F=   82.40 meV / A
2026-10-02 02:20:23.116 DEBUG: Deleting old checkpoint file: ./checkpoints/mace_multitm_model_run-123_epoch-25.pt
2026-10-02 02:20:23.117 DEBUG: Saving checkpoint: ./checkpoints/mace_multitm_model_run-123_epoch-26.pt
2026-10-02 02:21:33.929 INFO: Epoch 27: head: Default, loss=0.01673445, RMSE_E_per_atom=   15.53 meV, RMSE_F=   80.80 meV / A
2026-10-02 02:21:33.932 DEBUG: Deleting old checkpoint file: ./checkpoints/mace_multitm_model_run-123_epoch-26.pt
2026-10-02 02:21:33.933 DEBUG: Saving checkpoint: ./checkpoints/mace_multitm_model_run-123_epoch-27.pt
2026-10-02 02:22:48.738 INFO: Epoch 28: head: Default, loss=0.01608570, RMSE_E_per_atom=   14.98 meV, RMSE_F=   79.24 meV / A
2026-10-02 02:22:48.740 DEBUG: Deleting old checkpoint file: ./checkpoints/mace_multitm_model_run-123_epoch-27.pt
2026-10-02 02:22:48.741 DEBUG: Saving checkpoint: ./checkpoints/mace_multitm_model_run-123_epoch-28.pt
2026-10-02 02:23:58.039 INFO: Epoch 29: head: Default, loss=0.01541283, RMSE_E_per_atom=   14.54 meV, RMSE_F=   77.58 meV / A
2026-10-02 02:23:58.053 DEBUG: Deleting old checkpoint file: ./checkpoints/mace_multitm_model_run-123_epoch-28.pt
2026-10-02 02:23:58.054 DEBUG: Saving checkpoint: ./checkpoints/mace_multitm_model_run-123_epoch-29.pt
2026-10-02 02:25:07.399 INFO: Epoch 30: head: Default, loss=0.01471418, RMSE_E_per_atom=   14.39 meV, RMSE_F=   75.79 meV / A
2026-10-02 02:25:07.401 DEBUG: Deleting old checkpoint file: ./checkpoints/mace_multitm_model_run-123_epoch-29.pt
2026-10-02 02:25:07.403 DEBUG: Saving checkpoint: ./checkpoints/mace_multitm_model_run-123_epoch-30.pt
2026-10-02 02:26:20.831 INFO: Epoch 31: head: Default, loss=0.01430825, RMSE_E_per_atom=   14.10 meV, RMSE_F=   74.78 meV / A
2026-10-02 02:26:20.834 DEBUG: Deleting old checkpoint file: ./checkpoints/mace_multitm_model_run-123_epoch-30.pt
2026-10-02 02:26:20.834 DEBUG: Saving checkpoint: ./checkpoints/mace_multitm_model_run-123_epoch-31.pt
2026-10-02 12:08:48.249 INFO: ===========VERIFYING SETTINGS===========
2026-10-02 12:08:48.249 INFO: MACE version: 0.3.16
2026-10-02 12:08:48.249 DEBUG: Configuration: Namespace(config=None, name='mace_multitm_model', seed=123, work_dir='.', log_dir='./logs', model_dir='.', checkpoints_dir='./checkpoints', results_dir='./results', downloads_dir='./downloads', device='cpu', default_dtype='float32', distributed=False, launcher='slurm', log_level='INFO', plot=True, plot_frequency=0, plot_interaction_e=False, error_table='PerAtomRMSE', model='ScaleShiftMACE', r_max=5.0, radial_type='bessel', num_radial_basis=8, num_cutoff_basis=5, pair_repulsion=False, distance_transform='None', apply_cutoff=True, use_last_readout_only=False, use_embedding_readout=False, interaction='RealAgnosticResidualInteractionBlock', interaction_first='RealAgnosticResidualInteractionBlock', max_ell=3, correlation=3, use_reduced_cg=False, use_so3=False, use_agnostic_product=False, num_interactions=2, MLP_irreps='16x0e', radial_MLP='[64, 64, 64]', hidden_irreps='64x0e + 64x1o', edge_irreps=None, use_edge_irreps_first=False, num_channels=64, max_L=1, gate='silu', kspace_cutoff_factor=1.5, atomic_multipoles_max_l=0, atomic_multipoles_smearing_width=1.0, field_feature_max_l=0, field_feature_widths='[1.0]', field_feature_norms=None, num_recursion_steps=1, field_si=False, include_electrostatic_self_interaction=False, add_local_electron_energy=False, quadrupole_feature_corrections=False, return_electrostatic_potentials=False, field_norm_factor=0.02, fixedpoint_update_config=None, field_readout_config=None, scaling='rms_forces_scaling', avg_num_neighbors=1, compute_avg_num_neighbors=True, compute_stress=False, compute_forces=True, compute_polarizability=False, compute_atomic_dipole=False, train_file='mace_train.xyz', valid_file='mace_val.xyz', valid_fraction=0.1, test_file=None, test_dir=None, multi_processed_test=False, num_workers=0, pin_memory=True, atomic_numbers='[1, 6, 7, 27, 28, 46]', mean=None, std=None, statistics_file=None, les_arguments=None, E0s='average', pseudolabel_replay=False, pseudolabel_replay_compute_stress=False, foundation_filter_elements=True, heads=None, multiheads_finetuning=True, foundation_head=None, weight_pt_head=1.0, real_pt_data_ratio_threshold=0.1, num_samples_pt=10000, force_mh_ft_lr=False, subselect_pt='random', filter_type_pt='none', allow_random_padding_pt=True, pt_train_file=None, pt_valid_file=None, foundation_model_elements=False, keep_isolated_atoms=False, lora=False, lora_rank=4, lora_alpha=1.0, energy_key='energy', forces_key='forces', virials_key='REF_virials', stress_key='REF_stress', dipole_key='dipole', polarizability_key='polarizability', head_key='head', charges_key='REF_charges', elec_temp_key='elec_temp', total_spin_key='total_spin', total_charge_key='total_charge', embedding_specs=None, skip_evaluate_heads='pt_head', loss='weighted', forces_weight=10.0, swa_forces_weight=100.0, energy_weight=1.0, swa_energy_weight=1000.0, virials_weight=1.0, swa_virials_weight=10.0, stress_weight=1.0, swa_stress_weight=10.0, dipole_weight=1.0, swa_dipole_weight=1.0, swa_polarizability_weight=1.0, polarizability_weight=1.0, config_type_weights='{"Default":1.0}', huber_delta=0.01, optimizer='adam', beta=0.9, beta1_schedulefree=0.9, beta2_schedulefree=0.98, batch_size=4, valid_batch_size=4, lr=0.01, swa_lr=0.001, weight_decay=5e-07, lr_params_factors='{"embedding_lr_factor": 1.0, "interactions_lr_factor": 1.0, "products_lr_factor": 1.0, "readouts_lr_factor": 1.0}', freeze=None, amsgrad=True, scheduler='ReduceLROnPlateau', lr_factor=0.8, scheduler_patience=50, lr_scheduler_gamma=0.9993, swa=False, start_swa=None, lbfgs=False, ema=True, ema_decay=0.99, max_num_epochs=60, patience=2048, foundation_model=None, foundation_model_kwargs='{}', foundation_model_readout=True, eval_interval=1, keep_checkpoints=False, save_all_checkpoints=False, restart_latest=False, save_cpu=False, clip_grad=10.0, dry_run=False, enable_cueq=False, only_cueq=False, enable_oeq=False, wandb=False, wandb_dir=None, wandb_project='', wandb_entity='', wandb_name='', wandb_log_hypers=['num_channels', 'max_L', 'correlation', 'lr', 'swa_lr', 'weight_decay', 'batch_size', 'max_num_epochs', 'start_swa', 'energy_weight', 'forces_weight'], key_specification=KeySpecification(info_keys={'energy': 'energy', 'stress': 'REF_stress', 'virials': 'REF_virials', 'dipole': 'dipole', 'head': 'head', 'elec_temp': 'elec_temp', 'total_charge': 'total_charge', 'polarizability': 'polarizability', 'total_spin': 'total_spin'}, arrays_keys={'forces': 'forces', 'charges': 'REF_charges'}))
2026-10-02 12:08:48.249 INFO: Using CPU
2026-10-02 12:08:48.291 DEBUG: Popen(['git', 'version'], cwd=/home/ziat1/Documents/Training/Autonomous_MultiTM_SAC_Pipeline, stdin=None, shell=False, universal_newlines=False)
2026-10-02 12:08:48.296 DEBUG: Popen(['git', 'version'], cwd=/home/ziat1/Documents/Training/Autonomous_MultiTM_SAC_Pipeline, stdin=None, shell=False, universal_newlines=False)
2026-10-02 12:08:48.301 DEBUG: sys.platform='linux', git_executable='git'
2026-10-02 12:08:48.301 DEBUG: Error accessing Git repository: /home/ziat1/Documents/Training/Autonomous_MultiTM_SAC_Pipeline
2026-10-02 12:08:48.301 INFO: ===========LOADING INPUT DATA===========
2026-10-02 12:08:48.301 INFO: Using heads: ['Default']
2026-10-02 12:08:48.301 INFO: Using the key specifications to parse data:
2026-10-02 12:08:48.302 INFO: Default: KeySpecification(info_keys={'energy': 'energy', 'stress': 'REF_stress', 'virials': 'REF_virials', 'dipole': 'dipole', 'head': 'head', 'elec_temp': 'elec_temp', 'total_charge': 'total_charge', 'polarizability': 'polarizability', 'total_spin': 'total_spin'}, arrays_keys={'forces': 'forces', 'charges': 'REF_charges'})
2026-10-02 12:08:48.302 INFO: =============    Processing head Default     ===========
2026-10-02 12:08:48.302 DEBUG: Loading training file: mace_train.xyz
2026-10-02 12:08:48.382 WARNING: Since ASE version 3.23.0b1, using energy_key 'energy' is no longer safe when communicating between MACE and ASE. We recommend using a different key, rewriting 'energy' to 'REF_energy'. You need to use --energy_key='REF_energy' to specify the chosen key name.
2026-10-02 12:08:48.397 WARNING: Since ASE version 3.23.0b1, using forces_key 'forces' is no longer safe when communicating between MACE and ASE. We recommend using a different key, rewriting 'forces' to 'REF_forces'. You need to use --forces_key='REF_forces' to specify the chosen key name.
2026-10-02 12:08:48.417 INFO: Training set 1/1 [energy: 210, stress: 0, virials: 0, dipole components: 0, head: 210, elec_temp: 0, total_charge: 0, polarizability: 0, total_spin: 0, forces: 210, charges: 0]
2026-10-02 12:08:48.418 INFO: Total Training set [energy: 210, stress: 0, virials: 0, dipole components: 0, head: 210, elec_temp: 0, total_charge: 0, polarizability: 0, total_spin: 0, forces: 210, charges: 0]
2026-10-02 12:08:48.439 WARNING: Since ASE version 3.23.0b1, using energy_key 'energy' is no longer safe when communicating between MACE and ASE. We recommend using a different key, rewriting 'energy' to 'REF_energy'. You need to use --energy_key='REF_energy' to specify the chosen key name.
2026-10-02 12:08:48.442 WARNING: Since ASE version 3.23.0b1, using forces_key 'forces' is no longer safe when communicating between MACE and ASE. We recommend using a different key, rewriting 'forces' to 'REF_forces'. You need to use --forces_key='REF_forces' to specify the chosen key name.
2026-10-02 12:08:48.446 INFO: Validation set 1/1 [energy: 38, stress: 0, virials: 0, dipole components: 0, head: 38, elec_temp: 0, total_charge: 0, polarizability: 0, total_spin: 0, forces: 38, charges: 0]
2026-10-02 12:08:48.446 INFO: Total Validation set [energy: 38, stress: 0, virials: 0, dipole components: 0, head: 38, elec_temp: 0, total_charge: 0, polarizability: 0, total_spin: 0, forces: 38, charges: 0]
2026-10-02 12:08:48.446 INFO: Total number of configurations: train=210, valid=38, tests=[],
2026-10-02 12:08:48.446 INFO: Using atomic numbers from command line argument
2026-10-02 12:08:48.446 INFO: Atomic Numbers used: [1, 6, 7, 27, 28, 46]
2026-10-02 12:08:48.446 INFO: Isolated Atomic Energies (E0s) not in training file, using command line argument
2026-10-02 12:08:48.447 INFO: Computing average Atomic Energies using least squares regression
2026-10-02 12:08:48.456 INFO: Atomic Energies used (z: eV) for head Default: {1: -7.197763348048121, 6: -8.89026966282508, 7: -8.418644668344038, 27: -0.11110335598827159, 28: 1.4737429427832027, 46: -1.7158827364106213}
2026-10-02 12:08:48.456 INFO: Processing datasets for head 'Default'
2026-10-02 12:08:48.645 DEBUG: Successfully loaded dataset from ASE files: ['mace_train.xyz']
2026-10-02 12:08:48.645 INFO: Combining 1 list datasets for head 'Default'
2026-10-02 12:08:48.679 DEBUG: Successfully loaded validation dataset from ASE files: ['mace_val.xyz']
2026-10-02 12:08:48.679 INFO: Combining 1 list datasets for head 'Default_valid'
2026-10-02 12:08:48.679 INFO: Combined validation datasets for Default
2026-10-02 12:08:48.679 INFO: Head 'Default' training dataset size: 210
2026-10-02 12:08:48.680 INFO: Computing average number of neighbors
2026-10-02 12:08:48.773 INFO: Average number of neighbors: 29.715635299682617
2026-10-02 12:08:48.774 INFO: During training the following quantities will be reported: energy, forces
2026-10-02 12:08:48.774 INFO: ===========MODEL DETAILS===========
2026-10-02 12:08:48.865 INFO: Building model
2026-10-02 12:08:48.866 INFO: Message passing with 64 channels and max_L=1 (64x0e + 64x1o)
2026-10-02 12:08:48.866 INFO: 2 layers, each with correlation order: 3 (body order: 4) and spherical harmonics up to: l=3
2026-10-02 12:08:48.866 INFO: 8 radial and 5 basis functions
2026-10-02 12:08:48.866 INFO: Radial cutoff: 5.0 A (total receptive field for each atom: 10.0 A)
2026-10-02 12:08:48.866 INFO: Distance transform for radial basis functions: None
2026-10-02 12:08:48.866 INFO: Hidden irreps: 64x0e + 64x1o
2026-10-02 12:08:49.953 INFO: ===========OPTIMIZER INFORMATION===========
2026-10-02 12:08:49.953 INFO: Using ADAM as parameter optimizer
2026-10-02 12:08:49.953 INFO: Batch size: 4
2026-10-02 12:08:49.954 INFO: Using Exponential Moving Average with decay: 0.99
2026-10-02 12:08:49.954 INFO: Number of gradient updates: 3150
2026-10-02 12:08:49.954 INFO: Learning rate: 0.01, weight decay: 5e-07
2026-10-02 12:08:49.954 INFO: WeightedEnergyForcesLoss(energy_weight=1.000, forces_weight=10.000)
2026-10-02 12:08:49.954 INFO: === Layer's learning rates ===
2026-10-02 12:08:49.954 INFO: Param group 0: lr = 0.01
2026-10-02 12:08:49.955 INFO: Param group 1: lr = 0.01
2026-10-02 12:08:49.955 INFO: Param group 2: lr = 0.01
2026-10-02 12:08:49.955 INFO: Param group 3: lr = 0.01
2026-10-02 12:08:49.955 INFO: Param group 4: lr = 0.01
2026-10-02 12:08:49.955 INFO: Using gradient clipping with tolerance=10.000
2026-10-02 12:08:49.955 INFO: 
2026-10-02 12:08:49.955 INFO: ===========TRAINING===========
2026-10-02 12:08:49.956 INFO: Started training, reporting errors on validation set
2026-10-02 12:08:49.956 INFO: Loss metrics on validation set
2026-10-02 12:08:54.135 INFO: Initial: head: Default, loss=9.07029819, RMSE_E_per_atom=  634.50 meV, RMSE_F= 1892.41 meV / A
2026-10-02 12:09:56.371 INFO: Epoch 0: head: Default, loss=0.59075946, RMSE_E_per_atom=   45.45 meV, RMSE_F=  478.42 meV / A
2026-10-02 12:09:56.373 DEBUG: Saving checkpoint: ./checkpoints/mace_multitm_model_run-123_epoch-0.pt
2026-10-02 12:10:57.282 INFO: Epoch 1: head: Default, loss=0.19924942, RMSE_E_per_atom=   41.71 meV, RMSE_F=  279.04 meV / A
2026-10-02 12:10:57.283 DEBUG: Deleting old checkpoint file: ./checkpoints/mace_multitm_model_run-123_epoch-0.pt
2026-10-02 12:10:57.284 DEBUG: Saving checkpoint: ./checkpoints/mace_multitm_model_run-123_epoch-1.pt
2026-10-02 12:11:57.601 INFO: Epoch 2: head: Default, loss=0.13946052, RMSE_E_per_atom=   40.54 meV, RMSE_F=  233.18 meV / A
2026-10-02 12:11:57.603 DEBUG: Deleting old checkpoint file: ./checkpoints/mace_multitm_model_run-123_epoch-1.pt
2026-10-02 12:11:57.604 DEBUG: Saving checkpoint: ./checkpoints/mace_multitm_model_run-123_epoch-2.pt
2026-10-02 12:12:58.538 INFO: Epoch 3: head: Default, loss=0.10226338, RMSE_E_per_atom=   37.17 meV, RMSE_F=  200.04 meV / A
2026-10-02 12:12:58.539 DEBUG: Deleting old checkpoint file: ./checkpoints/mace_multitm_model_run-123_epoch-2.pt
2026-10-02 12:12:58.540 DEBUG: Saving checkpoint: ./checkpoints/mace_multitm_model_run-123_epoch-3.pt
2026-10-02 12:13:59.403 INFO: Epoch 4: head: Default, loss=0.07897104, RMSE_E_per_atom=   33.10 meV, RMSE_F=  175.84 meV / A
2026-10-02 12:13:59.405 DEBUG: Deleting old checkpoint file: ./checkpoints/mace_multitm_model_run-123_epoch-3.pt
2026-10-02 12:13:59.406 DEBUG: Saving checkpoint: ./checkpoints/mace_multitm_model_run-123_epoch-4.pt
2026-10-02 12:14:59.942 INFO: Epoch 5: head: Default, loss=0.06201991, RMSE_E_per_atom=   32.15 meV, RMSE_F=  155.76 meV / A
2026-10-02 12:14:59.944 DEBUG: Deleting old checkpoint file: ./checkpoints/mace_multitm_model_run-123_epoch-4.pt
2026-10-02 12:14:59.945 DEBUG: Saving checkpoint: ./checkpoints/mace_multitm_model_run-123_epoch-5.pt
2026-10-02 12:16:00.627 INFO: Epoch 6: head: Default, loss=0.05351421, RMSE_E_per_atom=   28.88 meV, RMSE_F=  144.73 meV / A
2026-10-02 12:16:00.628 DEBUG: Deleting old checkpoint file: ./checkpoints/mace_multitm_model_run-123_epoch-5.pt
2026-10-02 12:16:00.629 DEBUG: Saving checkpoint: ./checkpoints/mace_multitm_model_run-123_epoch-6.pt
2026-10-02 12:17:00.789 INFO: Epoch 7: head: Default, loss=0.04671307, RMSE_E_per_atom=   27.31 meV, RMSE_F=  135.18 meV / A
2026-10-02 12:17:00.791 DEBUG: Deleting old checkpoint file: ./checkpoints/mace_multitm_model_run-123_epoch-6.pt
2026-10-02 12:17:00.792 DEBUG: Saving checkpoint: ./checkpoints/mace_multitm_model_run-123_epoch-7.pt
2026-10-02 12:18:00.642 INFO: Epoch 8: head: Default, loss=0.04156333, RMSE_E_per_atom=   24.83 meV, RMSE_F=  127.52 meV / A
2026-10-02 12:18:00.643 DEBUG: Deleting old checkpoint file: ./checkpoints/mace_multitm_model_run-123_epoch-7.pt
2026-10-02 12:18:00.644 DEBUG: Saving checkpoint: ./checkpoints/mace_multitm_model_run-123_epoch-8.pt
2026-10-02 12:19:00.312 INFO: Epoch 9: head: Default, loss=0.03845841, RMSE_E_per_atom=   23.89 meV, RMSE_F=  122.65 meV / A
2026-10-02 12:19:00.313 DEBUG: Deleting old checkpoint file: ./checkpoints/mace_multitm_model_run-123_epoch-8.pt
2026-10-02 12:19:00.314 DEBUG: Saving checkpoint: ./checkpoints/mace_multitm_model_run-123_epoch-9.pt
2026-10-02 12:20:00.676 INFO: Epoch 10: head: Default, loss=0.03605099, RMSE_E_per_atom=   23.74 meV, RMSE_F=  118.71 meV / A
2026-10-02 12:20:00.679 DEBUG: Deleting old checkpoint file: ./checkpoints/mace_multitm_model_run-123_epoch-9.pt
2026-10-02 12:20:00.680 DEBUG: Saving checkpoint: ./checkpoints/mace_multitm_model_run-123_epoch-10.pt
2026-10-02 12:21:00.357 INFO: Epoch 11: head: Default, loss=0.03313687, RMSE_E_per_atom=   22.84 meV, RMSE_F=  113.76 meV / A
2026-10-02 12:21:00.359 DEBUG: Deleting old checkpoint file: ./checkpoints/mace_multitm_model_run-123_epoch-10.pt
2026-10-02 12:21:00.360 DEBUG: Saving checkpoint: ./checkpoints/mace_multitm_model_run-123_epoch-11.pt
2026-10-02 12:22:00.969 INFO: Epoch 12: head: Default, loss=0.03097724, RMSE_E_per_atom=   22.19 meV, RMSE_F=  109.96 meV / A
2026-10-02 12:22:00.971 DEBUG: Deleting old checkpoint file: ./checkpoints/mace_multitm_model_run-123_epoch-11.pt
2026-10-02 12:22:00.972 DEBUG: Saving checkpoint: ./checkpoints/mace_multitm_model_run-123_epoch-12.pt
2026-10-02 12:22:59.645 INFO: Epoch 13: head: Default, loss=0.03248698, RMSE_E_per_atom=   21.69 meV, RMSE_F=  112.67 meV / A
2026-10-02 12:24:01.366 INFO: Epoch 14: head: Default, loss=0.07165675, RMSE_E_per_atom=   54.37 meV, RMSE_F=  167.38 meV / A
2026-10-02 12:25:03.294 INFO: Epoch 15: head: Default, loss=0.05379976, RMSE_E_per_atom=   54.53 meV, RMSE_F=  144.42 meV / A
2026-10-02 12:26:02.677 INFO: Epoch 16: head: Default, loss=0.04004873, RMSE_E_per_atom=   37.17 meV, RMSE_F=  124.82 meV / A
2026-10-02 12:27:03.496 INFO: Epoch 17: head: Default, loss=0.03329867, RMSE_E_per_atom=   27.37 meV, RMSE_F=  113.92 meV / A
2026-10-02 12:28:03.523 INFO: Epoch 18: head: Default, loss=0.02909823, RMSE_E_per_atom=   22.78 meV, RMSE_F=  106.50 meV / A
2026-10-02 12:28:03.525 DEBUG: Deleting old checkpoint file: ./checkpoints/mace_multitm_model_run-123_epoch-12.pt
2026-10-02 12:28:03.526 DEBUG: Saving checkpoint: ./checkpoints/mace_multitm_model_run-123_epoch-18.pt
2026-10-02 12:29:04.051 INFO: Epoch 19: head: Default, loss=0.02650442, RMSE_E_per_atom=   20.47 meV, RMSE_F=  101.63 meV / A
2026-10-02 12:29:04.053 DEBUG: Deleting old checkpoint file: ./checkpoints/mace_multitm_model_run-123_epoch-18.pt
2026-10-02 12:29:04.054 DEBUG: Saving checkpoint: ./checkpoints/mace_multitm_model_run-123_epoch-19.pt
2026-10-02 12:30:03.566 INFO: Epoch 20: head: Default, loss=0.02460765, RMSE_E_per_atom=   19.18 meV, RMSE_F=   97.91 meV / A
2026-10-02 12:30:03.568 DEBUG: Deleting old checkpoint file: ./checkpoints/mace_multitm_model_run-123_epoch-19.pt
2026-10-02 12:30:03.569 DEBUG: Saving checkpoint: ./checkpoints/mace_multitm_model_run-123_epoch-20.pt
2026-10-02 12:31:03.833 INFO: Epoch 21: head: Default, loss=0.02281042, RMSE_E_per_atom=   18.84 meV, RMSE_F=   94.26 meV / A
2026-10-02 12:31:03.836 DEBUG: Deleting old checkpoint file: ./checkpoints/mace_multitm_model_run-123_epoch-20.pt
2026-10-02 12:31:03.837 DEBUG: Saving checkpoint: ./checkpoints/mace_multitm_model_run-123_epoch-21.pt
2026-10-02 12:32:04.847 INFO: Epoch 22: head: Default, loss=0.02125130, RMSE_E_per_atom=   18.13 meV, RMSE_F=   90.98 meV / A
2026-10-02 12:32:04.849 DEBUG: Deleting old checkpoint file: ./checkpoints/mace_multitm_model_run-123_epoch-21.pt
2026-10-02 12:32:04.851 DEBUG: Saving checkpoint: ./checkpoints/mace_multitm_model_run-123_epoch-22.pt
2026-10-02 12:33:05.716 INFO: Epoch 23: head: Default, loss=0.02002978, RMSE_E_per_atom=   17.80 meV, RMSE_F=   88.35 meV / A
2026-10-02 12:33:05.718 DEBUG: Deleting old checkpoint file: ./checkpoints/mace_multitm_model_run-123_epoch-22.pt
2026-10-02 12:33:05.719 DEBUG: Saving checkpoint: ./checkpoints/mace_multitm_model_run-123_epoch-23.pt
2026-10-02 12:34:06.745 INFO: Epoch 24: head: Default, loss=0.01898400, RMSE_E_per_atom=   17.18 meV, RMSE_F=   85.99 meV / A
2026-10-02 12:34:06.747 DEBUG: Deleting old checkpoint file: ./checkpoints/mace_multitm_model_run-123_epoch-23.pt
2026-10-02 12:34:06.749 DEBUG: Saving checkpoint: ./checkpoints/mace_multitm_model_run-123_epoch-24.pt
2026-10-02 12:35:07.222 INFO: Epoch 25: head: Default, loss=0.01823151, RMSE_E_per_atom=   16.56 meV, RMSE_F=   84.29 meV / A
2026-10-02 12:35:07.223 DEBUG: Deleting old checkpoint file: ./checkpoints/mace_multitm_model_run-123_epoch-24.pt
2026-10-02 12:35:07.224 DEBUG: Saving checkpoint: ./checkpoints/mace_multitm_model_run-123_epoch-25.pt
2026-10-02 12:36:08.019 INFO: Epoch 26: head: Default, loss=0.01741302, RMSE_E_per_atom=   16.23 meV, RMSE_F=   82.40 meV / A
2026-10-02 12:36:08.020 DEBUG: Deleting old checkpoint file: ./checkpoints/mace_multitm_model_run-123_epoch-25.pt
2026-10-02 12:36:08.022 DEBUG: Saving checkpoint: ./checkpoints/mace_multitm_model_run-123_epoch-26.pt
2026-10-02 12:37:09.300 INFO: Epoch 27: head: Default, loss=0.01673445, RMSE_E_per_atom=   15.53 meV, RMSE_F=   80.80 meV / A
2026-10-02 12:37:09.301 DEBUG: Deleting old checkpoint file: ./checkpoints/mace_multitm_model_run-123_epoch-26.pt
2026-10-02 12:37:09.303 DEBUG: Saving checkpoint: ./checkpoints/mace_multitm_model_run-123_epoch-27.pt
2026-10-02 12:38:09.618 INFO: Epoch 28: head: Default, loss=0.01608570, RMSE_E_per_atom=   14.98 meV, RMSE_F=   79.24 meV / A
2026-10-02 12:38:09.619 DEBUG: Deleting old checkpoint file: ./checkpoints/mace_multitm_model_run-123_epoch-27.pt
2026-10-02 12:38:09.620 DEBUG: Saving checkpoint: ./checkpoints/mace_multitm_model_run-123_epoch-28.pt
2026-10-02 12:39:11.525 INFO: Epoch 29: head: Default, loss=0.01541283, RMSE_E_per_atom=   14.54 meV, RMSE_F=   77.58 meV / A
2026-10-02 12:39:11.526 DEBUG: Deleting old checkpoint file: ./checkpoints/mace_multitm_model_run-123_epoch-28.pt
2026-10-02 12:39:11.527 DEBUG: Saving checkpoint: ./checkpoints/mace_multitm_model_run-123_epoch-29.pt
2026-10-02 12:40:12.473 INFO: Epoch 30: head: Default, loss=0.01471418, RMSE_E_per_atom=   14.39 meV, RMSE_F=   75.79 meV / A
2026-10-02 12:40:12.476 DEBUG: Deleting old checkpoint file: ./checkpoints/mace_multitm_model_run-123_epoch-29.pt
2026-10-02 12:40:12.477 DEBUG: Saving checkpoint: ./checkpoints/mace_multitm_model_run-123_epoch-30.pt
2026-10-02 12:41:13.094 INFO: Epoch 31: head: Default, loss=0.01430825, RMSE_E_per_atom=   14.10 meV, RMSE_F=   74.78 meV / A
2026-10-02 12:41:13.095 DEBUG: Deleting old checkpoint file: ./checkpoints/mace_multitm_model_run-123_epoch-30.pt
2026-10-02 12:41:13.096 DEBUG: Saving checkpoint: ./checkpoints/mace_multitm_model_run-123_epoch-31.pt
2026-10-02 12:42:14.449 INFO: Epoch 32: head: Default, loss=0.01402914, RMSE_E_per_atom=   13.87 meV, RMSE_F=   74.08 meV / A
2026-10-02 12:42:14.452 DEBUG: Deleting old checkpoint file: ./checkpoints/mace_multitm_model_run-123_epoch-31.pt
2026-10-02 12:42:14.453 DEBUG: Saving checkpoint: ./checkpoints/mace_multitm_model_run-123_epoch-32.pt
2026-10-02 12:43:14.334 INFO: Epoch 33: head: Default, loss=0.01348447, RMSE_E_per_atom=   14.04 meV, RMSE_F=   72.61 meV / A
2026-10-02 12:43:14.335 DEBUG: Deleting old checkpoint file: ./checkpoints/mace_multitm_model_run-123_epoch-32.pt
2026-10-02 12:43:14.336 DEBUG: Saving checkpoint: ./checkpoints/mace_multitm_model_run-123_epoch-33.pt
2026-10-02 12:44:12.985 INFO: Epoch 34: head: Default, loss=0.01333129, RMSE_E_per_atom=   14.21 meV, RMSE_F=   72.22 meV / A
2026-10-02 12:44:12.987 DEBUG: Deleting old checkpoint file: ./checkpoints/mace_multitm_model_run-123_epoch-33.pt
2026-10-02 12:44:12.989 DEBUG: Saving checkpoint: ./checkpoints/mace_multitm_model_run-123_epoch-34.pt
2026-10-02 12:45:12.409 INFO: Epoch 35: head: Default, loss=0.01317277, RMSE_E_per_atom=   14.13 meV, RMSE_F=   71.79 meV / A
2026-10-02 12:45:12.410 DEBUG: Deleting old checkpoint file: ./checkpoints/mace_multitm_model_run-123_epoch-34.pt
2026-10-02 12:45:12.411 DEBUG: Saving checkpoint: ./checkpoints/mace_multitm_model_run-123_epoch-35.pt
2026-10-02 12:46:12.160 INFO: Epoch 36: head: Default, loss=0.01284510, RMSE_E_per_atom=   13.67 meV, RMSE_F=   70.91 meV / A
2026-10-02 12:46:12.162 DEBUG: Deleting old checkpoint file: ./checkpoints/mace_multitm_model_run-123_epoch-35.pt
2026-10-02 12:46:12.163 DEBUG: Saving checkpoint: ./checkpoints/mace_multitm_model_run-123_epoch-36.pt
2026-10-02 12:47:11.420 INFO: Epoch 37: head: Default, loss=0.01256345, RMSE_E_per_atom=   13.23 meV, RMSE_F=   70.14 meV / A
2026-10-02 12:47:11.422 DEBUG: Deleting old checkpoint file: ./checkpoints/mace_multitm_model_run-123_epoch-36.pt
2026-10-02 12:47:11.423 DEBUG: Saving checkpoint: ./checkpoints/mace_multitm_model_run-123_epoch-37.pt
2026-10-02 12:48:10.070 INFO: Epoch 38: head: Default, loss=0.01218940, RMSE_E_per_atom=   12.99 meV, RMSE_F=   69.12 meV / A
2026-10-02 12:48:10.072 DEBUG: Deleting old checkpoint file: ./checkpoints/mace_multitm_model_run-123_epoch-37.pt
2026-10-02 12:48:10.074 DEBUG: Saving checkpoint: ./checkpoints/mace_multitm_model_run-123_epoch-38.pt
2026-10-02 12:49:10.220 INFO: Epoch 39: head: Default, loss=0.01186264, RMSE_E_per_atom=   12.67 meV, RMSE_F=   68.20 meV / A
2026-10-02 12:49:10.222 DEBUG: Deleting old checkpoint file: ./checkpoints/mace_multitm_model_run-123_epoch-38.pt
2026-10-02 12:49:10.223 DEBUG: Saving checkpoint: ./checkpoints/mace_multitm_model_run-123_epoch-39.pt
2026-10-02 12:50:09.845 INFO: Epoch 40: head: Default, loss=0.01146251, RMSE_E_per_atom=   12.52 meV, RMSE_F=   67.06 meV / A
2026-10-02 12:50:09.847 DEBUG: Deleting old checkpoint file: ./checkpoints/mace_multitm_model_run-123_epoch-39.pt
2026-10-02 12:50:09.849 DEBUG: Saving checkpoint: ./checkpoints/mace_multitm_model_run-123_epoch-40.pt
2026-10-02 12:51:09.233 INFO: Epoch 41: head: Default, loss=0.01179151, RMSE_E_per_atom=   12.28 meV, RMSE_F=   68.05 meV / A
2026-10-02 12:52:09.302 INFO: Epoch 42: head: Default, loss=0.01158296, RMSE_E_per_atom=   12.14 meV, RMSE_F=   67.44 meV / A
2026-10-02 12:53:09.178 INFO: Epoch 43: head: Default, loss=0.01122506, RMSE_E_per_atom=   12.29 meV, RMSE_F=   66.40 meV / A
2026-10-02 12:53:09.180 DEBUG: Deleting old checkpoint file: ./checkpoints/mace_multitm_model_run-123_epoch-40.pt
2026-10-02 12:53:09.181 DEBUG: Saving checkpoint: ./checkpoints/mace_multitm_model_run-123_epoch-43.pt
2026-10-02 12:54:08.452 INFO: Epoch 44: head: Default, loss=0.01092510, RMSE_E_per_atom=   12.22 meV, RMSE_F=   65.52 meV / A
2026-10-02 12:54:08.454 DEBUG: Deleting old checkpoint file: ./checkpoints/mace_multitm_model_run-123_epoch-43.pt
2026-10-02 12:54:08.455 DEBUG: Saving checkpoint: ./checkpoints/mace_multitm_model_run-123_epoch-44.pt
2026-10-02 12:55:07.563 INFO: Epoch 45: head: Default, loss=0.01065099, RMSE_E_per_atom=   12.17 meV, RMSE_F=   64.67 meV / A
2026-10-02 12:55:07.564 DEBUG: Deleting old checkpoint file: ./checkpoints/mace_multitm_model_run-123_epoch-44.pt
2026-10-02 12:55:07.565 DEBUG: Saving checkpoint: ./checkpoints/mace_multitm_model_run-123_epoch-45.pt
2026-10-02 12:56:08.225 INFO: Epoch 46: head: Default, loss=0.01032803, RMSE_E_per_atom=   12.10 meV, RMSE_F=   63.68 meV / A
2026-10-02 12:56:08.226 DEBUG: Deleting old checkpoint file: ./checkpoints/mace_multitm_model_run-123_epoch-45.pt
2026-10-02 12:56:08.227 DEBUG: Saving checkpoint: ./checkpoints/mace_multitm_model_run-123_epoch-46.pt
2026-10-02 12:57:07.599 INFO: Epoch 47: head: Default, loss=0.01013709, RMSE_E_per_atom=   11.70 meV, RMSE_F=   63.11 meV / A
2026-10-02 12:57:07.601 DEBUG: Deleting old checkpoint file: ./checkpoints/mace_multitm_model_run-123_epoch-46.pt
2026-10-02 12:57:07.602 DEBUG: Saving checkpoint: ./checkpoints/mace_multitm_model_run-123_epoch-47.pt
2026-10-02 12:58:07.126 INFO: Epoch 48: head: Default, loss=0.00980065, RMSE_E_per_atom=   11.55 meV, RMSE_F=   62.07 meV / A
2026-10-02 12:58:07.128 DEBUG: Deleting old checkpoint file: ./checkpoints/mace_multitm_model_run-123_epoch-47.pt
2026-10-02 12:58:07.129 DEBUG: Saving checkpoint: ./checkpoints/mace_multitm_model_run-123_epoch-48.pt
2026-10-02 12:59:06.450 INFO: Epoch 49: head: Default, loss=0.00952828, RMSE_E_per_atom=   11.42 meV, RMSE_F=   61.20 meV / A
2026-10-02 12:59:06.452 DEBUG: Deleting old checkpoint file: ./checkpoints/mace_multitm_model_run-123_epoch-48.pt
2026-10-02 12:59:06.453 DEBUG: Saving checkpoint: ./checkpoints/mace_multitm_model_run-123_epoch-49.pt
2026-10-02 13:00:07.740 INFO: Epoch 50: head: Default, loss=0.00936115, RMSE_E_per_atom=   11.26 meV, RMSE_F=   60.67 meV / A
2026-10-02 13:00:07.742 DEBUG: Deleting old checkpoint file: ./checkpoints/mace_multitm_model_run-123_epoch-49.pt
2026-10-02 13:00:07.743 DEBUG: Saving checkpoint: ./checkpoints/mace_multitm_model_run-123_epoch-50.pt
2026-10-02 13:01:08.382 INFO: Epoch 51: head: Default, loss=0.00921557, RMSE_E_per_atom=   11.17 meV, RMSE_F=   60.19 meV / A
2026-10-02 13:01:08.384 DEBUG: Deleting old checkpoint file: ./checkpoints/mace_multitm_model_run-123_epoch-50.pt
2026-10-02 13:01:08.385 DEBUG: Saving checkpoint: ./checkpoints/mace_multitm_model_run-123_epoch-51.pt
2026-10-02 13:02:09.043 INFO: Epoch 52: head: Default, loss=0.00895529, RMSE_E_per_atom=   11.18 meV, RMSE_F=   59.34 meV / A
2026-10-02 13:02:09.045 DEBUG: Deleting old checkpoint file: ./checkpoints/mace_multitm_model_run-123_epoch-51.pt
2026-10-02 13:02:09.046 DEBUG: Saving checkpoint: ./checkpoints/mace_multitm_model_run-123_epoch-52.pt
2026-10-02 13:03:10.238 INFO: Epoch 53: head: Default, loss=0.00883962, RMSE_E_per_atom=   11.11 meV, RMSE_F=   58.96 meV / A
2026-10-02 13:03:10.240 DEBUG: Deleting old checkpoint file: ./checkpoints/mace_multitm_model_run-123_epoch-52.pt
2026-10-02 13:03:10.241 DEBUG: Saving checkpoint: ./checkpoints/mace_multitm_model_run-123_epoch-53.pt
2026-10-02 13:04:09.761 INFO: Epoch 54: head: Default, loss=0.00853517, RMSE_E_per_atom=   10.77 meV, RMSE_F=   57.94 meV / A
2026-10-02 13:04:09.763 DEBUG: Deleting old checkpoint file: ./checkpoints/mace_multitm_model_run-123_epoch-53.pt
2026-10-02 13:04:09.764 DEBUG: Saving checkpoint: ./checkpoints/mace_multitm_model_run-123_epoch-54.pt
2026-10-02 13:05:11.186 INFO: Epoch 55: head: Default, loss=0.00840312, RMSE_E_per_atom=   10.50 meV, RMSE_F=   57.49 meV / A
2026-10-02 13:05:11.188 DEBUG: Deleting old checkpoint file: ./checkpoints/mace_multitm_model_run-123_epoch-54.pt
2026-10-02 13:05:11.189 DEBUG: Saving checkpoint: ./checkpoints/mace_multitm_model_run-123_epoch-55.pt
2026-10-02 13:06:11.810 INFO: Epoch 56: head: Default, loss=0.00832624, RMSE_E_per_atom=   10.41 meV, RMSE_F=   57.24 meV / A
2026-10-02 13:06:11.811 DEBUG: Deleting old checkpoint file: ./checkpoints/mace_multitm_model_run-123_epoch-55.pt
2026-10-02 13:06:11.812 DEBUG: Saving checkpoint: ./checkpoints/mace_multitm_model_run-123_epoch-56.pt
2026-10-02 13:07:11.881 INFO: Epoch 57: head: Default, loss=0.00867579, RMSE_E_per_atom=   10.66 meV, RMSE_F=   58.44 meV / A
2026-10-02 13:08:12.858 INFO: Epoch 58: head: Default, loss=0.00840024, RMSE_E_per_atom=   10.57 meV, RMSE_F=   57.48 meV / A
2026-10-02 13:09:13.691 INFO: Epoch 59: head: Default, loss=0.00813631, RMSE_E_per_atom=   10.43 meV, RMSE_F=   56.58 meV / A
2026-10-02 13:09:13.693 DEBUG: Deleting old checkpoint file: ./checkpoints/mace_multitm_model_run-123_epoch-56.pt
2026-10-02 13:09:13.694 DEBUG: Saving checkpoint: ./checkpoints/mace_multitm_model_run-123_epoch-59.pt
2026-10-02 13:09:13.709 INFO: Training complete
2026-10-02 13:09:13.709 INFO: 
2026-10-02 13:09:13.709 INFO: ===========RESULTS===========
2026-10-02 13:09:13.710 INFO: Loading checkpoint: ./checkpoints/mace_multitm_model_run-123_epoch-59.pt
2026-10-02 13:09:13.727 INFO: Loaded Stage one model from epoch 59 for evaluation
2026-10-02 13:09:13.727 INFO: Saving model to checkpoints/mace_multitm_model_run-123.model
2026-10-02 13:09:13.882 INFO: Compiling model, saving metadata to mace_multitm_model_compiled.model
2026-10-02 13:09:14.601 INFO: Computing metrics for training, validation, and test sets
2026-10-02 13:09:14.602 INFO: Skipping evaluation for heads: ['pt_head']
2026-10-02 13:09:14.602 INFO: Evaluating train_Default ...
2026-10-02 13:09:32.140 INFO: Evaluating valid_Default ...
2026-10-02 13:09:35.513 INFO: Error-table on TRAIN and VALID:
+---------------+---------------------+------------------+-------------------+
|  config_type  | RMSE E / meV / atom | RMSE F / meV / A | relative F RMSE % |
+---------------+---------------------+------------------+-------------------+
| train_Default |           14.4      |         42.7     |          2.31     |
| valid_Default |           10.4      |         56.6     |          3.01     |
+---------------+---------------------+------------------+-------------------+
2026-10-02 13:09:35.514 DEBUG: Running inference on train_Default dataset
2026-10-02 13:09:53.000 DEBUG: Running inference on valid_Default dataset
2026-10-02 13:09:56.715 DEBUG: STREAM b'IHDR' 16 13
2026-10-02 13:09:56.715 DEBUG: STREAM b'sBIT' 41 4
2026-10-02 13:09:56.715 DEBUG: b'sBIT' 41 4 (unknown)
2026-10-02 13:09:56.715 DEBUG: STREAM b'pHYs' 57 9
2026-10-02 13:09:56.715 DEBUG: STREAM b'IDAT' 78 1189
2026-10-02 13:09:56.717 DEBUG: STREAM b'IHDR' 16 13
2026-10-02 13:09:56.717 DEBUG: STREAM b'sBIT' 41 4
2026-10-02 13:09:56.717 DEBUG: b'sBIT' 41 4 (unknown)
2026-10-02 13:09:56.717 DEBUG: STREAM b'pHYs' 57 9
2026-10-02 13:09:56.717 DEBUG: STREAM b'IDAT' 78 2994
2026-10-02 13:09:56.732 DEBUG: STREAM b'IHDR' 16 13
2026-10-02 13:09:56.732 DEBUG: STREAM b'sBIT' 41 4
2026-10-02 13:09:56.732 DEBUG: b'sBIT' 41 4 (unknown)
2026-10-02 13:09:56.733 DEBUG: STREAM b'pHYs' 57 9
2026-10-02 13:09:56.733 DEBUG: STREAM b'IDAT' 78 374
2026-10-02 13:09:56.734 DEBUG: STREAM b'IHDR' 16 13
2026-10-02 13:09:56.734 DEBUG: STREAM b'sBIT' 41 4
2026-10-02 13:09:56.734 DEBUG: b'sBIT' 41 4 (unknown)
2026-10-02 13:09:56.734 DEBUG: STREAM b'pHYs' 57 9
2026-10-02 13:09:56.734 DEBUG: STREAM b'IDAT' 78 286
2026-10-02 13:09:56.735 DEBUG: STREAM b'IHDR' 16 13
2026-10-02 13:09:56.736 DEBUG: STREAM b'sBIT' 41 4
2026-10-02 13:09:56.736 DEBUG: b'sBIT' 41 4 (unknown)
2026-10-02 13:09:56.736 DEBUG: STREAM b'pHYs' 57 9
2026-10-02 13:09:56.736 DEBUG: STREAM b'IDAT' 78 263
2026-10-02 13:09:56.737 DEBUG: STREAM b'IHDR' 16 13
2026-10-02 13:09:56.737 DEBUG: STREAM b'sBIT' 41 4
2026-10-02 13:09:56.737 DEBUG: b'sBIT' 41 4 (unknown)
2026-10-02 13:09:56.737 DEBUG: STREAM b'pHYs' 57 9
2026-10-02 13:09:56.737 DEBUG: STREAM b'IDAT' 78 387
2026-10-02 13:09:56.738 DEBUG: STREAM b'IHDR' 16 13
2026-10-02 13:09:56.738 DEBUG: STREAM b'sBIT' 41 4
2026-10-02 13:09:56.738 DEBUG: b'sBIT' 41 4 (unknown)
2026-10-02 13:09:56.738 DEBUG: STREAM b'pHYs' 57 9
2026-10-02 13:09:56.738 DEBUG: STREAM b'IDAT' 78 436
2026-10-02 13:09:56.739 DEBUG: STREAM b'IHDR' 16 13
2026-10-02 13:09:56.739 DEBUG: STREAM b'sBIT' 41 4
2026-10-02 13:09:56.739 DEBUG: b'sBIT' 41 4 (unknown)
2026-10-02 13:09:56.739 DEBUG: STREAM b'pHYs' 57 9
2026-10-02 13:09:56.739 DEBUG: STREAM b'IDAT' 78 351
2026-10-02 13:09:56.740 DEBUG: STREAM b'IHDR' 16 13
2026-10-02 13:09:56.740 DEBUG: STREAM b'sBIT' 41 4
2026-10-02 13:09:56.740 DEBUG: b'sBIT' 41 4 (unknown)
2026-10-02 13:09:56.740 DEBUG: STREAM b'pHYs' 57 9
2026-10-02 13:09:56.740 DEBUG: STREAM b'IDAT' 78 364
2026-10-02 13:09:58.421 INFO: Done
2026-10-02 17:42:37.995 INFO: ===========VERIFYING SETTINGS===========
2026-10-02 17:42:37.995 INFO: MACE version: 0.3.16
2026-10-02 17:42:37.996 DEBUG: Configuration: Namespace(config=None, name='mace_multitm_model', seed=123, work_dir='.', log_dir='./logs', model_dir='.', checkpoints_dir='./checkpoints', results_dir='./results', downloads_dir='./downloads', device='cpu', default_dtype='float32', distributed=False, launcher='slurm', log_level='INFO', plot=True, plot_frequency=0, plot_interaction_e=False, error_table='PerAtomRMSE', model='ScaleShiftMACE', r_max=5.0, radial_type='bessel', num_radial_basis=8, num_cutoff_basis=5, pair_repulsion=False, distance_transform='None', apply_cutoff=True, use_last_readout_only=False, use_embedding_readout=False, interaction='RealAgnosticResidualInteractionBlock', interaction_first='RealAgnosticResidualInteractionBlock', max_ell=3, correlation=3, use_reduced_cg=False, use_so3=False, use_agnostic_product=False, num_interactions=2, MLP_irreps='16x0e', radial_MLP='[64, 64, 64]', hidden_irreps='64x0e + 64x1o', edge_irreps=None, use_edge_irreps_first=False, num_channels=64, max_L=1, gate='silu', kspace_cutoff_factor=1.5, atomic_multipoles_max_l=0, atomic_multipoles_smearing_width=1.0, field_feature_max_l=0, field_feature_widths='[1.0]', field_feature_norms=None, num_recursion_steps=1, field_si=False, include_electrostatic_self_interaction=False, add_local_electron_energy=False, quadrupole_feature_corrections=False, return_electrostatic_potentials=False, field_norm_factor=0.02, fixedpoint_update_config=None, field_readout_config=None, scaling='rms_forces_scaling', avg_num_neighbors=1, compute_avg_num_neighbors=True, compute_stress=False, compute_forces=True, compute_polarizability=False, compute_atomic_dipole=False, train_file='mace_train.xyz', valid_file='mace_val.xyz', valid_fraction=0.1, test_file=None, test_dir=None, multi_processed_test=False, num_workers=0, pin_memory=True, atomic_numbers='[1, 6, 7, 27, 28, 46]', mean=None, std=None, statistics_file=None, les_arguments=None, E0s='average', pseudolabel_replay=False, pseudolabel_replay_compute_stress=False, foundation_filter_elements=True, heads=None, multiheads_finetuning=True, foundation_head=None, weight_pt_head=1.0, real_pt_data_ratio_threshold=0.1, num_samples_pt=10000, force_mh_ft_lr=False, subselect_pt='random', filter_type_pt='none', allow_random_padding_pt=True, pt_train_file=None, pt_valid_file=None, foundation_model_elements=False, keep_isolated_atoms=False, lora=False, lora_rank=4, lora_alpha=1.0, energy_key='energy', forces_key='forces', virials_key='REF_virials', stress_key='REF_stress', dipole_key='dipole', polarizability_key='polarizability', head_key='head', charges_key='REF_charges', elec_temp_key='elec_temp', total_spin_key='total_spin', total_charge_key='total_charge', embedding_specs=None, skip_evaluate_heads='pt_head', loss='weighted', forces_weight=10.0, swa_forces_weight=100.0, energy_weight=1.0, swa_energy_weight=1000.0, virials_weight=1.0, swa_virials_weight=10.0, stress_weight=1.0, swa_stress_weight=10.0, dipole_weight=1.0, swa_dipole_weight=1.0, swa_polarizability_weight=1.0, polarizability_weight=1.0, config_type_weights='{"Default":1.0}', huber_delta=0.01, optimizer='adam', beta=0.9, beta1_schedulefree=0.9, beta2_schedulefree=0.98, batch_size=4, valid_batch_size=4, lr=0.01, swa_lr=0.001, weight_decay=5e-07, lr_params_factors='{"embedding_lr_factor": 1.0, "interactions_lr_factor": 1.0, "products_lr_factor": 1.0, "readouts_lr_factor": 1.0}', freeze=None, amsgrad=True, scheduler='ReduceLROnPlateau', lr_factor=0.8, scheduler_patience=50, lr_scheduler_gamma=0.9993, swa=False, start_swa=None, lbfgs=False, ema=True, ema_decay=0.99, max_num_epochs=60, patience=2048, foundation_model=None, foundation_model_kwargs='{}', foundation_model_readout=True, eval_interval=1, keep_checkpoints=False, save_all_checkpoints=False, restart_latest=False, save_cpu=False, clip_grad=10.0, dry_run=False, enable_cueq=False, only_cueq=False, enable_oeq=False, wandb=False, wandb_dir=None, wandb_project='', wandb_entity='', wandb_name='', wandb_log_hypers=['num_channels', 'max_L', 'correlation', 'lr', 'swa_lr', 'weight_decay', 'batch_size', 'max_num_epochs', 'start_swa', 'energy_weight', 'forces_weight'], key_specification=KeySpecification(info_keys={'energy': 'energy', 'stress': 'REF_stress', 'virials': 'REF_virials', 'dipole': 'dipole', 'head': 'head', 'elec_temp': 'elec_temp', 'total_charge': 'total_charge', 'polarizability': 'polarizability', 'total_spin': 'total_spin'}, arrays_keys={'forces': 'forces', 'charges': 'REF_charges'}))
2026-10-02 17:42:37.996 INFO: Using CPU
2026-10-02 17:42:38.030 DEBUG: Popen(['git', 'version'], cwd=/home/ziat1/Documents/Training/Autonomous_MultiTM_SAC_Pipeline, stdin=None, shell=False, universal_newlines=False)
2026-10-02 17:42:38.036 DEBUG: Popen(['git', 'version'], cwd=/home/ziat1/Documents/Training/Autonomous_MultiTM_SAC_Pipeline, stdin=None, shell=False, universal_newlines=False)
2026-10-02 17:42:38.040 DEBUG: sys.platform='linux', git_executable='git'
2026-10-02 17:42:38.041 DEBUG: Error accessing Git repository: /home/ziat1/Documents/Training/Autonomous_MultiTM_SAC_Pipeline
2026-10-02 17:42:38.041 INFO: ===========LOADING INPUT DATA===========
2026-10-02 17:42:38.041 INFO: Using heads: ['Default']
2026-10-02 17:42:38.041 INFO: Using the key specifications to parse data:
2026-10-02 17:42:38.041 INFO: Default: KeySpecification(info_keys={'energy': 'energy', 'stress': 'REF_stress', 'virials': 'REF_virials', 'dipole': 'dipole', 'head': 'head', 'elec_temp': 'elec_temp', 'total_charge': 'total_charge', 'polarizability': 'polarizability', 'total_spin': 'total_spin'}, arrays_keys={'forces': 'forces', 'charges': 'REF_charges'})
2026-10-02 17:42:38.041 INFO: =============    Processing head Default     ===========
2026-10-02 17:42:38.041 DEBUG: Loading training file: mace_train.xyz
2026-10-02 17:42:38.118 WARNING: Since ASE version 3.23.0b1, using energy_key 'energy' is no longer safe when communicating between MACE and ASE. We recommend using a different key, rewriting 'energy' to 'REF_energy'. You need to use --energy_key='REF_energy' to specify the chosen key name.
2026-10-02 17:42:38.131 WARNING: Since ASE version 3.23.0b1, using forces_key 'forces' is no longer safe when communicating between MACE and ASE. We recommend using a different key, rewriting 'forces' to 'REF_forces'. You need to use --forces_key='REF_forces' to specify the chosen key name.
2026-10-02 17:42:38.151 INFO: Training set 1/1 [energy: 234, stress: 0, virials: 0, dipole components: 0, head: 234, elec_temp: 0, total_charge: 0, polarizability: 0, total_spin: 0, forces: 234, charges: 0]
2026-10-02 17:42:38.152 INFO: Total Training set [energy: 234, stress: 0, virials: 0, dipole components: 0, head: 234, elec_temp: 0, total_charge: 0, polarizability: 0, total_spin: 0, forces: 234, charges: 0]
2026-10-02 17:42:38.172 WARNING: Since ASE version 3.23.0b1, using energy_key 'energy' is no longer safe when communicating between MACE and ASE. We recommend using a different key, rewriting 'energy' to 'REF_energy'. You need to use --energy_key='REF_energy' to specify the chosen key name.
2026-10-02 17:42:38.175 WARNING: Since ASE version 3.23.0b1, using forces_key 'forces' is no longer safe when communicating between MACE and ASE. We recommend using a different key, rewriting 'forces' to 'REF_forces'. You need to use --forces_key='REF_forces' to specify the chosen key name.
2026-10-02 17:42:38.178 INFO: Validation set 1/1 [energy: 42, stress: 0, virials: 0, dipole components: 0, head: 42, elec_temp: 0, total_charge: 0, polarizability: 0, total_spin: 0, forces: 42, charges: 0]
2026-10-02 17:42:38.178 INFO: Total Validation set [energy: 42, stress: 0, virials: 0, dipole components: 0, head: 42, elec_temp: 0, total_charge: 0, polarizability: 0, total_spin: 0, forces: 42, charges: 0]
2026-10-02 17:42:38.179 INFO: Total number of configurations: train=234, valid=42, tests=[],
2026-10-02 17:42:38.179 INFO: Using atomic numbers from command line argument
2026-10-02 17:42:38.179 INFO: Atomic Numbers used: [1, 6, 7, 27, 28, 46]
2026-10-02 17:42:38.179 INFO: Isolated Atomic Energies (E0s) not in training file, using command line argument
2026-10-02 17:42:38.179 INFO: Computing average Atomic Energies using least squares regression
2026-10-02 17:42:38.181 INFO: Atomic Energies used (z: eV) for head Default: {1: -7.177663499421661, 6: -8.893706952122827, 7: -8.354456466309644, 27: -0.1119940690561838, 28: 1.5223159561643005, 46: -1.7623252221781633}
2026-10-02 17:42:38.181 INFO: Processing datasets for head 'Default'
2026-10-02 17:42:38.316 DEBUG: Successfully loaded dataset from ASE files: ['mace_train.xyz']
2026-10-02 17:42:38.316 INFO: Combining 1 list datasets for head 'Default'
2026-10-02 17:42:38.340 DEBUG: Successfully loaded validation dataset from ASE files: ['mace_val.xyz']
2026-10-02 17:42:38.341 INFO: Combining 1 list datasets for head 'Default_valid'
2026-10-02 17:42:38.341 INFO: Combined validation datasets for Default
2026-10-02 17:42:38.341 INFO: Head 'Default' training dataset size: 234
2026-10-02 17:42:38.341 INFO: Computing average number of neighbors
2026-10-02 17:42:38.421 INFO: Average number of neighbors: 29.718605041503906
2026-10-02 17:42:38.422 INFO: During training the following quantities will be reported: energy, forces
2026-10-02 17:42:38.422 INFO: ===========MODEL DETAILS===========
2026-10-02 17:42:38.503 INFO: Building model
2026-10-02 17:42:38.503 INFO: Message passing with 64 channels and max_L=1 (64x0e + 64x1o)
2026-10-02 17:42:38.503 INFO: 2 layers, each with correlation order: 3 (body order: 4) and spherical harmonics up to: l=3
2026-10-02 17:42:38.503 INFO: 8 radial and 5 basis functions
2026-10-02 17:42:38.503 INFO: Radial cutoff: 5.0 A (total receptive field for each atom: 10.0 A)
2026-10-02 17:42:38.504 INFO: Distance transform for radial basis functions: None
2026-10-02 17:42:38.504 INFO: Hidden irreps: 64x0e + 64x1o
2026-10-02 17:42:39.378 INFO: ===========OPTIMIZER INFORMATION===========
2026-10-02 17:42:39.379 INFO: Using ADAM as parameter optimizer
2026-10-02 17:42:39.379 INFO: Batch size: 4
2026-10-02 17:42:39.379 INFO: Using Exponential Moving Average with decay: 0.99
2026-10-02 17:42:39.379 INFO: Number of gradient updates: 3510
2026-10-02 17:42:39.379 INFO: Learning rate: 0.01, weight decay: 5e-07
2026-10-02 17:42:39.379 INFO: WeightedEnergyForcesLoss(energy_weight=1.000, forces_weight=10.000)
2026-10-02 17:42:39.379 INFO: === Layer's learning rates ===
2026-10-02 17:42:39.379 INFO: Param group 0: lr = 0.01
2026-10-02 17:42:39.379 INFO: Param group 1: lr = 0.01
2026-10-02 17:42:39.380 INFO: Param group 2: lr = 0.01
2026-10-02 17:42:39.380 INFO: Param group 3: lr = 0.01
2026-10-02 17:42:39.380 INFO: Param group 4: lr = 0.01
2026-10-02 17:42:39.380 INFO: Using gradient clipping with tolerance=10.000
2026-10-02 17:42:39.380 INFO: 
2026-10-02 17:42:39.380 INFO: ===========TRAINING===========
2026-10-02 17:42:39.380 INFO: Started training, reporting errors on validation set
2026-10-02 17:42:39.380 INFO: Loss metrics on validation set
2026-10-02 17:42:42.821 INFO: Initial: head: Default, loss=7.30200720, RMSE_E_per_atom=  610.27 meV, RMSE_F= 1696.02 meV / A
2026-10-02 17:43:25.222 INFO: ===========VERIFYING SETTINGS===========
2026-10-02 17:43:25.222 INFO: MACE version: 0.3.16
2026-10-02 17:43:25.222 DEBUG: Configuration: Namespace(config=None, name='mace_multitm_model', seed=123, work_dir='.', log_dir='./logs', model_dir='.', checkpoints_dir='./checkpoints', results_dir='./results', downloads_dir='./downloads', device='cpu', default_dtype='float32', distributed=False, launcher='slurm', log_level='INFO', plot=True, plot_frequency=0, plot_interaction_e=False, error_table='PerAtomRMSE', model='ScaleShiftMACE', r_max=5.0, radial_type='bessel', num_radial_basis=8, num_cutoff_basis=5, pair_repulsion=False, distance_transform='None', apply_cutoff=True, use_last_readout_only=False, use_embedding_readout=False, interaction='RealAgnosticResidualInteractionBlock', interaction_first='RealAgnosticResidualInteractionBlock', max_ell=3, correlation=3, use_reduced_cg=False, use_so3=False, use_agnostic_product=False, num_interactions=2, MLP_irreps='16x0e', radial_MLP='[64, 64, 64]', hidden_irreps='64x0e + 64x1o', edge_irreps=None, use_edge_irreps_first=False, num_channels=64, max_L=1, gate='silu', kspace_cutoff_factor=1.5, atomic_multipoles_max_l=0, atomic_multipoles_smearing_width=1.0, field_feature_max_l=0, field_feature_widths='[1.0]', field_feature_norms=None, num_recursion_steps=1, field_si=False, include_electrostatic_self_interaction=False, add_local_electron_energy=False, quadrupole_feature_corrections=False, return_electrostatic_potentials=False, field_norm_factor=0.02, fixedpoint_update_config=None, field_readout_config=None, scaling='rms_forces_scaling', avg_num_neighbors=1, compute_avg_num_neighbors=True, compute_stress=False, compute_forces=True, compute_polarizability=False, compute_atomic_dipole=False, train_file='mace_train.xyz', valid_file='mace_val.xyz', valid_fraction=0.1, test_file=None, test_dir=None, multi_processed_test=False, num_workers=0, pin_memory=True, atomic_numbers='[1, 6, 7, 27, 28, 46]', mean=None, std=None, statistics_file=None, les_arguments=None, E0s='average', pseudolabel_replay=False, pseudolabel_replay_compute_stress=False, foundation_filter_elements=True, heads=None, multiheads_finetuning=True, foundation_head=None, weight_pt_head=1.0, real_pt_data_ratio_threshold=0.1, num_samples_pt=10000, force_mh_ft_lr=False, subselect_pt='random', filter_type_pt='none', allow_random_padding_pt=True, pt_train_file=None, pt_valid_file=None, foundation_model_elements=False, keep_isolated_atoms=False, lora=False, lora_rank=4, lora_alpha=1.0, energy_key='energy', forces_key='forces', virials_key='REF_virials', stress_key='REF_stress', dipole_key='dipole', polarizability_key='polarizability', head_key='head', charges_key='REF_charges', elec_temp_key='elec_temp', total_spin_key='total_spin', total_charge_key='total_charge', embedding_specs=None, skip_evaluate_heads='pt_head', loss='weighted', forces_weight=10.0, swa_forces_weight=100.0, energy_weight=1.0, swa_energy_weight=1000.0, virials_weight=1.0, swa_virials_weight=10.0, stress_weight=1.0, swa_stress_weight=10.0, dipole_weight=1.0, swa_dipole_weight=1.0, swa_polarizability_weight=1.0, polarizability_weight=1.0, config_type_weights='{"Default":1.0}', huber_delta=0.01, optimizer='adam', beta=0.9, beta1_schedulefree=0.9, beta2_schedulefree=0.98, batch_size=4, valid_batch_size=4, lr=0.01, swa_lr=0.001, weight_decay=5e-07, lr_params_factors='{"embedding_lr_factor": 1.0, "interactions_lr_factor": 1.0, "products_lr_factor": 1.0, "readouts_lr_factor": 1.0}', freeze=None, amsgrad=True, scheduler='ReduceLROnPlateau', lr_factor=0.8, scheduler_patience=50, lr_scheduler_gamma=0.9993, swa=False, start_swa=None, lbfgs=False, ema=True, ema_decay=0.99, max_num_epochs=60, patience=2048, foundation_model=None, foundation_model_kwargs='{}', foundation_model_readout=True, eval_interval=1, keep_checkpoints=False, save_all_checkpoints=False, restart_latest=False, save_cpu=False, clip_grad=10.0, dry_run=False, enable_cueq=False, only_cueq=False, enable_oeq=False, wandb=False, wandb_dir=None, wandb_project='', wandb_entity='', wandb_name='', wandb_log_hypers=['num_channels', 'max_L', 'correlation', 'lr', 'swa_lr', 'weight_decay', 'batch_size', 'max_num_epochs', 'start_swa', 'energy_weight', 'forces_weight'], key_specification=KeySpecification(info_keys={'energy': 'energy', 'stress': 'REF_stress', 'virials': 'REF_virials', 'dipole': 'dipole', 'head': 'head', 'elec_temp': 'elec_temp', 'total_charge': 'total_charge', 'polarizability': 'polarizability', 'total_spin': 'total_spin'}, arrays_keys={'forces': 'forces', 'charges': 'REF_charges'}))
2026-10-02 17:43:25.223 INFO: Using CPU
2026-10-02 17:43:25.248 DEBUG: Popen(['git', 'version'], cwd=/home/ziat1/Documents/Training/Autonomous_MultiTM_SAC_Pipeline, stdin=None, shell=False, universal_newlines=False)
2026-10-02 17:43:25.252 DEBUG: Popen(['git', 'version'], cwd=/home/ziat1/Documents/Training/Autonomous_MultiTM_SAC_Pipeline, stdin=None, shell=False, universal_newlines=False)
2026-10-02 17:43:25.256 DEBUG: sys.platform='linux', git_executable='git'
2026-10-02 17:43:25.257 DEBUG: Error accessing Git repository: /home/ziat1/Documents/Training/Autonomous_MultiTM_SAC_Pipeline
2026-10-02 17:43:25.257 INFO: ===========LOADING INPUT DATA===========
2026-10-02 17:43:25.257 INFO: Using heads: ['Default']
2026-10-02 17:43:25.257 INFO: Using the key specifications to parse data:
2026-10-02 17:43:25.257 INFO: Default: KeySpecification(info_keys={'energy': 'energy', 'stress': 'REF_stress', 'virials': 'REF_virials', 'dipole': 'dipole', 'head': 'head', 'elec_temp': 'elec_temp', 'total_charge': 'total_charge', 'polarizability': 'polarizability', 'total_spin': 'total_spin'}, arrays_keys={'forces': 'forces', 'charges': 'REF_charges'})
2026-10-02 17:43:25.257 INFO: =============    Processing head Default     ===========
2026-10-02 17:43:25.257 DEBUG: Loading training file: mace_train.xyz
2026-10-02 17:43:25.337 WARNING: Since ASE version 3.23.0b1, using energy_key 'energy' is no longer safe when communicating between MACE and ASE. We recommend using a different key, rewriting 'energy' to 'REF_energy'. You need to use --energy_key='REF_energy' to specify the chosen key name.
2026-10-02 17:43:25.351 WARNING: Since ASE version 3.23.0b1, using forces_key 'forces' is no longer safe when communicating between MACE and ASE. We recommend using a different key, rewriting 'forces' to 'REF_forces'. You need to use --forces_key='REF_forces' to specify the chosen key name.
2026-10-02 17:43:25.371 INFO: Training set 1/1 [energy: 234, stress: 0, virials: 0, dipole components: 0, head: 234, elec_temp: 0, total_charge: 0, polarizability: 0, total_spin: 0, forces: 234, charges: 0]
2026-10-02 17:43:25.372 INFO: Total Training set [energy: 234, stress: 0, virials: 0, dipole components: 0, head: 234, elec_temp: 0, total_charge: 0, polarizability: 0, total_spin: 0, forces: 234, charges: 0]
2026-10-02 17:43:25.393 WARNING: Since ASE version 3.23.0b1, using energy_key 'energy' is no longer safe when communicating between MACE and ASE. We recommend using a different key, rewriting 'energy' to 'REF_energy'. You need to use --energy_key='REF_energy' to specify the chosen key name.
2026-10-02 17:43:25.396 WARNING: Since ASE version 3.23.0b1, using forces_key 'forces' is no longer safe when communicating between MACE and ASE. We recommend using a different key, rewriting 'forces' to 'REF_forces'. You need to use --forces_key='REF_forces' to specify the chosen key name.
2026-10-02 17:43:25.399 INFO: Validation set 1/1 [energy: 42, stress: 0, virials: 0, dipole components: 0, head: 42, elec_temp: 0, total_charge: 0, polarizability: 0, total_spin: 0, forces: 42, charges: 0]
2026-10-02 17:43:25.400 INFO: Total Validation set [energy: 42, stress: 0, virials: 0, dipole components: 0, head: 42, elec_temp: 0, total_charge: 0, polarizability: 0, total_spin: 0, forces: 42, charges: 0]
2026-10-02 17:43:25.400 INFO: Total number of configurations: train=234, valid=42, tests=[],
2026-10-02 17:43:25.400 INFO: Using atomic numbers from command line argument
2026-10-02 17:43:25.400 INFO: Atomic Numbers used: [1, 6, 7, 27, 28, 46]
2026-10-02 17:43:25.400 INFO: Isolated Atomic Energies (E0s) not in training file, using command line argument
2026-10-02 17:43:25.400 INFO: Computing average Atomic Energies using least squares regression
2026-10-02 17:43:25.402 INFO: Atomic Energies used (z: eV) for head Default: {1: -7.177663499421661, 6: -8.893706952122827, 7: -8.354456466309644, 27: -0.1119940690561838, 28: 1.5223159561643005, 46: -1.7623252221781633}
2026-10-02 17:43:25.402 INFO: Processing datasets for head 'Default'
2026-10-02 17:43:25.535 DEBUG: Successfully loaded dataset from ASE files: ['mace_train.xyz']
2026-10-02 17:43:25.535 INFO: Combining 1 list datasets for head 'Default'
2026-10-02 17:43:25.560 DEBUG: Successfully loaded validation dataset from ASE files: ['mace_val.xyz']
2026-10-02 17:43:25.560 INFO: Combining 1 list datasets for head 'Default_valid'
2026-10-02 17:43:25.560 INFO: Combined validation datasets for Default
2026-10-02 17:43:25.560 INFO: Head 'Default' training dataset size: 234
2026-10-02 17:43:25.561 INFO: Computing average number of neighbors
2026-10-02 17:43:25.646 INFO: Average number of neighbors: 29.718605041503906
2026-10-02 17:43:25.646 INFO: During training the following quantities will be reported: energy, forces
2026-10-02 17:43:25.646 INFO: ===========MODEL DETAILS===========
2026-10-02 17:43:25.726 INFO: Building model
2026-10-02 17:43:25.726 INFO: Message passing with 64 channels and max_L=1 (64x0e + 64x1o)
2026-10-02 17:43:25.726 INFO: 2 layers, each with correlation order: 3 (body order: 4) and spherical harmonics up to: l=3
2026-10-02 17:43:25.726 INFO: 8 radial and 5 basis functions
2026-10-02 17:43:25.726 INFO: Radial cutoff: 5.0 A (total receptive field for each atom: 10.0 A)
2026-10-02 17:43:25.726 INFO: Distance transform for radial basis functions: None
2026-10-02 17:43:25.726 INFO: Hidden irreps: 64x0e + 64x1o
2026-10-02 17:43:26.616 INFO: ===========OPTIMIZER INFORMATION===========
2026-10-02 17:43:26.616 INFO: Using ADAM as parameter optimizer
2026-10-02 17:43:26.616 INFO: Batch size: 4
2026-10-02 17:43:26.616 INFO: Using Exponential Moving Average with decay: 0.99
2026-10-02 17:43:26.616 INFO: Number of gradient updates: 3510
2026-10-02 17:43:26.616 INFO: Learning rate: 0.01, weight decay: 5e-07
2026-10-02 17:43:26.616 INFO: WeightedEnergyForcesLoss(energy_weight=1.000, forces_weight=10.000)
2026-10-02 17:43:26.617 INFO: === Layer's learning rates ===
2026-10-02 17:43:26.617 INFO: Param group 0: lr = 0.01
2026-10-02 17:43:26.617 INFO: Param group 1: lr = 0.01
2026-10-02 17:43:26.617 INFO: Param group 2: lr = 0.01
2026-10-02 17:43:26.617 INFO: Param group 3: lr = 0.01
2026-10-02 17:43:26.617 INFO: Param group 4: lr = 0.01
2026-10-02 17:43:26.617 INFO: Using gradient clipping with tolerance=10.000
2026-10-02 17:43:26.618 INFO: 
2026-10-02 17:43:26.618 INFO: ===========TRAINING===========
2026-10-02 17:43:26.618 INFO: Started training, reporting errors on validation set
2026-10-02 17:43:26.618 INFO: Loss metrics on validation set
2026-10-02 17:43:30.354 INFO: Initial: head: Default, loss=7.30200720, RMSE_E_per_atom=  610.27 meV, RMSE_F= 1696.02 meV / A
2026-10-02 17:44:33.012 INFO: Epoch 0: head: Default, loss=0.49206749, RMSE_E_per_atom=   61.70 meV, RMSE_F=  436.48 meV / A
2026-10-02 17:44:33.014 DEBUG: Saving checkpoint: ./checkpoints/mace_multitm_model_run-123_epoch-0.pt
2026-10-02 17:45:36.112 INFO: Epoch 1: head: Default, loss=0.16182661, RMSE_E_per_atom=   31.63 meV, RMSE_F=  250.49 meV / A
2026-10-02 17:45:36.114 DEBUG: Deleting old checkpoint file: ./checkpoints/mace_multitm_model_run-123_epoch-0.pt
2026-10-02 17:45:36.115 DEBUG: Saving checkpoint: ./checkpoints/mace_multitm_model_run-123_epoch-1.pt
2026-10-02 17:46:41.562 INFO: Epoch 2: head: Default, loss=0.12061033, RMSE_E_per_atom=   22.72 meV, RMSE_F=  216.26 meV / A
2026-10-02 17:46:41.564 DEBUG: Deleting old checkpoint file: ./checkpoints/mace_multitm_model_run-123_epoch-1.pt
2026-10-02 17:46:41.565 DEBUG: Saving checkpoint: ./checkpoints/mace_multitm_model_run-123_epoch-2.pt
2026-10-02 17:47:44.750 INFO: Epoch 3: head: Default, loss=0.08435847, RMSE_E_per_atom=   19.00 meV, RMSE_F=  180.84 meV / A
2026-10-02 17:47:44.752 DEBUG: Deleting old checkpoint file: ./checkpoints/mace_multitm_model_run-123_epoch-2.pt
2026-10-02 17:47:44.753 DEBUG: Saving checkpoint: ./checkpoints/mace_multitm_model_run-123_epoch-3.pt
2026-10-02 17:48:49.759 INFO: Epoch 4: head: Default, loss=0.06389676, RMSE_E_per_atom=   15.75 meV, RMSE_F=  157.80 meV / A
2026-10-02 17:48:49.761 DEBUG: Deleting old checkpoint file: ./checkpoints/mace_multitm_model_run-123_epoch-3.pt
2026-10-02 17:48:49.762 DEBUG: Saving checkpoint: ./checkpoints/mace_multitm_model_run-123_epoch-4.pt
2026-10-02 17:49:57.556 INFO: Epoch 5: head: Default, loss=0.05242128, RMSE_E_per_atom=   12.10 meV, RMSE_F=  143.19 meV / A
2026-10-02 17:49:57.558 DEBUG: Deleting old checkpoint file: ./checkpoints/mace_multitm_model_run-123_epoch-4.pt
2026-10-02 17:49:57.559 DEBUG: Saving checkpoint: ./checkpoints/mace_multitm_model_run-123_epoch-5.pt
2026-10-02 17:51:04.571 INFO: Epoch 6: head: Default, loss=0.04526892, RMSE_E_per_atom=   11.47 meV, RMSE_F=  133.20 meV / A
2026-10-02 17:51:04.572 DEBUG: Deleting old checkpoint file: ./checkpoints/mace_multitm_model_run-123_epoch-5.pt
2026-10-02 17:51:04.573 DEBUG: Saving checkpoint: ./checkpoints/mace_multitm_model_run-123_epoch-6.pt
2026-10-02 17:52:10.750 INFO: Epoch 7: head: Default, loss=0.04050876, RMSE_E_per_atom=   12.23 meV, RMSE_F=  126.11 meV / A
2026-10-02 17:52:10.753 DEBUG: Deleting old checkpoint file: ./checkpoints/mace_multitm_model_run-123_epoch-6.pt
2026-10-02 17:52:10.754 DEBUG: Saving checkpoint: ./checkpoints/mace_multitm_model_run-123_epoch-7.pt
2026-10-02 17:53:16.302 INFO: Epoch 8: head: Default, loss=0.03617997, RMSE_E_per_atom=   11.76 meV, RMSE_F=  119.19 meV / A
2026-10-02 17:53:16.304 DEBUG: Deleting old checkpoint file: ./checkpoints/mace_multitm_model_run-123_epoch-7.pt
2026-10-02 17:53:16.305 DEBUG: Saving checkpoint: ./checkpoints/mace_multitm_model_run-123_epoch-8.pt
2026-10-02 17:54:36.176 INFO: Epoch 9: head: Default, loss=0.03313599, RMSE_E_per_atom=   10.11 meV, RMSE_F=  114.12 meV / A
2026-10-02 17:54:36.179 DEBUG: Deleting old checkpoint file: ./checkpoints/mace_multitm_model_run-123_epoch-8.pt
2026-10-02 17:54:36.180 DEBUG: Saving checkpoint: ./checkpoints/mace_multitm_model_run-123_epoch-9.pt
2026-10-02 17:55:51.929 INFO: Epoch 10: head: Default, loss=0.03089891, RMSE_E_per_atom=    8.33 meV, RMSE_F=  110.26 meV / A
2026-10-02 17:55:51.932 DEBUG: Deleting old checkpoint file: ./checkpoints/mace_multitm_model_run-123_epoch-9.pt
2026-10-02 17:55:51.932 DEBUG: Saving checkpoint: ./checkpoints/mace_multitm_model_run-123_epoch-10.pt
2026-10-02 17:56:58.593 INFO: Epoch 11: head: Default, loss=0.02894943, RMSE_E_per_atom=    8.63 meV, RMSE_F=  106.78 meV / A
2026-10-02 17:56:58.595 DEBUG: Deleting old checkpoint file: ./checkpoints/mace_multitm_model_run-123_epoch-10.pt
2026-10-02 17:56:58.595 DEBUG: Saving checkpoint: ./checkpoints/mace_multitm_model_run-123_epoch-11.pt
2026-10-02 17:58:03.021 INFO: Epoch 12: head: Default, loss=0.02717067, RMSE_E_per_atom=    8.64 meV, RMSE_F=  103.47 meV / A
2026-10-02 17:58:03.022 DEBUG: Deleting old checkpoint file: ./checkpoints/mace_multitm_model_run-123_epoch-11.pt
2026-10-02 17:58:03.023 DEBUG: Saving checkpoint: ./checkpoints/mace_multitm_model_run-123_epoch-12.pt
2026-10-02 17:59:14.168 INFO: Epoch 13: head: Default, loss=0.02514305, RMSE_E_per_atom=    7.27 meV, RMSE_F=   99.59 meV / A
2026-10-02 17:59:14.169 DEBUG: Deleting old checkpoint file: ./checkpoints/mace_multitm_model_run-123_epoch-12.pt
2026-10-02 17:59:14.170 DEBUG: Saving checkpoint: ./checkpoints/mace_multitm_model_run-123_epoch-13.pt
2026-10-02 18:00:23.383 INFO: Epoch 14: head: Default, loss=0.02336027, RMSE_E_per_atom=    5.54 meV, RMSE_F=   96.03 meV / A
2026-10-02 18:00:23.385 DEBUG: Deleting old checkpoint file: ./checkpoints/mace_multitm_model_run-123_epoch-13.pt
2026-10-02 18:00:23.386 DEBUG: Saving checkpoint: ./checkpoints/mace_multitm_model_run-123_epoch-14.pt
2026-10-02 18:01:29.774 INFO: Epoch 15: head: Default, loss=0.02194460, RMSE_E_per_atom=    5.38 meV, RMSE_F=   93.09 meV / A
2026-10-02 18:01:29.776 DEBUG: Deleting old checkpoint file: ./checkpoints/mace_multitm_model_run-123_epoch-14.pt
2026-10-02 18:01:29.777 DEBUG: Saving checkpoint: ./checkpoints/mace_multitm_model_run-123_epoch-15.pt
2026-10-02 18:02:39.695 INFO: Epoch 16: head: Default, loss=0.02065056, RMSE_E_per_atom=    5.18 meV, RMSE_F=   90.32 meV / A
2026-10-02 18:02:39.697 DEBUG: Deleting old checkpoint file: ./checkpoints/mace_multitm_model_run-123_epoch-15.pt
2026-10-02 18:02:39.697 DEBUG: Saving checkpoint: ./checkpoints/mace_multitm_model_run-123_epoch-16.pt
2026-10-02 18:03:49.031 INFO: Epoch 17: head: Default, loss=0.01979121, RMSE_E_per_atom=    5.43 meV, RMSE_F=   88.45 meV / A
2026-10-02 18:03:49.032 DEBUG: Deleting old checkpoint file: ./checkpoints/mace_multitm_model_run-123_epoch-16.pt
2026-10-02 18:03:49.033 DEBUG: Saving checkpoint: ./checkpoints/mace_multitm_model_run-123_epoch-17.pt
2026-10-02 18:04:56.520 INFO: Epoch 18: head: Default, loss=0.02004467, RMSE_E_per_atom=    5.22 meV, RMSE_F=   89.04 meV / A
2026-10-02 18:06:03.049 INFO: Epoch 19: head: Default, loss=0.01839894, RMSE_E_per_atom=    4.91 meV, RMSE_F=   85.31 meV / A
2026-10-02 18:06:03.050 DEBUG: Deleting old checkpoint file: ./checkpoints/mace_multitm_model_run-123_epoch-17.pt
2026-10-02 18:06:03.051 DEBUG: Saving checkpoint: ./checkpoints/mace_multitm_model_run-123_epoch-19.pt
2026-10-02 18:07:07.134 INFO: Epoch 20: head: Default, loss=0.01753056, RMSE_E_per_atom=    6.84 meV, RMSE_F=   83.26 meV / A
2026-10-02 18:07:07.136 DEBUG: Deleting old checkpoint file: ./checkpoints/mace_multitm_model_run-123_epoch-19.pt
2026-10-02 18:07:07.137 DEBUG: Saving checkpoint: ./checkpoints/mace_multitm_model_run-123_epoch-20.pt
2026-10-02 18:08:20.885 INFO: Epoch 21: head: Default, loss=0.01692151, RMSE_E_per_atom=    7.56 meV, RMSE_F=   81.83 meV / A
2026-10-02 18:08:20.887 DEBUG: Deleting old checkpoint file: ./checkpoints/mace_multitm_model_run-123_epoch-20.pt
2026-10-02 18:08:20.889 DEBUG: Saving checkpoint: ./checkpoints/mace_multitm_model_run-123_epoch-21.pt
2026-10-02 18:09:38.705 INFO: Epoch 22: head: Default, loss=0.01591983, RMSE_E_per_atom=    6.95 meV, RMSE_F=   79.38 meV / A
2026-10-02 18:09:38.706 DEBUG: Deleting old checkpoint file: ./checkpoints/mace_multitm_model_run-123_epoch-21.pt
2026-10-02 18:09:38.708 DEBUG: Saving checkpoint: ./checkpoints/mace_multitm_model_run-123_epoch-22.pt
2026-10-02 18:10:56.099 INFO: Epoch 23: head: Default, loss=0.01505963, RMSE_E_per_atom=    6.56 meV, RMSE_F=   77.22 meV / A
2026-10-02 18:10:56.101 DEBUG: Deleting old checkpoint file: ./checkpoints/mace_multitm_model_run-123_epoch-22.pt
2026-10-02 18:10:56.103 DEBUG: Saving checkpoint: ./checkpoints/mace_multitm_model_run-123_epoch-23.pt
2026-10-02 18:12:14.989 INFO: Epoch 24: head: Default, loss=0.01441746, RMSE_E_per_atom=    5.89 meV, RMSE_F=   75.58 meV / A
2026-10-02 18:12:14.991 DEBUG: Deleting old checkpoint file: ./checkpoints/mace_multitm_model_run-123_epoch-23.pt
2026-10-02 18:12:14.992 DEBUG: Saving checkpoint: ./checkpoints/mace_multitm_model_run-123_epoch-24.pt
2026-10-02 18:13:32.783 INFO: Epoch 25: head: Default, loss=0.01367635, RMSE_E_per_atom=    5.90 meV, RMSE_F=   73.61 meV / A
2026-10-02 18:13:32.785 DEBUG: Deleting old checkpoint file: ./checkpoints/mace_multitm_model_run-123_epoch-24.pt
2026-10-02 18:13:32.786 DEBUG: Saving checkpoint: ./checkpoints/mace_multitm_model_run-123_epoch-25.pt
2026-10-02 18:14:51.627 INFO: Epoch 26: head: Default, loss=0.01312674, RMSE_E_per_atom=    5.92 meV, RMSE_F=   72.11 meV / A
2026-10-02 18:14:51.629 DEBUG: Deleting old checkpoint file: ./checkpoints/mace_multitm_model_run-123_epoch-25.pt
2026-10-02 18:14:51.630 DEBUG: Saving checkpoint: ./checkpoints/mace_multitm_model_run-123_epoch-26.pt
2026-10-02 18:16:10.271 INFO: Epoch 27: head: Default, loss=0.01315535, RMSE_E_per_atom=    6.67 meV, RMSE_F=   72.19 meV / A
2026-10-02 18:17:28.923 INFO: Epoch 28: head: Default, loss=0.01252103, RMSE_E_per_atom=    5.67 meV, RMSE_F=   70.43 meV / A
2026-10-02 18:17:28.925 DEBUG: Deleting old checkpoint file: ./checkpoints/mace_multitm_model_run-123_epoch-26.pt
2026-10-02 18:17:28.926 DEBUG: Saving checkpoint: ./checkpoints/mace_multitm_model_run-123_epoch-28.pt
2026-10-02 18:18:46.826 INFO: Epoch 29: head: Default, loss=0.01199099, RMSE_E_per_atom=    6.56 meV, RMSE_F=   68.94 meV / A
2026-10-02 18:18:46.829 DEBUG: Deleting old checkpoint file: ./checkpoints/mace_multitm_model_run-123_epoch-28.pt
2026-10-02 18:18:46.831 DEBUG: Saving checkpoint: ./checkpoints/mace_multitm_model_run-123_epoch-29.pt
2026-10-02 18:20:05.744 INFO: Epoch 30: head: Default, loss=0.01164352, RMSE_E_per_atom=    6.67 meV, RMSE_F=   67.94 meV / A
2026-10-02 18:20:05.747 DEBUG: Deleting old checkpoint file: ./checkpoints/mace_multitm_model_run-123_epoch-29.pt
2026-10-02 18:20:05.748 DEBUG: Saving checkpoint: ./checkpoints/mace_multitm_model_run-123_epoch-30.pt
2026-10-02 18:21:23.480 INFO: Epoch 31: head: Default, loss=0.01103830, RMSE_E_per_atom=    6.35 meV, RMSE_F=   66.16 meV / A
2026-10-02 18:21:23.483 DEBUG: Deleting old checkpoint file: ./checkpoints/mace_multitm_model_run-123_epoch-30.pt
2026-10-02 18:21:23.484 DEBUG: Saving checkpoint: ./checkpoints/mace_multitm_model_run-123_epoch-31.pt
2026-10-02 18:22:41.878 INFO: Epoch 32: head: Default, loss=0.01094995, RMSE_E_per_atom=    7.03 meV, RMSE_F=   65.89 meV / A
2026-10-02 18:22:41.881 DEBUG: Deleting old checkpoint file: ./checkpoints/mace_multitm_model_run-123_epoch-31.pt
2026-10-02 18:22:41.882 DEBUG: Saving checkpoint: ./checkpoints/mace_multitm_model_run-123_epoch-32.pt
2026-10-02 18:23:59.838 INFO: Epoch 33: head: Default, loss=0.01056032, RMSE_E_per_atom=    7.33 meV, RMSE_F=   64.71 meV / A
2026-10-02 18:23:59.840 DEBUG: Deleting old checkpoint file: ./checkpoints/mace_multitm_model_run-123_epoch-32.pt
2026-10-02 18:23:59.841 DEBUG: Saving checkpoint: ./checkpoints/mace_multitm_model_run-123_epoch-33.pt
2026-10-02 18:25:17.518 INFO: Epoch 34: head: Default, loss=0.01087180, RMSE_E_per_atom=    7.51 meV, RMSE_F=   65.65 meV / A
2026-10-02 18:26:37.074 INFO: Epoch 35: head: Default, loss=0.01057431, RMSE_E_per_atom=    7.59 meV, RMSE_F=   64.75 meV / A
2026-10-02 18:27:55.802 INFO: Epoch 36: head: Default, loss=0.01010132, RMSE_E_per_atom=    6.78 meV, RMSE_F=   63.29 meV / A
2026-10-02 18:27:55.805 DEBUG: Deleting old checkpoint file: ./checkpoints/mace_multitm_model_run-123_epoch-33.pt
2026-10-02 18:27:55.805 DEBUG: Saving checkpoint: ./checkpoints/mace_multitm_model_run-123_epoch-36.pt
2026-10-02 18:29:13.867 INFO: Epoch 37: head: Default, loss=0.00984276, RMSE_E_per_atom=    6.42 meV, RMSE_F=   62.48 meV / A
2026-10-02 18:29:13.873 DEBUG: Deleting old checkpoint file: ./checkpoints/mace_multitm_model_run-123_epoch-36.pt
2026-10-02 18:29:13.874 DEBUG: Saving checkpoint: ./checkpoints/mace_multitm_model_run-123_epoch-37.pt
2026-10-02 18:30:30.256 INFO: Epoch 38: head: Default, loss=0.00952636, RMSE_E_per_atom=    6.19 meV, RMSE_F=   61.48 meV / A
2026-10-02 18:30:30.259 DEBUG: Deleting old checkpoint file: ./checkpoints/mace_multitm_model_run-123_epoch-37.pt
2026-10-02 18:30:30.260 DEBUG: Saving checkpoint: ./checkpoints/mace_multitm_model_run-123_epoch-38.pt
2026-10-02 18:31:45.858 INFO: Epoch 39: head: Default, loss=0.00925405, RMSE_E_per_atom=    6.08 meV, RMSE_F=   60.59 meV / A
2026-10-02 18:31:45.859 DEBUG: Deleting old checkpoint file: ./checkpoints/mace_multitm_model_run-123_epoch-38.pt
2026-10-02 18:31:45.861 DEBUG: Saving checkpoint: ./checkpoints/mace_multitm_model_run-123_epoch-39.pt
2026-10-02 18:33:01.493 INFO: Epoch 40: head: Default, loss=0.00910584, RMSE_E_per_atom=    6.17 meV, RMSE_F=   60.10 meV / A
2026-10-02 18:33:01.496 DEBUG: Deleting old checkpoint file: ./checkpoints/mace_multitm_model_run-123_epoch-39.pt
2026-10-02 18:33:01.497 DEBUG: Saving checkpoint: ./checkpoints/mace_multitm_model_run-123_epoch-40.pt
2026-10-02 18:34:16.097 INFO: Epoch 41: head: Default, loss=0.00872351, RMSE_E_per_atom=    5.79 meV, RMSE_F=   58.83 meV / A
2026-10-02 18:34:16.099 DEBUG: Deleting old checkpoint file: ./checkpoints/mace_multitm_model_run-123_epoch-40.pt
2026-10-02 18:34:16.100 DEBUG: Saving checkpoint: ./checkpoints/mace_multitm_model_run-123_epoch-41.pt
2026-10-02 18:35:30.331 INFO: Epoch 42: head: Default, loss=0.00855047, RMSE_E_per_atom=    5.68 meV, RMSE_F=   58.24 meV / A
2026-10-02 18:35:30.334 DEBUG: Deleting old checkpoint file: ./checkpoints/mace_multitm_model_run-123_epoch-41.pt
2026-10-02 18:35:30.335 DEBUG: Saving checkpoint: ./checkpoints/mace_multitm_model_run-123_epoch-42.pt
2026-10-02 18:36:44.169 INFO: Epoch 43: head: Default, loss=0.00836405, RMSE_E_per_atom=    5.07 meV, RMSE_F=   57.60 meV / A
2026-10-02 18:36:44.171 DEBUG: Deleting old checkpoint file: ./checkpoints/mace_multitm_model_run-123_epoch-42.pt
2026-10-02 18:36:44.173 DEBUG: Saving checkpoint: ./checkpoints/mace_multitm_model_run-123_epoch-43.pt
2026-10-02 18:37:57.059 INFO: Epoch 44: head: Default, loss=0.00818586, RMSE_E_per_atom=    4.82 meV, RMSE_F=   56.98 meV / A
2026-10-02 18:37:57.061 DEBUG: Deleting old checkpoint file: ./checkpoints/mace_multitm_model_run-123_epoch-43.pt
2026-10-02 18:37:57.062 DEBUG: Saving checkpoint: ./checkpoints/mace_multitm_model_run-123_epoch-44.pt
2026-10-02 18:39:11.350 INFO: Epoch 45: head: Default, loss=0.00802012, RMSE_E_per_atom=    4.31 meV, RMSE_F=   56.43 meV / A
2026-10-02 18:39:11.352 DEBUG: Deleting old checkpoint file: ./checkpoints/mace_multitm_model_run-123_epoch-44.pt
2026-10-02 18:39:11.353 DEBUG: Saving checkpoint: ./checkpoints/mace_multitm_model_run-123_epoch-45.pt
2026-10-02 18:40:24.987 INFO: Epoch 46: head: Default, loss=0.00805037, RMSE_E_per_atom=    4.69 meV, RMSE_F=   56.53 meV / A
2026-10-02 18:41:38.468 INFO: Epoch 47: head: Default, loss=0.00792193, RMSE_E_per_atom=    4.77 meV, RMSE_F=   56.08 meV / A
2026-10-02 18:41:38.470 DEBUG: Deleting old checkpoint file: ./checkpoints/mace_multitm_model_run-123_epoch-45.pt
2026-10-02 18:41:38.471 DEBUG: Saving checkpoint: ./checkpoints/mace_multitm_model_run-123_epoch-47.pt
2026-10-02 18:42:52.358 INFO: Epoch 48: head: Default, loss=0.00765438, RMSE_E_per_atom=    4.90 meV, RMSE_F=   55.12 meV / A
2026-10-02 18:42:52.360 DEBUG: Deleting old checkpoint file: ./checkpoints/mace_multitm_model_run-123_epoch-47.pt
2026-10-02 18:42:52.362 DEBUG: Saving checkpoint: ./checkpoints/mace_multitm_model_run-123_epoch-48.pt
2026-10-02 18:44:06.067 INFO: Epoch 49: head: Default, loss=0.00761438, RMSE_E_per_atom=    4.91 meV, RMSE_F=   54.98 meV / A
2026-10-02 18:44:06.069 DEBUG: Deleting old checkpoint file: ./checkpoints/mace_multitm_model_run-123_epoch-48.pt
2026-10-02 18:44:06.070 DEBUG: Saving checkpoint: ./checkpoints/mace_multitm_model_run-123_epoch-49.pt
2026-10-02 18:45:19.670 INFO: Epoch 50: head: Default, loss=0.00756213, RMSE_E_per_atom=    4.83 meV, RMSE_F=   54.79 meV / A
2026-10-02 18:45:19.672 DEBUG: Deleting old checkpoint file: ./checkpoints/mace_multitm_model_run-123_epoch-49.pt
2026-10-02 18:45:19.673 DEBUG: Saving checkpoint: ./checkpoints/mace_multitm_model_run-123_epoch-50.pt
2026-10-02 18:46:32.799 INFO: Epoch 51: head: Default, loss=0.00739440, RMSE_E_per_atom=    4.81 meV, RMSE_F=   54.18 meV / A
2026-10-02 18:46:32.801 DEBUG: Deleting old checkpoint file: ./checkpoints/mace_multitm_model_run-123_epoch-50.pt
2026-10-02 18:46:32.803 DEBUG: Saving checkpoint: ./checkpoints/mace_multitm_model_run-123_epoch-51.pt
2026-10-02 18:47:46.125 INFO: Epoch 52: head: Default, loss=0.00731412, RMSE_E_per_atom=    4.86 meV, RMSE_F=   53.88 meV / A
2026-10-02 18:47:46.127 DEBUG: Deleting old checkpoint file: ./checkpoints/mace_multitm_model_run-123_epoch-51.pt
2026-10-02 18:47:46.129 DEBUG: Saving checkpoint: ./checkpoints/mace_multitm_model_run-123_epoch-52.pt
2026-10-02 18:48:56.829 INFO: Epoch 53: head: Default, loss=0.00715369, RMSE_E_per_atom=    4.99 meV, RMSE_F=   53.28 meV / A
2026-10-02 18:48:56.831 DEBUG: Deleting old checkpoint file: ./checkpoints/mace_multitm_model_run-123_epoch-52.pt
2026-10-02 18:48:56.832 DEBUG: Saving checkpoint: ./checkpoints/mace_multitm_model_run-123_epoch-53.pt
2026-10-02 18:50:03.466 INFO: Epoch 54: head: Default, loss=0.00710412, RMSE_E_per_atom=    5.06 meV, RMSE_F=   53.10 meV / A
2026-10-02 18:50:03.468 DEBUG: Deleting old checkpoint file: ./checkpoints/mace_multitm_model_run-123_epoch-53.pt
2026-10-02 18:50:03.469 DEBUG: Saving checkpoint: ./checkpoints/mace_multitm_model_run-123_epoch-54.pt
2026-10-02 18:51:08.802 INFO: Epoch 55: head: Default, loss=0.00720888, RMSE_E_per_atom=    5.51 meV, RMSE_F=   53.49 meV / A
2026-10-02 18:52:15.017 INFO: Epoch 56: head: Default, loss=0.00738816, RMSE_E_per_atom=    7.32 meV, RMSE_F=   54.12 meV / A
2026-10-02 18:53:20.670 INFO: Epoch 57: head: Default, loss=0.00727648, RMSE_E_per_atom=    6.99 meV, RMSE_F=   53.72 meV / A
2026-10-02 18:54:26.100 INFO: Epoch 58: head: Default, loss=0.00712005, RMSE_E_per_atom=    6.32 meV, RMSE_F=   53.15 meV / A
2026-10-02 18:55:31.651 INFO: Epoch 59: head: Default, loss=0.00717301, RMSE_E_per_atom=    5.81 meV, RMSE_F=   53.36 meV / A
2026-10-02 18:55:31.652 INFO: Training complete
2026-10-02 18:55:31.653 INFO: 
2026-10-02 18:55:31.654 INFO: ===========RESULTS===========
2026-10-02 18:55:31.668 INFO: Loading checkpoint: ./checkpoints/mace_multitm_model_run-123_epoch-59.pt
2026-10-02 18:55:31.737 INFO: Loaded Stage one model from epoch 59 for evaluation
2026-10-02 18:55:31.738 INFO: Saving model to checkpoints/mace_multitm_model_run-123.model
2026-10-02 18:55:32.010 INFO: Compiling model, saving metadata to mace_multitm_model_compiled.model
2026-10-02 18:55:33.040 INFO: Computing metrics for training, validation, and test sets
2026-10-02 18:55:33.040 INFO: Skipping evaluation for heads: ['pt_head']
2026-10-02 18:55:33.048 INFO: Evaluating train_Default ...
2026-10-02 18:55:51.657 INFO: Evaluating valid_Default ...
2026-10-02 18:55:55.320 INFO: Error-table on TRAIN and VALID:
+---------------+---------------------+------------------+-------------------+
|  config_type  | RMSE E / meV / atom | RMSE F / meV / A | relative F RMSE % |
+---------------+---------------------+------------------+-------------------+
| train_Default |           14.6      |         42.6     |          2.38     |
| valid_Default |            5.7      |         50.5     |          2.99     |
+---------------+---------------------+------------------+-------------------+
2026-10-02 18:55:55.322 DEBUG: Running inference on train_Default dataset
2026-10-02 18:56:15.018 DEBUG: Running inference on valid_Default dataset
2026-10-02 18:56:19.376 DEBUG: STREAM b'IHDR' 16 13
2026-10-02 18:56:19.377 DEBUG: STREAM b'sBIT' 41 4
2026-10-02 18:56:19.377 DEBUG: b'sBIT' 41 4 (unknown)
2026-10-02 18:56:19.377 DEBUG: STREAM b'pHYs' 57 9
2026-10-02 18:56:19.377 DEBUG: STREAM b'IDAT' 78 1189
2026-10-02 18:56:19.382 DEBUG: STREAM b'IHDR' 16 13
2026-10-02 18:56:19.382 DEBUG: STREAM b'sBIT' 41 4
2026-10-02 18:56:19.382 DEBUG: b'sBIT' 41 4 (unknown)
2026-10-02 18:56:19.382 DEBUG: STREAM b'pHYs' 57 9
2026-10-02 18:56:19.382 DEBUG: STREAM b'IDAT' 78 2994
2026-10-02 18:56:19.401 DEBUG: STREAM b'IHDR' 16 13
2026-10-02 18:56:19.401 DEBUG: STREAM b'sBIT' 41 4
2026-10-02 18:56:19.401 DEBUG: b'sBIT' 41 4 (unknown)
2026-10-02 18:56:19.401 DEBUG: STREAM b'pHYs' 57 9
2026-10-02 18:56:19.402 DEBUG: STREAM b'IDAT' 78 374
2026-10-02 18:56:19.405 DEBUG: STREAM b'IHDR' 16 13
2026-10-02 18:56:19.406 DEBUG: STREAM b'sBIT' 41 4
2026-10-02 18:56:19.406 DEBUG: b'sBIT' 41 4 (unknown)
2026-10-02 18:56:19.406 DEBUG: STREAM b'pHYs' 57 9
2026-10-02 18:56:19.406 DEBUG: STREAM b'IDAT' 78 286
2026-10-02 18:56:19.407 DEBUG: STREAM b'IHDR' 16 13
2026-10-02 18:56:19.408 DEBUG: STREAM b'sBIT' 41 4
2026-10-02 18:56:19.408 DEBUG: b'sBIT' 41 4 (unknown)
2026-10-02 18:56:19.408 DEBUG: STREAM b'pHYs' 57 9
2026-10-02 18:56:19.408 DEBUG: STREAM b'IDAT' 78 263
2026-10-02 18:56:19.409 DEBUG: STREAM b'IHDR' 16 13
2026-10-02 18:56:19.409 DEBUG: STREAM b'sBIT' 41 4
2026-10-02 18:56:19.409 DEBUG: b'sBIT' 41 4 (unknown)
2026-10-02 18:56:19.409 DEBUG: STREAM b'pHYs' 57 9
2026-10-02 18:56:19.409 DEBUG: STREAM b'IDAT' 78 387
2026-10-02 18:56:19.410 DEBUG: STREAM b'IHDR' 16 13
2026-10-02 18:56:19.410 DEBUG: STREAM b'sBIT' 41 4
2026-10-02 18:56:19.410 DEBUG: b'sBIT' 41 4 (unknown)
2026-10-02 18:56:19.410 DEBUG: STREAM b'pHYs' 57 9
2026-10-02 18:56:19.410 DEBUG: STREAM b'IDAT' 78 436
2026-10-02 18:56:19.411 DEBUG: STREAM b'IHDR' 16 13
2026-10-02 18:56:19.411 DEBUG: STREAM b'sBIT' 41 4
2026-10-02 18:56:19.412 DEBUG: b'sBIT' 41 4 (unknown)
2026-10-02 18:56:19.412 DEBUG: STREAM b'pHYs' 57 9
2026-10-02 18:56:19.412 DEBUG: STREAM b'IDAT' 78 351
2026-10-02 18:56:19.413 DEBUG: STREAM b'IHDR' 16 13
2026-10-02 18:56:19.413 DEBUG: STREAM b'sBIT' 41 4
2026-10-02 18:56:19.413 DEBUG: b'sBIT' 41 4 (unknown)
2026-10-02 18:56:19.413 DEBUG: STREAM b'pHYs' 57 9
2026-10-02 18:56:19.413 DEBUG: STREAM b'IDAT' 78 364
2026-10-02 18:56:22.890 INFO: Done
