2026-09-27 01:44:51.275 INFO: ===========VERIFYING SETTINGS===========
2026-09-27 01:44:51.275 INFO: MACE version: 0.3.16
2026-09-27 01:44:51.275 INFO: Using CPU
2026-09-27 01:44:51.328 INFO: ===========LOADING INPUT DATA===========
2026-09-27 01:44:51.328 INFO: Using heads: ['Default']
2026-09-27 01:44:51.328 INFO: Using the key specifications to parse data:
2026-09-27 01:44:51.328 INFO: Default: KeySpecification(info_keys={'energy': 'energy', 'stress': 'REF_stress', 'virials': 'REF_virials', 'dipole': 'dipole', 'head': 'head', 'elec_temp': 'elec_temp', 'total_charge': 'total_charge', 'polarizability': 'polarizability', 'total_spin': 'total_spin'}, arrays_keys={'forces': 'forces', 'charges': 'REF_charges'})
2026-09-27 01:44:51.328 INFO: =============    Processing head Default     ===========
2026-09-27 01:44:51.346 WARNING: Since ASE version 3.23.0b1, using energy_key 'energy' is no longer safe when communicating between MACE and ASE. We recommend using a different key, rewriting 'energy' to 'REF_energy'. You need to use --energy_key='REF_energy' to specify the chosen key name.
2026-09-27 01:44:51.346 WARNING: Since ASE version 3.23.0b1, using forces_key 'forces' is no longer safe when communicating between MACE and ASE. We recommend using a different key, rewriting 'forces' to 'REF_forces'. You need to use --forces_key='REF_forces' to specify the chosen key name.
2026-09-27 01:44:51.347 INFO: Training set 1/1 [energy: 10, stress: 0, virials: 0, dipole components: 0, head: 10, elec_temp: 0, total_charge: 0, polarizability: 0, total_spin: 0, forces: 10, charges: 0]
2026-09-27 01:44:51.348 INFO: Total Training set [energy: 10, stress: 0, virials: 0, dipole components: 0, head: 10, elec_temp: 0, total_charge: 0, polarizability: 0, total_spin: 0, forces: 10, charges: 0]
2026-09-27 01:44:51.350 WARNING: Since ASE version 3.23.0b1, using energy_key 'energy' is no longer safe when communicating between MACE and ASE. We recommend using a different key, rewriting 'energy' to 'REF_energy'. You need to use --energy_key='REF_energy' to specify the chosen key name.
2026-09-27 01:44:51.350 WARNING: Since ASE version 3.23.0b1, using forces_key 'forces' is no longer safe when communicating between MACE and ASE. We recommend using a different key, rewriting 'forces' to 'REF_forces'. You need to use --forces_key='REF_forces' to specify the chosen key name.
2026-09-27 01:44:51.351 INFO: Validation set 1/1 [energy: 2, stress: 0, virials: 0, dipole components: 0, head: 2, elec_temp: 0, total_charge: 0, polarizability: 0, total_spin: 0, forces: 2, charges: 0]
2026-09-27 01:44:51.351 INFO: Total Validation set [energy: 2, stress: 0, virials: 0, dipole components: 0, head: 2, elec_temp: 0, total_charge: 0, polarizability: 0, total_spin: 0, forces: 2, charges: 0]
2026-09-27 01:44:51.351 INFO: Total number of configurations: train=10, valid=2, tests=[],
2026-09-27 01:44:51.351 WARNING: Validation batch size (4) is larger than the number of validation data (2)
2026-09-27 01:44:51.351 INFO: Using atomic numbers from command line argument
2026-09-27 01:44:51.351 INFO: Atomic Numbers used: [1, 6, 7, 78]
2026-09-27 01:44:51.351 INFO: Isolated Atomic Energies (E0s) not in training file, using command line argument
2026-09-27 01:44:51.351 INFO: Computing average Atomic Energies using least squares regression
2026-09-27 01:44:51.352 INFO: Atomic Energies used (z: eV) for head Default: {1: 0.0, 6: -8.954950877089143, 7: -6.22257727498955, 78: 0.0}
2026-09-27 01:44:51.352 INFO: Processing datasets for head 'Default'
2026-09-27 02:37:12.032 INFO: ===========VERIFYING SETTINGS===========
2026-09-27 02:37:12.032 INFO: MACE version: 0.3.16
2026-09-27 02:37:12.032 INFO: Using CPU
2026-09-27 02:37:12.065 INFO: ===========LOADING INPUT DATA===========
2026-09-27 02:37:12.066 INFO: Using heads: ['Default']
2026-09-27 02:37:12.066 INFO: Using the key specifications to parse data:
2026-09-27 02:37:12.066 INFO: Default: KeySpecification(info_keys={'energy': 'energy', 'stress': 'REF_stress', 'virials': 'REF_virials', 'dipole': 'dipole', 'head': 'head', 'elec_temp': 'elec_temp', 'total_charge': 'total_charge', 'polarizability': 'polarizability', 'total_spin': 'total_spin'}, arrays_keys={'forces': 'forces', 'charges': 'REF_charges'})
2026-09-27 02:37:12.066 INFO: =============    Processing head Default     ===========
2026-09-27 02:37:12.085 WARNING: Since ASE version 3.23.0b1, using energy_key 'energy' is no longer safe when communicating between MACE and ASE. We recommend using a different key, rewriting 'energy' to 'REF_energy'. You need to use --energy_key='REF_energy' to specify the chosen key name.
2026-09-27 02:37:12.086 WARNING: Since ASE version 3.23.0b1, using forces_key 'forces' is no longer safe when communicating between MACE and ASE. We recommend using a different key, rewriting 'forces' to 'REF_forces'. You need to use --forces_key='REF_forces' to specify the chosen key name.
2026-09-27 02:37:12.087 INFO: Training set 1/1 [energy: 10, stress: 0, virials: 0, dipole components: 0, head: 10, elec_temp: 0, total_charge: 0, polarizability: 0, total_spin: 0, forces: 10, charges: 0]
2026-09-27 02:37:12.087 INFO: Total Training set [energy: 10, stress: 0, virials: 0, dipole components: 0, head: 10, elec_temp: 0, total_charge: 0, polarizability: 0, total_spin: 0, forces: 10, charges: 0]
2026-09-27 02:37:12.090 WARNING: Since ASE version 3.23.0b1, using energy_key 'energy' is no longer safe when communicating between MACE and ASE. We recommend using a different key, rewriting 'energy' to 'REF_energy'. You need to use --energy_key='REF_energy' to specify the chosen key name.
2026-09-27 02:37:12.091 WARNING: Since ASE version 3.23.0b1, using forces_key 'forces' is no longer safe when communicating between MACE and ASE. We recommend using a different key, rewriting 'forces' to 'REF_forces'. You need to use --forces_key='REF_forces' to specify the chosen key name.
2026-09-27 02:37:12.091 INFO: Validation set 1/1 [energy: 2, stress: 0, virials: 0, dipole components: 0, head: 2, elec_temp: 0, total_charge: 0, polarizability: 0, total_spin: 0, forces: 2, charges: 0]
2026-09-27 02:37:12.091 INFO: Total Validation set [energy: 2, stress: 0, virials: 0, dipole components: 0, head: 2, elec_temp: 0, total_charge: 0, polarizability: 0, total_spin: 0, forces: 2, charges: 0]
2026-09-27 02:37:12.091 INFO: Total number of configurations: train=10, valid=2, tests=[],
2026-09-27 02:37:12.091 WARNING: Validation batch size (4) is larger than the number of validation data (2)
2026-09-27 02:37:12.091 INFO: Using atomic numbers from command line argument
2026-09-27 02:37:12.091 INFO: Atomic Numbers used: [1, 6, 7, 27, 28, 46]
2026-09-27 02:37:12.091 INFO: Isolated Atomic Energies (E0s) not in training file, using command line argument
2026-09-27 02:37:12.091 INFO: Computing average Atomic Energies using least squares regression
2026-09-27 02:37:12.092 INFO: Atomic Energies used (z: eV) for head Default: {1: 0.0, 6: -8.970996981874654, 7: -5.895291694836723, 27: -2.129359204164694, 28: -1.1101680826338955, 46: 2.9361336403350915}
2026-09-27 02:37:12.092 INFO: Processing datasets for head 'Default'
2026-09-27 02:37:12.110 INFO: Combining 1 list datasets for head 'Default'
2026-09-27 02:37:12.112 INFO: Combining 1 list datasets for head 'Default_valid'
2026-09-27 02:37:12.112 INFO: Combined validation datasets for Default
2026-09-27 02:37:12.112 INFO: Head 'Default' training dataset size: 10
2026-09-27 02:37:12.112 INFO: Computing average number of neighbors
2026-09-27 02:37:12.117 INFO: Average number of neighbors: 29.610000610351562
2026-09-27 02:37:12.117 INFO: During training the following quantities will be reported: energy, forces
2026-09-27 02:37:12.117 INFO: ===========MODEL DETAILS===========
2026-09-27 02:37:12.130 INFO: Building model
2026-09-27 02:37:12.130 INFO: Message passing with 64 channels and max_L=1 (64x0e + 64x1o)
2026-09-27 02:37:12.130 INFO: 2 layers, each with correlation order: 3 (body order: 4) and spherical harmonics up to: l=3
2026-09-27 02:37:12.130 INFO: 8 radial and 5 basis functions
2026-09-27 02:37:12.130 INFO: Radial cutoff: 5.0 A (total receptive field for each atom: 10.0 A)
2026-09-27 02:37:12.130 INFO: Distance transform for radial basis functions: None
2026-09-27 02:37:12.130 INFO: Hidden irreps: 64x0e + 64x1o
2026-09-27 02:37:13.042 INFO: ===========OPTIMIZER INFORMATION===========
2026-09-27 02:37:13.042 INFO: Using ADAM as parameter optimizer
2026-09-27 02:37:13.042 INFO: Batch size: 4
2026-09-27 02:37:13.042 INFO: Using Exponential Moving Average with decay: 0.99
2026-09-27 02:37:13.042 INFO: Number of gradient updates: 150
2026-09-27 02:37:13.042 INFO: Learning rate: 0.01, weight decay: 5e-07
2026-09-27 02:37:13.043 INFO: WeightedEnergyForcesLoss(energy_weight=1.000, forces_weight=10.000)
2026-09-27 02:37:13.043 INFO: === Layer's learning rates ===
2026-09-27 02:37:13.043 INFO: Param group 0: lr = 0.01
2026-09-27 02:37:13.043 INFO: Param group 1: lr = 0.01
2026-09-27 02:37:13.043 INFO: Param group 2: lr = 0.01
2026-09-27 02:37:13.043 INFO: Param group 3: lr = 0.01
2026-09-27 02:37:13.043 INFO: Param group 4: lr = 0.01
2026-09-27 02:37:13.044 INFO: Using gradient clipping with tolerance=10.000
2026-09-27 02:37:13.044 INFO: 
2026-09-27 02:37:13.044 INFO: ===========TRAINING===========
2026-09-27 02:37:13.044 INFO: Started training, reporting errors on validation set
2026-09-27 02:37:13.044 INFO: Loss metrics on validation set
2026-09-27 02:37:13.308 INFO: Initial: head: Default, loss=1.36868155, RMSE_E_per_atom=  139.38 meV, RMSE_F=  521.34 meV / A
2026-09-27 02:37:15.809 INFO: Epoch 0: head: Default, loss=1.34837544, RMSE_E_per_atom=   28.15 meV, RMSE_F=  519.23 meV / A
2026-09-27 02:37:18.045 INFO: Epoch 1: head: Default, loss=1.32892907, RMSE_E_per_atom=   46.72 meV, RMSE_F=  515.33 meV / A
2026-09-27 02:37:20.106 INFO: Epoch 2: head: Default, loss=1.29984009, RMSE_E_per_atom=   69.17 meV, RMSE_F=  509.40 meV / A
2026-09-27 02:37:22.177 INFO: Epoch 3: head: Default, loss=1.25618005, RMSE_E_per_atom=   48.88 meV, RMSE_F=  501.00 meV / A
2026-09-27 02:37:24.254 INFO: Epoch 4: head: Default, loss=1.19115651, RMSE_E_per_atom=   10.18 meV, RMSE_F=  488.08 meV / A
2026-09-27 02:37:26.329 INFO: Epoch 5: head: Default, loss=1.10299933, RMSE_E_per_atom=   39.13 meV, RMSE_F=  469.52 meV / A
2026-09-27 02:37:28.400 INFO: Epoch 6: head: Default, loss=0.99666232, RMSE_E_per_atom=   78.98 meV, RMSE_F=  445.77 meV / A
2026-09-27 02:37:30.461 INFO: Epoch 7: head: Default, loss=0.89576548, RMSE_E_per_atom=   92.23 meV, RMSE_F=  422.26 meV / A
2026-09-27 02:37:32.686 INFO: Epoch 8: head: Default, loss=0.80365956, RMSE_E_per_atom=   70.56 meV, RMSE_F=  400.29 meV / A
2026-09-27 02:37:34.812 INFO: Epoch 9: head: Default, loss=0.70968473, RMSE_E_per_atom=   26.41 meV, RMSE_F=  376.65 meV / A
2026-09-27 02:37:36.882 INFO: Epoch 10: head: Default, loss=0.62500155, RMSE_E_per_atom=   19.03 meV, RMSE_F=  353.50 meV / A
2026-09-27 02:37:38.968 INFO: Epoch 11: head: Default, loss=0.55021894, RMSE_E_per_atom=   35.84 meV, RMSE_F=  331.53 meV / A
2026-09-27 02:37:41.139 INFO: Epoch 12: head: Default, loss=0.49609515, RMSE_E_per_atom=   22.02 meV, RMSE_F=  314.91 meV / A
2026-09-27 02:37:43.278 INFO: Epoch 13: head: Default, loss=0.43881404, RMSE_E_per_atom=   10.11 meV, RMSE_F=  296.23 meV / A
2026-09-27 02:37:45.450 INFO: Epoch 14: head: Default, loss=0.37141472, RMSE_E_per_atom=   21.49 meV, RMSE_F=  272.46 meV / A
2026-09-27 02:37:47.522 INFO: Epoch 15: head: Default, loss=0.32085952, RMSE_E_per_atom=    5.93 meV, RMSE_F=  253.31 meV / A
2026-09-27 02:37:49.629 INFO: Epoch 16: head: Default, loss=0.28587466, RMSE_E_per_atom=    4.20 meV, RMSE_F=  239.11 meV / A
2026-09-27 02:37:51.688 INFO: Epoch 17: head: Default, loss=0.25909713, RMSE_E_per_atom=   15.88 meV, RMSE_F=  227.58 meV / A
2026-09-27 02:37:53.916 INFO: Epoch 18: head: Default, loss=0.25684413, RMSE_E_per_atom=   28.58 meV, RMSE_F=  226.47 meV / A
2026-09-27 02:37:56.102 INFO: Epoch 19: head: Default, loss=0.24696551, RMSE_E_per_atom=   33.56 meV, RMSE_F=  221.99 meV / A
2026-09-27 02:37:58.238 INFO: Epoch 20: head: Default, loss=0.23077561, RMSE_E_per_atom=   30.90 meV, RMSE_F=  214.62 meV / A
2026-09-27 02:38:00.358 INFO: Epoch 21: head: Default, loss=0.21319221, RMSE_E_per_atom=   20.34 meV, RMSE_F=  206.39 meV / A
2026-09-27 02:38:02.404 INFO: Epoch 22: head: Default, loss=0.19786680, RMSE_E_per_atom=   15.73 meV, RMSE_F=  198.87 meV / A
2026-09-27 02:38:04.483 INFO: Epoch 23: head: Default, loss=0.18425106, RMSE_E_per_atom=   24.25 meV, RMSE_F=  191.81 meV / A
2026-09-27 02:38:06.557 INFO: Epoch 24: head: Default, loss=0.17368573, RMSE_E_per_atom=   25.41 meV, RMSE_F=  186.21 meV / A
2026-09-27 02:38:08.785 INFO: Epoch 25: head: Default, loss=0.16613618, RMSE_E_per_atom=   13.93 meV, RMSE_F=  182.23 meV / A
2026-09-27 02:38:10.881 INFO: Epoch 26: head: Default, loss=0.15895496, RMSE_E_per_atom=    5.91 meV, RMSE_F=  178.29 meV / A
2026-09-27 02:38:12.961 INFO: Epoch 27: head: Default, loss=0.15347232, RMSE_E_per_atom=    5.55 meV, RMSE_F=  175.19 meV / A
2026-09-27 02:38:14.996 INFO: Epoch 28: head: Default, loss=0.14934358, RMSE_E_per_atom=    3.95 meV, RMSE_F=  172.82 meV / A
2026-09-27 02:38:17.115 INFO: Epoch 29: head: Default, loss=0.14412571, RMSE_E_per_atom=    5.26 meV, RMSE_F=  169.77 meV / A
2026-09-27 02:38:19.221 INFO: Epoch 30: head: Default, loss=0.14101854, RMSE_E_per_atom=   10.29 meV, RMSE_F=  167.91 meV / A
2026-09-27 02:38:21.300 INFO: Epoch 31: head: Default, loss=0.13917831, RMSE_E_per_atom=    6.90 meV, RMSE_F=  166.83 meV / A
2026-09-27 02:38:23.401 INFO: Epoch 32: head: Default, loss=0.13602243, RMSE_E_per_atom=    3.82 meV, RMSE_F=  164.93 meV / A
2026-09-27 02:38:25.476 INFO: Epoch 33: head: Default, loss=0.13263093, RMSE_E_per_atom=    6.87 meV, RMSE_F=  162.85 meV / A
2026-09-27 02:38:27.552 INFO: Epoch 34: head: Default, loss=0.12755270, RMSE_E_per_atom=    7.03 meV, RMSE_F=  159.70 meV / A
2026-09-27 02:38:29.659 INFO: Epoch 35: head: Default, loss=0.12336234, RMSE_E_per_atom=    5.20 meV, RMSE_F=  157.07 meV / A
2026-09-27 02:38:31.764 INFO: Epoch 36: head: Default, loss=0.11929201, RMSE_E_per_atom=    6.03 meV, RMSE_F=  154.45 meV / A
2026-09-27 02:38:33.851 INFO: Epoch 37: head: Default, loss=0.11410331, RMSE_E_per_atom=    8.58 meV, RMSE_F=  151.04 meV / A
2026-09-27 02:38:35.920 INFO: Epoch 38: head: Default, loss=0.10928466, RMSE_E_per_atom=   11.90 meV, RMSE_F=  147.79 meV / A
2026-09-27 02:38:38.043 INFO: Epoch 39: head: Default, loss=0.10404431, RMSE_E_per_atom=   10.45 meV, RMSE_F=  144.21 meV / A
2026-09-27 02:38:40.106 INFO: Epoch 40: head: Default, loss=0.09969366, RMSE_E_per_atom=   13.07 meV, RMSE_F=  141.14 meV / A
2026-09-27 02:38:42.205 INFO: Epoch 41: head: Default, loss=0.09543364, RMSE_E_per_atom=   18.97 meV, RMSE_F=  138.02 meV / A
2026-09-27 02:38:44.506 INFO: Epoch 42: head: Default, loss=0.08945549, RMSE_E_per_atom=   20.85 meV, RMSE_F=  133.59 meV / A
2026-09-27 02:38:46.683 INFO: Epoch 43: head: Default, loss=0.08357031, RMSE_E_per_atom=   21.91 meV, RMSE_F=  129.10 meV / A
2026-09-27 02:38:48.783 INFO: Epoch 44: head: Default, loss=0.07843146, RMSE_E_per_atom=   24.70 meV, RMSE_F=  125.00 meV / A
2026-09-27 02:38:50.897 INFO: Epoch 45: head: Default, loss=0.07373220, RMSE_E_per_atom=   27.24 meV, RMSE_F=  121.13 meV / A
2026-09-27 02:38:53.069 INFO: Epoch 46: head: Default, loss=0.06876439, RMSE_E_per_atom=   27.23 meV, RMSE_F=  116.96 meV / A
2026-09-27 02:38:55.350 INFO: Epoch 47: head: Default, loss=0.06421608, RMSE_E_per_atom=   29.18 meV, RMSE_F=  112.95 meV / A
2026-09-27 02:38:57.430 INFO: Epoch 48: head: Default, loss=0.06056820, RMSE_E_per_atom=   31.61 meV, RMSE_F=  109.61 meV / A
2026-09-27 02:38:59.591 INFO: Epoch 49: head: Default, loss=0.05733680, RMSE_E_per_atom=   29.92 meV, RMSE_F=  106.67 meV / A
2026-09-27 02:39:01.701 INFO: Epoch 50: head: Default, loss=0.05473243, RMSE_E_per_atom=   28.94 meV, RMSE_F=  104.22 meV / A
2026-09-27 02:39:03.780 INFO: Epoch 51: head: Default, loss=0.05271996, RMSE_E_per_atom=   29.83 meV, RMSE_F=  102.25 meV / A
2026-09-27 02:39:05.897 INFO: Epoch 52: head: Default, loss=0.05121173, RMSE_E_per_atom=   28.89 meV, RMSE_F=  100.79 meV / A
2026-09-27 02:39:07.956 INFO: Epoch 53: head: Default, loss=0.05017350, RMSE_E_per_atom=   25.96 meV, RMSE_F=   99.84 meV / A
2026-09-27 02:39:10.011 INFO: Epoch 54: head: Default, loss=0.04918550, RMSE_E_per_atom=   24.38 meV, RMSE_F=   98.88 meV / A
2026-09-27 02:39:12.128 INFO: Epoch 55: head: Default, loss=0.04793181, RMSE_E_per_atom=   24.29 meV, RMSE_F=   97.61 meV / A
2026-09-27 02:39:14.181 INFO: Epoch 56: head: Default, loss=0.04710886, RMSE_E_per_atom=   24.44 meV, RMSE_F=   96.76 meV / A
2026-09-27 02:39:16.237 INFO: Epoch 57: head: Default, loss=0.04646694, RMSE_E_per_atom=   20.62 meV, RMSE_F=   96.18 meV / A
2026-09-27 02:39:18.299 INFO: Epoch 58: head: Default, loss=0.04643516, RMSE_E_per_atom=   19.49 meV, RMSE_F=   96.17 meV / A
2026-09-27 02:39:20.460 INFO: Epoch 59: head: Default, loss=0.04696083, RMSE_E_per_atom=   21.51 meV, RMSE_F=   96.67 meV / A
2026-09-27 02:39:20.461 INFO: Training complete
2026-09-27 02:39:20.461 INFO: 
2026-09-27 02:39:20.461 INFO: ===========RESULTS===========
2026-09-27 02:39:20.462 INFO: Loading checkpoint: ./checkpoints/mace_multitm_model_run-123_epoch-58.pt
2026-09-27 02:39:20.476 INFO: Loaded Stage one model from epoch 58 for evaluation
2026-09-27 02:39:20.477 INFO: Saving model to checkpoints/mace_multitm_model_run-123.model
2026-09-27 02:39:20.607 INFO: Compiling model, saving metadata to mace_multitm_model_compiled.model
2026-09-27 02:39:21.231 INFO: Computing metrics for training, validation, and test sets
2026-09-27 02:39:21.231 INFO: Skipping evaluation for heads: ['pt_head']
2026-09-27 02:39:21.231 INFO: Evaluating train_Default ...
2026-09-27 02:39:21.814 INFO: Evaluating valid_Default ...
2026-09-27 02:39:21.970 INFO: Error-table on TRAIN and VALID:
+---------------+---------------------+------------------+-------------------+
|  config_type  | RMSE E / meV / atom | RMSE F / meV / A | relative F RMSE % |
+---------------+---------------------+------------------+-------------------+
| train_Default |           10.0      |         71.5     |         16.65     |
| valid_Default |           19.5      |         96.2     |         18.48     |
+---------------+---------------------+------------------+-------------------+
2026-09-27 02:39:23.876 INFO: Done
2026-09-27 02:43:41.407 INFO: ===========VERIFYING SETTINGS===========
2026-09-27 02:43:41.408 INFO: MACE version: 0.3.16
2026-09-27 02:43:41.408 INFO: Using CPU
2026-09-27 02:43:41.442 INFO: ===========LOADING INPUT DATA===========
2026-09-27 02:43:41.442 INFO: Using heads: ['Default']
2026-09-27 02:43:41.442 INFO: Using the key specifications to parse data:
2026-09-27 02:43:41.442 INFO: Default: KeySpecification(info_keys={'energy': 'energy', 'stress': 'REF_stress', 'virials': 'REF_virials', 'dipole': 'dipole', 'head': 'head', 'elec_temp': 'elec_temp', 'total_charge': 'total_charge', 'polarizability': 'polarizability', 'total_spin': 'total_spin'}, arrays_keys={'forces': 'forces', 'charges': 'REF_charges'})
2026-09-27 02:43:41.442 INFO: =============    Processing head Default     ===========
2026-09-27 02:43:41.461 WARNING: Since ASE version 3.23.0b1, using energy_key 'energy' is no longer safe when communicating between MACE and ASE. We recommend using a different key, rewriting 'energy' to 'REF_energy'. You need to use --energy_key='REF_energy' to specify the chosen key name.
2026-09-27 02:43:41.462 WARNING: Since ASE version 3.23.0b1, using forces_key 'forces' is no longer safe when communicating between MACE and ASE. We recommend using a different key, rewriting 'forces' to 'REF_forces'. You need to use --forces_key='REF_forces' to specify the chosen key name.
2026-09-27 02:43:41.463 INFO: Training set 1/1 [energy: 10, stress: 0, virials: 0, dipole components: 0, head: 10, elec_temp: 0, total_charge: 0, polarizability: 0, total_spin: 0, forces: 10, charges: 0]
2026-09-27 02:43:41.463 INFO: Total Training set [energy: 10, stress: 0, virials: 0, dipole components: 0, head: 10, elec_temp: 0, total_charge: 0, polarizability: 0, total_spin: 0, forces: 10, charges: 0]
2026-09-27 02:43:41.467 WARNING: Since ASE version 3.23.0b1, using energy_key 'energy' is no longer safe when communicating between MACE and ASE. We recommend using a different key, rewriting 'energy' to 'REF_energy'. You need to use --energy_key='REF_energy' to specify the chosen key name.
2026-09-27 02:43:41.467 WARNING: Since ASE version 3.23.0b1, using forces_key 'forces' is no longer safe when communicating between MACE and ASE. We recommend using a different key, rewriting 'forces' to 'REF_forces'. You need to use --forces_key='REF_forces' to specify the chosen key name.
2026-09-27 02:43:41.467 INFO: Validation set 1/1 [energy: 2, stress: 0, virials: 0, dipole components: 0, head: 2, elec_temp: 0, total_charge: 0, polarizability: 0, total_spin: 0, forces: 2, charges: 0]
2026-09-27 02:43:41.468 INFO: Total Validation set [energy: 2, stress: 0, virials: 0, dipole components: 0, head: 2, elec_temp: 0, total_charge: 0, polarizability: 0, total_spin: 0, forces: 2, charges: 0]
2026-09-27 02:43:41.468 INFO: Total number of configurations: train=10, valid=2, tests=[],
2026-09-27 02:43:41.468 WARNING: Validation batch size (4) is larger than the number of validation data (2)
2026-09-27 02:43:41.468 INFO: Using atomic numbers from command line argument
2026-09-27 02:43:41.468 INFO: Atomic Numbers used: [1, 6, 7, 27, 28, 46]
2026-09-27 02:43:41.468 INFO: Isolated Atomic Energies (E0s) not in training file, using command line argument
2026-09-27 02:43:41.468 INFO: Computing average Atomic Energies using least squares regression
2026-09-27 02:43:41.469 INFO: Atomic Energies used (z: eV) for head Default: {1: 0.0, 6: -8.970996981874654, 7: -5.895291694836723, 27: -2.129359204164694, 28: -1.1101680826338955, 46: 2.9361336403350915}
2026-09-27 02:43:41.469 INFO: Processing datasets for head 'Default'
2026-09-27 02:43:41.475 INFO: Combining 1 list datasets for head 'Default'
2026-09-27 02:43:41.476 INFO: Combining 1 list datasets for head 'Default_valid'
2026-09-27 02:43:41.477 INFO: Combined validation datasets for Default
2026-09-27 02:43:41.477 INFO: Head 'Default' training dataset size: 10
2026-09-27 02:43:41.477 INFO: Computing average number of neighbors
2026-09-27 02:43:41.481 INFO: Average number of neighbors: 29.610000610351562
2026-09-27 02:43:41.481 INFO: During training the following quantities will be reported: energy, forces
2026-09-27 02:43:41.481 INFO: ===========MODEL DETAILS===========
2026-09-27 02:43:41.485 INFO: Building model
2026-09-27 02:43:41.485 INFO: Message passing with 64 channels and max_L=1 (64x0e + 64x1o)
2026-09-27 02:43:41.485 INFO: 2 layers, each with correlation order: 3 (body order: 4) and spherical harmonics up to: l=3
2026-09-27 02:43:41.485 INFO: 8 radial and 5 basis functions
2026-09-27 02:43:41.485 INFO: Radial cutoff: 5.0 A (total receptive field for each atom: 10.0 A)
2026-09-27 02:43:41.485 INFO: Distance transform for radial basis functions: None
2026-09-27 02:43:41.485 INFO: Hidden irreps: 64x0e + 64x1o
2026-09-27 02:43:42.463 INFO: ===========OPTIMIZER INFORMATION===========
2026-09-27 02:43:42.463 INFO: Using ADAM as parameter optimizer
2026-09-27 02:43:42.463 INFO: Batch size: 4
2026-09-27 02:43:42.463 INFO: Using Exponential Moving Average with decay: 0.99
2026-09-27 02:43:42.463 INFO: Number of gradient updates: 150
2026-09-27 02:43:42.463 INFO: Learning rate: 0.01, weight decay: 5e-07
2026-09-27 02:43:42.464 INFO: WeightedEnergyForcesLoss(energy_weight=1.000, forces_weight=10.000)
2026-09-27 02:43:42.464 INFO: === Layer's learning rates ===
2026-09-27 02:43:42.464 INFO: Param group 0: lr = 0.01
2026-09-27 02:43:42.465 INFO: Param group 1: lr = 0.01
2026-09-27 02:43:42.465 INFO: Param group 2: lr = 0.01
2026-09-27 02:43:42.465 INFO: Param group 3: lr = 0.01
2026-09-27 02:43:42.465 INFO: Param group 4: lr = 0.01
2026-09-27 02:43:42.466 INFO: Using gradient clipping with tolerance=10.000
2026-09-27 02:43:42.466 INFO: 
2026-09-27 02:43:42.466 INFO: ===========TRAINING===========
2026-09-27 02:43:42.466 INFO: Started training, reporting errors on validation set
2026-09-27 02:43:42.466 INFO: Loss metrics on validation set
2026-09-27 02:43:42.786 INFO: Initial: head: Default, loss=1.36868155, RMSE_E_per_atom=  139.38 meV, RMSE_F=  521.34 meV / A
2026-09-27 02:43:45.249 INFO: Epoch 0: head: Default, loss=1.34837544, RMSE_E_per_atom=   28.15 meV, RMSE_F=  519.23 meV / A
2026-09-27 02:43:47.476 INFO: Epoch 1: head: Default, loss=1.32892907, RMSE_E_per_atom=   46.72 meV, RMSE_F=  515.33 meV / A
2026-09-27 02:43:49.736 INFO: Epoch 2: head: Default, loss=1.29984009, RMSE_E_per_atom=   69.17 meV, RMSE_F=  509.40 meV / A
2026-09-27 02:43:51.835 INFO: Epoch 3: head: Default, loss=1.25618005, RMSE_E_per_atom=   48.88 meV, RMSE_F=  501.00 meV / A
2026-09-27 02:43:53.895 INFO: Epoch 4: head: Default, loss=1.19115651, RMSE_E_per_atom=   10.18 meV, RMSE_F=  488.08 meV / A
2026-09-27 02:43:55.963 INFO: Epoch 5: head: Default, loss=1.10299933, RMSE_E_per_atom=   39.13 meV, RMSE_F=  469.52 meV / A
2026-09-27 02:43:58.083 INFO: Epoch 6: head: Default, loss=0.99666232, RMSE_E_per_atom=   78.98 meV, RMSE_F=  445.77 meV / A
2026-09-27 02:44:00.205 INFO: Epoch 7: head: Default, loss=0.89576548, RMSE_E_per_atom=   92.23 meV, RMSE_F=  422.26 meV / A
2026-09-27 02:44:02.261 INFO: Epoch 8: head: Default, loss=0.80365956, RMSE_E_per_atom=   70.56 meV, RMSE_F=  400.29 meV / A
2026-09-27 02:44:04.348 INFO: Epoch 9: head: Default, loss=0.70968473, RMSE_E_per_atom=   26.41 meV, RMSE_F=  376.65 meV / A
2026-09-27 02:44:06.422 INFO: Epoch 10: head: Default, loss=0.62500155, RMSE_E_per_atom=   19.03 meV, RMSE_F=  353.50 meV / A
2026-09-27 02:44:08.527 INFO: Epoch 11: head: Default, loss=0.55021894, RMSE_E_per_atom=   35.84 meV, RMSE_F=  331.53 meV / A
2026-09-27 02:44:10.574 INFO: Epoch 12: head: Default, loss=0.49609515, RMSE_E_per_atom=   22.02 meV, RMSE_F=  314.91 meV / A
2026-09-27 02:44:12.682 INFO: Epoch 13: head: Default, loss=0.43881404, RMSE_E_per_atom=   10.11 meV, RMSE_F=  296.23 meV / A
2026-09-27 02:44:14.749 INFO: Epoch 14: head: Default, loss=0.37141472, RMSE_E_per_atom=   21.49 meV, RMSE_F=  272.46 meV / A
2026-09-27 02:44:16.831 INFO: Epoch 15: head: Default, loss=0.32085952, RMSE_E_per_atom=    5.93 meV, RMSE_F=  253.31 meV / A
2026-09-27 02:44:18.933 INFO: Epoch 16: head: Default, loss=0.28587466, RMSE_E_per_atom=    4.20 meV, RMSE_F=  239.11 meV / A
2026-09-27 02:44:20.983 INFO: Epoch 17: head: Default, loss=0.25909713, RMSE_E_per_atom=   15.88 meV, RMSE_F=  227.58 meV / A
2026-09-27 02:44:23.050 INFO: Epoch 18: head: Default, loss=0.25684413, RMSE_E_per_atom=   28.58 meV, RMSE_F=  226.47 meV / A
2026-09-27 02:44:25.145 INFO: Epoch 19: head: Default, loss=0.24696551, RMSE_E_per_atom=   33.56 meV, RMSE_F=  221.99 meV / A
2026-09-27 02:44:27.242 INFO: Epoch 20: head: Default, loss=0.23077561, RMSE_E_per_atom=   30.90 meV, RMSE_F=  214.62 meV / A
2026-09-27 02:44:29.306 INFO: Epoch 21: head: Default, loss=0.21319221, RMSE_E_per_atom=   20.34 meV, RMSE_F=  206.39 meV / A
2026-09-27 02:44:31.416 INFO: Epoch 22: head: Default, loss=0.19786680, RMSE_E_per_atom=   15.73 meV, RMSE_F=  198.87 meV / A
2026-09-27 02:44:33.507 INFO: Epoch 23: head: Default, loss=0.18425106, RMSE_E_per_atom=   24.25 meV, RMSE_F=  191.81 meV / A
2026-09-27 02:44:35.616 INFO: Epoch 24: head: Default, loss=0.17368573, RMSE_E_per_atom=   25.41 meV, RMSE_F=  186.21 meV / A
2026-09-27 02:44:37.700 INFO: Epoch 25: head: Default, loss=0.16613618, RMSE_E_per_atom=   13.93 meV, RMSE_F=  182.23 meV / A
2026-09-27 02:44:39.789 INFO: Epoch 26: head: Default, loss=0.15895496, RMSE_E_per_atom=    5.91 meV, RMSE_F=  178.29 meV / A
2026-09-27 02:44:41.859 INFO: Epoch 27: head: Default, loss=0.15347232, RMSE_E_per_atom=    5.55 meV, RMSE_F=  175.19 meV / A
2026-09-27 02:44:43.954 INFO: Epoch 28: head: Default, loss=0.14934358, RMSE_E_per_atom=    3.95 meV, RMSE_F=  172.82 meV / A
2026-09-27 02:44:46.042 INFO: Epoch 29: head: Default, loss=0.14412571, RMSE_E_per_atom=    5.26 meV, RMSE_F=  169.77 meV / A
2026-09-27 02:44:48.161 INFO: Epoch 30: head: Default, loss=0.14101854, RMSE_E_per_atom=   10.29 meV, RMSE_F=  167.91 meV / A
2026-09-27 02:44:50.361 INFO: Epoch 31: head: Default, loss=0.13917831, RMSE_E_per_atom=    6.90 meV, RMSE_F=  166.83 meV / A
2026-09-27 02:44:52.451 INFO: Epoch 32: head: Default, loss=0.13602243, RMSE_E_per_atom=    3.82 meV, RMSE_F=  164.93 meV / A
2026-09-27 02:44:54.522 INFO: Epoch 33: head: Default, loss=0.13263093, RMSE_E_per_atom=    6.87 meV, RMSE_F=  162.85 meV / A
2026-09-27 02:44:56.609 INFO: Epoch 34: head: Default, loss=0.12755270, RMSE_E_per_atom=    7.03 meV, RMSE_F=  159.70 meV / A
2026-09-27 02:44:58.798 INFO: Epoch 35: head: Default, loss=0.12336234, RMSE_E_per_atom=    5.20 meV, RMSE_F=  157.07 meV / A
2026-09-27 02:45:01.010 INFO: Epoch 36: head: Default, loss=0.11929201, RMSE_E_per_atom=    6.03 meV, RMSE_F=  154.45 meV / A
2026-09-27 02:45:03.075 INFO: Epoch 37: head: Default, loss=0.11410331, RMSE_E_per_atom=    8.58 meV, RMSE_F=  151.04 meV / A
2026-09-27 02:45:05.202 INFO: Epoch 38: head: Default, loss=0.10928466, RMSE_E_per_atom=   11.90 meV, RMSE_F=  147.79 meV / A
2026-09-27 02:45:07.334 INFO: Epoch 39: head: Default, loss=0.10404431, RMSE_E_per_atom=   10.45 meV, RMSE_F=  144.21 meV / A
2026-09-27 02:45:09.411 INFO: Epoch 40: head: Default, loss=0.09969366, RMSE_E_per_atom=   13.07 meV, RMSE_F=  141.14 meV / A
2026-09-27 02:45:11.525 INFO: Epoch 41: head: Default, loss=0.09543364, RMSE_E_per_atom=   18.97 meV, RMSE_F=  138.02 meV / A
2026-09-27 02:45:13.620 INFO: Epoch 42: head: Default, loss=0.08945549, RMSE_E_per_atom=   20.85 meV, RMSE_F=  133.59 meV / A
2026-09-27 02:45:15.770 INFO: Epoch 43: head: Default, loss=0.08357031, RMSE_E_per_atom=   21.91 meV, RMSE_F=  129.10 meV / A
2026-09-27 02:45:17.866 INFO: Epoch 44: head: Default, loss=0.07843146, RMSE_E_per_atom=   24.70 meV, RMSE_F=  125.00 meV / A
2026-09-27 02:45:19.956 INFO: Epoch 45: head: Default, loss=0.07373220, RMSE_E_per_atom=   27.24 meV, RMSE_F=  121.13 meV / A
2026-09-27 02:45:22.036 INFO: Epoch 46: head: Default, loss=0.06876439, RMSE_E_per_atom=   27.23 meV, RMSE_F=  116.96 meV / A
2026-09-27 02:45:24.157 INFO: Epoch 47: head: Default, loss=0.06421608, RMSE_E_per_atom=   29.18 meV, RMSE_F=  112.95 meV / A
2026-09-27 02:45:26.394 INFO: Epoch 48: head: Default, loss=0.06056820, RMSE_E_per_atom=   31.61 meV, RMSE_F=  109.61 meV / A
2026-09-27 02:45:28.533 INFO: Epoch 49: head: Default, loss=0.05733680, RMSE_E_per_atom=   29.92 meV, RMSE_F=  106.67 meV / A
2026-09-27 02:45:30.657 INFO: Epoch 50: head: Default, loss=0.05473243, RMSE_E_per_atom=   28.94 meV, RMSE_F=  104.22 meV / A
2026-09-27 02:45:32.779 INFO: Epoch 51: head: Default, loss=0.05271996, RMSE_E_per_atom=   29.83 meV, RMSE_F=  102.25 meV / A
2026-09-27 02:45:34.979 INFO: Epoch 52: head: Default, loss=0.05121173, RMSE_E_per_atom=   28.89 meV, RMSE_F=  100.79 meV / A
2026-09-27 02:45:37.109 INFO: Epoch 53: head: Default, loss=0.05017350, RMSE_E_per_atom=   25.96 meV, RMSE_F=   99.84 meV / A
2026-09-27 02:45:39.337 INFO: Epoch 54: head: Default, loss=0.04918550, RMSE_E_per_atom=   24.38 meV, RMSE_F=   98.88 meV / A
2026-09-27 02:45:41.508 INFO: Epoch 55: head: Default, loss=0.04793181, RMSE_E_per_atom=   24.29 meV, RMSE_F=   97.61 meV / A
2026-09-27 02:45:43.699 INFO: Epoch 56: head: Default, loss=0.04710886, RMSE_E_per_atom=   24.44 meV, RMSE_F=   96.76 meV / A
2026-09-27 02:45:45.805 INFO: Epoch 57: head: Default, loss=0.04646694, RMSE_E_per_atom=   20.62 meV, RMSE_F=   96.18 meV / A
2026-09-27 02:45:47.900 INFO: Epoch 58: head: Default, loss=0.04643516, RMSE_E_per_atom=   19.49 meV, RMSE_F=   96.17 meV / A
2026-09-27 02:45:50.106 INFO: Epoch 59: head: Default, loss=0.04696083, RMSE_E_per_atom=   21.51 meV, RMSE_F=   96.67 meV / A
2026-09-27 02:45:50.107 INFO: Training complete
2026-09-27 02:45:50.107 INFO: 
2026-09-27 02:45:50.107 INFO: ===========RESULTS===========
2026-09-27 02:45:50.107 INFO: Loading checkpoint: ./checkpoints/mace_multitm_model_run-123_epoch-58.pt
2026-09-27 02:45:50.122 INFO: Loaded Stage one model from epoch 58 for evaluation
2026-09-27 02:45:50.122 INFO: Saving model to checkpoints/mace_multitm_model_run-123.model
2026-09-27 02:45:50.276 INFO: Compiling model, saving metadata to mace_multitm_model_compiled.model
2026-09-27 02:45:50.928 INFO: Computing metrics for training, validation, and test sets
2026-09-27 02:45:50.929 INFO: Skipping evaluation for heads: ['pt_head']
2026-09-27 02:45:50.929 INFO: Evaluating train_Default ...
2026-09-27 02:45:51.504 INFO: Evaluating valid_Default ...
2026-09-27 02:45:51.652 INFO: Error-table on TRAIN and VALID:
+---------------+---------------------+------------------+-------------------+
|  config_type  | RMSE E / meV / atom | RMSE F / meV / A | relative F RMSE % |
+---------------+---------------------+------------------+-------------------+
| train_Default |           10.0      |         71.5     |         16.65     |
| valid_Default |           19.5      |         96.2     |         18.48     |
+---------------+---------------------+------------------+-------------------+
2026-09-27 02:45:53.549 INFO: Done
2026-09-28 09:31:09.915 INFO: ===========VERIFYING SETTINGS===========
2026-09-28 09:31:09.917 INFO: MACE version: 0.3.16
2026-09-28 09:31:09.917 INFO: Using CPU
2026-09-28 09:31:09.990 INFO: ===========LOADING INPUT DATA===========
2026-09-28 09:31:09.990 INFO: Using heads: ['Default']
2026-09-28 09:31:09.990 INFO: Using the key specifications to parse data:
2026-09-28 09:31:09.990 INFO: Default: KeySpecification(info_keys={'energy': 'energy', 'stress': 'REF_stress', 'virials': 'REF_virials', 'dipole': 'dipole', 'head': 'head', 'elec_temp': 'elec_temp', 'total_charge': 'total_charge', 'polarizability': 'polarizability', 'total_spin': 'total_spin'}, arrays_keys={'forces': 'forces', 'charges': 'REF_charges'})
2026-09-28 09:31:09.990 INFO: =============    Processing head Default     ===========
2026-09-28 09:31:10.035 WARNING: Since ASE version 3.23.0b1, using energy_key 'energy' is no longer safe when communicating between MACE and ASE. We recommend using a different key, rewriting 'energy' to 'REF_energy'. You need to use --energy_key='REF_energy' to specify the chosen key name.
2026-09-28 09:31:10.041 WARNING: Since ASE version 3.23.0b1, using forces_key 'forces' is no longer safe when communicating between MACE and ASE. We recommend using a different key, rewriting 'forces' to 'REF_forces'. You need to use --forces_key='REF_forces' to specify the chosen key name.
2026-09-28 09:31:10.048 INFO: Training set 1/1 [energy: 81, stress: 0, virials: 0, dipole components: 0, head: 81, elec_temp: 0, total_charge: 0, polarizability: 0, total_spin: 0, forces: 81, charges: 0]
2026-09-28 09:31:10.048 INFO: Total Training set [energy: 81, stress: 0, virials: 0, dipole components: 0, head: 81, elec_temp: 0, total_charge: 0, polarizability: 0, total_spin: 0, forces: 81, charges: 0]
2026-09-28 09:31:10.062 WARNING: Since ASE version 3.23.0b1, using energy_key 'energy' is no longer safe when communicating between MACE and ASE. We recommend using a different key, rewriting 'energy' to 'REF_energy'. You need to use --energy_key='REF_energy' to specify the chosen key name.
2026-09-28 09:31:10.063 WARNING: Since ASE version 3.23.0b1, using forces_key 'forces' is no longer safe when communicating between MACE and ASE. We recommend using a different key, rewriting 'forces' to 'REF_forces'. You need to use --forces_key='REF_forces' to specify the chosen key name.
2026-09-28 09:31:10.065 INFO: Validation set 1/1 [energy: 15, stress: 0, virials: 0, dipole components: 0, head: 15, elec_temp: 0, total_charge: 0, polarizability: 0, total_spin: 0, forces: 15, charges: 0]
2026-09-28 09:31:10.065 INFO: Total Validation set [energy: 15, stress: 0, virials: 0, dipole components: 0, head: 15, elec_temp: 0, total_charge: 0, polarizability: 0, total_spin: 0, forces: 15, charges: 0]
2026-09-28 09:31:10.065 INFO: Total number of configurations: train=81, valid=15, tests=[],
2026-09-28 09:31:10.065 INFO: Using atomic numbers from command line argument
2026-09-28 09:31:10.065 INFO: Atomic Numbers used: [1, 6, 7, 27, 28, 46]
2026-09-28 09:31:10.065 INFO: Isolated Atomic Energies (E0s) not in training file, using command line argument
2026-09-28 09:31:10.065 INFO: Computing average Atomic Energies using least squares regression
2026-09-28 09:31:10.068 INFO: Atomic Energies used (z: eV) for head Default: {1: -5.7898734948362645, 6: -8.902150259664209, 7: -8.100986564234715, 27: -2.4524726174823295, 28: -0.9161622140445814, 46: 3.021632039202445}
2026-09-28 09:31:10.068 INFO: Processing datasets for head 'Default'
2026-09-28 09:31:10.134 INFO: Combining 1 list datasets for head 'Default'
2026-09-28 09:31:10.144 INFO: Combining 1 list datasets for head 'Default_valid'
2026-09-28 09:31:10.144 INFO: Combined validation datasets for Default
2026-09-28 09:31:10.144 INFO: Head 'Default' training dataset size: 81
2026-09-28 09:31:10.144 INFO: Computing average number of neighbors
2026-09-28 09:31:10.177 INFO: Average number of neighbors: 29.532367706298828
2026-09-28 09:31:10.177 INFO: During training the following quantities will be reported: energy, forces
2026-09-28 09:31:10.177 INFO: ===========MODEL DETAILS===========
2026-09-28 09:31:10.220 INFO: Building model
2026-09-28 09:31:10.220 INFO: Message passing with 64 channels and max_L=1 (64x0e + 64x1o)
2026-09-28 09:31:10.220 INFO: 2 layers, each with correlation order: 3 (body order: 4) and spherical harmonics up to: l=3
2026-09-28 09:31:10.220 INFO: 8 radial and 5 basis functions
2026-09-28 09:31:10.220 INFO: Radial cutoff: 5.0 A (total receptive field for each atom: 10.0 A)
2026-09-28 09:31:10.220 INFO: Distance transform for radial basis functions: None
2026-09-28 09:31:10.220 INFO: Hidden irreps: 64x0e + 64x1o
2026-09-28 09:31:11.248 INFO: ===========OPTIMIZER INFORMATION===========
2026-09-28 09:31:11.248 INFO: Using ADAM as parameter optimizer
2026-09-28 09:31:11.248 INFO: Batch size: 4
2026-09-28 09:31:11.248 INFO: Using Exponential Moving Average with decay: 0.99
2026-09-28 09:31:11.248 INFO: Number of gradient updates: 1215
2026-09-28 09:31:11.248 INFO: Learning rate: 0.01, weight decay: 5e-07
2026-09-28 09:31:11.249 INFO: WeightedEnergyForcesLoss(energy_weight=1.000, forces_weight=10.000)
2026-09-28 09:31:11.249 INFO: === Layer's learning rates ===
2026-09-28 09:31:11.249 INFO: Param group 0: lr = 0.01
2026-09-28 09:31:11.249 INFO: Param group 1: lr = 0.01
2026-09-28 09:31:11.249 INFO: Param group 2: lr = 0.01
2026-09-28 09:31:11.249 INFO: Param group 3: lr = 0.01
2026-09-28 09:31:11.249 INFO: Param group 4: lr = 0.01
2026-09-28 09:31:11.250 INFO: Using gradient clipping with tolerance=10.000
2026-09-28 09:31:11.250 INFO: 
2026-09-28 09:31:11.250 INFO: ===========TRAINING===========
2026-09-28 09:31:11.250 INFO: Started training, reporting errors on validation set
2026-09-28 09:31:11.250 INFO: Loss metrics on validation set
2026-09-28 09:31:12.901 INFO: Initial: head: Default, loss=22.94066620, RMSE_E_per_atom= 1004.19 meV, RMSE_F= 2906.04 meV / A
2026-09-28 09:31:34.695 INFO: Epoch 0: head: Default, loss=2.48694468, RMSE_E_per_atom=  268.89 meV, RMSE_F=  963.17 meV / A
2026-09-28 09:31:56.195 INFO: Epoch 1: head: Default, loss=1.15382409, RMSE_E_per_atom=  206.66 meV, RMSE_F=  655.99 meV / A
2026-09-28 09:32:17.300 INFO: Epoch 2: head: Default, loss=0.76370895, RMSE_E_per_atom=  159.64 meV, RMSE_F=  533.89 meV / A
2026-09-28 09:32:38.508 INFO: Epoch 3: head: Default, loss=0.41030985, RMSE_E_per_atom=  142.37 meV, RMSE_F=  390.73 meV / A
2026-09-28 09:33:00.301 INFO: Epoch 4: head: Default, loss=0.28842679, RMSE_E_per_atom=  122.64 meV, RMSE_F=  327.81 meV / A
2026-09-28 09:33:21.640 INFO: Epoch 5: head: Default, loss=0.24374136, RMSE_E_per_atom=  106.13 meV, RMSE_F=  301.36 meV / A
2026-09-28 09:33:43.087 INFO: Epoch 6: head: Default, loss=0.21702687, RMSE_E_per_atom=   90.05 meV, RMSE_F=  284.83 meV / A
2026-09-28 09:34:04.601 INFO: Epoch 7: head: Default, loss=0.18986101, RMSE_E_per_atom=   78.25 meV, RMSE_F=  266.60 meV / A
2026-09-28 09:34:26.036 INFO: Epoch 8: head: Default, loss=0.16319036, RMSE_E_per_atom=   73.37 meV, RMSE_F=  246.80 meV / A
2026-09-28 09:34:47.602 INFO: Epoch 9: head: Default, loss=0.14175390, RMSE_E_per_atom=   65.94 meV, RMSE_F=  230.41 meV / A
2026-09-28 09:35:09.098 INFO: Epoch 10: head: Default, loss=0.12801556, RMSE_E_per_atom=   60.13 meV, RMSE_F=  218.90 meV / A
2026-09-28 09:35:30.653 INFO: Epoch 11: head: Default, loss=0.11982255, RMSE_E_per_atom=   52.54 meV, RMSE_F=  212.02 meV / A
2026-09-28 09:35:52.259 INFO: Epoch 12: head: Default, loss=0.11240621, RMSE_E_per_atom=   50.44 meV, RMSE_F=  205.07 meV / A
2026-09-28 09:36:13.916 INFO: Epoch 13: head: Default, loss=0.10749788, RMSE_E_per_atom=   43.61 meV, RMSE_F=  200.62 meV / A
2026-09-28 09:36:35.471 INFO: Epoch 14: head: Default, loss=0.10300628, RMSE_E_per_atom=   40.40 meV, RMSE_F=  196.57 meV / A
2026-09-28 09:36:56.746 INFO: Epoch 15: head: Default, loss=0.09966808, RMSE_E_per_atom=   37.14 meV, RMSE_F=  193.34 meV / A
2026-09-28 09:37:18.282 INFO: Epoch 16: head: Default, loss=0.09370443, RMSE_E_per_atom=   33.16 meV, RMSE_F=  187.44 meV / A
2026-09-28 09:37:39.841 INFO: Epoch 17: head: Default, loss=0.09044700, RMSE_E_per_atom=   31.12 meV, RMSE_F=  184.15 meV / A
2026-09-28 09:38:01.580 INFO: Epoch 18: head: Default, loss=0.08709529, RMSE_E_per_atom=   29.67 meV, RMSE_F=  180.55 meV / A
2026-09-28 09:38:23.003 INFO: Epoch 19: head: Default, loss=0.08422601, RMSE_E_per_atom=   27.73 meV, RMSE_F=  177.45 meV / A
2026-09-28 09:38:44.656 INFO: Epoch 20: head: Default, loss=0.08100665, RMSE_E_per_atom=   26.07 meV, RMSE_F=  174.01 meV / A
2026-09-28 09:39:06.422 INFO: Epoch 21: head: Default, loss=0.07763252, RMSE_E_per_atom=   24.49 meV, RMSE_F=  170.32 meV / A
2026-09-28 09:39:27.828 INFO: Epoch 22: head: Default, loss=0.07480225, RMSE_E_per_atom=   22.63 meV, RMSE_F=  167.22 meV / A
2026-09-28 09:39:49.310 INFO: Epoch 23: head: Default, loss=0.07202788, RMSE_E_per_atom=   21.50 meV, RMSE_F=  164.01 meV / A
2026-09-28 09:40:10.728 INFO: Epoch 24: head: Default, loss=0.06971388, RMSE_E_per_atom=   20.15 meV, RMSE_F=  161.17 meV / A
2026-09-28 09:40:32.181 INFO: Epoch 25: head: Default, loss=0.06801440, RMSE_E_per_atom=   19.68 meV, RMSE_F=  159.17 meV / A
2026-09-28 09:40:53.658 INFO: Epoch 26: head: Default, loss=0.06588761, RMSE_E_per_atom=   18.91 meV, RMSE_F=  156.71 meV / A
2026-09-28 09:41:15.737 INFO: Epoch 27: head: Default, loss=0.06489136, RMSE_E_per_atom=   18.02 meV, RMSE_F=  155.62 meV / A
2026-09-28 09:41:37.181 INFO: Epoch 28: head: Default, loss=0.06263744, RMSE_E_per_atom=   17.63 meV, RMSE_F=  152.88 meV / A
2026-09-28 09:41:58.574 INFO: Epoch 29: head: Default, loss=0.06055035, RMSE_E_per_atom=   17.44 meV, RMSE_F=  150.36 meV / A
2026-09-28 09:42:20.289 INFO: Epoch 30: head: Default, loss=0.05815391, RMSE_E_per_atom=   16.87 meV, RMSE_F=  147.32 meV / A
2026-09-28 09:42:41.950 INFO: Epoch 31: head: Default, loss=0.05735147, RMSE_E_per_atom=   16.43 meV, RMSE_F=  146.28 meV / A
2026-09-28 09:43:03.333 INFO: Epoch 32: head: Default, loss=0.05554249, RMSE_E_per_atom=   16.37 meV, RMSE_F=  143.97 meV / A
2026-09-28 09:43:24.712 INFO: Epoch 33: head: Default, loss=0.05400463, RMSE_E_per_atom=   15.71 meV, RMSE_F=  141.97 meV / A
2026-09-28 09:43:46.363 INFO: Epoch 34: head: Default, loss=0.05291456, RMSE_E_per_atom=   15.32 meV, RMSE_F=  140.50 meV / A
2026-09-28 09:44:08.000 INFO: Epoch 35: head: Default, loss=0.05268193, RMSE_E_per_atom=   14.56 meV, RMSE_F=  140.15 meV / A
2026-09-28 09:44:29.477 INFO: Epoch 36: head: Default, loss=0.05172832, RMSE_E_per_atom=   14.44 meV, RMSE_F=  138.86 meV / A
2026-09-28 09:44:51.009 INFO: Epoch 37: head: Default, loss=0.05089235, RMSE_E_per_atom=   14.17 meV, RMSE_F=  137.67 meV / A
2026-09-28 09:45:12.412 INFO: Epoch 38: head: Default, loss=0.05003376, RMSE_E_per_atom=   14.12 meV, RMSE_F=  136.55 meV / A
2026-09-28 09:45:33.969 INFO: Epoch 39: head: Default, loss=0.04946323, RMSE_E_per_atom=   14.20 meV, RMSE_F=  135.72 meV / A
2026-09-28 09:45:55.098 INFO: Epoch 40: head: Default, loss=0.04860251, RMSE_E_per_atom=   14.34 meV, RMSE_F=  134.51 meV / A
2026-09-28 09:46:16.866 INFO: Epoch 41: head: Default, loss=0.04771079, RMSE_E_per_atom=   14.26 meV, RMSE_F=  133.28 meV / A
2026-09-28 09:46:38.463 INFO: Epoch 42: head: Default, loss=0.04657780, RMSE_E_per_atom=   14.50 meV, RMSE_F=  131.70 meV / A
2026-09-28 09:46:59.974 INFO: Epoch 43: head: Default, loss=0.04575346, RMSE_E_per_atom=   14.52 meV, RMSE_F=  130.55 meV / A
2026-09-28 09:47:21.762 INFO: Epoch 44: head: Default, loss=0.04456477, RMSE_E_per_atom=   14.62 meV, RMSE_F=  128.83 meV / A
2026-09-28 09:47:43.407 INFO: Epoch 45: head: Default, loss=0.04399035, RMSE_E_per_atom=   14.55 meV, RMSE_F=  128.02 meV / A
2026-09-28 09:48:05.197 INFO: Epoch 46: head: Default, loss=0.04324336, RMSE_E_per_atom=   14.57 meV, RMSE_F=  126.96 meV / A
2026-09-28 09:48:26.892 INFO: Epoch 47: head: Default, loss=0.04249149, RMSE_E_per_atom=   14.55 meV, RMSE_F=  125.86 meV / A
2026-09-28 09:48:48.088 INFO: Epoch 48: head: Default, loss=0.04174061, RMSE_E_per_atom=   14.66 meV, RMSE_F=  124.74 meV / A
2026-09-28 09:49:09.870 INFO: Epoch 49: head: Default, loss=0.04127767, RMSE_E_per_atom=   14.59 meV, RMSE_F=  124.04 meV / A
2026-09-28 09:49:31.777 INFO: Epoch 50: head: Default, loss=0.04058699, RMSE_E_per_atom=   14.38 meV, RMSE_F=  123.02 meV / A
2026-09-28 09:49:53.437 INFO: Epoch 51: head: Default, loss=0.04021660, RMSE_E_per_atom=   14.24 meV, RMSE_F=  122.47 meV / A
2026-09-28 09:50:15.197 INFO: Epoch 52: head: Default, loss=0.03964453, RMSE_E_per_atom=   14.17 meV, RMSE_F=  121.58 meV / A
2026-09-28 09:50:36.539 INFO: Epoch 53: head: Default, loss=0.03928614, RMSE_E_per_atom=   14.31 meV, RMSE_F=  121.04 meV / A
2026-09-28 09:50:58.142 INFO: Epoch 54: head: Default, loss=0.03853076, RMSE_E_per_atom=   13.98 meV, RMSE_F=  119.93 meV / A
2026-09-28 09:51:19.965 INFO: Epoch 55: head: Default, loss=0.03808962, RMSE_E_per_atom=   13.84 meV, RMSE_F=  119.23 meV / A
2026-09-28 09:51:41.405 INFO: Epoch 56: head: Default, loss=0.03780471, RMSE_E_per_atom=   13.74 meV, RMSE_F=  118.80 meV / A
2026-09-28 09:52:02.597 INFO: Epoch 57: head: Default, loss=0.03785040, RMSE_E_per_atom=   13.56 meV, RMSE_F=  118.82 meV / A
2026-09-28 09:52:24.050 INFO: Epoch 58: head: Default, loss=0.03791763, RMSE_E_per_atom=   13.40 meV, RMSE_F=  118.94 meV / A
2026-09-28 09:52:45.518 INFO: Epoch 59: head: Default, loss=0.03731398, RMSE_E_per_atom=   13.42 meV, RMSE_F=  118.04 meV / A
2026-09-28 09:52:45.534 INFO: Training complete
2026-09-28 09:52:45.535 INFO: 
2026-09-28 09:52:45.535 INFO: ===========RESULTS===========
2026-09-28 09:52:45.535 INFO: Loading checkpoint: ./checkpoints/mace_multitm_model_run-123_epoch-59.pt
2026-09-28 09:52:45.553 INFO: Loaded Stage one model from epoch 59 for evaluation
2026-09-28 09:52:45.553 INFO: Saving model to checkpoints/mace_multitm_model_run-123.model
2026-09-28 09:52:45.711 INFO: Compiling model, saving metadata to mace_multitm_model_compiled.model
2026-09-28 09:52:46.336 INFO: Computing metrics for training, validation, and test sets
2026-09-28 09:52:46.337 INFO: Skipping evaluation for heads: ['pt_head']
2026-09-28 09:52:46.337 INFO: Evaluating train_Default ...
2026-09-28 09:52:52.108 INFO: Evaluating valid_Default ...
2026-09-28 09:52:53.211 INFO: Error-table on TRAIN and VALID:
+---------------+---------------------+------------------+-------------------+
|  config_type  | RMSE E / meV / atom | RMSE F / meV / A | relative F RMSE % |
+---------------+---------------------+------------------+-------------------+
| train_Default |           19.7      |         72.8     |          2.48     |
| valid_Default |           13.4      |        118.0     |          4.10     |
+---------------+---------------------+------------------+-------------------+
2026-09-28 09:53:01.350 INFO: Done
2026-09-29 01:44:09.705 INFO: ===========VERIFYING SETTINGS===========
2026-09-29 01:44:09.705 INFO: MACE version: 0.3.16
2026-09-29 01:44:09.705 INFO: Using CPU
2026-09-29 01:44:09.750 INFO: ===========LOADING INPUT DATA===========
2026-09-29 01:44:09.750 INFO: Using heads: ['Default']
2026-09-29 01:44:09.750 INFO: Using the key specifications to parse data:
2026-09-29 01:44:09.750 INFO: Default: KeySpecification(info_keys={'energy': 'energy', 'stress': 'REF_stress', 'virials': 'REF_virials', 'dipole': 'dipole', 'head': 'head', 'elec_temp': 'elec_temp', 'total_charge': 'total_charge', 'polarizability': 'polarizability', 'total_spin': 'total_spin'}, arrays_keys={'forces': 'forces', 'charges': 'REF_charges'})
2026-09-29 01:44:09.750 INFO: =============    Processing head Default     ===========
2026-09-29 01:44:09.795 WARNING: Since ASE version 3.23.0b1, using energy_key 'energy' is no longer safe when communicating between MACE and ASE. We recommend using a different key, rewriting 'energy' to 'REF_energy'. You need to use --energy_key='REF_energy' to specify the chosen key name.
2026-09-29 01:44:09.801 WARNING: Since ASE version 3.23.0b1, using forces_key 'forces' is no longer safe when communicating between MACE and ASE. We recommend using a different key, rewriting 'forces' to 'REF_forces'. You need to use --forces_key='REF_forces' to specify the chosen key name.
2026-09-29 01:44:09.809 INFO: Training set 1/1 [energy: 105, stress: 0, virials: 0, dipole components: 0, head: 105, elec_temp: 0, total_charge: 0, polarizability: 0, total_spin: 0, forces: 105, charges: 0]
2026-09-29 01:44:09.809 INFO: Total Training set [energy: 105, stress: 0, virials: 0, dipole components: 0, head: 105, elec_temp: 0, total_charge: 0, polarizability: 0, total_spin: 0, forces: 105, charges: 0]
2026-09-29 01:44:09.822 WARNING: Since ASE version 3.23.0b1, using energy_key 'energy' is no longer safe when communicating between MACE and ASE. We recommend using a different key, rewriting 'energy' to 'REF_energy'. You need to use --energy_key='REF_energy' to specify the chosen key name.
2026-09-29 01:44:09.824 WARNING: Since ASE version 3.23.0b1, using forces_key 'forces' is no longer safe when communicating between MACE and ASE. We recommend using a different key, rewriting 'forces' to 'REF_forces'. You need to use --forces_key='REF_forces' to specify the chosen key name.
2026-09-29 01:44:09.825 INFO: Validation set 1/1 [energy: 19, stress: 0, virials: 0, dipole components: 0, head: 19, elec_temp: 0, total_charge: 0, polarizability: 0, total_spin: 0, forces: 19, charges: 0]
2026-09-29 01:44:09.826 INFO: Total Validation set [energy: 19, stress: 0, virials: 0, dipole components: 0, head: 19, elec_temp: 0, total_charge: 0, polarizability: 0, total_spin: 0, forces: 19, charges: 0]
2026-09-29 01:44:09.826 INFO: Total number of configurations: train=105, valid=19, tests=[],
2026-09-29 01:44:09.826 INFO: Using atomic numbers from command line argument
2026-09-29 01:44:09.826 INFO: Atomic Numbers used: [1, 6, 7, 27, 28, 46]
2026-09-29 01:44:09.826 INFO: Isolated Atomic Energies (E0s) not in training file, using command line argument
2026-09-29 01:44:09.826 INFO: Computing average Atomic Energies using least squares regression
2026-09-29 01:44:09.829 INFO: Atomic Energies used (z: eV) for head Default: {1: -6.648365498279353, 6: -8.857232586677723, 7: -9.320218085993355, 27: -1.2937786432495904, 28: 0.2533261413153445, 46: 0.6694841208593232}
2026-09-29 01:44:09.829 INFO: Processing datasets for head 'Default'
2026-09-29 01:44:09.901 INFO: Combining 1 list datasets for head 'Default'
2026-09-29 01:44:09.911 INFO: Combining 1 list datasets for head 'Default_valid'
2026-09-29 01:44:09.911 INFO: Combined validation datasets for Default
2026-09-29 01:44:09.911 INFO: Head 'Default' training dataset size: 105
2026-09-29 01:44:09.911 INFO: Computing average number of neighbors
2026-09-29 01:44:09.952 INFO: Average number of neighbors: 29.595989227294922
2026-09-29 01:44:09.952 INFO: During training the following quantities will be reported: energy, forces
2026-09-29 01:44:09.952 INFO: ===========MODEL DETAILS===========
2026-09-29 01:44:09.997 INFO: Building model
2026-09-29 01:44:09.997 INFO: Message passing with 64 channels and max_L=1 (64x0e + 64x1o)
2026-09-29 01:44:09.998 INFO: 2 layers, each with correlation order: 3 (body order: 4) and spherical harmonics up to: l=3
2026-09-29 01:44:09.998 INFO: 8 radial and 5 basis functions
2026-09-29 01:44:09.998 INFO: Radial cutoff: 5.0 A (total receptive field for each atom: 10.0 A)
2026-09-29 01:44:09.998 INFO: Distance transform for radial basis functions: None
2026-09-29 01:44:09.998 INFO: Hidden irreps: 64x0e + 64x1o
2026-09-29 01:44:10.933 INFO: ===========OPTIMIZER INFORMATION===========
2026-09-29 01:44:10.934 INFO: Using ADAM as parameter optimizer
2026-09-29 01:44:10.934 INFO: Batch size: 4
2026-09-29 01:44:10.934 INFO: Using Exponential Moving Average with decay: 0.99
2026-09-29 01:44:10.934 INFO: Number of gradient updates: 1575
2026-09-29 01:44:10.934 INFO: Learning rate: 0.01, weight decay: 5e-07
2026-09-29 01:44:10.934 INFO: WeightedEnergyForcesLoss(energy_weight=1.000, forces_weight=10.000)
2026-09-29 01:44:10.934 INFO: === Layer's learning rates ===
2026-09-29 01:44:10.934 INFO: Param group 0: lr = 0.01
2026-09-29 01:44:10.934 INFO: Param group 1: lr = 0.01
2026-09-29 01:44:10.934 INFO: Param group 2: lr = 0.01
2026-09-29 01:44:10.934 INFO: Param group 3: lr = 0.01
2026-09-29 01:44:10.934 INFO: Param group 4: lr = 0.01
2026-09-29 01:44:10.935 INFO: Using gradient clipping with tolerance=10.000
2026-09-29 01:44:10.935 INFO: 
2026-09-29 01:44:10.935 INFO: ===========TRAINING===========
2026-09-29 01:44:10.935 INFO: Started training, reporting errors on validation set
2026-09-29 01:44:10.935 INFO: Loss metrics on validation set
2026-09-29 01:44:12.733 INFO: Initial: head: Default, loss=16.38340569, RMSE_E_per_atom=  883.42 meV, RMSE_F= 2488.22 meV / A
2026-09-29 01:44:40.150 INFO: Epoch 0: head: Default, loss=1.66365278, RMSE_E_per_atom=  235.87 meV, RMSE_F=  795.16 meV / A
2026-09-29 01:45:07.772 INFO: Epoch 1: head: Default, loss=0.78226388, RMSE_E_per_atom=   82.93 meV, RMSE_F=  546.95 meV / A
2026-09-29 01:45:36.301 INFO: Epoch 2: head: Default, loss=0.34533516, RMSE_E_per_atom=   72.59 meV, RMSE_F=  362.38 meV / A
2026-09-29 01:46:03.764 INFO: Epoch 3: head: Default, loss=0.23350132, RMSE_E_per_atom=   44.88 meV, RMSE_F=  298.43 meV / A
2026-09-29 01:46:31.378 INFO: Epoch 4: head: Default, loss=0.18592036, RMSE_E_per_atom=   40.15 meV, RMSE_F=  266.41 meV / A
2026-09-29 01:46:58.944 INFO: Epoch 5: head: Default, loss=0.16253455, RMSE_E_per_atom=   36.46 meV, RMSE_F=  249.22 meV / A
2026-09-29 01:47:26.592 INFO: Epoch 6: head: Default, loss=0.14100838, RMSE_E_per_atom=   33.02 meV, RMSE_F=  232.10 meV / A
2026-09-29 01:47:53.737 INFO: Epoch 7: head: Default, loss=0.11964292, RMSE_E_per_atom=   28.34 meV, RMSE_F=  213.84 meV / A
2026-09-29 01:48:20.628 INFO: Epoch 8: head: Default, loss=0.10348193, RMSE_E_per_atom=   26.88 meV, RMSE_F=  198.83 meV / A
2026-09-29 01:48:47.739 INFO: Epoch 9: head: Default, loss=0.09114942, RMSE_E_per_atom=   25.10 meV, RMSE_F=  186.51 meV / A
2026-09-29 01:49:14.848 INFO: Epoch 10: head: Default, loss=0.08400994, RMSE_E_per_atom=   21.83 meV, RMSE_F=  179.03 meV / A
2026-09-29 01:49:42.032 INFO: Epoch 11: head: Default, loss=0.07851852, RMSE_E_per_atom=   19.88 meV, RMSE_F=  173.12 meV / A
2026-09-29 01:50:08.816 INFO: Epoch 12: head: Default, loss=0.07541344, RMSE_E_per_atom=   16.29 meV, RMSE_F=  169.83 meV / A
2026-09-29 01:50:35.476 INFO: Epoch 13: head: Default, loss=0.07177184, RMSE_E_per_atom=   14.05 meV, RMSE_F=  165.42 meV / A
2026-09-29 01:51:02.225 INFO: Epoch 14: head: Default, loss=0.06821270, RMSE_E_per_atom=   13.28 meV, RMSE_F=  161.29 meV / A
2026-09-29 01:51:29.038 INFO: Epoch 15: head: Default, loss=0.06414475, RMSE_E_per_atom=   13.49 meV, RMSE_F=  156.32 meV / A
2026-09-29 01:51:56.036 INFO: Epoch 16: head: Default, loss=0.06086718, RMSE_E_per_atom=   11.81 meV, RMSE_F=  152.31 meV / A
2026-09-29 01:52:22.806 INFO: Epoch 17: head: Default, loss=0.05836046, RMSE_E_per_atom=   11.07 meV, RMSE_F=  149.12 meV / A
2026-09-29 01:52:49.724 INFO: Epoch 18: head: Default, loss=0.05566290, RMSE_E_per_atom=    9.50 meV, RMSE_F=  145.63 meV / A
2026-09-29 01:53:16.617 INFO: Epoch 19: head: Default, loss=0.05299245, RMSE_E_per_atom=    8.11 meV, RMSE_F=  142.08 meV / A
2026-09-29 01:53:43.561 INFO: Epoch 20: head: Default, loss=0.05048589, RMSE_E_per_atom=    6.84 meV, RMSE_F=  138.74 meV / A
2026-09-29 01:54:10.490 INFO: Epoch 21: head: Default, loss=0.04863283, RMSE_E_per_atom=    7.33 meV, RMSE_F=  136.13 meV / A
2026-09-29 01:54:37.949 INFO: Epoch 22: head: Default, loss=0.04717356, RMSE_E_per_atom=    7.23 meV, RMSE_F=  134.08 meV / A
2026-09-29 01:55:05.401 INFO: Epoch 23: head: Default, loss=0.04570190, RMSE_E_per_atom=    6.86 meV, RMSE_F=  131.93 meV / A
2026-09-29 01:55:32.311 INFO: Epoch 24: head: Default, loss=0.04441388, RMSE_E_per_atom=    7.23 meV, RMSE_F=  130.02 meV / A
2026-09-29 01:55:59.228 INFO: Epoch 25: head: Default, loss=0.04305829, RMSE_E_per_atom=    8.14 meV, RMSE_F=  127.99 meV / A
2026-09-29 01:56:26.315 INFO: Epoch 26: head: Default, loss=0.04223999, RMSE_E_per_atom=    8.50 meV, RMSE_F=  126.71 meV / A
2026-09-29 01:56:53.214 INFO: Epoch 27: head: Default, loss=0.04097664, RMSE_E_per_atom=    8.12 meV, RMSE_F=  124.76 meV / A
2026-09-29 01:57:20.182 INFO: Epoch 28: head: Default, loss=0.03990788, RMSE_E_per_atom=    7.70 meV, RMSE_F=  123.10 meV / A
2026-09-29 01:57:47.284 INFO: Epoch 29: head: Default, loss=0.03887068, RMSE_E_per_atom=    7.64 meV, RMSE_F=  121.47 meV / A
2026-09-29 01:58:14.295 INFO: Epoch 30: head: Default, loss=0.03813665, RMSE_E_per_atom=    7.18 meV, RMSE_F=  120.31 meV / A
2026-09-29 01:58:41.534 INFO: Epoch 31: head: Default, loss=0.03725339, RMSE_E_per_atom=    6.99 meV, RMSE_F=  118.90 meV / A
2026-09-29 01:59:08.372 INFO: Epoch 32: head: Default, loss=0.03666794, RMSE_E_per_atom=    7.33 meV, RMSE_F=  117.95 meV / A
2026-09-29 01:59:35.369 INFO: Epoch 33: head: Default, loss=0.03641783, RMSE_E_per_atom=    7.62 meV, RMSE_F=  117.60 meV / A
2026-09-29 02:00:02.481 INFO: Epoch 34: head: Default, loss=0.03591990, RMSE_E_per_atom=    7.78 meV, RMSE_F=  116.78 meV / A
2026-09-29 02:00:29.413 INFO: Epoch 35: head: Default, loss=0.03534044, RMSE_E_per_atom=    8.34 meV, RMSE_F=  115.80 meV / A
2026-09-29 02:00:56.525 INFO: Epoch 36: head: Default, loss=0.03485081, RMSE_E_per_atom=    8.69 meV, RMSE_F=  115.01 meV / A
2026-09-29 02:01:23.503 INFO: Epoch 37: head: Default, loss=0.03423860, RMSE_E_per_atom=    8.35 meV, RMSE_F=  114.01 meV / A
2026-09-29 02:01:50.427 INFO: Epoch 38: head: Default, loss=0.03442279, RMSE_E_per_atom=    8.66 meV, RMSE_F=  114.38 meV / A
2026-09-29 02:02:17.365 INFO: Epoch 39: head: Default, loss=0.03484252, RMSE_E_per_atom=    8.72 meV, RMSE_F=  115.16 meV / A
2026-09-29 02:02:44.639 INFO: Epoch 40: head: Default, loss=0.03401916, RMSE_E_per_atom=    8.71 meV, RMSE_F=  113.76 meV / A
2026-09-29 02:03:11.718 INFO: Epoch 41: head: Default, loss=0.03352252, RMSE_E_per_atom=    8.68 meV, RMSE_F=  112.92 meV / A
2026-09-29 02:03:38.734 INFO: Epoch 42: head: Default, loss=0.03290800, RMSE_E_per_atom=    8.85 meV, RMSE_F=  111.88 meV / A
2026-09-29 02:04:05.741 INFO: Epoch 43: head: Default, loss=0.03233339, RMSE_E_per_atom=    8.99 meV, RMSE_F=  110.88 meV / A
2026-09-29 02:04:32.571 INFO: Epoch 44: head: Default, loss=0.03152148, RMSE_E_per_atom=    8.98 meV, RMSE_F=  109.46 meV / A
2026-09-29 02:05:00.013 INFO: Epoch 45: head: Default, loss=0.03079950, RMSE_E_per_atom=    9.35 meV, RMSE_F=  108.15 meV / A
2026-09-29 02:05:27.089 INFO: Epoch 46: head: Default, loss=0.03032405, RMSE_E_per_atom=    9.68 meV, RMSE_F=  107.34 meV / A
2026-09-29 02:05:54.355 INFO: Epoch 47: head: Default, loss=0.02989721, RMSE_E_per_atom=    9.47 meV, RMSE_F=  106.57 meV / A
2026-09-29 02:06:21.374 INFO: Epoch 48: head: Default, loss=0.02953076, RMSE_E_per_atom=    9.15 meV, RMSE_F=  105.92 meV / A
2026-09-29 02:06:48.469 INFO: Epoch 49: head: Default, loss=0.02923020, RMSE_E_per_atom=    9.35 meV, RMSE_F=  105.35 meV / A
2026-09-29 02:07:15.361 INFO: Epoch 50: head: Default, loss=0.02882470, RMSE_E_per_atom=    9.37 meV, RMSE_F=  104.62 meV / A
2026-09-29 02:07:42.501 INFO: Epoch 51: head: Default, loss=0.02828992, RMSE_E_per_atom=    9.47 meV, RMSE_F=  103.62 meV / A
2026-09-29 02:08:09.474 INFO: Epoch 52: head: Default, loss=0.02787142, RMSE_E_per_atom=    9.38 meV, RMSE_F=  102.89 meV / A
2026-09-29 02:08:36.680 INFO: Epoch 53: head: Default, loss=0.02744300, RMSE_E_per_atom=    9.47 meV, RMSE_F=  102.12 meV / A
2026-09-29 02:09:04.160 INFO: Epoch 54: head: Default, loss=0.02709243, RMSE_E_per_atom=    9.44 meV, RMSE_F=  101.46 meV / A
2026-09-29 02:09:30.998 INFO: Epoch 55: head: Default, loss=0.02676718, RMSE_E_per_atom=    9.27 meV, RMSE_F=  100.87 meV / A
2026-09-29 02:09:58.043 INFO: Epoch 56: head: Default, loss=0.02661156, RMSE_E_per_atom=    9.25 meV, RMSE_F=  100.58 meV / A
2026-09-29 02:10:25.061 INFO: Epoch 57: head: Default, loss=0.02630722, RMSE_E_per_atom=    9.20 meV, RMSE_F=  100.00 meV / A
2026-09-29 02:10:52.070 INFO: Epoch 58: head: Default, loss=0.02594364, RMSE_E_per_atom=    9.08 meV, RMSE_F=   99.23 meV / A
2026-09-29 02:11:19.331 INFO: Epoch 59: head: Default, loss=0.02542888, RMSE_E_per_atom=    9.28 meV, RMSE_F=   98.26 meV / A
2026-09-29 02:11:19.349 INFO: Training complete
2026-09-29 02:11:19.349 INFO: 
2026-09-29 02:11:19.350 INFO: ===========RESULTS===========
2026-09-29 02:11:19.350 INFO: Loading checkpoint: ./checkpoints/mace_multitm_model_run-123_epoch-59.pt
2026-09-29 02:11:19.368 INFO: Loaded Stage one model from epoch 59 for evaluation
2026-09-29 02:11:19.368 INFO: Saving model to checkpoints/mace_multitm_model_run-123.model
2026-09-29 02:11:19.514 INFO: Compiling model, saving metadata to mace_multitm_model_compiled.model
2026-09-29 02:11:20.097 INFO: Computing metrics for training, validation, and test sets
2026-09-29 02:11:20.097 INFO: Skipping evaluation for heads: ['pt_head']
2026-09-29 02:11:20.098 INFO: Evaluating train_Default ...
2026-09-29 02:11:27.332 INFO: Evaluating valid_Default ...
2026-09-29 02:11:28.673 INFO: Error-table on TRAIN and VALID:
+---------------+---------------------+------------------+-------------------+
|  config_type  | RMSE E / meV / atom | RMSE F / meV / A | relative F RMSE % |
+---------------+---------------------+------------------+-------------------+
| train_Default |           18.2      |         61.1     |          2.35     |
| valid_Default |            9.3      |         98.3     |          3.98     |
+---------------+---------------------+------------------+-------------------+
2026-09-29 02:11:38.513 INFO: Done
2026-09-29 22:36:13.519 INFO: ===========VERIFYING SETTINGS===========
2026-09-29 22:36:13.519 INFO: MACE version: 0.3.16
2026-09-29 22:36:13.520 INFO: Using CPU
2026-09-29 22:36:13.565 INFO: ===========LOADING INPUT DATA===========
2026-09-29 22:36:13.566 INFO: Using heads: ['Default']
2026-09-29 22:36:13.566 INFO: Using the key specifications to parse data:
2026-09-29 22:36:13.566 INFO: Default: KeySpecification(info_keys={'energy': 'energy', 'stress': 'REF_stress', 'virials': 'REF_virials', 'dipole': 'dipole', 'head': 'head', 'elec_temp': 'elec_temp', 'total_charge': 'total_charge', 'polarizability': 'polarizability', 'total_spin': 'total_spin'}, arrays_keys={'forces': 'forces', 'charges': 'REF_charges'})
2026-09-29 22:36:13.566 INFO: =============    Processing head Default     ===========
2026-09-29 22:36:13.612 WARNING: Since ASE version 3.23.0b1, using energy_key 'energy' is no longer safe when communicating between MACE and ASE. We recommend using a different key, rewriting 'energy' to 'REF_energy'. You need to use --energy_key='REF_energy' to specify the chosen key name.
2026-09-29 22:36:13.619 WARNING: Since ASE version 3.23.0b1, using forces_key 'forces' is no longer safe when communicating between MACE and ASE. We recommend using a different key, rewriting 'forces' to 'REF_forces'. You need to use --forces_key='REF_forces' to specify the chosen key name.
2026-09-29 22:36:13.629 INFO: Training set 1/1 [energy: 115, stress: 0, virials: 0, dipole components: 0, head: 115, elec_temp: 0, total_charge: 0, polarizability: 0, total_spin: 0, forces: 115, charges: 0]
2026-09-29 22:36:13.629 INFO: Total Training set [energy: 115, stress: 0, virials: 0, dipole components: 0, head: 115, elec_temp: 0, total_charge: 0, polarizability: 0, total_spin: 0, forces: 115, charges: 0]
2026-09-29 22:36:13.645 WARNING: Since ASE version 3.23.0b1, using energy_key 'energy' is no longer safe when communicating between MACE and ASE. We recommend using a different key, rewriting 'energy' to 'REF_energy'. You need to use --energy_key='REF_energy' to specify the chosen key name.
2026-09-29 22:36:13.646 WARNING: Since ASE version 3.23.0b1, using forces_key 'forces' is no longer safe when communicating between MACE and ASE. We recommend using a different key, rewriting 'forces' to 'REF_forces'. You need to use --forces_key='REF_forces' to specify the chosen key name.
2026-09-29 22:36:13.648 INFO: Validation set 1/1 [energy: 21, stress: 0, virials: 0, dipole components: 0, head: 21, elec_temp: 0, total_charge: 0, polarizability: 0, total_spin: 0, forces: 21, charges: 0]
2026-09-29 22:36:13.648 INFO: Total Validation set [energy: 21, stress: 0, virials: 0, dipole components: 0, head: 21, elec_temp: 0, total_charge: 0, polarizability: 0, total_spin: 0, forces: 21, charges: 0]
2026-09-29 22:36:13.648 INFO: Total number of configurations: train=115, valid=21, tests=[],
2026-09-29 22:36:13.649 INFO: Using atomic numbers from command line argument
2026-09-29 22:36:13.649 INFO: Atomic Numbers used: [1, 6, 7, 27, 28, 46]
2026-09-29 22:36:13.649 INFO: Isolated Atomic Energies (E0s) not in training file, using command line argument
2026-09-29 22:36:13.649 INFO: Computing average Atomic Energies using least squares regression
2026-09-29 22:36:13.650 INFO: Atomic Energies used (z: eV) for head Default: {1: -6.737293484252294, 6: -8.851417572748227, 7: -9.52586522766895, 27: -1.1461370415738807, 28: 0.4721175021203873, 46: 0.29897295168987664}
2026-09-29 22:36:13.650 INFO: Processing datasets for head 'Default'
2026-09-29 22:36:13.729 INFO: Combining 1 list datasets for head 'Default'
2026-09-29 22:36:13.741 INFO: Combining 1 list datasets for head 'Default_valid'
2026-09-29 22:36:13.742 INFO: Combined validation datasets for Default
2026-09-29 22:36:13.742 INFO: Head 'Default' training dataset size: 115
2026-09-29 22:36:13.742 INFO: Computing average number of neighbors
2026-09-29 22:36:13.786 INFO: Average number of neighbors: 29.60096549987793
2026-09-29 22:36:13.786 INFO: During training the following quantities will be reported: energy, forces
2026-09-29 22:36:13.786 INFO: ===========MODEL DETAILS===========
2026-09-29 22:36:13.834 INFO: Building model
2026-09-29 22:36:13.834 INFO: Message passing with 64 channels and max_L=1 (64x0e + 64x1o)
2026-09-29 22:36:13.834 INFO: 2 layers, each with correlation order: 3 (body order: 4) and spherical harmonics up to: l=3
2026-09-29 22:36:13.834 INFO: 8 radial and 5 basis functions
2026-09-29 22:36:13.834 INFO: Radial cutoff: 5.0 A (total receptive field for each atom: 10.0 A)
2026-09-29 22:36:13.834 INFO: Distance transform for radial basis functions: None
2026-09-29 22:36:13.834 INFO: Hidden irreps: 64x0e + 64x1o
2026-09-29 22:36:14.835 INFO: ===========OPTIMIZER INFORMATION===========
2026-09-29 22:36:14.835 INFO: Using ADAM as parameter optimizer
2026-09-29 22:36:14.835 INFO: Batch size: 4
2026-09-29 22:36:14.835 INFO: Using Exponential Moving Average with decay: 0.99
2026-09-29 22:36:14.835 INFO: Number of gradient updates: 1725
2026-09-29 22:36:14.835 INFO: Learning rate: 0.01, weight decay: 5e-07
2026-09-29 22:36:14.835 INFO: WeightedEnergyForcesLoss(energy_weight=1.000, forces_weight=10.000)
2026-09-29 22:36:14.836 INFO: === Layer's learning rates ===
2026-09-29 22:36:14.836 INFO: Param group 0: lr = 0.01
2026-09-29 22:36:14.836 INFO: Param group 1: lr = 0.01
2026-09-29 22:36:14.836 INFO: Param group 2: lr = 0.01
2026-09-29 22:36:14.836 INFO: Param group 3: lr = 0.01
2026-09-29 22:36:14.836 INFO: Param group 4: lr = 0.01
2026-09-29 22:36:14.837 INFO: Using gradient clipping with tolerance=10.000
2026-09-29 22:36:14.837 INFO: 
2026-09-29 22:36:14.837 INFO: ===========TRAINING===========
2026-09-29 22:36:14.837 INFO: Started training, reporting errors on validation set
2026-09-29 22:36:14.837 INFO: Loss metrics on validation set
2026-09-29 22:36:16.972 INFO: Initial: head: Default, loss=12.93690300, RMSE_E_per_atom=  856.24 meV, RMSE_F= 2254.29 meV / A
2026-09-29 22:36:47.188 INFO: Epoch 0: head: Default, loss=1.32287526, RMSE_E_per_atom=  180.82 meV, RMSE_F=  692.86 meV / A
2026-09-29 22:37:14.229 INFO: Epoch 1: head: Default, loss=0.68267006, RMSE_E_per_atom=  105.93 meV, RMSE_F=  504.31 meV / A
2026-09-29 22:37:42.325 INFO: Epoch 2: head: Default, loss=0.26117730, RMSE_E_per_atom=   85.08 meV, RMSE_F=  318.34 meV / A
2026-09-29 22:38:10.543 INFO: Epoch 3: head: Default, loss=0.17894286, RMSE_E_per_atom=   74.55 meV, RMSE_F=  264.24 meV / A
2026-09-29 22:38:38.816 INFO: Epoch 4: head: Default, loss=0.15196082, RMSE_E_per_atom=   69.55 meV, RMSE_F=  243.44 meV / A
2026-09-29 22:39:06.917 INFO: Epoch 5: head: Default, loss=0.13154380, RMSE_E_per_atom=   63.24 meV, RMSE_F=  226.86 meV / A
2026-09-29 22:39:35.018 INFO: Epoch 6: head: Default, loss=0.10986833, RMSE_E_per_atom=   63.51 meV, RMSE_F=  207.02 meV / A
2026-09-29 22:40:03.377 INFO: Epoch 7: head: Default, loss=0.09418448, RMSE_E_per_atom=   52.43 meV, RMSE_F=  192.29 meV / A
2026-09-29 22:40:31.390 INFO: Epoch 8: head: Default, loss=0.08229570, RMSE_E_per_atom=   48.85 meV, RMSE_F=  179.72 meV / A
2026-09-29 22:40:59.755 INFO: Epoch 9: head: Default, loss=0.07440463, RMSE_E_per_atom=   44.95 meV, RMSE_F=  171.06 meV / A
2026-09-29 22:41:27.940 INFO: Epoch 10: head: Default, loss=0.06818554, RMSE_E_per_atom=   39.91 meV, RMSE_F=  163.93 meV / A
2026-09-29 22:41:56.262 INFO: Epoch 11: head: Default, loss=0.06336445, RMSE_E_per_atom=   38.22 meV, RMSE_F=  158.14 meV / A
2026-09-29 22:42:24.103 INFO: Epoch 12: head: Default, loss=0.05969999, RMSE_E_per_atom=   34.99 meV, RMSE_F=  153.59 meV / A
2026-09-29 22:42:52.230 INFO: Epoch 13: head: Default, loss=0.05615817, RMSE_E_per_atom=   30.68 meV, RMSE_F=  149.07 meV / A
2026-09-29 22:43:20.265 INFO: Epoch 14: head: Default, loss=0.05334698, RMSE_E_per_atom=   26.96 meV, RMSE_F=  145.35 meV / A
2026-09-29 22:43:48.543 INFO: Epoch 15: head: Default, loss=0.05063387, RMSE_E_per_atom=   26.46 meV, RMSE_F=  141.58 meV / A
2026-09-29 22:44:16.656 INFO: Epoch 16: head: Default, loss=0.04830192, RMSE_E_per_atom=   23.82 meV, RMSE_F=  138.32 meV / A
2026-09-29 22:44:44.828 INFO: Epoch 17: head: Default, loss=0.04607885, RMSE_E_per_atom=   21.90 meV, RMSE_F=  135.12 meV / A
2026-09-29 22:45:12.867 INFO: Epoch 18: head: Default, loss=0.04391594, RMSE_E_per_atom=   21.11 meV, RMSE_F=  131.89 meV / A
2026-09-29 22:45:40.704 INFO: Epoch 19: head: Default, loss=0.04231622, RMSE_E_per_atom=   19.59 meV, RMSE_F=  129.46 meV / A
2026-09-29 22:46:08.817 INFO: Epoch 20: head: Default, loss=0.04092829, RMSE_E_per_atom=   19.34 meV, RMSE_F=  127.30 meV / A
2026-09-29 22:46:36.833 INFO: Epoch 21: head: Default, loss=0.03996819, RMSE_E_per_atom=   17.97 meV, RMSE_F=  125.83 meV / A
2026-09-29 22:47:05.960 INFO: Epoch 22: head: Default, loss=0.03862610, RMSE_E_per_atom=   18.20 meV, RMSE_F=  123.67 meV / A
2026-09-29 22:47:34.150 INFO: Epoch 23: head: Default, loss=0.03725495, RMSE_E_per_atom=   17.58 meV, RMSE_F=  121.44 meV / A
2026-09-29 22:48:02.559 INFO: Epoch 24: head: Default, loss=0.03586542, RMSE_E_per_atom=   16.70 meV, RMSE_F=  119.14 meV / A
2026-09-29 22:48:30.724 INFO: Epoch 25: head: Default, loss=0.03490933, RMSE_E_per_atom=   16.06 meV, RMSE_F=  117.52 meV / A
2026-09-29 22:48:59.359 INFO: Epoch 26: head: Default, loss=0.03394378, RMSE_E_per_atom=   15.47 meV, RMSE_F=  115.90 meV / A
2026-09-29 22:49:27.416 INFO: Epoch 27: head: Default, loss=0.03279173, RMSE_E_per_atom=   15.31 meV, RMSE_F=  113.91 meV / A
2026-09-29 22:49:55.817 INFO: Epoch 28: head: Default, loss=0.03160312, RMSE_E_per_atom=   14.82 meV, RMSE_F=  111.83 meV / A
2026-09-29 22:50:23.704 INFO: Epoch 29: head: Default, loss=0.03070600, RMSE_E_per_atom=   14.28 meV, RMSE_F=  110.22 meV / A
2026-09-29 22:50:52.058 INFO: Epoch 30: head: Default, loss=0.02990932, RMSE_E_per_atom=   13.58 meV, RMSE_F=  108.78 meV / A
2026-09-29 22:51:20.059 INFO: Epoch 31: head: Default, loss=0.02919169, RMSE_E_per_atom=   13.39 meV, RMSE_F=  107.47 meV / A
2026-09-29 22:51:48.205 INFO: Epoch 32: head: Default, loss=0.02853929, RMSE_E_per_atom=   12.55 meV, RMSE_F=  106.27 meV / A
2026-09-29 22:52:16.261 INFO: Epoch 33: head: Default, loss=0.02797981, RMSE_E_per_atom=   12.94 meV, RMSE_F=  105.22 meV / A
2026-09-29 22:52:44.297 INFO: Epoch 34: head: Default, loss=0.02751246, RMSE_E_per_atom=   13.47 meV, RMSE_F=  104.35 meV / A
2026-09-29 22:53:12.726 INFO: Epoch 35: head: Default, loss=0.02711197, RMSE_E_per_atom=   12.50 meV, RMSE_F=  103.56 meV / A
2026-09-29 22:53:40.783 INFO: Epoch 36: head: Default, loss=0.02654328, RMSE_E_per_atom=   12.45 meV, RMSE_F=  102.50 meV / A
2026-09-29 22:54:08.903 INFO: Epoch 37: head: Default, loss=0.02612749, RMSE_E_per_atom=   12.75 meV, RMSE_F=  101.71 meV / A
2026-09-29 22:54:37.039 INFO: Epoch 38: head: Default, loss=0.02548930, RMSE_E_per_atom=   12.97 meV, RMSE_F=  100.47 meV / A
2026-09-29 22:55:06.223 INFO: Epoch 39: head: Default, loss=0.02518155, RMSE_E_per_atom=   13.19 meV, RMSE_F=   99.85 meV / A
2026-09-29 22:55:36.428 INFO: Epoch 40: head: Default, loss=0.02475152, RMSE_E_per_atom=   12.69 meV, RMSE_F=   99.01 meV / A
2026-09-29 22:56:07.491 INFO: Epoch 41: head: Default, loss=0.02477786, RMSE_E_per_atom=   12.19 meV, RMSE_F=   99.09 meV / A
2026-09-29 22:56:37.812 INFO: Epoch 42: head: Default, loss=0.02435085, RMSE_E_per_atom=   11.94 meV, RMSE_F=   98.22 meV / A
2026-09-29 23:04:09.481 INFO: ===========VERIFYING SETTINGS===========
2026-09-29 23:04:09.481 INFO: MACE version: 0.3.16
2026-09-29 23:04:09.481 INFO: Using CPU
2026-09-29 23:04:09.514 INFO: ===========LOADING INPUT DATA===========
2026-09-29 23:04:09.514 INFO: Using heads: ['Default']
2026-09-29 23:04:09.514 INFO: Using the key specifications to parse data:
2026-09-29 23:04:09.514 INFO: Default: KeySpecification(info_keys={'energy': 'energy', 'stress': 'REF_stress', 'virials': 'REF_virials', 'dipole': 'dipole', 'head': 'head', 'elec_temp': 'elec_temp', 'total_charge': 'total_charge', 'polarizability': 'polarizability', 'total_spin': 'total_spin'}, arrays_keys={'forces': 'forces', 'charges': 'REF_charges'})
2026-09-29 23:04:09.514 INFO: =============    Processing head Default     ===========
2026-09-29 23:04:09.558 WARNING: Since ASE version 3.23.0b1, using energy_key 'energy' is no longer safe when communicating between MACE and ASE. We recommend using a different key, rewriting 'energy' to 'REF_energy'. You need to use --energy_key='REF_energy' to specify the chosen key name.
2026-09-29 23:04:09.565 WARNING: Since ASE version 3.23.0b1, using forces_key 'forces' is no longer safe when communicating between MACE and ASE. We recommend using a different key, rewriting 'forces' to 'REF_forces'. You need to use --forces_key='REF_forces' to specify the chosen key name.
2026-09-29 23:04:09.575 INFO: Training set 1/1 [energy: 115, stress: 0, virials: 0, dipole components: 0, head: 115, elec_temp: 0, total_charge: 0, polarizability: 0, total_spin: 0, forces: 115, charges: 0]
2026-09-29 23:04:09.576 INFO: Total Training set [energy: 115, stress: 0, virials: 0, dipole components: 0, head: 115, elec_temp: 0, total_charge: 0, polarizability: 0, total_spin: 0, forces: 115, charges: 0]
2026-09-29 23:04:09.592 WARNING: Since ASE version 3.23.0b1, using energy_key 'energy' is no longer safe when communicating between MACE and ASE. We recommend using a different key, rewriting 'energy' to 'REF_energy'. You need to use --energy_key='REF_energy' to specify the chosen key name.
2026-09-29 23:04:09.593 WARNING: Since ASE version 3.23.0b1, using forces_key 'forces' is no longer safe when communicating between MACE and ASE. We recommend using a different key, rewriting 'forces' to 'REF_forces'. You need to use --forces_key='REF_forces' to specify the chosen key name.
2026-09-29 23:04:09.595 INFO: Validation set 1/1 [energy: 21, stress: 0, virials: 0, dipole components: 0, head: 21, elec_temp: 0, total_charge: 0, polarizability: 0, total_spin: 0, forces: 21, charges: 0]
2026-09-29 23:04:09.596 INFO: Total Validation set [energy: 21, stress: 0, virials: 0, dipole components: 0, head: 21, elec_temp: 0, total_charge: 0, polarizability: 0, total_spin: 0, forces: 21, charges: 0]
2026-09-29 23:04:09.596 INFO: Total number of configurations: train=115, valid=21, tests=[],
2026-09-29 23:04:09.596 INFO: Using atomic numbers from command line argument
2026-09-29 23:04:09.596 INFO: Atomic Numbers used: [1, 6, 7, 27, 28, 46]
2026-09-29 23:04:09.596 INFO: Isolated Atomic Energies (E0s) not in training file, using command line argument
2026-09-29 23:04:09.596 INFO: Computing average Atomic Energies using least squares regression
2026-09-29 23:04:09.597 INFO: Atomic Energies used (z: eV) for head Default: {1: -6.737293484252294, 6: -8.851417572748227, 7: -9.52586522766895, 27: -1.1461370415738807, 28: 0.4721175021203873, 46: 0.29897295168987664}
2026-09-29 23:04:09.598 INFO: Processing datasets for head 'Default'
2026-09-29 23:04:09.666 INFO: Combining 1 list datasets for head 'Default'
2026-09-29 23:04:09.678 INFO: Combining 1 list datasets for head 'Default_valid'
2026-09-29 23:04:09.678 INFO: Combined validation datasets for Default
2026-09-29 23:04:09.678 INFO: Head 'Default' training dataset size: 115
2026-09-29 23:04:09.678 INFO: Computing average number of neighbors
2026-09-29 23:04:09.721 INFO: Average number of neighbors: 29.60096549987793
2026-09-29 23:04:09.721 INFO: During training the following quantities will be reported: energy, forces
2026-09-29 23:04:09.721 INFO: ===========MODEL DETAILS===========
2026-09-29 23:04:09.760 INFO: Building model
2026-09-29 23:04:09.760 INFO: Message passing with 64 channels and max_L=1 (64x0e + 64x1o)
2026-09-29 23:04:09.760 INFO: 2 layers, each with correlation order: 3 (body order: 4) and spherical harmonics up to: l=3
2026-09-29 23:04:09.760 INFO: 8 radial and 5 basis functions
2026-09-29 23:04:09.760 INFO: Radial cutoff: 5.0 A (total receptive field for each atom: 10.0 A)
2026-09-29 23:04:09.760 INFO: Distance transform for radial basis functions: None
2026-09-29 23:04:09.760 INFO: Hidden irreps: 64x0e + 64x1o
2026-09-29 23:04:10.676 INFO: ===========OPTIMIZER INFORMATION===========
2026-09-29 23:04:10.676 INFO: Using ADAM as parameter optimizer
2026-09-29 23:04:10.676 INFO: Batch size: 4
2026-09-29 23:04:10.676 INFO: Using Exponential Moving Average with decay: 0.99
2026-09-29 23:04:10.676 INFO: Number of gradient updates: 1725
2026-09-29 23:04:10.676 INFO: Learning rate: 0.01, weight decay: 5e-07
2026-09-29 23:04:10.676 INFO: WeightedEnergyForcesLoss(energy_weight=1.000, forces_weight=10.000)
2026-09-29 23:04:10.676 INFO: === Layer's learning rates ===
2026-09-29 23:04:10.677 INFO: Param group 0: lr = 0.01
2026-09-29 23:04:10.677 INFO: Param group 1: lr = 0.01
2026-09-29 23:04:10.677 INFO: Param group 2: lr = 0.01
2026-09-29 23:04:10.677 INFO: Param group 3: lr = 0.01
2026-09-29 23:04:10.677 INFO: Param group 4: lr = 0.01
2026-09-29 23:04:10.677 INFO: Using gradient clipping with tolerance=10.000
2026-09-29 23:04:10.677 INFO: 
2026-09-29 23:04:10.677 INFO: ===========TRAINING===========
2026-09-29 23:04:10.677 INFO: Started training, reporting errors on validation set
2026-09-29 23:04:10.677 INFO: Loss metrics on validation set
2026-09-29 23:04:12.676 INFO: Initial: head: Default, loss=12.93690300, RMSE_E_per_atom=  856.24 meV, RMSE_F= 2254.29 meV / A
2026-09-29 23:04:43.667 INFO: Epoch 0: head: Default, loss=1.32287526, RMSE_E_per_atom=  180.82 meV, RMSE_F=  692.86 meV / A
2026-09-29 23:05:14.033 INFO: Epoch 1: head: Default, loss=0.68267006, RMSE_E_per_atom=  105.93 meV, RMSE_F=  504.31 meV / A
2026-09-29 23:05:45.069 INFO: Epoch 2: head: Default, loss=0.26117730, RMSE_E_per_atom=   85.08 meV, RMSE_F=  318.34 meV / A
2026-09-29 23:06:15.976 INFO: Epoch 3: head: Default, loss=0.17894286, RMSE_E_per_atom=   74.55 meV, RMSE_F=  264.24 meV / A
2026-09-29 23:06:47.370 INFO: Epoch 4: head: Default, loss=0.15196082, RMSE_E_per_atom=   69.55 meV, RMSE_F=  243.44 meV / A
2026-09-29 23:07:18.302 INFO: Epoch 5: head: Default, loss=0.13154380, RMSE_E_per_atom=   63.24 meV, RMSE_F=  226.86 meV / A
2026-09-29 23:07:51.571 INFO: Epoch 6: head: Default, loss=0.10986833, RMSE_E_per_atom=   63.51 meV, RMSE_F=  207.02 meV / A
2026-09-29 23:08:22.610 INFO: Epoch 7: head: Default, loss=0.09418448, RMSE_E_per_atom=   52.43 meV, RMSE_F=  192.29 meV / A
2026-09-29 23:08:53.482 INFO: Epoch 8: head: Default, loss=0.08229570, RMSE_E_per_atom=   48.85 meV, RMSE_F=  179.72 meV / A
2026-09-29 23:09:24.827 INFO: Epoch 9: head: Default, loss=0.07440463, RMSE_E_per_atom=   44.95 meV, RMSE_F=  171.06 meV / A
2026-09-29 23:09:57.330 INFO: Epoch 10: head: Default, loss=0.06818554, RMSE_E_per_atom=   39.91 meV, RMSE_F=  163.93 meV / A
2026-09-29 23:10:29.190 INFO: Epoch 11: head: Default, loss=0.06336445, RMSE_E_per_atom=   38.22 meV, RMSE_F=  158.14 meV / A
2026-09-29 23:11:00.247 INFO: Epoch 12: head: Default, loss=0.05969999, RMSE_E_per_atom=   34.99 meV, RMSE_F=  153.59 meV / A
2026-09-29 23:11:30.897 INFO: Epoch 13: head: Default, loss=0.05615817, RMSE_E_per_atom=   30.68 meV, RMSE_F=  149.07 meV / A
2026-09-29 23:12:02.819 INFO: Epoch 14: head: Default, loss=0.05334698, RMSE_E_per_atom=   26.96 meV, RMSE_F=  145.35 meV / A
2026-09-29 23:12:33.822 INFO: Epoch 15: head: Default, loss=0.05063387, RMSE_E_per_atom=   26.46 meV, RMSE_F=  141.58 meV / A
2026-09-29 23:13:05.094 INFO: Epoch 16: head: Default, loss=0.04830192, RMSE_E_per_atom=   23.82 meV, RMSE_F=  138.32 meV / A
2026-09-29 23:13:36.148 INFO: Epoch 17: head: Default, loss=0.04607885, RMSE_E_per_atom=   21.90 meV, RMSE_F=  135.12 meV / A
2026-09-29 23:14:08.364 INFO: Epoch 18: head: Default, loss=0.04391594, RMSE_E_per_atom=   21.11 meV, RMSE_F=  131.89 meV / A
2026-09-29 23:14:39.791 INFO: Epoch 19: head: Default, loss=0.04231622, RMSE_E_per_atom=   19.59 meV, RMSE_F=  129.46 meV / A
2026-09-29 23:15:11.132 INFO: Epoch 20: head: Default, loss=0.04092829, RMSE_E_per_atom=   19.34 meV, RMSE_F=  127.30 meV / A
2026-09-29 23:15:42.455 INFO: Epoch 21: head: Default, loss=0.03996819, RMSE_E_per_atom=   17.97 meV, RMSE_F=  125.83 meV / A
2026-09-29 23:16:16.074 INFO: Epoch 22: head: Default, loss=0.03862610, RMSE_E_per_atom=   18.20 meV, RMSE_F=  123.67 meV / A
2026-09-29 23:16:46.779 INFO: Epoch 23: head: Default, loss=0.03725495, RMSE_E_per_atom=   17.58 meV, RMSE_F=  121.44 meV / A
2026-09-29 23:17:18.128 INFO: Epoch 24: head: Default, loss=0.03586542, RMSE_E_per_atom=   16.70 meV, RMSE_F=  119.14 meV / A
2026-09-29 23:17:48.289 INFO: Epoch 25: head: Default, loss=0.03490933, RMSE_E_per_atom=   16.06 meV, RMSE_F=  117.52 meV / A
2026-09-29 23:18:20.460 INFO: Epoch 26: head: Default, loss=0.03394378, RMSE_E_per_atom=   15.47 meV, RMSE_F=  115.90 meV / A
2026-09-29 23:18:51.900 INFO: Epoch 27: head: Default, loss=0.03279173, RMSE_E_per_atom=   15.31 meV, RMSE_F=  113.91 meV / A
2026-09-29 23:19:25.957 INFO: Epoch 28: head: Default, loss=0.03160312, RMSE_E_per_atom=   14.82 meV, RMSE_F=  111.83 meV / A
2026-09-29 23:19:57.060 INFO: Epoch 29: head: Default, loss=0.03070600, RMSE_E_per_atom=   14.28 meV, RMSE_F=  110.22 meV / A
2026-09-29 23:20:29.325 INFO: Epoch 30: head: Default, loss=0.02990932, RMSE_E_per_atom=   13.58 meV, RMSE_F=  108.78 meV / A
2026-09-29 23:21:08.080 INFO: Epoch 31: head: Default, loss=0.02919169, RMSE_E_per_atom=   13.39 meV, RMSE_F=  107.47 meV / A
2026-09-29 23:21:44.093 INFO: Epoch 32: head: Default, loss=0.02853929, RMSE_E_per_atom=   12.55 meV, RMSE_F=  106.27 meV / A
2026-09-29 23:22:15.163 INFO: Epoch 33: head: Default, loss=0.02797981, RMSE_E_per_atom=   12.94 meV, RMSE_F=  105.22 meV / A
2026-09-29 23:22:45.465 INFO: Epoch 34: head: Default, loss=0.02751246, RMSE_E_per_atom=   13.47 meV, RMSE_F=  104.35 meV / A
2026-09-29 23:23:22.573 INFO: Epoch 35: head: Default, loss=0.02711197, RMSE_E_per_atom=   12.50 meV, RMSE_F=  103.56 meV / A
2026-09-29 23:23:58.757 INFO: Epoch 36: head: Default, loss=0.02654328, RMSE_E_per_atom=   12.45 meV, RMSE_F=  102.50 meV / A
2026-09-29 23:24:33.516 INFO: Epoch 37: head: Default, loss=0.02612749, RMSE_E_per_atom=   12.75 meV, RMSE_F=  101.71 meV / A
2026-09-29 23:25:05.003 INFO: Epoch 38: head: Default, loss=0.02548930, RMSE_E_per_atom=   12.97 meV, RMSE_F=  100.47 meV / A
2026-09-29 23:25:37.590 INFO: Epoch 39: head: Default, loss=0.02518155, RMSE_E_per_atom=   13.19 meV, RMSE_F=   99.85 meV / A
2026-09-29 23:26:07.990 INFO: Epoch 40: head: Default, loss=0.02475152, RMSE_E_per_atom=   12.69 meV, RMSE_F=   99.01 meV / A
2026-09-29 23:26:38.601 INFO: Epoch 41: head: Default, loss=0.02477786, RMSE_E_per_atom=   12.19 meV, RMSE_F=   99.09 meV / A
2026-09-29 23:27:11.966 INFO: Epoch 42: head: Default, loss=0.02435085, RMSE_E_per_atom=   11.94 meV, RMSE_F=   98.22 meV / A
2026-09-29 23:27:43.415 INFO: Epoch 43: head: Default, loss=0.02409917, RMSE_E_per_atom=   11.59 meV, RMSE_F=   97.73 meV / A
2026-09-29 23:28:14.617 INFO: Epoch 44: head: Default, loss=0.02380703, RMSE_E_per_atom=   11.67 meV, RMSE_F=   97.14 meV / A
2026-09-29 23:28:45.859 INFO: Epoch 45: head: Default, loss=0.02341772, RMSE_E_per_atom=   11.62 meV, RMSE_F=   96.35 meV / A
2026-09-29 23:29:20.472 INFO: Epoch 46: head: Default, loss=0.02299772, RMSE_E_per_atom=   11.48 meV, RMSE_F=   95.47 meV / A
2026-09-29 23:29:55.338 INFO: Epoch 47: head: Default, loss=0.02239080, RMSE_E_per_atom=   11.33 meV, RMSE_F=   94.19 meV / A
2026-09-29 23:30:30.588 INFO: Epoch 48: head: Default, loss=0.02191136, RMSE_E_per_atom=   11.33 meV, RMSE_F=   93.18 meV / A
2026-09-29 23:31:05.523 INFO: Epoch 49: head: Default, loss=0.02172225, RMSE_E_per_atom=   11.40 meV, RMSE_F=   92.78 meV / A
2026-09-29 23:31:39.389 INFO: Epoch 50: head: Default, loss=0.02119740, RMSE_E_per_atom=   11.16 meV, RMSE_F=   91.67 meV / A
2026-09-29 23:32:12.168 INFO: Epoch 51: head: Default, loss=0.02125454, RMSE_E_per_atom=   10.95 meV, RMSE_F=   91.78 meV / A
2026-09-29 23:32:46.918 INFO: Epoch 52: head: Default, loss=0.02124140, RMSE_E_per_atom=   10.74 meV, RMSE_F=   91.77 meV / A
2026-09-29 23:33:23.167 INFO: Epoch 53: head: Default, loss=0.02111085, RMSE_E_per_atom=   10.68 meV, RMSE_F=   91.49 meV / A
2026-09-29 23:33:55.036 INFO: Epoch 54: head: Default, loss=0.02108142, RMSE_E_per_atom=   10.63 meV, RMSE_F=   91.45 meV / A
2026-09-29 23:34:26.113 INFO: Epoch 55: head: Default, loss=0.02101507, RMSE_E_per_atom=   10.66 meV, RMSE_F=   91.31 meV / A
2026-09-29 23:34:54.560 INFO: Epoch 56: head: Default, loss=0.02117521, RMSE_E_per_atom=   11.41 meV, RMSE_F=   91.65 meV / A
2026-09-29 23:35:22.799 INFO: Epoch 57: head: Default, loss=0.02353410, RMSE_E_per_atom=   13.83 meV, RMSE_F=   96.64 meV / A
2026-09-29 23:35:50.705 INFO: Epoch 58: head: Default, loss=0.02477757, RMSE_E_per_atom=   19.50 meV, RMSE_F=   99.04 meV / A
2026-09-29 23:36:19.545 INFO: Epoch 59: head: Default, loss=0.02416221, RMSE_E_per_atom=   17.92 meV, RMSE_F=   97.83 meV / A
2026-09-29 23:36:19.545 INFO: Training complete
2026-09-29 23:36:19.546 INFO: 
2026-09-29 23:36:19.546 INFO: ===========RESULTS===========
2026-09-29 23:36:19.560 INFO: Loading checkpoint: ./checkpoints/mace_multitm_model_run-123_epoch-59.pt
2026-09-29 23:36:19.627 INFO: Loaded Stage one model from epoch 59 for evaluation
2026-09-29 23:36:19.628 INFO: Saving model to checkpoints/mace_multitm_model_run-123.model
2026-09-29 23:36:19.829 INFO: Compiling model, saving metadata to mace_multitm_model_compiled.model
2026-09-29 23:36:20.649 INFO: Computing metrics for training, validation, and test sets
2026-09-29 23:36:20.650 INFO: Skipping evaluation for heads: ['pt_head']
2026-09-29 23:36:20.654 INFO: Evaluating train_Default ...
2026-09-29 23:36:29.178 INFO: Evaluating valid_Default ...
2026-09-29 23:36:30.803 INFO: Error-table on TRAIN and VALID:
+---------------+---------------------+------------------+-------------------+
|  config_type  | RMSE E / meV / atom | RMSE F / meV / A | relative F RMSE % |
+---------------+---------------------+------------------+-------------------+
| train_Default |           17.4      |         60.9     |          2.41     |
| valid_Default |           11.2      |         88.9     |          3.98     |
+---------------+---------------------+------------------+-------------------+
2026-09-29 23:36:43.142 INFO: Done
2026-09-30 06:14:22.331 INFO: ===========VERIFYING SETTINGS===========
2026-09-30 06:14:22.332 INFO: MACE version: 0.3.16
2026-09-30 06:14:22.333 INFO: Using CPU
2026-09-30 06:14:22.379 INFO: ===========LOADING INPUT DATA===========
2026-09-30 06:14:22.379 INFO: Using heads: ['Default']
2026-09-30 06:14:22.379 INFO: Using the key specifications to parse data:
2026-09-30 06:14:22.379 INFO: Default: KeySpecification(info_keys={'energy': 'energy', 'stress': 'REF_stress', 'virials': 'REF_virials', 'dipole': 'dipole', 'head': 'head', 'elec_temp': 'elec_temp', 'total_charge': 'total_charge', 'polarizability': 'polarizability', 'total_spin': 'total_spin'}, arrays_keys={'forces': 'forces', 'charges': 'REF_charges'})
2026-09-30 06:14:22.379 INFO: =============    Processing head Default     ===========
2026-09-30 06:14:22.435 WARNING: Since ASE version 3.23.0b1, using energy_key 'energy' is no longer safe when communicating between MACE and ASE. We recommend using a different key, rewriting 'energy' to 'REF_energy'. You need to use --energy_key='REF_energy' to specify the chosen key name.
2026-09-30 06:14:22.444 WARNING: Since ASE version 3.23.0b1, using forces_key 'forces' is no longer safe when communicating between MACE and ASE. We recommend using a different key, rewriting 'forces' to 'REF_forces'. You need to use --forces_key='REF_forces' to specify the chosen key name.
2026-09-30 06:14:22.455 INFO: Training set 1/1 [energy: 139, stress: 0, virials: 0, dipole components: 0, head: 139, elec_temp: 0, total_charge: 0, polarizability: 0, total_spin: 0, forces: 139, charges: 0]
2026-09-30 06:14:22.456 INFO: Total Training set [energy: 139, stress: 0, virials: 0, dipole components: 0, head: 139, elec_temp: 0, total_charge: 0, polarizability: 0, total_spin: 0, forces: 139, charges: 0]
2026-09-30 06:14:22.471 WARNING: Since ASE version 3.23.0b1, using energy_key 'energy' is no longer safe when communicating between MACE and ASE. We recommend using a different key, rewriting 'energy' to 'REF_energy'. You need to use --energy_key='REF_energy' to specify the chosen key name.
2026-09-30 06:14:22.473 WARNING: Since ASE version 3.23.0b1, using forces_key 'forces' is no longer safe when communicating between MACE and ASE. We recommend using a different key, rewriting 'forces' to 'REF_forces'. You need to use --forces_key='REF_forces' to specify the chosen key name.
2026-09-30 06:14:22.475 INFO: Validation set 1/1 [energy: 25, stress: 0, virials: 0, dipole components: 0, head: 25, elec_temp: 0, total_charge: 0, polarizability: 0, total_spin: 0, forces: 25, charges: 0]
2026-09-30 06:14:22.475 INFO: Total Validation set [energy: 25, stress: 0, virials: 0, dipole components: 0, head: 25, elec_temp: 0, total_charge: 0, polarizability: 0, total_spin: 0, forces: 25, charges: 0]
2026-09-30 06:14:22.475 INFO: Total number of configurations: train=139, valid=25, tests=[],
2026-09-30 06:14:22.475 INFO: Using atomic numbers from command line argument
2026-09-30 06:14:22.475 INFO: Atomic Numbers used: [1, 6, 7, 27, 28, 46]
2026-09-30 06:14:22.475 INFO: Isolated Atomic Energies (E0s) not in training file, using command line argument
2026-09-30 06:14:22.475 INFO: Computing average Atomic Energies using least squares regression
2026-09-30 06:14:22.478 INFO: Atomic Energies used (z: eV) for head Default: {1: -6.912162341569548, 6: -8.8759878701256, 7: -8.912620422477351, 27: -0.5844965310214976, 28: 1.0380724608658358, 46: -0.8166087521423394}
2026-09-30 06:14:22.478 INFO: Processing datasets for head 'Default'
2026-09-30 06:14:22.569 INFO: Combining 1 list datasets for head 'Default'
2026-09-30 06:14:22.583 INFO: Combining 1 list datasets for head 'Default_valid'
2026-09-30 06:14:22.583 INFO: Combined validation datasets for Default
2026-09-30 06:14:22.583 INFO: Head 'Default' training dataset size: 139
2026-09-30 06:14:22.584 INFO: Computing average number of neighbors
2026-09-30 06:14:22.635 INFO: Average number of neighbors: 29.64822769165039
2026-09-30 06:14:22.635 INFO: During training the following quantities will be reported: energy, forces
2026-09-30 06:14:22.635 INFO: ===========MODEL DETAILS===========
2026-09-30 06:14:22.689 INFO: Building model
2026-09-30 06:14:22.689 INFO: Message passing with 64 channels and max_L=1 (64x0e + 64x1o)
2026-09-30 06:14:22.689 INFO: 2 layers, each with correlation order: 3 (body order: 4) and spherical harmonics up to: l=3
2026-09-30 06:14:22.689 INFO: 8 radial and 5 basis functions
2026-09-30 06:14:22.689 INFO: Radial cutoff: 5.0 A (total receptive field for each atom: 10.0 A)
2026-09-30 06:14:22.689 INFO: Distance transform for radial basis functions: None
2026-09-30 06:14:22.689 INFO: Hidden irreps: 64x0e + 64x1o
2026-09-30 06:14:23.626 INFO: ===========OPTIMIZER INFORMATION===========
2026-09-30 06:14:23.626 INFO: Using ADAM as parameter optimizer
2026-09-30 06:14:23.626 INFO: Batch size: 4
2026-09-30 06:14:23.626 INFO: Using Exponential Moving Average with decay: 0.99
2026-09-30 06:14:23.626 INFO: Number of gradient updates: 2085
2026-09-30 06:14:23.626 INFO: Learning rate: 0.01, weight decay: 5e-07
2026-09-30 06:14:23.626 INFO: WeightedEnergyForcesLoss(energy_weight=1.000, forces_weight=10.000)
2026-09-30 06:14:23.626 INFO: === Layer's learning rates ===
2026-09-30 06:14:23.627 INFO: Param group 0: lr = 0.01
2026-09-30 06:14:23.627 INFO: Param group 1: lr = 0.01
2026-09-30 06:14:23.627 INFO: Param group 2: lr = 0.01
2026-09-30 06:14:23.627 INFO: Param group 3: lr = 0.01
2026-09-30 06:14:23.627 INFO: Param group 4: lr = 0.01
2026-09-30 06:14:23.627 INFO: Using gradient clipping with tolerance=10.000
2026-09-30 06:14:23.628 INFO: 
2026-09-30 06:14:23.628 INFO: ===========TRAINING===========
2026-09-30 06:14:23.628 INFO: Started training, reporting errors on validation set
2026-09-30 06:14:23.628 INFO: Loss metrics on validation set
2026-09-30 06:14:25.980 INFO: Initial: head: Default, loss=12.78070641, RMSE_E_per_atom=  785.85 meV, RMSE_F= 2245.17 meV / A
2026-09-30 06:15:03.299 INFO: Epoch 0: head: Default, loss=1.08471835, RMSE_E_per_atom=  206.79 meV, RMSE_F=  633.57 meV / A
2026-09-30 06:15:40.649 INFO: Epoch 1: head: Default, loss=0.53114504, RMSE_E_per_atom=   69.52 meV, RMSE_F=  448.66 meV / A
2026-09-30 06:16:17.940 INFO: Epoch 2: head: Default, loss=0.22474563, RMSE_E_per_atom=   59.68 meV, RMSE_F=  297.43 meV / A
2026-09-30 06:16:55.693 INFO: Epoch 3: head: Default, loss=0.16975582, RMSE_E_per_atom=   56.00 meV, RMSE_F=  258.61 meV / A
2026-09-30 06:17:33.576 INFO: Epoch 4: head: Default, loss=0.14077471, RMSE_E_per_atom=   53.82 meV, RMSE_F=  235.49 meV / A
2026-09-30 06:18:10.902 INFO: Epoch 5: head: Default, loss=0.11220144, RMSE_E_per_atom=   48.66 meV, RMSE_F=  210.09 meV / A
2026-09-30 06:18:48.739 INFO: Epoch 6: head: Default, loss=0.09288578, RMSE_E_per_atom=   45.19 meV, RMSE_F=  191.09 meV / A
2026-09-30 06:19:26.332 INFO: Epoch 7: head: Default, loss=0.07953974, RMSE_E_per_atom=   40.78 meV, RMSE_F=  176.95 meV / A
2026-09-30 06:20:03.734 INFO: Epoch 8: head: Default, loss=0.06700392, RMSE_E_per_atom=   37.54 meV, RMSE_F=  162.49 meV / A
2026-09-30 06:20:41.164 INFO: Epoch 9: head: Default, loss=0.05950297, RMSE_E_per_atom=   33.90 meV, RMSE_F=  153.33 meV / A
2026-09-30 06:21:18.603 INFO: Epoch 10: head: Default, loss=0.05449599, RMSE_E_per_atom=   30.77 meV, RMSE_F=  146.87 meV / A
2026-09-30 06:21:56.258 INFO: Epoch 11: head: Default, loss=0.04852412, RMSE_E_per_atom=   29.07 meV, RMSE_F=  138.61 meV / A
2026-09-30 06:22:33.721 INFO: Epoch 12: head: Default, loss=0.04457973, RMSE_E_per_atom=   26.65 meV, RMSE_F=  132.89 meV / A
2026-09-30 06:23:11.331 INFO: Epoch 13: head: Default, loss=0.04148337, RMSE_E_per_atom=   25.08 meV, RMSE_F=  128.22 meV / A
2026-09-30 06:23:49.321 INFO: Epoch 14: head: Default, loss=0.03795141, RMSE_E_per_atom=   24.18 meV, RMSE_F=  122.63 meV / A
2026-09-30 06:24:26.883 INFO: Epoch 15: head: Default, loss=0.03596745, RMSE_E_per_atom=   22.80 meV, RMSE_F=  119.37 meV / A
2026-09-30 06:25:04.634 INFO: Epoch 16: head: Default, loss=0.03398940, RMSE_E_per_atom=   21.83 meV, RMSE_F=  116.02 meV / A
2026-09-30 06:25:42.125 INFO: Epoch 17: head: Default, loss=0.03252187, RMSE_E_per_atom=   21.09 meV, RMSE_F=  113.46 meV / A
2026-09-30 06:26:19.547 INFO: Epoch 18: head: Default, loss=0.03108242, RMSE_E_per_atom=   20.35 meV, RMSE_F=  110.92 meV / A
2026-09-30 06:26:57.412 INFO: Epoch 19: head: Default, loss=0.02965903, RMSE_E_per_atom=   19.39 meV, RMSE_F=  108.36 meV / A
2026-09-30 06:27:35.229 INFO: Epoch 20: head: Default, loss=0.02875571, RMSE_E_per_atom=   18.83 meV, RMSE_F=  106.69 meV / A
2026-09-30 06:28:13.271 INFO: Epoch 21: head: Default, loss=0.02863415, RMSE_E_per_atom=   17.90 meV, RMSE_F=  106.46 meV / A
2026-09-30 06:28:51.125 INFO: Epoch 22: head: Default, loss=0.02827019, RMSE_E_per_atom=   16.83 meV, RMSE_F=  105.85 meV / A
2026-09-30 06:29:28.862 INFO: Epoch 23: head: Default, loss=0.02713176, RMSE_E_per_atom=   16.40 meV, RMSE_F=  103.69 meV / A
2026-09-30 06:30:06.404 INFO: Epoch 24: head: Default, loss=0.02631609, RMSE_E_per_atom=   16.48 meV, RMSE_F=  102.09 meV / A
2026-09-30 06:30:44.143 INFO: Epoch 25: head: Default, loss=0.02524593, RMSE_E_per_atom=   16.17 meV, RMSE_F=  100.00 meV / A
2026-09-30 06:31:21.603 INFO: Epoch 26: head: Default, loss=0.02461182, RMSE_E_per_atom=   15.92 meV, RMSE_F=   98.71 meV / A
2026-09-30 06:31:59.503 INFO: Epoch 27: head: Default, loss=0.02365352, RMSE_E_per_atom=   15.79 meV, RMSE_F=   96.72 meV / A
2026-09-30 06:32:36.984 INFO: Epoch 28: head: Default, loss=0.02307921, RMSE_E_per_atom=   15.55 meV, RMSE_F=   95.52 meV / A
2026-09-30 06:33:14.684 INFO: Epoch 29: head: Default, loss=0.02263104, RMSE_E_per_atom=   15.23 meV, RMSE_F=   94.57 meV / A
2026-09-30 06:33:52.082 INFO: Epoch 30: head: Default, loss=0.02169702, RMSE_E_per_atom=   15.37 meV, RMSE_F=   92.62 meV / A
2026-09-30 06:34:29.228 INFO: Epoch 31: head: Default, loss=0.02077205, RMSE_E_per_atom=   14.81 meV, RMSE_F=   90.63 meV / A
2026-09-30 06:35:06.684 INFO: Epoch 32: head: Default, loss=0.01977212, RMSE_E_per_atom=   14.55 meV, RMSE_F=   88.39 meV / A
2026-09-30 06:35:44.343 INFO: Epoch 33: head: Default, loss=0.01936326, RMSE_E_per_atom=   14.59 meV, RMSE_F=   87.52 meV / A
2026-09-30 06:36:22.018 INFO: Epoch 34: head: Default, loss=0.01878785, RMSE_E_per_atom=   14.34 meV, RMSE_F=   86.19 meV / A
2026-09-30 06:36:59.298 INFO: Epoch 35: head: Default, loss=0.01808505, RMSE_E_per_atom=   14.15 meV, RMSE_F=   84.57 meV / A
2026-09-30 06:37:36.265 INFO: Epoch 36: head: Default, loss=0.01755009, RMSE_E_per_atom=   13.98 meV, RMSE_F=   83.30 meV / A
2026-09-30 06:38:13.820 INFO: Epoch 37: head: Default, loss=0.01694360, RMSE_E_per_atom=   13.73 meV, RMSE_F=   81.84 meV / A
2026-09-30 06:38:51.536 INFO: Epoch 38: head: Default, loss=0.01649886, RMSE_E_per_atom=   13.40 meV, RMSE_F=   80.80 meV / A
2026-09-30 06:39:29.216 INFO: Epoch 39: head: Default, loss=0.01603703, RMSE_E_per_atom=   13.14 meV, RMSE_F=   79.66 meV / A
2026-09-30 06:40:06.655 INFO: Epoch 40: head: Default, loss=0.01555280, RMSE_E_per_atom=   13.25 meV, RMSE_F=   78.43 meV / A
2026-09-30 06:40:44.149 INFO: Epoch 41: head: Default, loss=0.01527307, RMSE_E_per_atom=   12.73 meV, RMSE_F=   77.75 meV / A
2026-09-30 06:41:21.153 INFO: Epoch 42: head: Default, loss=0.01489672, RMSE_E_per_atom=   12.21 meV, RMSE_F=   76.77 meV / A
2026-09-30 06:41:58.575 INFO: Epoch 43: head: Default, loss=0.01464193, RMSE_E_per_atom=   12.11 meV, RMSE_F=   76.10 meV / A
2026-09-30 06:42:36.406 INFO: Epoch 44: head: Default, loss=0.01457796, RMSE_E_per_atom=   11.88 meV, RMSE_F=   75.96 meV / A
2026-09-30 06:43:14.673 INFO: Epoch 45: head: Default, loss=0.01476531, RMSE_E_per_atom=   12.04 meV, RMSE_F=   76.41 meV / A
2026-09-30 06:43:52.487 INFO: Epoch 46: head: Default, loss=0.01459234, RMSE_E_per_atom=   12.06 meV, RMSE_F=   76.01 meV / A
2026-09-30 06:44:30.319 INFO: Epoch 47: head: Default, loss=0.01434809, RMSE_E_per_atom=   11.85 meV, RMSE_F=   75.40 meV / A
2026-09-30 06:45:08.003 INFO: Epoch 48: head: Default, loss=0.01426791, RMSE_E_per_atom=   12.32 meV, RMSE_F=   75.17 meV / A
2026-09-30 06:45:46.034 INFO: Epoch 49: head: Default, loss=0.01421871, RMSE_E_per_atom=   12.53 meV, RMSE_F=   75.05 meV / A
2026-09-30 06:46:23.492 INFO: Epoch 50: head: Default, loss=0.01406814, RMSE_E_per_atom=   13.04 meV, RMSE_F=   74.63 meV / A
2026-09-30 06:47:00.904 INFO: Epoch 51: head: Default, loss=0.01378968, RMSE_E_per_atom=   13.03 meV, RMSE_F=   73.86 meV / A
2026-09-30 06:47:37.814 INFO: Epoch 52: head: Default, loss=0.01333368, RMSE_E_per_atom=   12.67 meV, RMSE_F=   72.62 meV / A
2026-09-30 06:48:14.676 INFO: Epoch 53: head: Default, loss=0.01302355, RMSE_E_per_atom=   12.33 meV, RMSE_F=   71.76 meV / A
2026-09-30 06:48:52.239 INFO: Epoch 54: head: Default, loss=0.01275394, RMSE_E_per_atom=   12.15 meV, RMSE_F=   71.04 meV / A
2026-09-30 06:49:29.280 INFO: Epoch 55: head: Default, loss=0.01248434, RMSE_E_per_atom=   12.16 meV, RMSE_F=   70.27 meV / A
2026-09-30 06:50:07.154 INFO: Epoch 56: head: Default, loss=0.01218280, RMSE_E_per_atom=   12.16 meV, RMSE_F=   69.41 meV / A
2026-09-30 06:50:45.176 INFO: Epoch 57: head: Default, loss=0.01196694, RMSE_E_per_atom=   12.22 meV, RMSE_F=   68.81 meV / A
2026-09-30 06:51:22.966 INFO: Epoch 58: head: Default, loss=0.01188785, RMSE_E_per_atom=   12.03 meV, RMSE_F=   68.57 meV / A
2026-09-30 06:52:00.712 INFO: Epoch 59: head: Default, loss=0.01162034, RMSE_E_per_atom=   12.09 meV, RMSE_F=   67.78 meV / A
2026-09-30 06:52:00.732 INFO: Training complete
2026-09-30 06:52:00.732 INFO: 
2026-09-30 06:52:00.732 INFO: ===========RESULTS===========
2026-09-30 06:52:00.732 INFO: Loading checkpoint: ./checkpoints/mace_multitm_model_run-123_epoch-59.pt
2026-09-30 06:52:00.748 INFO: Loaded Stage one model from epoch 59 for evaluation
2026-09-30 06:52:00.749 INFO: Saving model to checkpoints/mace_multitm_model_run-123.model
2026-09-30 06:52:00.915 INFO: Compiling model, saving metadata to mace_multitm_model_compiled.model
2026-09-30 06:52:01.521 INFO: Computing metrics for training, validation, and test sets
2026-09-30 06:52:01.521 INFO: Skipping evaluation for heads: ['pt_head']
2026-09-30 06:52:01.521 INFO: Evaluating train_Default ...
2026-09-30 06:52:11.678 INFO: Evaluating valid_Default ...
2026-09-30 06:52:13.593 INFO: Error-table on TRAIN and VALID:
+---------------+---------------------+------------------+-------------------+
|  config_type  | RMSE E / meV / atom | RMSE F / meV / A | relative F RMSE % |
+---------------+---------------------+------------------+-------------------+
| train_Default |           17.0      |         54.5     |          2.44     |
| valid_Default |           12.1      |         67.8     |          3.04     |
+---------------+---------------------+------------------+-------------------+
2026-09-30 06:52:27.314 INFO: Done
2026-09-30 18:07:44.907 INFO: ===========VERIFYING SETTINGS===========
2026-09-30 18:07:44.908 INFO: MACE version: 0.3.16
2026-09-30 18:07:44.908 INFO: Using CPU
2026-09-30 18:07:44.953 INFO: ===========LOADING INPUT DATA===========
2026-09-30 18:07:44.953 INFO: Using heads: ['Default']
2026-09-30 18:07:44.953 INFO: Using the key specifications to parse data:
2026-09-30 18:07:44.953 INFO: Default: KeySpecification(info_keys={'energy': 'energy', 'stress': 'REF_stress', 'virials': 'REF_virials', 'dipole': 'dipole', 'head': 'head', 'elec_temp': 'elec_temp', 'total_charge': 'total_charge', 'polarizability': 'polarizability', 'total_spin': 'total_spin'}, arrays_keys={'forces': 'forces', 'charges': 'REF_charges'})
2026-09-30 18:07:44.953 INFO: =============    Processing head Default     ===========
2026-09-30 18:07:45.004 WARNING: Since ASE version 3.23.0b1, using energy_key 'energy' is no longer safe when communicating between MACE and ASE. We recommend using a different key, rewriting 'energy' to 'REF_energy'. You need to use --energy_key='REF_energy' to specify the chosen key name.
2026-09-30 18:07:45.012 WARNING: Since ASE version 3.23.0b1, using forces_key 'forces' is no longer safe when communicating between MACE and ASE. We recommend using a different key, rewriting 'forces' to 'REF_forces'. You need to use --forces_key='REF_forces' to specify the chosen key name.
2026-09-30 18:07:45.023 INFO: Training set 1/1 [energy: 139, stress: 0, virials: 0, dipole components: 0, head: 139, elec_temp: 0, total_charge: 0, polarizability: 0, total_spin: 0, forces: 139, charges: 0]
2026-09-30 18:07:45.023 INFO: Total Training set [energy: 139, stress: 0, virials: 0, dipole components: 0, head: 139, elec_temp: 0, total_charge: 0, polarizability: 0, total_spin: 0, forces: 139, charges: 0]
2026-09-30 18:07:45.039 WARNING: Since ASE version 3.23.0b1, using energy_key 'energy' is no longer safe when communicating between MACE and ASE. We recommend using a different key, rewriting 'energy' to 'REF_energy'. You need to use --energy_key='REF_energy' to specify the chosen key name.
2026-09-30 18:07:45.041 WARNING: Since ASE version 3.23.0b1, using forces_key 'forces' is no longer safe when communicating between MACE and ASE. We recommend using a different key, rewriting 'forces' to 'REF_forces'. You need to use --forces_key='REF_forces' to specify the chosen key name.
2026-09-30 18:07:45.043 INFO: Validation set 1/1 [energy: 25, stress: 0, virials: 0, dipole components: 0, head: 25, elec_temp: 0, total_charge: 0, polarizability: 0, total_spin: 0, forces: 25, charges: 0]
2026-09-30 18:07:45.043 INFO: Total Validation set [energy: 25, stress: 0, virials: 0, dipole components: 0, head: 25, elec_temp: 0, total_charge: 0, polarizability: 0, total_spin: 0, forces: 25, charges: 0]
2026-09-30 18:07:45.043 INFO: Total number of configurations: train=139, valid=25, tests=[],
2026-09-30 18:07:45.043 INFO: Using atomic numbers from command line argument
2026-09-30 18:07:45.043 INFO: Atomic Numbers used: [1, 6, 7, 27, 28, 46]
2026-09-30 18:07:45.043 INFO: Isolated Atomic Energies (E0s) not in training file, using command line argument
2026-09-30 18:07:45.043 INFO: Computing average Atomic Energies using least squares regression
2026-09-30 18:07:45.045 INFO: Atomic Energies used (z: eV) for head Default: {1: -6.912162341569548, 6: -8.8759878701256, 7: -8.912620422477351, 27: -0.5844965310214976, 28: 1.0380724608658358, 46: -0.8166087521423394}
2026-09-30 18:07:45.045 INFO: Processing datasets for head 'Default'
2026-09-30 18:07:45.132 INFO: Combining 1 list datasets for head 'Default'
2026-09-30 18:07:45.145 INFO: Combining 1 list datasets for head 'Default_valid'
2026-09-30 18:07:45.145 INFO: Combined validation datasets for Default
2026-09-30 18:07:45.145 INFO: Head 'Default' training dataset size: 139
2026-09-30 18:07:45.145 INFO: Computing average number of neighbors
2026-09-30 18:07:45.194 INFO: Average number of neighbors: 29.64822769165039
2026-09-30 18:07:45.194 INFO: During training the following quantities will be reported: energy, forces
2026-09-30 18:07:45.194 INFO: ===========MODEL DETAILS===========
2026-09-30 18:07:45.247 INFO: Building model
2026-09-30 18:07:45.247 INFO: Message passing with 64 channels and max_L=1 (64x0e + 64x1o)
2026-09-30 18:07:45.247 INFO: 2 layers, each with correlation order: 3 (body order: 4) and spherical harmonics up to: l=3
2026-09-30 18:07:45.247 INFO: 8 radial and 5 basis functions
2026-09-30 18:07:45.247 INFO: Radial cutoff: 5.0 A (total receptive field for each atom: 10.0 A)
2026-09-30 18:07:45.247 INFO: Distance transform for radial basis functions: None
2026-09-30 18:07:45.247 INFO: Hidden irreps: 64x0e + 64x1o
2026-09-30 18:07:46.185 INFO: ===========OPTIMIZER INFORMATION===========
2026-09-30 18:07:46.186 INFO: Using ADAM as parameter optimizer
2026-09-30 18:07:46.186 INFO: Batch size: 4
2026-09-30 18:07:46.186 INFO: Using Exponential Moving Average with decay: 0.99
2026-09-30 18:07:46.186 INFO: Number of gradient updates: 2085
2026-09-30 18:07:46.186 INFO: Learning rate: 0.01, weight decay: 5e-07
2026-09-30 18:07:46.186 INFO: WeightedEnergyForcesLoss(energy_weight=1.000, forces_weight=10.000)
2026-09-30 18:07:46.186 INFO: === Layer's learning rates ===
2026-09-30 18:07:46.187 INFO: Param group 0: lr = 0.01
2026-09-30 18:07:46.187 INFO: Param group 1: lr = 0.01
2026-09-30 18:07:46.187 INFO: Param group 2: lr = 0.01
2026-09-30 18:07:46.187 INFO: Param group 3: lr = 0.01
2026-09-30 18:07:46.187 INFO: Param group 4: lr = 0.01
2026-09-30 18:07:46.187 INFO: Using gradient clipping with tolerance=10.000
2026-09-30 18:07:46.187 INFO: 
2026-09-30 18:07:46.188 INFO: ===========TRAINING===========
2026-09-30 18:07:46.188 INFO: Started training, reporting errors on validation set
2026-09-30 18:07:46.188 INFO: Loss metrics on validation set
2026-09-30 18:07:48.586 INFO: Initial: head: Default, loss=12.78070641, RMSE_E_per_atom=  785.85 meV, RMSE_F= 2245.17 meV / A
2026-09-30 18:08:25.247 INFO: Epoch 0: head: Default, loss=1.08471835, RMSE_E_per_atom=  206.79 meV, RMSE_F=  633.57 meV / A
2026-09-30 18:09:01.915 INFO: Epoch 1: head: Default, loss=0.53114504, RMSE_E_per_atom=   69.52 meV, RMSE_F=  448.66 meV / A
2026-09-30 18:09:40.125 INFO: Epoch 2: head: Default, loss=0.22474563, RMSE_E_per_atom=   59.68 meV, RMSE_F=  297.43 meV / A
2026-09-30 18:10:19.063 INFO: Epoch 3: head: Default, loss=0.16975582, RMSE_E_per_atom=   56.00 meV, RMSE_F=  258.61 meV / A
2026-09-30 18:10:57.448 INFO: Epoch 4: head: Default, loss=0.14077471, RMSE_E_per_atom=   53.82 meV, RMSE_F=  235.49 meV / A
2026-09-30 18:11:36.371 INFO: Epoch 5: head: Default, loss=0.11220144, RMSE_E_per_atom=   48.66 meV, RMSE_F=  210.09 meV / A
2026-09-30 18:12:15.830 INFO: Epoch 6: head: Default, loss=0.09288578, RMSE_E_per_atom=   45.19 meV, RMSE_F=  191.09 meV / A
2026-09-30 18:12:54.105 INFO: Epoch 7: head: Default, loss=0.07953974, RMSE_E_per_atom=   40.78 meV, RMSE_F=  176.95 meV / A
2026-09-30 18:13:33.600 INFO: Epoch 8: head: Default, loss=0.06700392, RMSE_E_per_atom=   37.54 meV, RMSE_F=  162.49 meV / A
2026-09-30 18:14:13.273 INFO: Epoch 9: head: Default, loss=0.05950297, RMSE_E_per_atom=   33.90 meV, RMSE_F=  153.33 meV / A
2026-09-30 18:14:52.417 INFO: Epoch 10: head: Default, loss=0.05449599, RMSE_E_per_atom=   30.77 meV, RMSE_F=  146.87 meV / A
2026-09-30 18:15:31.054 INFO: Epoch 11: head: Default, loss=0.04852412, RMSE_E_per_atom=   29.07 meV, RMSE_F=  138.61 meV / A
2026-09-30 18:16:09.435 INFO: Epoch 12: head: Default, loss=0.04457973, RMSE_E_per_atom=   26.65 meV, RMSE_F=  132.89 meV / A
2026-09-30 18:16:49.545 INFO: Epoch 13: head: Default, loss=0.04148337, RMSE_E_per_atom=   25.08 meV, RMSE_F=  128.22 meV / A
2026-09-30 18:17:32.143 INFO: Epoch 14: head: Default, loss=0.03795141, RMSE_E_per_atom=   24.18 meV, RMSE_F=  122.63 meV / A
2026-09-30 18:18:11.569 INFO: Epoch 15: head: Default, loss=0.03596745, RMSE_E_per_atom=   22.80 meV, RMSE_F=  119.37 meV / A
2026-09-30 18:18:51.275 INFO: Epoch 16: head: Default, loss=0.03398940, RMSE_E_per_atom=   21.83 meV, RMSE_F=  116.02 meV / A
2026-09-30 18:19:32.067 INFO: Epoch 17: head: Default, loss=0.03252187, RMSE_E_per_atom=   21.09 meV, RMSE_F=  113.46 meV / A
2026-09-30 18:20:13.036 INFO: Epoch 18: head: Default, loss=0.03108242, RMSE_E_per_atom=   20.35 meV, RMSE_F=  110.92 meV / A
2026-09-30 18:20:51.962 INFO: Epoch 19: head: Default, loss=0.02965903, RMSE_E_per_atom=   19.39 meV, RMSE_F=  108.36 meV / A
2026-09-30 18:21:30.759 INFO: Epoch 20: head: Default, loss=0.02875571, RMSE_E_per_atom=   18.83 meV, RMSE_F=  106.69 meV / A
2026-09-30 18:22:10.031 INFO: Epoch 21: head: Default, loss=0.02863415, RMSE_E_per_atom=   17.90 meV, RMSE_F=  106.46 meV / A
2026-09-30 18:22:48.808 INFO: Epoch 22: head: Default, loss=0.02827019, RMSE_E_per_atom=   16.83 meV, RMSE_F=  105.85 meV / A
2026-09-30 18:23:29.016 INFO: Epoch 23: head: Default, loss=0.02713176, RMSE_E_per_atom=   16.40 meV, RMSE_F=  103.69 meV / A
2026-09-30 18:24:09.616 INFO: Epoch 24: head: Default, loss=0.02631609, RMSE_E_per_atom=   16.48 meV, RMSE_F=  102.09 meV / A
2026-09-30 18:24:50.387 INFO: Epoch 25: head: Default, loss=0.02524593, RMSE_E_per_atom=   16.17 meV, RMSE_F=  100.00 meV / A
2026-09-30 18:25:30.356 INFO: Epoch 26: head: Default, loss=0.02461182, RMSE_E_per_atom=   15.92 meV, RMSE_F=   98.71 meV / A
2026-09-30 18:26:09.572 INFO: Epoch 27: head: Default, loss=0.02365352, RMSE_E_per_atom=   15.79 meV, RMSE_F=   96.72 meV / A
2026-09-30 18:26:47.679 INFO: Epoch 28: head: Default, loss=0.02307921, RMSE_E_per_atom=   15.55 meV, RMSE_F=   95.52 meV / A
2026-09-30 18:27:26.312 INFO: Epoch 29: head: Default, loss=0.02263104, RMSE_E_per_atom=   15.23 meV, RMSE_F=   94.57 meV / A
2026-09-30 18:28:05.365 INFO: Epoch 30: head: Default, loss=0.02169702, RMSE_E_per_atom=   15.37 meV, RMSE_F=   92.62 meV / A
2026-09-30 18:28:43.886 INFO: Epoch 31: head: Default, loss=0.02077205, RMSE_E_per_atom=   14.81 meV, RMSE_F=   90.63 meV / A
2026-09-30 18:29:22.354 INFO: Epoch 32: head: Default, loss=0.01977212, RMSE_E_per_atom=   14.55 meV, RMSE_F=   88.39 meV / A
2026-09-30 18:30:03.332 INFO: Epoch 33: head: Default, loss=0.01936326, RMSE_E_per_atom=   14.59 meV, RMSE_F=   87.52 meV / A
2026-09-30 18:30:43.685 INFO: Epoch 34: head: Default, loss=0.01878785, RMSE_E_per_atom=   14.34 meV, RMSE_F=   86.19 meV / A
2026-09-30 18:31:23.191 INFO: Epoch 35: head: Default, loss=0.01808505, RMSE_E_per_atom=   14.15 meV, RMSE_F=   84.57 meV / A
2026-09-30 18:32:01.871 INFO: Epoch 36: head: Default, loss=0.01755009, RMSE_E_per_atom=   13.98 meV, RMSE_F=   83.30 meV / A
2026-09-30 18:32:41.513 INFO: Epoch 37: head: Default, loss=0.01694360, RMSE_E_per_atom=   13.73 meV, RMSE_F=   81.84 meV / A
2026-09-30 18:33:24.241 INFO: Epoch 38: head: Default, loss=0.01649886, RMSE_E_per_atom=   13.40 meV, RMSE_F=   80.80 meV / A
2026-09-30 18:34:04.340 INFO: Epoch 39: head: Default, loss=0.01603703, RMSE_E_per_atom=   13.14 meV, RMSE_F=   79.66 meV / A
2026-09-30 18:34:43.836 INFO: Epoch 40: head: Default, loss=0.01555280, RMSE_E_per_atom=   13.25 meV, RMSE_F=   78.43 meV / A
2026-09-30 18:35:24.773 INFO: Epoch 41: head: Default, loss=0.01527307, RMSE_E_per_atom=   12.73 meV, RMSE_F=   77.75 meV / A
2026-09-30 18:36:04.475 INFO: Epoch 42: head: Default, loss=0.01489672, RMSE_E_per_atom=   12.21 meV, RMSE_F=   76.77 meV / A
2026-09-30 18:36:44.025 INFO: Epoch 43: head: Default, loss=0.01464193, RMSE_E_per_atom=   12.11 meV, RMSE_F=   76.10 meV / A
2026-09-30 18:37:23.375 INFO: Epoch 44: head: Default, loss=0.01457796, RMSE_E_per_atom=   11.88 meV, RMSE_F=   75.96 meV / A
2026-09-30 18:38:02.689 INFO: Epoch 45: head: Default, loss=0.01476531, RMSE_E_per_atom=   12.04 meV, RMSE_F=   76.41 meV / A
2026-09-30 18:38:40.988 INFO: Epoch 46: head: Default, loss=0.01459234, RMSE_E_per_atom=   12.06 meV, RMSE_F=   76.01 meV / A
2026-09-30 18:39:18.787 INFO: Epoch 47: head: Default, loss=0.01434809, RMSE_E_per_atom=   11.85 meV, RMSE_F=   75.40 meV / A
2026-09-30 18:40:03.200 INFO: Epoch 48: head: Default, loss=0.01426791, RMSE_E_per_atom=   12.32 meV, RMSE_F=   75.17 meV / A
2026-09-30 18:40:51.768 INFO: Epoch 49: head: Default, loss=0.01421871, RMSE_E_per_atom=   12.53 meV, RMSE_F=   75.05 meV / A
2026-09-30 18:41:41.205 INFO: Epoch 50: head: Default, loss=0.01406814, RMSE_E_per_atom=   13.04 meV, RMSE_F=   74.63 meV / A
2026-09-30 18:42:29.914 INFO: Epoch 51: head: Default, loss=0.01378968, RMSE_E_per_atom=   13.03 meV, RMSE_F=   73.86 meV / A
2026-09-30 18:43:17.557 INFO: Epoch 52: head: Default, loss=0.01333368, RMSE_E_per_atom=   12.67 meV, RMSE_F=   72.62 meV / A
2026-09-30 18:44:03.922 INFO: Epoch 53: head: Default, loss=0.01302355, RMSE_E_per_atom=   12.33 meV, RMSE_F=   71.76 meV / A
2026-09-30 18:44:47.253 INFO: Epoch 54: head: Default, loss=0.01275394, RMSE_E_per_atom=   12.15 meV, RMSE_F=   71.04 meV / A
2026-09-30 18:45:28.176 INFO: Epoch 55: head: Default, loss=0.01248434, RMSE_E_per_atom=   12.16 meV, RMSE_F=   70.27 meV / A
2026-09-30 18:46:08.440 INFO: Epoch 56: head: Default, loss=0.01218280, RMSE_E_per_atom=   12.16 meV, RMSE_F=   69.41 meV / A
2026-09-30 18:46:49.053 INFO: Epoch 57: head: Default, loss=0.01196694, RMSE_E_per_atom=   12.22 meV, RMSE_F=   68.81 meV / A
2026-09-30 18:47:29.540 INFO: Epoch 58: head: Default, loss=0.01188785, RMSE_E_per_atom=   12.03 meV, RMSE_F=   68.57 meV / A
2026-09-30 18:48:09.538 INFO: Epoch 59: head: Default, loss=0.01162034, RMSE_E_per_atom=   12.09 meV, RMSE_F=   67.78 meV / A
2026-09-30 18:48:09.559 INFO: Training complete
2026-09-30 18:48:09.559 INFO: 
2026-09-30 18:48:09.559 INFO: ===========RESULTS===========
2026-09-30 18:48:09.566 INFO: Loading checkpoint: ./checkpoints/mace_multitm_model_run-123_epoch-59.pt
2026-09-30 18:48:09.615 INFO: Loaded Stage one model from epoch 59 for evaluation
2026-09-30 18:48:09.617 INFO: Saving model to checkpoints/mace_multitm_model_run-123.model
2026-09-30 18:48:09.807 INFO: Compiling model, saving metadata to mace_multitm_model_compiled.model
2026-09-30 18:48:10.591 INFO: Computing metrics for training, validation, and test sets
2026-09-30 18:48:10.592 INFO: Skipping evaluation for heads: ['pt_head']
2026-09-30 18:48:10.593 INFO: Evaluating train_Default ...
2026-09-30 18:48:21.169 INFO: Evaluating valid_Default ...
2026-09-30 18:48:23.162 INFO: Error-table on TRAIN and VALID:
+---------------+---------------------+------------------+-------------------+
|  config_type  | RMSE E / meV / atom | RMSE F / meV / A | relative F RMSE % |
+---------------+---------------------+------------------+-------------------+
| train_Default |           17.0      |         54.5     |          2.44     |
| valid_Default |           12.1      |         67.8     |          3.04     |
+---------------+---------------------+------------------+-------------------+
2026-09-30 18:48:37.564 INFO: Done
2026-10-01 07:23:53.756 INFO: ===========VERIFYING SETTINGS===========
2026-10-01 07:23:53.757 INFO: MACE version: 0.3.16
2026-10-01 07:23:53.757 INFO: Using CPU
2026-10-01 07:23:53.807 INFO: ===========LOADING INPUT DATA===========
2026-10-01 07:23:53.807 INFO: Using heads: ['Default']
2026-10-01 07:23:53.807 INFO: Using the key specifications to parse data:
2026-10-01 07:23:53.807 INFO: Default: KeySpecification(info_keys={'energy': 'energy', 'stress': 'REF_stress', 'virials': 'REF_virials', 'dipole': 'dipole', 'head': 'head', 'elec_temp': 'elec_temp', 'total_charge': 'total_charge', 'polarizability': 'polarizability', 'total_spin': 'total_spin'}, arrays_keys={'forces': 'forces', 'charges': 'REF_charges'})
2026-10-01 07:23:53.807 INFO: =============    Processing head Default     ===========
2026-10-01 07:23:53.875 WARNING: Since ASE version 3.23.0b1, using energy_key 'energy' is no longer safe when communicating between MACE and ASE. We recommend using a different key, rewriting 'energy' to 'REF_energy'. You need to use --energy_key='REF_energy' to specify the chosen key name.
2026-10-01 07:23:53.886 WARNING: Since ASE version 3.23.0b1, using forces_key 'forces' is no longer safe when communicating between MACE and ASE. We recommend using a different key, rewriting 'forces' to 'REF_forces'. You need to use --forces_key='REF_forces' to specify the chosen key name.
2026-10-01 07:23:53.901 INFO: Training set 1/1 [energy: 187, stress: 0, virials: 0, dipole components: 0, head: 187, elec_temp: 0, total_charge: 0, polarizability: 0, total_spin: 0, forces: 187, charges: 0]
2026-10-01 07:23:53.902 INFO: Total Training set [energy: 187, stress: 0, virials: 0, dipole components: 0, head: 187, elec_temp: 0, total_charge: 0, polarizability: 0, total_spin: 0, forces: 187, charges: 0]
2026-10-01 07:23:53.921 WARNING: Since ASE version 3.23.0b1, using energy_key 'energy' is no longer safe when communicating between MACE and ASE. We recommend using a different key, rewriting 'energy' to 'REF_energy'. You need to use --energy_key='REF_energy' to specify the chosen key name.
2026-10-01 07:23:53.923 WARNING: Since ASE version 3.23.0b1, using forces_key 'forces' is no longer safe when communicating between MACE and ASE. We recommend using a different key, rewriting 'forces' to 'REF_forces'. You need to use --forces_key='REF_forces' to specify the chosen key name.
2026-10-01 07:23:53.927 INFO: Validation set 1/1 [energy: 33, stress: 0, virials: 0, dipole components: 0, head: 33, elec_temp: 0, total_charge: 0, polarizability: 0, total_spin: 0, forces: 33, charges: 0]
2026-10-01 07:23:53.927 INFO: Total Validation set [energy: 33, stress: 0, virials: 0, dipole components: 0, head: 33, elec_temp: 0, total_charge: 0, polarizability: 0, total_spin: 0, forces: 33, charges: 0]
2026-10-01 07:23:53.927 INFO: Total number of configurations: train=187, valid=33, tests=[],
2026-10-01 07:23:53.927 INFO: Using atomic numbers from command line argument
2026-10-01 07:23:53.927 INFO: Atomic Numbers used: [1, 6, 7, 27, 28, 46]
2026-10-01 07:23:53.928 INFO: Isolated Atomic Energies (E0s) not in training file, using command line argument
2026-10-01 07:23:53.928 INFO: Computing average Atomic Energies using least squares regression
2026-10-01 07:23:53.930 INFO: Atomic Energies used (z: eV) for head Default: {1: -7.157444524841892, 6: -8.888543690676043, 7: -8.478930937547151, 27: -0.17778066170442997, 28: 1.4145339101805425, 46: -1.5911915061949484}
2026-10-01 07:23:53.930 INFO: Processing datasets for head 'Default'
2026-10-01 07:23:54.070 INFO: Combining 1 list datasets for head 'Default'
2026-10-01 07:23:54.088 INFO: Combining 1 list datasets for head 'Default_valid'
2026-10-01 07:23:54.088 INFO: Combined validation datasets for Default
2026-10-01 07:23:54.088 INFO: Head 'Default' training dataset size: 187
2026-10-01 07:23:54.089 INFO: Computing average number of neighbors
2026-10-01 07:23:54.156 INFO: Average number of neighbors: 29.695999145507812
2026-10-01 07:23:54.157 INFO: During training the following quantities will be reported: energy, forces
2026-10-01 07:23:54.157 INFO: ===========MODEL DETAILS===========
2026-10-01 07:23:54.226 INFO: Building model
2026-10-01 07:23:54.226 INFO: Message passing with 64 channels and max_L=1 (64x0e + 64x1o)
2026-10-01 07:23:54.226 INFO: 2 layers, each with correlation order: 3 (body order: 4) and spherical harmonics up to: l=3
2026-10-01 07:23:54.226 INFO: 8 radial and 5 basis functions
2026-10-01 07:23:54.226 INFO: Radial cutoff: 5.0 A (total receptive field for each atom: 10.0 A)
2026-10-01 07:23:54.226 INFO: Distance transform for radial basis functions: None
2026-10-01 07:23:54.227 INFO: Hidden irreps: 64x0e + 64x1o
2026-10-01 07:23:55.171 INFO: ===========OPTIMIZER INFORMATION===========
2026-10-01 07:23:55.171 INFO: Using ADAM as parameter optimizer
2026-10-01 07:23:55.171 INFO: Batch size: 4
2026-10-01 07:23:55.171 INFO: Using Exponential Moving Average with decay: 0.99
2026-10-01 07:23:55.171 INFO: Number of gradient updates: 2805
2026-10-01 07:23:55.171 INFO: Learning rate: 0.01, weight decay: 5e-07
2026-10-01 07:23:55.171 INFO: WeightedEnergyForcesLoss(energy_weight=1.000, forces_weight=10.000)
2026-10-01 07:23:55.172 INFO: === Layer's learning rates ===
2026-10-01 07:23:55.172 INFO: Param group 0: lr = 0.01
2026-10-01 07:23:55.172 INFO: Param group 1: lr = 0.01
2026-10-01 07:23:55.172 INFO: Param group 2: lr = 0.01
2026-10-01 07:23:55.172 INFO: Param group 3: lr = 0.01
2026-10-01 07:23:55.172 INFO: Param group 4: lr = 0.01
2026-10-01 07:23:55.173 INFO: Using gradient clipping with tolerance=10.000
2026-10-01 07:23:55.173 INFO: 
2026-10-01 07:23:55.173 INFO: ===========TRAINING===========
2026-10-01 07:23:55.173 INFO: Started training, reporting errors on validation set
2026-10-01 07:23:55.173 INFO: Loss metrics on validation set
2026-10-01 07:23:58.419 INFO: Initial: head: Default, loss=9.81795311, RMSE_E_per_atom=  682.92 meV, RMSE_F= 1967.98 meV / A
2026-10-01 07:24:50.531 INFO: Epoch 0: head: Default, loss=0.71319073, RMSE_E_per_atom=   65.42 meV, RMSE_F=  520.55 meV / A
2026-10-01 07:25:41.710 INFO: Epoch 1: head: Default, loss=0.25057197, RMSE_E_per_atom=   47.90 meV, RMSE_F=  313.68 meV / A
2026-10-01 07:26:33.391 INFO: Epoch 2: head: Default, loss=0.15433325, RMSE_E_per_atom=   41.97 meV, RMSE_F=  246.92 meV / A
2026-10-01 07:27:24.661 INFO: Epoch 3: head: Default, loss=0.11503781, RMSE_E_per_atom=   39.64 meV, RMSE_F=  213.23 meV / A
2026-10-01 07:28:16.849 INFO: Epoch 4: head: Default, loss=0.09278760, RMSE_E_per_atom=   37.05 meV, RMSE_F=  191.58 meV / A
2026-10-01 07:29:08.321 INFO: Epoch 5: head: Default, loss=0.08057842, RMSE_E_per_atom=   39.44 meV, RMSE_F=  178.29 meV / A
2026-10-01 07:29:59.894 INFO: Epoch 6: head: Default, loss=0.07017152, RMSE_E_per_atom=   40.27 meV, RMSE_F=  166.54 meV / A
2026-10-01 07:30:51.278 INFO: Epoch 7: head: Default, loss=0.05958866, RMSE_E_per_atom=   35.37 meV, RMSE_F=  153.61 meV / A
2026-10-01 07:31:42.254 INFO: Epoch 8: head: Default, loss=0.05364072, RMSE_E_per_atom=   31.72 meV, RMSE_F=  145.70 meV / A
2026-10-01 07:32:33.416 INFO: Epoch 9: head: Default, loss=0.04792585, RMSE_E_per_atom=   28.78 meV, RMSE_F=  137.82 meV / A
2026-10-01 07:33:24.267 INFO: Epoch 10: head: Default, loss=0.04506283, RMSE_E_per_atom=   26.77 meV, RMSE_F=  133.55 meV / A
2026-10-01 07:34:15.833 INFO: Epoch 11: head: Default, loss=0.04175820, RMSE_E_per_atom=   25.72 meV, RMSE_F=  128.54 meV / A
2026-10-01 07:35:07.806 INFO: Epoch 12: head: Default, loss=0.03914969, RMSE_E_per_atom=   24.26 meV, RMSE_F=  124.53 meV / A
2026-10-01 07:35:59.053 INFO: Epoch 13: head: Default, loss=0.03677442, RMSE_E_per_atom=   22.92 meV, RMSE_F=  120.63 meV / A
2026-10-01 07:36:49.420 INFO: Epoch 14: head: Default, loss=0.03427511, RMSE_E_per_atom=   22.03 meV, RMSE_F=  116.48 meV / A
2026-10-01 07:37:40.890 INFO: Epoch 15: head: Default, loss=0.03268428, RMSE_E_per_atom=   21.09 meV, RMSE_F=  113.79 meV / A
2026-10-01 07:38:31.846 INFO: Epoch 16: head: Default, loss=0.03164250, RMSE_E_per_atom=   20.01 meV, RMSE_F=  111.99 meV / A
2026-10-01 07:39:23.515 INFO: Epoch 17: head: Default, loss=0.03026459, RMSE_E_per_atom=   18.78 meV, RMSE_F=  109.53 meV / A
2026-10-01 07:40:15.877 INFO: Epoch 18: head: Default, loss=0.02940978, RMSE_E_per_atom=   18.47 meV, RMSE_F=  107.93 meV / A
2026-10-01 07:41:07.835 INFO: Epoch 19: head: Default, loss=0.02800526, RMSE_E_per_atom=   18.30 meV, RMSE_F=  105.29 meV / A
2026-10-01 07:42:00.108 INFO: Epoch 20: head: Default, loss=0.02679782, RMSE_E_per_atom=   17.95 meV, RMSE_F=  102.96 meV / A
2026-10-01 07:42:52.186 INFO: Epoch 21: head: Default, loss=0.02564826, RMSE_E_per_atom=   17.12 meV, RMSE_F=  100.75 meV / A
2026-10-01 07:43:43.215 INFO: Epoch 22: head: Default, loss=0.02443117, RMSE_E_per_atom=   16.87 meV, RMSE_F=   98.29 meV / A
2026-10-01 07:44:34.558 INFO: Epoch 23: head: Default, loss=0.02349437, RMSE_E_per_atom=   16.84 meV, RMSE_F=   96.35 meV / A
2026-10-01 07:45:25.988 INFO: Epoch 24: head: Default, loss=0.02261912, RMSE_E_per_atom=   16.65 meV, RMSE_F=   94.56 meV / A
2026-10-01 07:46:18.192 INFO: Epoch 25: head: Default, loss=0.02164402, RMSE_E_per_atom=   16.28 meV, RMSE_F=   92.48 meV / A
2026-10-01 07:47:09.447 INFO: Epoch 26: head: Default, loss=0.02109360, RMSE_E_per_atom=   15.54 meV, RMSE_F=   91.35 meV / A
2026-10-01 07:48:00.867 INFO: Epoch 27: head: Default, loss=0.01981224, RMSE_E_per_atom=   14.78 meV, RMSE_F=   88.53 meV / A
2026-10-01 07:48:51.639 INFO: Epoch 28: head: Default, loss=0.01924108, RMSE_E_per_atom=   14.29 meV, RMSE_F=   87.26 meV / A
2026-10-01 07:49:43.210 INFO: Epoch 29: head: Default, loss=0.01876059, RMSE_E_per_atom=   14.13 meV, RMSE_F=   86.18 meV / A
2026-10-01 07:50:35.561 INFO: Epoch 30: head: Default, loss=0.01804043, RMSE_E_per_atom=   13.77 meV, RMSE_F=   84.53 meV / A
2026-10-01 07:51:27.661 INFO: Epoch 31: head: Default, loss=0.01715931, RMSE_E_per_atom=   13.33 meV, RMSE_F=   82.46 meV / A
2026-10-01 07:52:18.136 INFO: Epoch 32: head: Default, loss=0.01667425, RMSE_E_per_atom=   13.26 meV, RMSE_F=   81.29 meV / A
2026-10-01 07:53:09.467 INFO: Epoch 33: head: Default, loss=0.01617707, RMSE_E_per_atom=   13.58 meV, RMSE_F=   80.07 meV / A
2026-10-01 07:54:01.280 INFO: Epoch 34: head: Default, loss=0.01568613, RMSE_E_per_atom=   13.02 meV, RMSE_F=   78.86 meV / A
2026-10-01 07:54:51.880 INFO: Epoch 35: head: Default, loss=0.01524906, RMSE_E_per_atom=   12.78 meV, RMSE_F=   77.75 meV / A
2026-10-01 07:55:43.448 INFO: Epoch 36: head: Default, loss=0.01476905, RMSE_E_per_atom=   12.62 meV, RMSE_F=   76.55 meV / A
2026-10-01 07:56:35.566 INFO: Epoch 37: head: Default, loss=0.01448141, RMSE_E_per_atom=   12.19 meV, RMSE_F=   75.79 meV / A
2026-10-01 07:57:27.307 INFO: Epoch 38: head: Default, loss=0.01425227, RMSE_E_per_atom=   11.78 meV, RMSE_F=   75.19 meV / A
2026-10-01 07:58:19.251 INFO: Epoch 39: head: Default, loss=0.01392038, RMSE_E_per_atom=   11.70 meV, RMSE_F=   74.31 meV / A
2026-10-01 07:59:10.939 INFO: Epoch 40: head: Default, loss=0.01348819, RMSE_E_per_atom=   11.42 meV, RMSE_F=   73.13 meV / A
2026-10-01 08:00:02.688 INFO: Epoch 41: head: Default, loss=0.01319900, RMSE_E_per_atom=   11.25 meV, RMSE_F=   72.32 meV / A
2026-10-01 08:00:54.687 INFO: Epoch 42: head: Default, loss=0.01323225, RMSE_E_per_atom=   11.07 meV, RMSE_F=   72.46 meV / A
2026-10-01 08:01:45.859 INFO: Epoch 43: head: Default, loss=0.01286365, RMSE_E_per_atom=   11.06 meV, RMSE_F=   71.45 meV / A
2026-10-01 08:02:36.775 INFO: Epoch 44: head: Default, loss=0.01289358, RMSE_E_per_atom=   11.64 meV, RMSE_F=   71.51 meV / A
2026-10-01 08:03:28.658 INFO: Epoch 45: head: Default, loss=0.01286570, RMSE_E_per_atom=   12.24 meV, RMSE_F=   71.43 meV / A
2026-10-01 08:04:19.572 INFO: Epoch 46: head: Default, loss=0.01320121, RMSE_E_per_atom=   11.79 meV, RMSE_F=   72.37 meV / A
2026-10-01 08:05:11.588 INFO: Epoch 47: head: Default, loss=0.01286764, RMSE_E_per_atom=   11.94 meV, RMSE_F=   71.45 meV / A
2026-10-01 08:06:02.941 INFO: Epoch 48: head: Default, loss=0.01245213, RMSE_E_per_atom=   11.79 meV, RMSE_F=   70.29 meV / A
2026-10-01 08:06:55.287 INFO: Epoch 49: head: Default, loss=0.01196106, RMSE_E_per_atom=   11.06 meV, RMSE_F=   68.90 meV / A
2026-10-01 08:07:46.889 INFO: Epoch 50: head: Default, loss=0.01178876, RMSE_E_per_atom=   10.69 meV, RMSE_F=   68.41 meV / A
2026-10-01 08:08:38.259 INFO: Epoch 51: head: Default, loss=0.01155692, RMSE_E_per_atom=   10.43 meV, RMSE_F=   67.74 meV / A
2026-10-01 08:09:29.712 INFO: Epoch 52: head: Default, loss=0.01144965, RMSE_E_per_atom=   10.44 meV, RMSE_F=   67.41 meV / A
2026-10-01 08:10:20.893 INFO: Epoch 53: head: Default, loss=0.01124814, RMSE_E_per_atom=   10.19 meV, RMSE_F=   66.82 meV / A
2026-10-01 08:11:12.683 INFO: Epoch 54: head: Default, loss=0.01097626, RMSE_E_per_atom=   10.15 meV, RMSE_F=   66.00 meV / A
2026-10-01 08:12:03.672 INFO: Epoch 55: head: Default, loss=0.01076194, RMSE_E_per_atom=    9.96 meV, RMSE_F=   65.35 meV / A
2026-10-01 08:12:56.110 INFO: Epoch 56: head: Default, loss=0.01051127, RMSE_E_per_atom=    9.78 meV, RMSE_F=   64.59 meV / A
2026-10-01 08:13:48.215 INFO: Epoch 57: head: Default, loss=0.01037689, RMSE_E_per_atom=    9.63 meV, RMSE_F=   64.16 meV / A
2026-10-01 08:14:39.118 INFO: Epoch 58: head: Default, loss=0.01028135, RMSE_E_per_atom=    9.49 meV, RMSE_F=   63.88 meV / A
2026-10-01 08:15:30.885 INFO: Epoch 59: head: Default, loss=0.01030187, RMSE_E_per_atom=    9.45 meV, RMSE_F=   63.95 meV / A
2026-10-01 08:15:30.888 INFO: Training complete
2026-10-01 08:15:30.888 INFO: 
2026-10-01 08:15:30.888 INFO: ===========RESULTS===========
2026-10-01 08:15:30.888 INFO: Loading checkpoint: ./checkpoints/mace_multitm_model_run-123_epoch-59.pt
2026-10-01 08:15:30.910 INFO: Loaded Stage one model from epoch 59 for evaluation
2026-10-01 08:15:30.910 INFO: Saving model to checkpoints/mace_multitm_model_run-123.model
2026-10-01 08:15:31.059 INFO: Compiling model, saving metadata to mace_multitm_model_compiled.model
2026-10-01 08:15:31.674 INFO: Computing metrics for training, validation, and test sets
2026-10-01 08:15:31.675 INFO: Skipping evaluation for heads: ['pt_head']
2026-10-01 08:15:31.675 INFO: Evaluating train_Default ...
2026-10-01 08:15:45.681 INFO: Evaluating valid_Default ...
2026-10-01 08:15:48.241 INFO: Error-table on TRAIN and VALID:
+---------------+---------------------+------------------+-------------------+
|  config_type  | RMSE E / meV / atom | RMSE F / meV / A | relative F RMSE % |
+---------------+---------------------+------------------+-------------------+
| train_Default |           15.0      |         64.1     |          3.26     |
| valid_Default |           11.1      |         74.9     |          3.83     |
+---------------+---------------------+------------------+-------------------+
2026-10-01 08:16:06.685 INFO: Done
2026-10-01 08:38:54.925 INFO: ===========VERIFYING SETTINGS===========
2026-10-01 08:38:54.925 INFO: MACE version: 0.3.16
2026-10-01 08:38:54.926 INFO: Using CPU
2026-10-01 08:38:54.970 INFO: ===========LOADING INPUT DATA===========
2026-10-01 08:38:54.970 INFO: Using heads: ['Default']
2026-10-01 08:38:54.970 INFO: Using the key specifications to parse data:
2026-10-01 08:38:54.970 INFO: Default: KeySpecification(info_keys={'energy': 'energy', 'stress': 'REF_stress', 'virials': 'REF_virials', 'dipole': 'dipole', 'head': 'head', 'elec_temp': 'elec_temp', 'total_charge': 'total_charge', 'polarizability': 'polarizability', 'total_spin': 'total_spin'}, arrays_keys={'forces': 'forces', 'charges': 'REF_charges'})
2026-10-01 08:38:54.971 INFO: =============    Processing head Default     ===========
2026-10-01 08:38:55.054 WARNING: Since ASE version 3.23.0b1, using energy_key 'energy' is no longer safe when communicating between MACE and ASE. We recommend using a different key, rewriting 'energy' to 'REF_energy'. You need to use --energy_key='REF_energy' to specify the chosen key name.
2026-10-01 08:38:55.075 WARNING: Since ASE version 3.23.0b1, using forces_key 'forces' is no longer safe when communicating between MACE and ASE. We recommend using a different key, rewriting 'forces' to 'REF_forces'. You need to use --forces_key='REF_forces' to specify the chosen key name.
2026-10-01 08:38:55.096 INFO: Training set 1/1 [energy: 187, stress: 0, virials: 0, dipole components: 0, head: 187, elec_temp: 0, total_charge: 0, polarizability: 0, total_spin: 0, forces: 187, charges: 0]
2026-10-01 08:38:55.097 INFO: Total Training set [energy: 187, stress: 0, virials: 0, dipole components: 0, head: 187, elec_temp: 0, total_charge: 0, polarizability: 0, total_spin: 0, forces: 187, charges: 0]
2026-10-01 08:38:55.118 WARNING: Since ASE version 3.23.0b1, using energy_key 'energy' is no longer safe when communicating between MACE and ASE. We recommend using a different key, rewriting 'energy' to 'REF_energy'. You need to use --energy_key='REF_energy' to specify the chosen key name.
2026-10-01 08:38:55.120 WARNING: Since ASE version 3.23.0b1, using forces_key 'forces' is no longer safe when communicating between MACE and ASE. We recommend using a different key, rewriting 'forces' to 'REF_forces'. You need to use --forces_key='REF_forces' to specify the chosen key name.
2026-10-01 08:38:55.123 INFO: Validation set 1/1 [energy: 33, stress: 0, virials: 0, dipole components: 0, head: 33, elec_temp: 0, total_charge: 0, polarizability: 0, total_spin: 0, forces: 33, charges: 0]
2026-10-01 08:38:55.124 INFO: Total Validation set [energy: 33, stress: 0, virials: 0, dipole components: 0, head: 33, elec_temp: 0, total_charge: 0, polarizability: 0, total_spin: 0, forces: 33, charges: 0]
2026-10-01 08:38:55.124 INFO: Total number of configurations: train=187, valid=33, tests=[],
2026-10-01 08:38:55.124 INFO: Using atomic numbers from command line argument
2026-10-01 08:38:55.124 INFO: Atomic Numbers used: [1, 6, 7, 27, 28, 46]
2026-10-01 08:38:55.124 INFO: Isolated Atomic Energies (E0s) not in training file, using command line argument
2026-10-01 08:38:55.124 INFO: Computing average Atomic Energies using least squares regression
2026-10-01 08:38:55.126 INFO: Atomic Energies used (z: eV) for head Default: {1: -7.157444524841892, 6: -8.888543690676043, 7: -8.478930937547151, 27: -0.17778066170442997, 28: 1.4145339101805425, 46: -1.5911915061949484}
2026-10-01 08:38:55.126 INFO: Processing datasets for head 'Default'
2026-10-01 08:38:55.232 INFO: Combining 1 list datasets for head 'Default'
2026-10-01 08:38:55.250 INFO: Combining 1 list datasets for head 'Default_valid'
2026-10-01 08:38:55.250 INFO: Combined validation datasets for Default
2026-10-01 08:38:55.250 INFO: Head 'Default' training dataset size: 187
2026-10-01 08:38:55.251 INFO: Computing average number of neighbors
2026-10-01 08:38:55.319 INFO: Average number of neighbors: 29.695999145507812
2026-10-01 08:38:55.319 INFO: During training the following quantities will be reported: energy, forces
2026-10-01 08:38:55.319 INFO: ===========MODEL DETAILS===========
2026-10-01 08:38:55.384 INFO: Building model
2026-10-01 08:38:55.384 INFO: Message passing with 64 channels and max_L=1 (64x0e + 64x1o)
2026-10-01 08:38:55.384 INFO: 2 layers, each with correlation order: 3 (body order: 4) and spherical harmonics up to: l=3
2026-10-01 08:38:55.384 INFO: 8 radial and 5 basis functions
2026-10-01 08:38:55.384 INFO: Radial cutoff: 5.0 A (total receptive field for each atom: 10.0 A)
2026-10-01 08:38:55.384 INFO: Distance transform for radial basis functions: None
2026-10-01 08:38:55.384 INFO: Hidden irreps: 64x0e + 64x1o
2026-10-01 08:38:56.323 INFO: ===========OPTIMIZER INFORMATION===========
2026-10-01 08:38:56.323 INFO: Using ADAM as parameter optimizer
2026-10-01 08:38:56.323 INFO: Batch size: 4
2026-10-01 08:38:56.323 INFO: Using Exponential Moving Average with decay: 0.99
2026-10-01 08:38:56.323 INFO: Number of gradient updates: 2805
2026-10-01 08:38:56.323 INFO: Learning rate: 0.01, weight decay: 5e-07
2026-10-01 08:38:56.323 INFO: WeightedEnergyForcesLoss(energy_weight=1.000, forces_weight=10.000)
2026-10-01 08:38:56.324 INFO: === Layer's learning rates ===
2026-10-01 08:38:56.324 INFO: Param group 0: lr = 0.01
2026-10-01 08:38:56.324 INFO: Param group 1: lr = 0.01
2026-10-01 08:38:56.324 INFO: Param group 2: lr = 0.01
2026-10-01 08:38:56.324 INFO: Param group 3: lr = 0.01
2026-10-01 08:38:56.324 INFO: Param group 4: lr = 0.01
2026-10-01 08:38:56.324 INFO: Using gradient clipping with tolerance=10.000
2026-10-01 08:38:56.325 INFO: 
2026-10-01 08:38:56.325 INFO: ===========TRAINING===========
2026-10-01 08:38:56.325 INFO: Started training, reporting errors on validation set
2026-10-01 08:38:56.325 INFO: Loss metrics on validation set
2026-10-01 08:38:59.650 INFO: Initial: head: Default, loss=9.81795311, RMSE_E_per_atom=  682.92 meV, RMSE_F= 1967.98 meV / A
2026-10-01 08:39:52.538 INFO: Epoch 0: head: Default, loss=0.71319073, RMSE_E_per_atom=   65.42 meV, RMSE_F=  520.55 meV / A
2026-10-01 08:40:44.490 INFO: Epoch 1: head: Default, loss=0.25057197, RMSE_E_per_atom=   47.90 meV, RMSE_F=  313.68 meV / A
2026-10-01 08:41:36.720 INFO: Epoch 2: head: Default, loss=0.15433325, RMSE_E_per_atom=   41.97 meV, RMSE_F=  246.92 meV / A
2026-10-01 08:42:28.551 INFO: Epoch 3: head: Default, loss=0.11503781, RMSE_E_per_atom=   39.64 meV, RMSE_F=  213.23 meV / A
2026-10-01 08:43:20.450 INFO: Epoch 4: head: Default, loss=0.09278760, RMSE_E_per_atom=   37.05 meV, RMSE_F=  191.58 meV / A
2026-10-01 08:44:11.844 INFO: Epoch 5: head: Default, loss=0.08057842, RMSE_E_per_atom=   39.44 meV, RMSE_F=  178.29 meV / A
2026-10-01 08:45:03.952 INFO: Epoch 6: head: Default, loss=0.07017152, RMSE_E_per_atom=   40.27 meV, RMSE_F=  166.54 meV / A
2026-10-01 08:45:56.256 INFO: Epoch 7: head: Default, loss=0.05958866, RMSE_E_per_atom=   35.37 meV, RMSE_F=  153.61 meV / A
2026-10-01 08:46:48.062 INFO: Epoch 8: head: Default, loss=0.05364072, RMSE_E_per_atom=   31.72 meV, RMSE_F=  145.70 meV / A
2026-10-01 08:47:40.260 INFO: Epoch 9: head: Default, loss=0.04792585, RMSE_E_per_atom=   28.78 meV, RMSE_F=  137.82 meV / A
2026-10-01 08:48:32.217 INFO: Epoch 10: head: Default, loss=0.04506283, RMSE_E_per_atom=   26.77 meV, RMSE_F=  133.55 meV / A
2026-10-01 08:49:23.960 INFO: Epoch 11: head: Default, loss=0.04175820, RMSE_E_per_atom=   25.72 meV, RMSE_F=  128.54 meV / A
2026-10-01 08:50:15.719 INFO: Epoch 12: head: Default, loss=0.03914969, RMSE_E_per_atom=   24.26 meV, RMSE_F=  124.53 meV / A
2026-10-01 08:51:08.088 INFO: Epoch 13: head: Default, loss=0.03677442, RMSE_E_per_atom=   22.92 meV, RMSE_F=  120.63 meV / A
2026-10-01 08:52:00.353 INFO: Epoch 14: head: Default, loss=0.03427511, RMSE_E_per_atom=   22.03 meV, RMSE_F=  116.48 meV / A
2026-10-01 08:52:52.928 INFO: Epoch 15: head: Default, loss=0.03268428, RMSE_E_per_atom=   21.09 meV, RMSE_F=  113.79 meV / A
2026-10-01 08:53:44.621 INFO: Epoch 16: head: Default, loss=0.03164250, RMSE_E_per_atom=   20.01 meV, RMSE_F=  111.99 meV / A
2026-10-01 08:54:36.700 INFO: Epoch 17: head: Default, loss=0.03026459, RMSE_E_per_atom=   18.78 meV, RMSE_F=  109.53 meV / A
2026-10-01 08:55:29.280 INFO: Epoch 18: head: Default, loss=0.02940978, RMSE_E_per_atom=   18.47 meV, RMSE_F=  107.93 meV / A
2026-10-01 08:56:21.593 INFO: Epoch 19: head: Default, loss=0.02800526, RMSE_E_per_atom=   18.30 meV, RMSE_F=  105.29 meV / A
2026-10-01 08:57:13.602 INFO: Epoch 20: head: Default, loss=0.02679782, RMSE_E_per_atom=   17.95 meV, RMSE_F=  102.96 meV / A
2026-10-01 08:58:05.836 INFO: Epoch 21: head: Default, loss=0.02564826, RMSE_E_per_atom=   17.12 meV, RMSE_F=  100.75 meV / A
2026-10-01 08:58:57.699 INFO: Epoch 22: head: Default, loss=0.02443117, RMSE_E_per_atom=   16.87 meV, RMSE_F=   98.29 meV / A
2026-10-01 08:59:49.636 INFO: Epoch 23: head: Default, loss=0.02349437, RMSE_E_per_atom=   16.84 meV, RMSE_F=   96.35 meV / A
2026-10-01 09:00:42.118 INFO: Epoch 24: head: Default, loss=0.02261912, RMSE_E_per_atom=   16.65 meV, RMSE_F=   94.56 meV / A
2026-10-01 09:01:34.283 INFO: Epoch 25: head: Default, loss=0.02164402, RMSE_E_per_atom=   16.28 meV, RMSE_F=   92.48 meV / A
2026-10-01 09:02:25.435 INFO: Epoch 26: head: Default, loss=0.02109360, RMSE_E_per_atom=   15.54 meV, RMSE_F=   91.35 meV / A
2026-10-01 09:03:17.412 INFO: Epoch 27: head: Default, loss=0.01981224, RMSE_E_per_atom=   14.78 meV, RMSE_F=   88.53 meV / A
2026-10-01 09:04:09.944 INFO: Epoch 28: head: Default, loss=0.01924108, RMSE_E_per_atom=   14.29 meV, RMSE_F=   87.26 meV / A
2026-10-01 09:05:02.475 INFO: Epoch 29: head: Default, loss=0.01876059, RMSE_E_per_atom=   14.13 meV, RMSE_F=   86.18 meV / A
2026-10-01 09:05:54.628 INFO: Epoch 30: head: Default, loss=0.01804043, RMSE_E_per_atom=   13.77 meV, RMSE_F=   84.53 meV / A
2026-10-01 09:06:46.749 INFO: Epoch 31: head: Default, loss=0.01715931, RMSE_E_per_atom=   13.33 meV, RMSE_F=   82.46 meV / A
2026-10-01 09:07:39.357 INFO: Epoch 32: head: Default, loss=0.01667425, RMSE_E_per_atom=   13.26 meV, RMSE_F=   81.29 meV / A
2026-10-01 09:08:30.912 INFO: Epoch 33: head: Default, loss=0.01617707, RMSE_E_per_atom=   13.58 meV, RMSE_F=   80.07 meV / A
2026-10-01 09:09:23.086 INFO: Epoch 34: head: Default, loss=0.01568613, RMSE_E_per_atom=   13.02 meV, RMSE_F=   78.86 meV / A
2026-10-01 09:10:15.924 INFO: Epoch 35: head: Default, loss=0.01524906, RMSE_E_per_atom=   12.78 meV, RMSE_F=   77.75 meV / A
2026-10-01 09:11:07.709 INFO: Epoch 36: head: Default, loss=0.01476905, RMSE_E_per_atom=   12.62 meV, RMSE_F=   76.55 meV / A
2026-10-01 09:11:59.785 INFO: Epoch 37: head: Default, loss=0.01448141, RMSE_E_per_atom=   12.19 meV, RMSE_F=   75.79 meV / A
2026-10-01 09:12:52.247 INFO: Epoch 38: head: Default, loss=0.01425227, RMSE_E_per_atom=   11.78 meV, RMSE_F=   75.19 meV / A
2026-10-01 09:13:44.542 INFO: Epoch 39: head: Default, loss=0.01392038, RMSE_E_per_atom=   11.70 meV, RMSE_F=   74.31 meV / A
2026-10-01 09:14:36.624 INFO: Epoch 40: head: Default, loss=0.01348819, RMSE_E_per_atom=   11.42 meV, RMSE_F=   73.13 meV / A
2026-10-01 09:15:29.053 INFO: Epoch 41: head: Default, loss=0.01319900, RMSE_E_per_atom=   11.25 meV, RMSE_F=   72.32 meV / A
2026-10-01 09:16:20.579 INFO: Epoch 42: head: Default, loss=0.01323225, RMSE_E_per_atom=   11.07 meV, RMSE_F=   72.46 meV / A
2026-10-01 09:17:12.916 INFO: Epoch 43: head: Default, loss=0.01286365, RMSE_E_per_atom=   11.06 meV, RMSE_F=   71.45 meV / A
2026-10-01 09:18:04.838 INFO: Epoch 44: head: Default, loss=0.01289358, RMSE_E_per_atom=   11.64 meV, RMSE_F=   71.51 meV / A
2026-10-01 09:18:57.141 INFO: Epoch 45: head: Default, loss=0.01286570, RMSE_E_per_atom=   12.24 meV, RMSE_F=   71.43 meV / A
2026-10-01 09:19:49.339 INFO: Epoch 46: head: Default, loss=0.01320121, RMSE_E_per_atom=   11.79 meV, RMSE_F=   72.37 meV / A
2026-10-01 09:20:40.681 INFO: Epoch 47: head: Default, loss=0.01286764, RMSE_E_per_atom=   11.94 meV, RMSE_F=   71.45 meV / A
2026-10-01 09:21:32.496 INFO: Epoch 48: head: Default, loss=0.01245213, RMSE_E_per_atom=   11.79 meV, RMSE_F=   70.29 meV / A
2026-10-01 09:22:24.496 INFO: Epoch 49: head: Default, loss=0.01196106, RMSE_E_per_atom=   11.06 meV, RMSE_F=   68.90 meV / A
2026-10-01 09:23:16.533 INFO: Epoch 50: head: Default, loss=0.01178876, RMSE_E_per_atom=   10.69 meV, RMSE_F=   68.41 meV / A
2026-10-01 09:24:08.885 INFO: Epoch 51: head: Default, loss=0.01155692, RMSE_E_per_atom=   10.43 meV, RMSE_F=   67.74 meV / A
2026-10-01 09:25:00.316 INFO: Epoch 52: head: Default, loss=0.01144965, RMSE_E_per_atom=   10.44 meV, RMSE_F=   67.41 meV / A
2026-10-01 09:25:53.166 INFO: Epoch 53: head: Default, loss=0.01124814, RMSE_E_per_atom=   10.19 meV, RMSE_F=   66.82 meV / A
2026-10-01 09:26:45.825 INFO: Epoch 54: head: Default, loss=0.01097626, RMSE_E_per_atom=   10.15 meV, RMSE_F=   66.00 meV / A
2026-10-01 09:27:37.030 INFO: Epoch 55: head: Default, loss=0.01076194, RMSE_E_per_atom=    9.96 meV, RMSE_F=   65.35 meV / A
2026-10-01 09:28:29.202 INFO: Epoch 56: head: Default, loss=0.01051127, RMSE_E_per_atom=    9.78 meV, RMSE_F=   64.59 meV / A
2026-10-01 09:29:21.579 INFO: Epoch 57: head: Default, loss=0.01037689, RMSE_E_per_atom=    9.63 meV, RMSE_F=   64.16 meV / A
2026-10-01 09:30:13.522 INFO: Epoch 58: head: Default, loss=0.01028135, RMSE_E_per_atom=    9.49 meV, RMSE_F=   63.88 meV / A
2026-10-01 09:31:05.719 INFO: Epoch 59: head: Default, loss=0.01030187, RMSE_E_per_atom=    9.45 meV, RMSE_F=   63.95 meV / A
2026-10-01 09:31:05.719 INFO: Training complete
2026-10-01 09:31:05.719 INFO: 
2026-10-01 09:31:05.719 INFO: ===========RESULTS===========
2026-10-01 09:31:05.720 INFO: Loading checkpoint: ./checkpoints/mace_multitm_model_run-123_epoch-59.pt
2026-10-01 09:31:05.741 INFO: Loaded Stage one model from epoch 59 for evaluation
2026-10-01 09:31:05.742 INFO: Saving model to checkpoints/mace_multitm_model_run-123.model
2026-10-01 09:31:05.889 INFO: Compiling model, saving metadata to mace_multitm_model_compiled.model
2026-10-01 09:31:06.527 INFO: Computing metrics for training, validation, and test sets
2026-10-01 09:31:06.528 INFO: Skipping evaluation for heads: ['pt_head']
2026-10-01 09:31:06.528 INFO: Evaluating train_Default ...
2026-10-01 09:31:20.531 INFO: Evaluating valid_Default ...
2026-10-01 09:31:22.998 INFO: Error-table on TRAIN and VALID:
+---------------+---------------------+------------------+-------------------+
|  config_type  | RMSE E / meV / atom | RMSE F / meV / A | relative F RMSE % |
+---------------+---------------------+------------------+-------------------+
| train_Default |           15.0      |         64.1     |          3.26     |
| valid_Default |           11.1      |         74.9     |          3.83     |
+---------------+---------------------+------------------+-------------------+
2026-10-01 09:31:40.571 INFO: Done
2026-10-01 09:54:28.211 INFO: ===========VERIFYING SETTINGS===========
2026-10-01 09:54:28.211 INFO: MACE version: 0.3.16
2026-10-01 09:54:28.211 INFO: Using CPU
2026-10-01 09:54:28.250 INFO: ===========LOADING INPUT DATA===========
2026-10-01 09:54:28.250 INFO: Using heads: ['Default']
2026-10-01 09:54:28.250 INFO: Using the key specifications to parse data:
2026-10-01 09:54:28.250 INFO: Default: KeySpecification(info_keys={'energy': 'energy', 'stress': 'REF_stress', 'virials': 'REF_virials', 'dipole': 'dipole', 'head': 'head', 'elec_temp': 'elec_temp', 'total_charge': 'total_charge', 'polarizability': 'polarizability', 'total_spin': 'total_spin'}, arrays_keys={'forces': 'forces', 'charges': 'REF_charges'})
2026-10-01 09:54:28.250 INFO: =============    Processing head Default     ===========
2026-10-01 09:54:28.316 WARNING: Since ASE version 3.23.0b1, using energy_key 'energy' is no longer safe when communicating between MACE and ASE. We recommend using a different key, rewriting 'energy' to 'REF_energy'. You need to use --energy_key='REF_energy' to specify the chosen key name.
2026-10-01 09:54:28.327 WARNING: Since ASE version 3.23.0b1, using forces_key 'forces' is no longer safe when communicating between MACE and ASE. We recommend using a different key, rewriting 'forces' to 'REF_forces'. You need to use --forces_key='REF_forces' to specify the chosen key name.
2026-10-01 09:54:28.342 INFO: Training set 1/1 [energy: 187, stress: 0, virials: 0, dipole components: 0, head: 187, elec_temp: 0, total_charge: 0, polarizability: 0, total_spin: 0, forces: 187, charges: 0]
2026-10-01 09:54:28.343 INFO: Total Training set [energy: 187, stress: 0, virials: 0, dipole components: 0, head: 187, elec_temp: 0, total_charge: 0, polarizability: 0, total_spin: 0, forces: 187, charges: 0]
2026-10-01 09:54:28.361 WARNING: Since ASE version 3.23.0b1, using energy_key 'energy' is no longer safe when communicating between MACE and ASE. We recommend using a different key, rewriting 'energy' to 'REF_energy'. You need to use --energy_key='REF_energy' to specify the chosen key name.
2026-10-01 09:54:28.363 WARNING: Since ASE version 3.23.0b1, using forces_key 'forces' is no longer safe when communicating between MACE and ASE. We recommend using a different key, rewriting 'forces' to 'REF_forces'. You need to use --forces_key='REF_forces' to specify the chosen key name.
2026-10-01 09:54:28.367 INFO: Validation set 1/1 [energy: 33, stress: 0, virials: 0, dipole components: 0, head: 33, elec_temp: 0, total_charge: 0, polarizability: 0, total_spin: 0, forces: 33, charges: 0]
2026-10-01 09:54:28.367 INFO: Total Validation set [energy: 33, stress: 0, virials: 0, dipole components: 0, head: 33, elec_temp: 0, total_charge: 0, polarizability: 0, total_spin: 0, forces: 33, charges: 0]
2026-10-01 09:54:28.367 INFO: Total number of configurations: train=187, valid=33, tests=[],
2026-10-01 09:54:28.368 INFO: Using atomic numbers from command line argument
2026-10-01 09:54:28.368 INFO: Atomic Numbers used: [1, 6, 7, 27, 28, 46]
2026-10-01 09:54:28.368 INFO: Isolated Atomic Energies (E0s) not in training file, using command line argument
2026-10-01 09:54:28.368 INFO: Computing average Atomic Energies using least squares regression
2026-10-01 09:54:28.370 INFO: Atomic Energies used (z: eV) for head Default: {1: -7.157444524841892, 6: -8.888543690676043, 7: -8.478930937547151, 27: -0.17778066170442997, 28: 1.4145339101805425, 46: -1.5911915061949484}
2026-10-01 09:54:28.370 INFO: Processing datasets for head 'Default'
2026-10-01 09:54:28.476 INFO: Combining 1 list datasets for head 'Default'
2026-10-01 09:54:28.495 INFO: Combining 1 list datasets for head 'Default_valid'
2026-10-01 09:54:28.495 INFO: Combined validation datasets for Default
2026-10-01 09:54:28.495 INFO: Head 'Default' training dataset size: 187
2026-10-01 09:54:28.495 INFO: Computing average number of neighbors
2026-10-01 09:54:28.560 INFO: Average number of neighbors: 29.695999145507812
2026-10-01 09:54:28.560 INFO: During training the following quantities will be reported: energy, forces
2026-10-01 09:54:28.560 INFO: ===========MODEL DETAILS===========
2026-10-01 09:54:28.622 INFO: Building model
2026-10-01 09:54:28.622 INFO: Message passing with 64 channels and max_L=1 (64x0e + 64x1o)
2026-10-01 09:54:28.622 INFO: 2 layers, each with correlation order: 3 (body order: 4) and spherical harmonics up to: l=3
2026-10-01 09:54:28.622 INFO: 8 radial and 5 basis functions
2026-10-01 09:54:28.622 INFO: Radial cutoff: 5.0 A (total receptive field for each atom: 10.0 A)
2026-10-01 09:54:28.622 INFO: Distance transform for radial basis functions: None
2026-10-01 09:54:28.622 INFO: Hidden irreps: 64x0e + 64x1o
2026-10-01 09:54:29.547 INFO: ===========OPTIMIZER INFORMATION===========
2026-10-01 09:54:29.547 INFO: Using ADAM as parameter optimizer
2026-10-01 09:54:29.547 INFO: Batch size: 4
2026-10-01 09:54:29.547 INFO: Using Exponential Moving Average with decay: 0.99
2026-10-01 09:54:29.547 INFO: Number of gradient updates: 2805
2026-10-01 09:54:29.547 INFO: Learning rate: 0.01, weight decay: 5e-07
2026-10-01 09:54:29.547 INFO: WeightedEnergyForcesLoss(energy_weight=1.000, forces_weight=10.000)
2026-10-01 09:54:29.547 INFO: === Layer's learning rates ===
2026-10-01 09:54:29.548 INFO: Param group 0: lr = 0.01
2026-10-01 09:54:29.548 INFO: Param group 1: lr = 0.01
2026-10-01 09:54:29.548 INFO: Param group 2: lr = 0.01
2026-10-01 09:54:29.548 INFO: Param group 3: lr = 0.01
2026-10-01 09:54:29.548 INFO: Param group 4: lr = 0.01
2026-10-01 09:54:29.548 INFO: Using gradient clipping with tolerance=10.000
2026-10-01 09:54:29.548 INFO: 
2026-10-01 09:54:29.548 INFO: ===========TRAINING===========
2026-10-01 09:54:29.548 INFO: Started training, reporting errors on validation set
2026-10-01 09:54:29.548 INFO: Loss metrics on validation set
2026-10-01 09:54:32.927 INFO: Initial: head: Default, loss=9.81795311, RMSE_E_per_atom=  682.92 meV, RMSE_F= 1967.98 meV / A
2026-10-01 09:55:26.178 INFO: Epoch 0: head: Default, loss=0.71319073, RMSE_E_per_atom=   65.42 meV, RMSE_F=  520.55 meV / A
2026-10-01 09:56:18.538 INFO: Epoch 1: head: Default, loss=0.25057197, RMSE_E_per_atom=   47.90 meV, RMSE_F=  313.68 meV / A
2026-10-01 09:57:10.544 INFO: Epoch 2: head: Default, loss=0.15433325, RMSE_E_per_atom=   41.97 meV, RMSE_F=  246.92 meV / A
2026-10-01 09:58:02.386 INFO: Epoch 3: head: Default, loss=0.11503781, RMSE_E_per_atom=   39.64 meV, RMSE_F=  213.23 meV / A
2026-10-01 09:58:54.879 INFO: Epoch 4: head: Default, loss=0.09278760, RMSE_E_per_atom=   37.05 meV, RMSE_F=  191.58 meV / A
2026-10-01 09:59:47.098 INFO: Epoch 5: head: Default, loss=0.08057842, RMSE_E_per_atom=   39.44 meV, RMSE_F=  178.29 meV / A
2026-10-01 10:00:40.049 INFO: Epoch 6: head: Default, loss=0.07017152, RMSE_E_per_atom=   40.27 meV, RMSE_F=  166.54 meV / A
2026-10-01 10:01:31.462 INFO: Epoch 7: head: Default, loss=0.05958866, RMSE_E_per_atom=   35.37 meV, RMSE_F=  153.61 meV / A
2026-10-01 10:02:23.735 INFO: Epoch 8: head: Default, loss=0.05364072, RMSE_E_per_atom=   31.72 meV, RMSE_F=  145.70 meV / A
2026-10-01 10:03:16.422 INFO: Epoch 9: head: Default, loss=0.04792585, RMSE_E_per_atom=   28.78 meV, RMSE_F=  137.82 meV / A
2026-10-01 10:04:09.738 INFO: Epoch 10: head: Default, loss=0.04506283, RMSE_E_per_atom=   26.77 meV, RMSE_F=  133.55 meV / A
2026-10-01 10:05:02.442 INFO: Epoch 11: head: Default, loss=0.04175820, RMSE_E_per_atom=   25.72 meV, RMSE_F=  128.54 meV / A
2026-10-01 10:05:54.781 INFO: Epoch 12: head: Default, loss=0.03914969, RMSE_E_per_atom=   24.26 meV, RMSE_F=  124.53 meV / A
2026-10-01 10:06:47.383 INFO: Epoch 13: head: Default, loss=0.03677442, RMSE_E_per_atom=   22.92 meV, RMSE_F=  120.63 meV / A
2026-10-01 10:07:39.312 INFO: Epoch 14: head: Default, loss=0.03427511, RMSE_E_per_atom=   22.03 meV, RMSE_F=  116.48 meV / A
2026-10-01 10:08:31.207 INFO: Epoch 15: head: Default, loss=0.03268428, RMSE_E_per_atom=   21.09 meV, RMSE_F=  113.79 meV / A
2026-10-01 10:09:23.833 INFO: Epoch 16: head: Default, loss=0.03164250, RMSE_E_per_atom=   20.01 meV, RMSE_F=  111.99 meV / A
2026-10-01 10:10:15.890 INFO: Epoch 17: head: Default, loss=0.03026459, RMSE_E_per_atom=   18.78 meV, RMSE_F=  109.53 meV / A
2026-10-01 10:11:08.003 INFO: Epoch 18: head: Default, loss=0.02940978, RMSE_E_per_atom=   18.47 meV, RMSE_F=  107.93 meV / A
2026-10-01 10:12:00.406 INFO: Epoch 19: head: Default, loss=0.02800526, RMSE_E_per_atom=   18.30 meV, RMSE_F=  105.29 meV / A
2026-10-01 10:12:52.531 INFO: Epoch 20: head: Default, loss=0.02679782, RMSE_E_per_atom=   17.95 meV, RMSE_F=  102.96 meV / A
2026-10-01 10:13:44.993 INFO: Epoch 21: head: Default, loss=0.02564826, RMSE_E_per_atom=   17.12 meV, RMSE_F=  100.75 meV / A
2026-10-01 10:14:37.453 INFO: Epoch 22: head: Default, loss=0.02443117, RMSE_E_per_atom=   16.87 meV, RMSE_F=   98.29 meV / A
2026-10-01 10:15:29.236 INFO: Epoch 23: head: Default, loss=0.02349437, RMSE_E_per_atom=   16.84 meV, RMSE_F=   96.35 meV / A
2026-10-01 10:16:20.753 INFO: Epoch 24: head: Default, loss=0.02261912, RMSE_E_per_atom=   16.65 meV, RMSE_F=   94.56 meV / A
2026-10-01 10:17:12.948 INFO: Epoch 25: head: Default, loss=0.02164402, RMSE_E_per_atom=   16.28 meV, RMSE_F=   92.48 meV / A
2026-10-01 10:18:03.710 INFO: Epoch 26: head: Default, loss=0.02109360, RMSE_E_per_atom=   15.54 meV, RMSE_F=   91.35 meV / A
2026-10-01 10:18:56.582 INFO: Epoch 27: head: Default, loss=0.01981224, RMSE_E_per_atom=   14.78 meV, RMSE_F=   88.53 meV / A
2026-10-01 10:19:48.247 INFO: Epoch 28: head: Default, loss=0.01924108, RMSE_E_per_atom=   14.29 meV, RMSE_F=   87.26 meV / A
2026-10-01 10:20:40.817 INFO: Epoch 29: head: Default, loss=0.01876059, RMSE_E_per_atom=   14.13 meV, RMSE_F=   86.18 meV / A
2026-10-01 10:21:32.105 INFO: Epoch 30: head: Default, loss=0.01804043, RMSE_E_per_atom=   13.77 meV, RMSE_F=   84.53 meV / A
2026-10-01 10:22:23.959 INFO: Epoch 31: head: Default, loss=0.01715931, RMSE_E_per_atom=   13.33 meV, RMSE_F=   82.46 meV / A
2026-10-01 10:23:16.419 INFO: Epoch 32: head: Default, loss=0.01667425, RMSE_E_per_atom=   13.26 meV, RMSE_F=   81.29 meV / A
2026-10-01 10:24:07.719 INFO: Epoch 33: head: Default, loss=0.01617707, RMSE_E_per_atom=   13.58 meV, RMSE_F=   80.07 meV / A
2026-10-01 10:24:59.763 INFO: Epoch 34: head: Default, loss=0.01568613, RMSE_E_per_atom=   13.02 meV, RMSE_F=   78.86 meV / A
2026-10-01 10:25:51.370 INFO: Epoch 35: head: Default, loss=0.01524906, RMSE_E_per_atom=   12.78 meV, RMSE_F=   77.75 meV / A
2026-10-01 10:26:42.955 INFO: Epoch 36: head: Default, loss=0.01476905, RMSE_E_per_atom=   12.62 meV, RMSE_F=   76.55 meV / A
2026-10-01 10:27:34.222 INFO: Epoch 37: head: Default, loss=0.01448141, RMSE_E_per_atom=   12.19 meV, RMSE_F=   75.79 meV / A
2026-10-01 10:28:25.709 INFO: Epoch 38: head: Default, loss=0.01425227, RMSE_E_per_atom=   11.78 meV, RMSE_F=   75.19 meV / A
2026-10-01 10:29:17.574 INFO: Epoch 39: head: Default, loss=0.01392038, RMSE_E_per_atom=   11.70 meV, RMSE_F=   74.31 meV / A
2026-10-01 10:30:10.395 INFO: Epoch 40: head: Default, loss=0.01348819, RMSE_E_per_atom=   11.42 meV, RMSE_F=   73.13 meV / A
2026-10-01 10:31:02.480 INFO: Epoch 41: head: Default, loss=0.01319900, RMSE_E_per_atom=   11.25 meV, RMSE_F=   72.32 meV / A
2026-10-01 10:31:54.179 INFO: Epoch 42: head: Default, loss=0.01323225, RMSE_E_per_atom=   11.07 meV, RMSE_F=   72.46 meV / A
2026-10-01 10:32:45.257 INFO: Epoch 43: head: Default, loss=0.01286365, RMSE_E_per_atom=   11.06 meV, RMSE_F=   71.45 meV / A
2026-10-01 10:33:37.459 INFO: Epoch 44: head: Default, loss=0.01289358, RMSE_E_per_atom=   11.64 meV, RMSE_F=   71.51 meV / A
2026-10-01 10:34:29.399 INFO: Epoch 45: head: Default, loss=0.01286570, RMSE_E_per_atom=   12.24 meV, RMSE_F=   71.43 meV / A
2026-10-01 10:35:20.782 INFO: Epoch 46: head: Default, loss=0.01320121, RMSE_E_per_atom=   11.79 meV, RMSE_F=   72.37 meV / A
2026-10-01 10:36:12.075 INFO: Epoch 47: head: Default, loss=0.01286764, RMSE_E_per_atom=   11.94 meV, RMSE_F=   71.45 meV / A
2026-10-01 10:37:04.978 INFO: Epoch 48: head: Default, loss=0.01245213, RMSE_E_per_atom=   11.79 meV, RMSE_F=   70.29 meV / A
2026-10-01 10:37:57.644 INFO: Epoch 49: head: Default, loss=0.01196106, RMSE_E_per_atom=   11.06 meV, RMSE_F=   68.90 meV / A
2026-10-01 10:38:49.896 INFO: Epoch 50: head: Default, loss=0.01178876, RMSE_E_per_atom=   10.69 meV, RMSE_F=   68.41 meV / A
2026-10-01 10:39:42.353 INFO: Epoch 51: head: Default, loss=0.01155692, RMSE_E_per_atom=   10.43 meV, RMSE_F=   67.74 meV / A
2026-10-01 10:40:33.651 INFO: Epoch 52: head: Default, loss=0.01144965, RMSE_E_per_atom=   10.44 meV, RMSE_F=   67.41 meV / A
2026-10-01 10:41:26.297 INFO: Epoch 53: head: Default, loss=0.01124814, RMSE_E_per_atom=   10.19 meV, RMSE_F=   66.82 meV / A
2026-10-01 10:42:17.187 INFO: Epoch 54: head: Default, loss=0.01097626, RMSE_E_per_atom=   10.15 meV, RMSE_F=   66.00 meV / A
2026-10-01 10:43:09.954 INFO: Epoch 55: head: Default, loss=0.01076194, RMSE_E_per_atom=    9.96 meV, RMSE_F=   65.35 meV / A
2026-10-01 10:44:02.632 INFO: Epoch 56: head: Default, loss=0.01051127, RMSE_E_per_atom=    9.78 meV, RMSE_F=   64.59 meV / A
2026-10-01 10:44:54.887 INFO: Epoch 57: head: Default, loss=0.01037689, RMSE_E_per_atom=    9.63 meV, RMSE_F=   64.16 meV / A
2026-10-01 10:45:47.626 INFO: Epoch 58: head: Default, loss=0.01028135, RMSE_E_per_atom=    9.49 meV, RMSE_F=   63.88 meV / A
2026-10-01 10:46:40.350 INFO: Epoch 59: head: Default, loss=0.01030187, RMSE_E_per_atom=    9.45 meV, RMSE_F=   63.95 meV / A
2026-10-01 10:46:40.350 INFO: Training complete
2026-10-01 10:46:40.350 INFO: 
2026-10-01 10:46:40.350 INFO: ===========RESULTS===========
2026-10-01 10:46:40.351 INFO: Loading checkpoint: ./checkpoints/mace_multitm_model_run-123_epoch-59.pt
2026-10-01 10:46:40.374 INFO: Loaded Stage one model from epoch 59 for evaluation
2026-10-01 10:46:40.374 INFO: Saving model to checkpoints/mace_multitm_model_run-123.model
2026-10-01 10:46:40.526 INFO: Compiling model, saving metadata to mace_multitm_model_compiled.model
2026-10-01 10:46:41.147 INFO: Computing metrics for training, validation, and test sets
2026-10-01 10:46:41.147 INFO: Skipping evaluation for heads: ['pt_head']
2026-10-01 10:46:41.147 INFO: Evaluating train_Default ...
2026-10-01 10:46:56.177 INFO: Evaluating valid_Default ...
2026-10-01 10:46:58.830 INFO: Error-table on TRAIN and VALID:
+---------------+---------------------+------------------+-------------------+
|  config_type  | RMSE E / meV / atom | RMSE F / meV / A | relative F RMSE % |
+---------------+---------------------+------------------+-------------------+
| train_Default |           15.0      |         64.1     |          3.26     |
| valid_Default |           11.1      |         74.9     |          3.83     |
+---------------+---------------------+------------------+-------------------+
2026-10-01 10:47:17.747 INFO: Done
2026-10-01 11:10:08.139 INFO: ===========VERIFYING SETTINGS===========
2026-10-01 11:10:08.139 INFO: MACE version: 0.3.16
2026-10-01 11:10:08.139 INFO: Using CPU
2026-10-01 11:10:08.184 INFO: ===========LOADING INPUT DATA===========
2026-10-01 11:10:08.184 INFO: Using heads: ['Default']
2026-10-01 11:10:08.184 INFO: Using the key specifications to parse data:
2026-10-01 11:10:08.185 INFO: Default: KeySpecification(info_keys={'energy': 'energy', 'stress': 'REF_stress', 'virials': 'REF_virials', 'dipole': 'dipole', 'head': 'head', 'elec_temp': 'elec_temp', 'total_charge': 'total_charge', 'polarizability': 'polarizability', 'total_spin': 'total_spin'}, arrays_keys={'forces': 'forces', 'charges': 'REF_charges'})
2026-10-01 11:10:08.185 INFO: =============    Processing head Default     ===========
2026-10-01 11:10:08.249 WARNING: Since ASE version 3.23.0b1, using energy_key 'energy' is no longer safe when communicating between MACE and ASE. We recommend using a different key, rewriting 'energy' to 'REF_energy'. You need to use --energy_key='REF_energy' to specify the chosen key name.
2026-10-01 11:10:08.262 WARNING: Since ASE version 3.23.0b1, using forces_key 'forces' is no longer safe when communicating between MACE and ASE. We recommend using a different key, rewriting 'forces' to 'REF_forces'. You need to use --forces_key='REF_forces' to specify the chosen key name.
2026-10-01 11:10:08.279 INFO: Training set 1/1 [energy: 187, stress: 0, virials: 0, dipole components: 0, head: 187, elec_temp: 0, total_charge: 0, polarizability: 0, total_spin: 0, forces: 187, charges: 0]
2026-10-01 11:10:08.280 INFO: Total Training set [energy: 187, stress: 0, virials: 0, dipole components: 0, head: 187, elec_temp: 0, total_charge: 0, polarizability: 0, total_spin: 0, forces: 187, charges: 0]
2026-10-01 11:10:08.298 WARNING: Since ASE version 3.23.0b1, using energy_key 'energy' is no longer safe when communicating between MACE and ASE. We recommend using a different key, rewriting 'energy' to 'REF_energy'. You need to use --energy_key='REF_energy' to specify the chosen key name.
2026-10-01 11:10:08.301 WARNING: Since ASE version 3.23.0b1, using forces_key 'forces' is no longer safe when communicating between MACE and ASE. We recommend using a different key, rewriting 'forces' to 'REF_forces'. You need to use --forces_key='REF_forces' to specify the chosen key name.
2026-10-01 11:10:08.304 INFO: Validation set 1/1 [energy: 33, stress: 0, virials: 0, dipole components: 0, head: 33, elec_temp: 0, total_charge: 0, polarizability: 0, total_spin: 0, forces: 33, charges: 0]
2026-10-01 11:10:08.304 INFO: Total Validation set [energy: 33, stress: 0, virials: 0, dipole components: 0, head: 33, elec_temp: 0, total_charge: 0, polarizability: 0, total_spin: 0, forces: 33, charges: 0]
2026-10-01 11:10:08.304 INFO: Total number of configurations: train=187, valid=33, tests=[],
2026-10-01 11:10:08.305 INFO: Using atomic numbers from command line argument
2026-10-01 11:10:08.305 INFO: Atomic Numbers used: [1, 6, 7, 27, 28, 46]
2026-10-01 11:10:08.305 INFO: Isolated Atomic Energies (E0s) not in training file, using command line argument
2026-10-01 11:10:08.305 INFO: Computing average Atomic Energies using least squares regression
2026-10-01 11:10:08.306 INFO: Atomic Energies used (z: eV) for head Default: {1: -7.157444524841892, 6: -8.888543690676043, 7: -8.478930937547151, 27: -0.17778066170442997, 28: 1.4145339101805425, 46: -1.5911915061949484}
2026-10-01 11:10:08.306 INFO: Processing datasets for head 'Default'
2026-10-01 11:10:08.413 INFO: Combining 1 list datasets for head 'Default'
2026-10-01 11:10:08.432 INFO: Combining 1 list datasets for head 'Default_valid'
2026-10-01 11:10:08.432 INFO: Combined validation datasets for Default
2026-10-01 11:10:08.432 INFO: Head 'Default' training dataset size: 187
2026-10-01 11:10:08.432 INFO: Computing average number of neighbors
2026-10-01 11:10:08.500 INFO: Average number of neighbors: 29.695999145507812
2026-10-01 11:10:08.500 INFO: During training the following quantities will be reported: energy, forces
2026-10-01 11:10:08.500 INFO: ===========MODEL DETAILS===========
2026-10-01 11:10:08.561 INFO: Building model
2026-10-01 11:10:08.561 INFO: Message passing with 64 channels and max_L=1 (64x0e + 64x1o)
2026-10-01 11:10:08.561 INFO: 2 layers, each with correlation order: 3 (body order: 4) and spherical harmonics up to: l=3
2026-10-01 11:10:08.561 INFO: 8 radial and 5 basis functions
2026-10-01 11:10:08.561 INFO: Radial cutoff: 5.0 A (total receptive field for each atom: 10.0 A)
2026-10-01 11:10:08.561 INFO: Distance transform for radial basis functions: None
2026-10-01 11:10:08.561 INFO: Hidden irreps: 64x0e + 64x1o
2026-10-01 11:10:09.499 INFO: ===========OPTIMIZER INFORMATION===========
2026-10-01 11:10:09.499 INFO: Using ADAM as parameter optimizer
2026-10-01 11:10:09.499 INFO: Batch size: 4
2026-10-01 11:10:09.499 INFO: Using Exponential Moving Average with decay: 0.99
2026-10-01 11:10:09.499 INFO: Number of gradient updates: 2805
2026-10-01 11:10:09.499 INFO: Learning rate: 0.01, weight decay: 5e-07
2026-10-01 11:10:09.499 INFO: WeightedEnergyForcesLoss(energy_weight=1.000, forces_weight=10.000)
2026-10-01 11:10:09.500 INFO: === Layer's learning rates ===
2026-10-01 11:10:09.500 INFO: Param group 0: lr = 0.01
2026-10-01 11:10:09.500 INFO: Param group 1: lr = 0.01
2026-10-01 11:10:09.500 INFO: Param group 2: lr = 0.01
2026-10-01 11:10:09.500 INFO: Param group 3: lr = 0.01
2026-10-01 11:10:09.500 INFO: Param group 4: lr = 0.01
2026-10-01 11:10:09.501 INFO: Using gradient clipping with tolerance=10.000
2026-10-01 11:10:09.501 INFO: 
2026-10-01 11:10:09.501 INFO: ===========TRAINING===========
2026-10-01 11:10:09.501 INFO: Started training, reporting errors on validation set
2026-10-01 11:10:09.501 INFO: Loss metrics on validation set
2026-10-01 11:10:12.623 INFO: Initial: head: Default, loss=9.81795311, RMSE_E_per_atom=  682.92 meV, RMSE_F= 1967.98 meV / A
2026-10-01 11:11:04.433 INFO: Epoch 0: head: Default, loss=0.71319073, RMSE_E_per_atom=   65.42 meV, RMSE_F=  520.55 meV / A
2026-10-01 11:11:56.038 INFO: Epoch 1: head: Default, loss=0.25057197, RMSE_E_per_atom=   47.90 meV, RMSE_F=  313.68 meV / A
2026-10-01 11:12:47.782 INFO: Epoch 2: head: Default, loss=0.15433325, RMSE_E_per_atom=   41.97 meV, RMSE_F=  246.92 meV / A
2026-10-01 11:13:39.436 INFO: Epoch 3: head: Default, loss=0.11503781, RMSE_E_per_atom=   39.64 meV, RMSE_F=  213.23 meV / A
2026-10-01 11:14:31.318 INFO: Epoch 4: head: Default, loss=0.09278760, RMSE_E_per_atom=   37.05 meV, RMSE_F=  191.58 meV / A
2026-10-01 11:15:22.870 INFO: Epoch 5: head: Default, loss=0.08057842, RMSE_E_per_atom=   39.44 meV, RMSE_F=  178.29 meV / A
2026-10-01 11:16:14.854 INFO: Epoch 6: head: Default, loss=0.07017152, RMSE_E_per_atom=   40.27 meV, RMSE_F=  166.54 meV / A
2026-10-01 11:17:05.585 INFO: Epoch 7: head: Default, loss=0.05958866, RMSE_E_per_atom=   35.37 meV, RMSE_F=  153.61 meV / A
2026-10-01 11:17:57.153 INFO: Epoch 8: head: Default, loss=0.05364072, RMSE_E_per_atom=   31.72 meV, RMSE_F=  145.70 meV / A
2026-10-01 11:18:47.810 INFO: Epoch 9: head: Default, loss=0.04792585, RMSE_E_per_atom=   28.78 meV, RMSE_F=  137.82 meV / A
2026-10-01 11:19:39.774 INFO: Epoch 10: head: Default, loss=0.04506283, RMSE_E_per_atom=   26.77 meV, RMSE_F=  133.55 meV / A
2026-10-01 11:20:30.857 INFO: Epoch 11: head: Default, loss=0.04175820, RMSE_E_per_atom=   25.72 meV, RMSE_F=  128.54 meV / A
2026-10-01 11:21:22.926 INFO: Epoch 12: head: Default, loss=0.03914969, RMSE_E_per_atom=   24.26 meV, RMSE_F=  124.53 meV / A
2026-10-01 11:22:15.085 INFO: Epoch 13: head: Default, loss=0.03677442, RMSE_E_per_atom=   22.92 meV, RMSE_F=  120.63 meV / A
2026-10-01 11:23:07.197 INFO: Epoch 14: head: Default, loss=0.03427511, RMSE_E_per_atom=   22.03 meV, RMSE_F=  116.48 meV / A
2026-10-01 11:23:58.688 INFO: Epoch 15: head: Default, loss=0.03268428, RMSE_E_per_atom=   21.09 meV, RMSE_F=  113.79 meV / A
2026-10-01 11:24:50.264 INFO: Epoch 16: head: Default, loss=0.03164250, RMSE_E_per_atom=   20.01 meV, RMSE_F=  111.99 meV / A
2026-10-01 11:25:42.405 INFO: Epoch 17: head: Default, loss=0.03026459, RMSE_E_per_atom=   18.78 meV, RMSE_F=  109.53 meV / A
2026-10-01 11:26:33.598 INFO: Epoch 18: head: Default, loss=0.02940978, RMSE_E_per_atom=   18.47 meV, RMSE_F=  107.93 meV / A
2026-10-01 11:27:25.414 INFO: Epoch 19: head: Default, loss=0.02800526, RMSE_E_per_atom=   18.30 meV, RMSE_F=  105.29 meV / A
2026-10-01 11:28:16.474 INFO: Epoch 20: head: Default, loss=0.02679782, RMSE_E_per_atom=   17.95 meV, RMSE_F=  102.96 meV / A
2026-10-01 11:29:07.512 INFO: Epoch 21: head: Default, loss=0.02564826, RMSE_E_per_atom=   17.12 meV, RMSE_F=  100.75 meV / A
2026-10-01 11:29:58.837 INFO: Epoch 22: head: Default, loss=0.02443117, RMSE_E_per_atom=   16.87 meV, RMSE_F=   98.29 meV / A
2026-10-01 11:30:50.448 INFO: Epoch 23: head: Default, loss=0.02349437, RMSE_E_per_atom=   16.84 meV, RMSE_F=   96.35 meV / A
2026-10-01 11:31:41.626 INFO: Epoch 24: head: Default, loss=0.02261912, RMSE_E_per_atom=   16.65 meV, RMSE_F=   94.56 meV / A
2026-10-01 11:32:33.219 INFO: Epoch 25: head: Default, loss=0.02164402, RMSE_E_per_atom=   16.28 meV, RMSE_F=   92.48 meV / A
2026-10-01 11:33:24.746 INFO: Epoch 26: head: Default, loss=0.02109360, RMSE_E_per_atom=   15.54 meV, RMSE_F=   91.35 meV / A
2026-10-01 11:34:16.670 INFO: Epoch 27: head: Default, loss=0.01981224, RMSE_E_per_atom=   14.78 meV, RMSE_F=   88.53 meV / A
2026-10-01 11:35:08.247 INFO: Epoch 28: head: Default, loss=0.01924108, RMSE_E_per_atom=   14.29 meV, RMSE_F=   87.26 meV / A
2026-10-01 11:35:59.731 INFO: Epoch 29: head: Default, loss=0.01876059, RMSE_E_per_atom=   14.13 meV, RMSE_F=   86.18 meV / A
2026-10-01 11:36:51.956 INFO: Epoch 30: head: Default, loss=0.01804043, RMSE_E_per_atom=   13.77 meV, RMSE_F=   84.53 meV / A
2026-10-01 11:37:43.707 INFO: Epoch 31: head: Default, loss=0.01715931, RMSE_E_per_atom=   13.33 meV, RMSE_F=   82.46 meV / A
2026-10-01 11:38:35.482 INFO: Epoch 32: head: Default, loss=0.01667425, RMSE_E_per_atom=   13.26 meV, RMSE_F=   81.29 meV / A
2026-10-01 11:39:27.060 INFO: Epoch 33: head: Default, loss=0.01617707, RMSE_E_per_atom=   13.58 meV, RMSE_F=   80.07 meV / A
2026-10-01 11:40:18.954 INFO: Epoch 34: head: Default, loss=0.01568613, RMSE_E_per_atom=   13.02 meV, RMSE_F=   78.86 meV / A
2026-10-01 11:41:10.573 INFO: Epoch 35: head: Default, loss=0.01524906, RMSE_E_per_atom=   12.78 meV, RMSE_F=   77.75 meV / A
2026-10-01 11:42:02.431 INFO: Epoch 36: head: Default, loss=0.01476905, RMSE_E_per_atom=   12.62 meV, RMSE_F=   76.55 meV / A
2026-10-01 11:42:54.538 INFO: Epoch 37: head: Default, loss=0.01448141, RMSE_E_per_atom=   12.19 meV, RMSE_F=   75.79 meV / A
2026-10-01 11:43:45.905 INFO: Epoch 38: head: Default, loss=0.01425227, RMSE_E_per_atom=   11.78 meV, RMSE_F=   75.19 meV / A
2026-10-01 11:44:37.481 INFO: Epoch 39: head: Default, loss=0.01392038, RMSE_E_per_atom=   11.70 meV, RMSE_F=   74.31 meV / A
2026-10-01 11:45:29.006 INFO: Epoch 40: head: Default, loss=0.01348819, RMSE_E_per_atom=   11.42 meV, RMSE_F=   73.13 meV / A
2026-10-01 11:46:21.277 INFO: Epoch 41: head: Default, loss=0.01319900, RMSE_E_per_atom=   11.25 meV, RMSE_F=   72.32 meV / A
2026-10-01 11:47:14.064 INFO: Epoch 42: head: Default, loss=0.01323225, RMSE_E_per_atom=   11.07 meV, RMSE_F=   72.46 meV / A
2026-10-01 11:48:06.065 INFO: Epoch 43: head: Default, loss=0.01286365, RMSE_E_per_atom=   11.06 meV, RMSE_F=   71.45 meV / A
2026-10-01 11:48:58.356 INFO: Epoch 44: head: Default, loss=0.01289358, RMSE_E_per_atom=   11.64 meV, RMSE_F=   71.51 meV / A
2026-10-01 11:49:50.283 INFO: Epoch 45: head: Default, loss=0.01286570, RMSE_E_per_atom=   12.24 meV, RMSE_F=   71.43 meV / A
2026-10-01 11:50:42.243 INFO: Epoch 46: head: Default, loss=0.01320121, RMSE_E_per_atom=   11.79 meV, RMSE_F=   72.37 meV / A
2026-10-01 11:51:34.329 INFO: Epoch 47: head: Default, loss=0.01286764, RMSE_E_per_atom=   11.94 meV, RMSE_F=   71.45 meV / A
2026-10-01 11:52:26.217 INFO: Epoch 48: head: Default, loss=0.01245213, RMSE_E_per_atom=   11.79 meV, RMSE_F=   70.29 meV / A
2026-10-01 11:53:18.129 INFO: Epoch 49: head: Default, loss=0.01196106, RMSE_E_per_atom=   11.06 meV, RMSE_F=   68.90 meV / A
2026-10-01 11:54:10.666 INFO: Epoch 50: head: Default, loss=0.01178876, RMSE_E_per_atom=   10.69 meV, RMSE_F=   68.41 meV / A
2026-10-01 11:55:02.566 INFO: Epoch 51: head: Default, loss=0.01155692, RMSE_E_per_atom=   10.43 meV, RMSE_F=   67.74 meV / A
2026-10-01 11:55:55.182 INFO: Epoch 52: head: Default, loss=0.01144965, RMSE_E_per_atom=   10.44 meV, RMSE_F=   67.41 meV / A
2026-10-01 11:56:47.213 INFO: Epoch 53: head: Default, loss=0.01124814, RMSE_E_per_atom=   10.19 meV, RMSE_F=   66.82 meV / A
2026-10-01 11:57:39.386 INFO: Epoch 54: head: Default, loss=0.01097626, RMSE_E_per_atom=   10.15 meV, RMSE_F=   66.00 meV / A
2026-10-01 11:58:30.500 INFO: Epoch 55: head: Default, loss=0.01076194, RMSE_E_per_atom=    9.96 meV, RMSE_F=   65.35 meV / A
2026-10-01 11:59:22.112 INFO: Epoch 56: head: Default, loss=0.01051127, RMSE_E_per_atom=    9.78 meV, RMSE_F=   64.59 meV / A
2026-10-01 12:00:14.059 INFO: Epoch 57: head: Default, loss=0.01037689, RMSE_E_per_atom=    9.63 meV, RMSE_F=   64.16 meV / A
2026-10-01 12:01:06.014 INFO: Epoch 58: head: Default, loss=0.01028135, RMSE_E_per_atom=    9.49 meV, RMSE_F=   63.88 meV / A
2026-10-01 12:01:57.996 INFO: Epoch 59: head: Default, loss=0.01030187, RMSE_E_per_atom=    9.45 meV, RMSE_F=   63.95 meV / A
2026-10-01 12:01:57.997 INFO: Training complete
2026-10-01 12:01:57.997 INFO: 
2026-10-01 12:01:57.997 INFO: ===========RESULTS===========
2026-10-01 12:01:57.998 INFO: Loading checkpoint: ./checkpoints/mace_multitm_model_run-123_epoch-59.pt
2026-10-01 12:01:58.021 INFO: Loaded Stage one model from epoch 59 for evaluation
2026-10-01 12:01:58.021 INFO: Saving model to checkpoints/mace_multitm_model_run-123.model
2026-10-01 12:01:58.172 INFO: Compiling model, saving metadata to mace_multitm_model_compiled.model
2026-10-01 12:01:58.793 INFO: Computing metrics for training, validation, and test sets
2026-10-01 12:01:58.794 INFO: Skipping evaluation for heads: ['pt_head']
2026-10-01 12:01:58.794 INFO: Evaluating train_Default ...
2026-10-01 12:02:12.490 INFO: Evaluating valid_Default ...
2026-10-01 12:02:14.967 INFO: Error-table on TRAIN and VALID:
+---------------+---------------------+------------------+-------------------+
|  config_type  | RMSE E / meV / atom | RMSE F / meV / A | relative F RMSE % |
+---------------+---------------------+------------------+-------------------+
| train_Default |           15.0      |         64.1     |          3.26     |
| valid_Default |           11.1      |         74.9     |          3.83     |
+---------------+---------------------+------------------+-------------------+
2026-10-01 12:02:32.631 INFO: Done
2026-10-01 12:25:20.360 INFO: ===========VERIFYING SETTINGS===========
2026-10-01 12:25:20.360 INFO: MACE version: 0.3.16
2026-10-01 12:25:20.360 INFO: Using CPU
2026-10-01 12:25:20.401 INFO: ===========LOADING INPUT DATA===========
2026-10-01 12:25:20.401 INFO: Using heads: ['Default']
2026-10-01 12:25:20.401 INFO: Using the key specifications to parse data:
2026-10-01 12:25:20.401 INFO: Default: KeySpecification(info_keys={'energy': 'energy', 'stress': 'REF_stress', 'virials': 'REF_virials', 'dipole': 'dipole', 'head': 'head', 'elec_temp': 'elec_temp', 'total_charge': 'total_charge', 'polarizability': 'polarizability', 'total_spin': 'total_spin'}, arrays_keys={'forces': 'forces', 'charges': 'REF_charges'})
2026-10-01 12:25:20.401 INFO: =============    Processing head Default     ===========
2026-10-01 12:25:20.468 WARNING: Since ASE version 3.23.0b1, using energy_key 'energy' is no longer safe when communicating between MACE and ASE. We recommend using a different key, rewriting 'energy' to 'REF_energy'. You need to use --energy_key='REF_energy' to specify the chosen key name.
2026-10-01 12:25:20.481 WARNING: Since ASE version 3.23.0b1, using forces_key 'forces' is no longer safe when communicating between MACE and ASE. We recommend using a different key, rewriting 'forces' to 'REF_forces'. You need to use --forces_key='REF_forces' to specify the chosen key name.
2026-10-01 12:25:20.496 INFO: Training set 1/1 [energy: 187, stress: 0, virials: 0, dipole components: 0, head: 187, elec_temp: 0, total_charge: 0, polarizability: 0, total_spin: 0, forces: 187, charges: 0]
2026-10-01 12:25:20.497 INFO: Total Training set [energy: 187, stress: 0, virials: 0, dipole components: 0, head: 187, elec_temp: 0, total_charge: 0, polarizability: 0, total_spin: 0, forces: 187, charges: 0]
2026-10-01 12:25:20.515 WARNING: Since ASE version 3.23.0b1, using energy_key 'energy' is no longer safe when communicating between MACE and ASE. We recommend using a different key, rewriting 'energy' to 'REF_energy'. You need to use --energy_key='REF_energy' to specify the chosen key name.
2026-10-01 12:25:20.517 WARNING: Since ASE version 3.23.0b1, using forces_key 'forces' is no longer safe when communicating between MACE and ASE. We recommend using a different key, rewriting 'forces' to 'REF_forces'. You need to use --forces_key='REF_forces' to specify the chosen key name.
2026-10-01 12:25:20.520 INFO: Validation set 1/1 [energy: 33, stress: 0, virials: 0, dipole components: 0, head: 33, elec_temp: 0, total_charge: 0, polarizability: 0, total_spin: 0, forces: 33, charges: 0]
2026-10-01 12:25:20.521 INFO: Total Validation set [energy: 33, stress: 0, virials: 0, dipole components: 0, head: 33, elec_temp: 0, total_charge: 0, polarizability: 0, total_spin: 0, forces: 33, charges: 0]
2026-10-01 12:25:20.521 INFO: Total number of configurations: train=187, valid=33, tests=[],
2026-10-01 12:25:20.521 INFO: Using atomic numbers from command line argument
2026-10-01 12:25:20.521 INFO: Atomic Numbers used: [1, 6, 7, 27, 28, 46]
2026-10-01 12:25:20.521 INFO: Isolated Atomic Energies (E0s) not in training file, using command line argument
2026-10-01 12:25:20.521 INFO: Computing average Atomic Energies using least squares regression
2026-10-01 12:25:20.523 INFO: Atomic Energies used (z: eV) for head Default: {1: -7.157444524841892, 6: -8.888543690676043, 7: -8.478930937547151, 27: -0.17778066170442997, 28: 1.4145339101805425, 46: -1.5911915061949484}
2026-10-01 12:25:20.523 INFO: Processing datasets for head 'Default'
2026-10-01 12:25:20.628 INFO: Combining 1 list datasets for head 'Default'
2026-10-01 12:25:20.647 INFO: Combining 1 list datasets for head 'Default_valid'
2026-10-01 12:25:20.647 INFO: Combined validation datasets for Default
2026-10-01 12:25:20.647 INFO: Head 'Default' training dataset size: 187
2026-10-01 12:25:20.647 INFO: Computing average number of neighbors
2026-10-01 12:25:20.713 INFO: Average number of neighbors: 29.695999145507812
2026-10-01 12:25:20.713 INFO: During training the following quantities will be reported: energy, forces
2026-10-01 12:25:20.713 INFO: ===========MODEL DETAILS===========
2026-10-01 12:25:20.775 INFO: Building model
2026-10-01 12:25:20.775 INFO: Message passing with 64 channels and max_L=1 (64x0e + 64x1o)
2026-10-01 12:25:20.775 INFO: 2 layers, each with correlation order: 3 (body order: 4) and spherical harmonics up to: l=3
2026-10-01 12:25:20.775 INFO: 8 radial and 5 basis functions
2026-10-01 12:25:20.775 INFO: Radial cutoff: 5.0 A (total receptive field for each atom: 10.0 A)
2026-10-01 12:25:20.775 INFO: Distance transform for radial basis functions: None
2026-10-01 12:25:20.775 INFO: Hidden irreps: 64x0e + 64x1o
2026-10-01 12:25:21.704 INFO: ===========OPTIMIZER INFORMATION===========
2026-10-01 12:25:21.704 INFO: Using ADAM as parameter optimizer
2026-10-01 12:25:21.704 INFO: Batch size: 4
2026-10-01 12:25:21.704 INFO: Using Exponential Moving Average with decay: 0.99
2026-10-01 12:25:21.704 INFO: Number of gradient updates: 2805
2026-10-01 12:25:21.704 INFO: Learning rate: 0.01, weight decay: 5e-07
2026-10-01 12:25:21.704 INFO: WeightedEnergyForcesLoss(energy_weight=1.000, forces_weight=10.000)
2026-10-01 12:25:21.705 INFO: === Layer's learning rates ===
2026-10-01 12:25:21.705 INFO: Param group 0: lr = 0.01
2026-10-01 12:25:21.705 INFO: Param group 1: lr = 0.01
2026-10-01 12:25:21.705 INFO: Param group 2: lr = 0.01
2026-10-01 12:25:21.705 INFO: Param group 3: lr = 0.01
2026-10-01 12:25:21.705 INFO: Param group 4: lr = 0.01
2026-10-01 12:25:21.705 INFO: Using gradient clipping with tolerance=10.000
2026-10-01 12:25:21.705 INFO: 
2026-10-01 12:25:21.706 INFO: ===========TRAINING===========
2026-10-01 12:25:21.706 INFO: Started training, reporting errors on validation set
2026-10-01 12:25:21.706 INFO: Loss metrics on validation set
2026-10-01 12:25:24.886 INFO: Initial: head: Default, loss=9.81795311, RMSE_E_per_atom=  682.92 meV, RMSE_F= 1967.98 meV / A
2026-10-01 12:26:17.659 INFO: Epoch 0: head: Default, loss=0.71319073, RMSE_E_per_atom=   65.42 meV, RMSE_F=  520.55 meV / A
2026-10-01 12:27:09.733 INFO: Epoch 1: head: Default, loss=0.25057197, RMSE_E_per_atom=   47.90 meV, RMSE_F=  313.68 meV / A
2026-10-01 12:28:01.384 INFO: Epoch 2: head: Default, loss=0.15433325, RMSE_E_per_atom=   41.97 meV, RMSE_F=  246.92 meV / A
2026-10-01 12:28:52.635 INFO: Epoch 3: head: Default, loss=0.11503781, RMSE_E_per_atom=   39.64 meV, RMSE_F=  213.23 meV / A
2026-10-01 12:29:44.378 INFO: Epoch 4: head: Default, loss=0.09278760, RMSE_E_per_atom=   37.05 meV, RMSE_F=  191.58 meV / A
2026-10-01 12:30:35.892 INFO: Epoch 5: head: Default, loss=0.08057842, RMSE_E_per_atom=   39.44 meV, RMSE_F=  178.29 meV / A
2026-10-01 12:31:28.510 INFO: Epoch 6: head: Default, loss=0.07017152, RMSE_E_per_atom=   40.27 meV, RMSE_F=  166.54 meV / A
2026-10-01 12:32:20.446 INFO: Epoch 7: head: Default, loss=0.05958866, RMSE_E_per_atom=   35.37 meV, RMSE_F=  153.61 meV / A
2026-10-01 12:33:13.152 INFO: Epoch 8: head: Default, loss=0.05364072, RMSE_E_per_atom=   31.72 meV, RMSE_F=  145.70 meV / A
2026-10-01 12:34:05.424 INFO: Epoch 9: head: Default, loss=0.04792585, RMSE_E_per_atom=   28.78 meV, RMSE_F=  137.82 meV / A
2026-10-01 12:34:57.261 INFO: Epoch 10: head: Default, loss=0.04506283, RMSE_E_per_atom=   26.77 meV, RMSE_F=  133.55 meV / A
2026-10-01 12:35:49.601 INFO: Epoch 11: head: Default, loss=0.04175820, RMSE_E_per_atom=   25.72 meV, RMSE_F=  128.54 meV / A
2026-10-01 12:36:42.273 INFO: Epoch 12: head: Default, loss=0.03914969, RMSE_E_per_atom=   24.26 meV, RMSE_F=  124.53 meV / A
2026-10-01 12:37:34.666 INFO: Epoch 13: head: Default, loss=0.03677442, RMSE_E_per_atom=   22.92 meV, RMSE_F=  120.63 meV / A
2026-10-01 12:38:26.862 INFO: Epoch 14: head: Default, loss=0.03427511, RMSE_E_per_atom=   22.03 meV, RMSE_F=  116.48 meV / A
2026-10-01 12:39:19.139 INFO: Epoch 15: head: Default, loss=0.03268428, RMSE_E_per_atom=   21.09 meV, RMSE_F=  113.79 meV / A
2026-10-01 12:40:11.493 INFO: Epoch 16: head: Default, loss=0.03164250, RMSE_E_per_atom=   20.01 meV, RMSE_F=  111.99 meV / A
2026-10-01 12:41:03.328 INFO: Epoch 17: head: Default, loss=0.03026459, RMSE_E_per_atom=   18.78 meV, RMSE_F=  109.53 meV / A
2026-10-01 12:41:55.953 INFO: Epoch 18: head: Default, loss=0.02940978, RMSE_E_per_atom=   18.47 meV, RMSE_F=  107.93 meV / A
2026-10-01 12:42:48.339 INFO: Epoch 19: head: Default, loss=0.02800526, RMSE_E_per_atom=   18.30 meV, RMSE_F=  105.29 meV / A
2026-10-01 12:43:40.845 INFO: Epoch 20: head: Default, loss=0.02679782, RMSE_E_per_atom=   17.95 meV, RMSE_F=  102.96 meV / A
2026-10-01 12:44:33.333 INFO: Epoch 21: head: Default, loss=0.02564826, RMSE_E_per_atom=   17.12 meV, RMSE_F=  100.75 meV / A
2026-10-01 12:45:25.512 INFO: Epoch 22: head: Default, loss=0.02443117, RMSE_E_per_atom=   16.87 meV, RMSE_F=   98.29 meV / A
2026-10-01 12:46:18.106 INFO: Epoch 23: head: Default, loss=0.02349437, RMSE_E_per_atom=   16.84 meV, RMSE_F=   96.35 meV / A
2026-10-01 12:47:10.519 INFO: Epoch 24: head: Default, loss=0.02261912, RMSE_E_per_atom=   16.65 meV, RMSE_F=   94.56 meV / A
2026-10-01 12:48:03.262 INFO: Epoch 25: head: Default, loss=0.02164402, RMSE_E_per_atom=   16.28 meV, RMSE_F=   92.48 meV / A
2026-10-01 12:48:56.172 INFO: Epoch 26: head: Default, loss=0.02109360, RMSE_E_per_atom=   15.54 meV, RMSE_F=   91.35 meV / A
2026-10-01 12:49:48.391 INFO: Epoch 27: head: Default, loss=0.01981224, RMSE_E_per_atom=   14.78 meV, RMSE_F=   88.53 meV / A
2026-10-01 12:50:40.121 INFO: Epoch 28: head: Default, loss=0.01924108, RMSE_E_per_atom=   14.29 meV, RMSE_F=   87.26 meV / A
2026-10-01 12:51:33.183 INFO: Epoch 29: head: Default, loss=0.01876059, RMSE_E_per_atom=   14.13 meV, RMSE_F=   86.18 meV / A
2026-10-01 12:52:25.539 INFO: Epoch 30: head: Default, loss=0.01804043, RMSE_E_per_atom=   13.77 meV, RMSE_F=   84.53 meV / A
2026-10-01 12:53:18.400 INFO: Epoch 31: head: Default, loss=0.01715931, RMSE_E_per_atom=   13.33 meV, RMSE_F=   82.46 meV / A
2026-10-01 12:54:11.053 INFO: Epoch 32: head: Default, loss=0.01667425, RMSE_E_per_atom=   13.26 meV, RMSE_F=   81.29 meV / A
2026-10-01 12:55:03.952 INFO: Epoch 33: head: Default, loss=0.01617707, RMSE_E_per_atom=   13.58 meV, RMSE_F=   80.07 meV / A
2026-10-01 12:55:57.081 INFO: Epoch 34: head: Default, loss=0.01568613, RMSE_E_per_atom=   13.02 meV, RMSE_F=   78.86 meV / A
2026-10-01 12:56:49.881 INFO: Epoch 35: head: Default, loss=0.01524906, RMSE_E_per_atom=   12.78 meV, RMSE_F=   77.75 meV / A
2026-10-01 12:57:42.290 INFO: Epoch 36: head: Default, loss=0.01476905, RMSE_E_per_atom=   12.62 meV, RMSE_F=   76.55 meV / A
2026-10-01 12:58:34.770 INFO: Epoch 37: head: Default, loss=0.01448141, RMSE_E_per_atom=   12.19 meV, RMSE_F=   75.79 meV / A
2026-10-01 12:59:27.188 INFO: Epoch 38: head: Default, loss=0.01425227, RMSE_E_per_atom=   11.78 meV, RMSE_F=   75.19 meV / A
2026-10-01 13:00:19.634 INFO: Epoch 39: head: Default, loss=0.01392038, RMSE_E_per_atom=   11.70 meV, RMSE_F=   74.31 meV / A
2026-10-01 13:01:12.170 INFO: Epoch 40: head: Default, loss=0.01348819, RMSE_E_per_atom=   11.42 meV, RMSE_F=   73.13 meV / A
2026-10-01 13:02:04.283 INFO: Epoch 41: head: Default, loss=0.01319900, RMSE_E_per_atom=   11.25 meV, RMSE_F=   72.32 meV / A
2026-10-01 13:02:56.210 INFO: Epoch 42: head: Default, loss=0.01323225, RMSE_E_per_atom=   11.07 meV, RMSE_F=   72.46 meV / A
2026-10-01 13:03:48.507 INFO: Epoch 43: head: Default, loss=0.01286365, RMSE_E_per_atom=   11.06 meV, RMSE_F=   71.45 meV / A
2026-10-01 13:04:41.154 INFO: Epoch 44: head: Default, loss=0.01289358, RMSE_E_per_atom=   11.64 meV, RMSE_F=   71.51 meV / A
2026-10-01 13:05:33.801 INFO: Epoch 45: head: Default, loss=0.01286570, RMSE_E_per_atom=   12.24 meV, RMSE_F=   71.43 meV / A
2026-10-01 13:06:26.334 INFO: Epoch 46: head: Default, loss=0.01320121, RMSE_E_per_atom=   11.79 meV, RMSE_F=   72.37 meV / A
2026-10-01 13:07:18.642 INFO: Epoch 47: head: Default, loss=0.01286764, RMSE_E_per_atom=   11.94 meV, RMSE_F=   71.45 meV / A
2026-10-01 13:08:10.872 INFO: Epoch 48: head: Default, loss=0.01245213, RMSE_E_per_atom=   11.79 meV, RMSE_F=   70.29 meV / A
2026-10-01 13:09:03.642 INFO: Epoch 49: head: Default, loss=0.01196106, RMSE_E_per_atom=   11.06 meV, RMSE_F=   68.90 meV / A
2026-10-01 13:09:56.482 INFO: Epoch 50: head: Default, loss=0.01178876, RMSE_E_per_atom=   10.69 meV, RMSE_F=   68.41 meV / A
2026-10-01 13:10:48.847 INFO: Epoch 51: head: Default, loss=0.01155692, RMSE_E_per_atom=   10.43 meV, RMSE_F=   67.74 meV / A
2026-10-01 13:11:41.100 INFO: Epoch 52: head: Default, loss=0.01144965, RMSE_E_per_atom=   10.44 meV, RMSE_F=   67.41 meV / A
2026-10-01 13:12:33.342 INFO: Epoch 53: head: Default, loss=0.01124814, RMSE_E_per_atom=   10.19 meV, RMSE_F=   66.82 meV / A
2026-10-01 13:13:25.522 INFO: Epoch 54: head: Default, loss=0.01097626, RMSE_E_per_atom=   10.15 meV, RMSE_F=   66.00 meV / A
2026-10-01 13:14:17.607 INFO: Epoch 55: head: Default, loss=0.01076194, RMSE_E_per_atom=    9.96 meV, RMSE_F=   65.35 meV / A
2026-10-01 13:15:10.311 INFO: Epoch 56: head: Default, loss=0.01051127, RMSE_E_per_atom=    9.78 meV, RMSE_F=   64.59 meV / A
2026-10-01 13:16:03.442 INFO: Epoch 57: head: Default, loss=0.01037689, RMSE_E_per_atom=    9.63 meV, RMSE_F=   64.16 meV / A
2026-10-01 13:16:55.972 INFO: Epoch 58: head: Default, loss=0.01028135, RMSE_E_per_atom=    9.49 meV, RMSE_F=   63.88 meV / A
2026-10-01 13:17:48.626 INFO: Epoch 59: head: Default, loss=0.01030187, RMSE_E_per_atom=    9.45 meV, RMSE_F=   63.95 meV / A
2026-10-01 13:17:48.626 INFO: Training complete
2026-10-01 13:17:48.627 INFO: 
2026-10-01 13:17:48.627 INFO: ===========RESULTS===========
2026-10-01 13:17:48.627 INFO: Loading checkpoint: ./checkpoints/mace_multitm_model_run-123_epoch-59.pt
2026-10-01 13:17:48.645 INFO: Loaded Stage one model from epoch 59 for evaluation
2026-10-01 13:17:48.645 INFO: Saving model to checkpoints/mace_multitm_model_run-123.model
2026-10-01 13:17:48.795 INFO: Compiling model, saving metadata to mace_multitm_model_compiled.model
2026-10-01 13:17:49.415 INFO: Computing metrics for training, validation, and test sets
2026-10-01 13:17:49.415 INFO: Skipping evaluation for heads: ['pt_head']
2026-10-01 13:17:49.415 INFO: Evaluating train_Default ...
2026-10-01 13:18:03.195 INFO: Evaluating valid_Default ...
2026-10-01 13:18:05.684 INFO: Error-table on TRAIN and VALID:
+---------------+---------------------+------------------+-------------------+
|  config_type  | RMSE E / meV / atom | RMSE F / meV / A | relative F RMSE % |
+---------------+---------------------+------------------+-------------------+
| train_Default |           15.0      |         64.1     |          3.26     |
| valid_Default |           11.1      |         74.9     |          3.83     |
+---------------+---------------------+------------------+-------------------+
2026-10-01 13:18:23.476 INFO: Done
2026-10-01 13:41:14.501 INFO: ===========VERIFYING SETTINGS===========
2026-10-01 13:41:14.501 INFO: MACE version: 0.3.16
2026-10-01 13:41:14.501 INFO: Using CPU
2026-10-01 13:41:14.541 INFO: ===========LOADING INPUT DATA===========
2026-10-01 13:41:14.541 INFO: Using heads: ['Default']
2026-10-01 13:41:14.541 INFO: Using the key specifications to parse data:
2026-10-01 13:41:14.541 INFO: Default: KeySpecification(info_keys={'energy': 'energy', 'stress': 'REF_stress', 'virials': 'REF_virials', 'dipole': 'dipole', 'head': 'head', 'elec_temp': 'elec_temp', 'total_charge': 'total_charge', 'polarizability': 'polarizability', 'total_spin': 'total_spin'}, arrays_keys={'forces': 'forces', 'charges': 'REF_charges'})
2026-10-01 13:41:14.541 INFO: =============    Processing head Default     ===========
2026-10-01 13:41:14.608 WARNING: Since ASE version 3.23.0b1, using energy_key 'energy' is no longer safe when communicating between MACE and ASE. We recommend using a different key, rewriting 'energy' to 'REF_energy'. You need to use --energy_key='REF_energy' to specify the chosen key name.
2026-10-01 13:41:14.620 WARNING: Since ASE version 3.23.0b1, using forces_key 'forces' is no longer safe when communicating between MACE and ASE. We recommend using a different key, rewriting 'forces' to 'REF_forces'. You need to use --forces_key='REF_forces' to specify the chosen key name.
2026-10-01 13:41:14.636 INFO: Training set 1/1 [energy: 187, stress: 0, virials: 0, dipole components: 0, head: 187, elec_temp: 0, total_charge: 0, polarizability: 0, total_spin: 0, forces: 187, charges: 0]
2026-10-01 13:41:14.636 INFO: Total Training set [energy: 187, stress: 0, virials: 0, dipole components: 0, head: 187, elec_temp: 0, total_charge: 0, polarizability: 0, total_spin: 0, forces: 187, charges: 0]
2026-10-01 13:41:14.656 WARNING: Since ASE version 3.23.0b1, using energy_key 'energy' is no longer safe when communicating between MACE and ASE. We recommend using a different key, rewriting 'energy' to 'REF_energy'. You need to use --energy_key='REF_energy' to specify the chosen key name.
2026-10-01 13:41:14.658 WARNING: Since ASE version 3.23.0b1, using forces_key 'forces' is no longer safe when communicating between MACE and ASE. We recommend using a different key, rewriting 'forces' to 'REF_forces'. You need to use --forces_key='REF_forces' to specify the chosen key name.
2026-10-01 13:41:14.662 INFO: Validation set 1/1 [energy: 33, stress: 0, virials: 0, dipole components: 0, head: 33, elec_temp: 0, total_charge: 0, polarizability: 0, total_spin: 0, forces: 33, charges: 0]
2026-10-01 13:41:14.662 INFO: Total Validation set [energy: 33, stress: 0, virials: 0, dipole components: 0, head: 33, elec_temp: 0, total_charge: 0, polarizability: 0, total_spin: 0, forces: 33, charges: 0]
2026-10-01 13:41:14.662 INFO: Total number of configurations: train=187, valid=33, tests=[],
2026-10-01 13:41:14.662 INFO: Using atomic numbers from command line argument
2026-10-01 13:41:14.663 INFO: Atomic Numbers used: [1, 6, 7, 27, 28, 46]
2026-10-01 13:41:14.663 INFO: Isolated Atomic Energies (E0s) not in training file, using command line argument
2026-10-01 13:41:14.663 INFO: Computing average Atomic Energies using least squares regression
2026-10-01 13:41:14.665 INFO: Atomic Energies used (z: eV) for head Default: {1: -7.157444524841892, 6: -8.888543690676043, 7: -8.478930937547151, 27: -0.17778066170442997, 28: 1.4145339101805425, 46: -1.5911915061949484}
2026-10-01 13:41:14.665 INFO: Processing datasets for head 'Default'
2026-10-01 13:41:14.772 INFO: Combining 1 list datasets for head 'Default'
2026-10-01 13:41:14.792 INFO: Combining 1 list datasets for head 'Default_valid'
2026-10-01 13:41:14.792 INFO: Combined validation datasets for Default
2026-10-01 13:41:14.793 INFO: Head 'Default' training dataset size: 187
2026-10-01 13:41:14.793 INFO: Computing average number of neighbors
2026-10-01 13:41:14.859 INFO: Average number of neighbors: 29.695999145507812
2026-10-01 13:41:14.859 INFO: During training the following quantities will be reported: energy, forces
2026-10-01 13:41:14.859 INFO: ===========MODEL DETAILS===========
2026-10-01 13:41:14.921 INFO: Building model
2026-10-01 13:41:14.921 INFO: Message passing with 64 channels and max_L=1 (64x0e + 64x1o)
2026-10-01 13:41:14.922 INFO: 2 layers, each with correlation order: 3 (body order: 4) and spherical harmonics up to: l=3
2026-10-01 13:41:14.922 INFO: 8 radial and 5 basis functions
2026-10-01 13:41:14.922 INFO: Radial cutoff: 5.0 A (total receptive field for each atom: 10.0 A)
2026-10-01 13:41:14.922 INFO: Distance transform for radial basis functions: None
2026-10-01 13:41:14.922 INFO: Hidden irreps: 64x0e + 64x1o
2026-10-01 13:41:15.855 INFO: ===========OPTIMIZER INFORMATION===========
2026-10-01 13:41:15.856 INFO: Using ADAM as parameter optimizer
2026-10-01 13:41:15.856 INFO: Batch size: 4
2026-10-01 13:41:15.856 INFO: Using Exponential Moving Average with decay: 0.99
2026-10-01 13:41:15.856 INFO: Number of gradient updates: 2805
2026-10-01 13:41:15.856 INFO: Learning rate: 0.01, weight decay: 5e-07
2026-10-01 13:41:15.856 INFO: WeightedEnergyForcesLoss(energy_weight=1.000, forces_weight=10.000)
2026-10-01 13:41:15.856 INFO: === Layer's learning rates ===
2026-10-01 13:41:15.856 INFO: Param group 0: lr = 0.01
2026-10-01 13:41:15.856 INFO: Param group 1: lr = 0.01
2026-10-01 13:41:15.857 INFO: Param group 2: lr = 0.01
2026-10-01 13:41:15.857 INFO: Param group 3: lr = 0.01
2026-10-01 13:41:15.857 INFO: Param group 4: lr = 0.01
2026-10-01 13:41:15.857 INFO: Using gradient clipping with tolerance=10.000
2026-10-01 13:41:15.857 INFO: 
2026-10-01 13:41:15.857 INFO: ===========TRAINING===========
2026-10-01 13:41:15.857 INFO: Started training, reporting errors on validation set
2026-10-01 13:41:15.857 INFO: Loss metrics on validation set
2026-10-01 13:41:19.026 INFO: Initial: head: Default, loss=9.81795311, RMSE_E_per_atom=  682.92 meV, RMSE_F= 1967.98 meV / A
2026-10-01 13:42:11.366 INFO: Epoch 0: head: Default, loss=0.71319073, RMSE_E_per_atom=   65.42 meV, RMSE_F=  520.55 meV / A
2026-10-01 13:43:03.936 INFO: Epoch 1: head: Default, loss=0.25057197, RMSE_E_per_atom=   47.90 meV, RMSE_F=  313.68 meV / A
2026-10-01 13:43:55.445 INFO: Epoch 2: head: Default, loss=0.15433325, RMSE_E_per_atom=   41.97 meV, RMSE_F=  246.92 meV / A
2026-10-01 13:44:47.998 INFO: Epoch 3: head: Default, loss=0.11503781, RMSE_E_per_atom=   39.64 meV, RMSE_F=  213.23 meV / A
2026-10-01 13:45:39.685 INFO: Epoch 4: head: Default, loss=0.09278760, RMSE_E_per_atom=   37.05 meV, RMSE_F=  191.58 meV / A
2026-10-01 13:46:31.496 INFO: Epoch 5: head: Default, loss=0.08057842, RMSE_E_per_atom=   39.44 meV, RMSE_F=  178.29 meV / A
2026-10-01 13:47:23.988 INFO: Epoch 6: head: Default, loss=0.07017152, RMSE_E_per_atom=   40.27 meV, RMSE_F=  166.54 meV / A
2026-10-01 13:48:15.466 INFO: Epoch 7: head: Default, loss=0.05958866, RMSE_E_per_atom=   35.37 meV, RMSE_F=  153.61 meV / A
2026-10-01 13:49:06.726 INFO: Epoch 8: head: Default, loss=0.05364072, RMSE_E_per_atom=   31.72 meV, RMSE_F=  145.70 meV / A
2026-10-01 13:49:58.966 INFO: Epoch 9: head: Default, loss=0.04792585, RMSE_E_per_atom=   28.78 meV, RMSE_F=  137.82 meV / A
2026-10-01 13:50:50.665 INFO: Epoch 10: head: Default, loss=0.04506283, RMSE_E_per_atom=   26.77 meV, RMSE_F=  133.55 meV / A
2026-10-01 13:51:43.581 INFO: Epoch 11: head: Default, loss=0.04175820, RMSE_E_per_atom=   25.72 meV, RMSE_F=  128.54 meV / A
2026-10-01 13:52:36.144 INFO: Epoch 12: head: Default, loss=0.03914969, RMSE_E_per_atom=   24.26 meV, RMSE_F=  124.53 meV / A
2026-10-01 13:53:28.767 INFO: Epoch 13: head: Default, loss=0.03677442, RMSE_E_per_atom=   22.92 meV, RMSE_F=  120.63 meV / A
2026-10-01 13:54:21.154 INFO: Epoch 14: head: Default, loss=0.03427511, RMSE_E_per_atom=   22.03 meV, RMSE_F=  116.48 meV / A
2026-10-01 13:55:14.000 INFO: Epoch 15: head: Default, loss=0.03268428, RMSE_E_per_atom=   21.09 meV, RMSE_F=  113.79 meV / A
2026-10-01 13:56:06.616 INFO: Epoch 16: head: Default, loss=0.03164250, RMSE_E_per_atom=   20.01 meV, RMSE_F=  111.99 meV / A
2026-10-01 13:56:59.289 INFO: Epoch 17: head: Default, loss=0.03026459, RMSE_E_per_atom=   18.78 meV, RMSE_F=  109.53 meV / A
2026-10-01 13:57:51.735 INFO: Epoch 18: head: Default, loss=0.02940978, RMSE_E_per_atom=   18.47 meV, RMSE_F=  107.93 meV / A
2026-10-01 13:58:43.536 INFO: Epoch 19: head: Default, loss=0.02800526, RMSE_E_per_atom=   18.30 meV, RMSE_F=  105.29 meV / A
2026-10-01 13:59:35.933 INFO: Epoch 20: head: Default, loss=0.02679782, RMSE_E_per_atom=   17.95 meV, RMSE_F=  102.96 meV / A
2026-10-01 14:00:28.575 INFO: Epoch 21: head: Default, loss=0.02564826, RMSE_E_per_atom=   17.12 meV, RMSE_F=  100.75 meV / A
2026-10-01 14:01:21.112 INFO: Epoch 22: head: Default, loss=0.02443117, RMSE_E_per_atom=   16.87 meV, RMSE_F=   98.29 meV / A
2026-10-01 14:02:13.541 INFO: Epoch 23: head: Default, loss=0.02349437, RMSE_E_per_atom=   16.84 meV, RMSE_F=   96.35 meV / A
2026-10-01 14:03:06.648 INFO: Epoch 24: head: Default, loss=0.02261912, RMSE_E_per_atom=   16.65 meV, RMSE_F=   94.56 meV / A
2026-10-01 14:04:00.772 INFO: Epoch 25: head: Default, loss=0.02164402, RMSE_E_per_atom=   16.28 meV, RMSE_F=   92.48 meV / A
2026-10-01 14:04:54.388 INFO: Epoch 26: head: Default, loss=0.02109360, RMSE_E_per_atom=   15.54 meV, RMSE_F=   91.35 meV / A
2026-10-01 14:05:47.021 INFO: Epoch 27: head: Default, loss=0.01981224, RMSE_E_per_atom=   14.78 meV, RMSE_F=   88.53 meV / A
2026-10-01 14:06:39.515 INFO: Epoch 28: head: Default, loss=0.01924108, RMSE_E_per_atom=   14.29 meV, RMSE_F=   87.26 meV / A
2026-10-01 14:07:31.678 INFO: Epoch 29: head: Default, loss=0.01876059, RMSE_E_per_atom=   14.13 meV, RMSE_F=   86.18 meV / A
2026-10-01 14:08:24.301 INFO: Epoch 30: head: Default, loss=0.01804043, RMSE_E_per_atom=   13.77 meV, RMSE_F=   84.53 meV / A
2026-10-01 14:09:17.122 INFO: Epoch 31: head: Default, loss=0.01715931, RMSE_E_per_atom=   13.33 meV, RMSE_F=   82.46 meV / A
2026-10-01 14:10:09.363 INFO: Epoch 32: head: Default, loss=0.01667425, RMSE_E_per_atom=   13.26 meV, RMSE_F=   81.29 meV / A
2026-10-01 14:11:02.055 INFO: Epoch 33: head: Default, loss=0.01617707, RMSE_E_per_atom=   13.58 meV, RMSE_F=   80.07 meV / A
2026-10-01 14:11:55.062 INFO: Epoch 34: head: Default, loss=0.01568613, RMSE_E_per_atom=   13.02 meV, RMSE_F=   78.86 meV / A
2026-10-01 14:12:47.316 INFO: Epoch 35: head: Default, loss=0.01524906, RMSE_E_per_atom=   12.78 meV, RMSE_F=   77.75 meV / A
2026-10-01 14:13:51.355 INFO: Epoch 36: head: Default, loss=0.01476905, RMSE_E_per_atom=   12.62 meV, RMSE_F=   76.55 meV / A
2026-10-01 14:14:46.601 INFO: Epoch 37: head: Default, loss=0.01448141, RMSE_E_per_atom=   12.19 meV, RMSE_F=   75.79 meV / A
2026-10-01 14:15:40.515 INFO: Epoch 38: head: Default, loss=0.01425227, RMSE_E_per_atom=   11.78 meV, RMSE_F=   75.19 meV / A
2026-10-01 14:16:34.216 INFO: Epoch 39: head: Default, loss=0.01392038, RMSE_E_per_atom=   11.70 meV, RMSE_F=   74.31 meV / A
2026-10-01 14:17:33.843 INFO: Epoch 40: head: Default, loss=0.01348819, RMSE_E_per_atom=   11.42 meV, RMSE_F=   73.13 meV / A
2026-10-01 14:18:30.538 INFO: Epoch 41: head: Default, loss=0.01319900, RMSE_E_per_atom=   11.25 meV, RMSE_F=   72.32 meV / A
2026-10-01 14:19:29.119 INFO: Epoch 42: head: Default, loss=0.01323225, RMSE_E_per_atom=   11.07 meV, RMSE_F=   72.46 meV / A
2026-10-01 14:20:23.104 INFO: Epoch 43: head: Default, loss=0.01286365, RMSE_E_per_atom=   11.06 meV, RMSE_F=   71.45 meV / A
2026-10-01 14:21:19.460 INFO: Epoch 44: head: Default, loss=0.01289358, RMSE_E_per_atom=   11.64 meV, RMSE_F=   71.51 meV / A
2026-10-01 14:22:17.911 INFO: Epoch 45: head: Default, loss=0.01286570, RMSE_E_per_atom=   12.24 meV, RMSE_F=   71.43 meV / A
2026-10-01 14:23:13.931 INFO: Epoch 46: head: Default, loss=0.01320121, RMSE_E_per_atom=   11.79 meV, RMSE_F=   72.37 meV / A
2026-10-01 14:24:11.457 INFO: Epoch 47: head: Default, loss=0.01286764, RMSE_E_per_atom=   11.94 meV, RMSE_F=   71.45 meV / A
2026-10-01 14:25:06.139 INFO: Epoch 48: head: Default, loss=0.01245213, RMSE_E_per_atom=   11.79 meV, RMSE_F=   70.29 meV / A
2026-10-01 14:25:59.105 INFO: Epoch 49: head: Default, loss=0.01196106, RMSE_E_per_atom=   11.06 meV, RMSE_F=   68.90 meV / A
2026-10-01 14:26:53.006 INFO: Epoch 50: head: Default, loss=0.01178876, RMSE_E_per_atom=   10.69 meV, RMSE_F=   68.41 meV / A
2026-10-01 14:27:48.616 INFO: Epoch 51: head: Default, loss=0.01155692, RMSE_E_per_atom=   10.43 meV, RMSE_F=   67.74 meV / A
2026-10-01 14:28:42.572 INFO: Epoch 52: head: Default, loss=0.01144965, RMSE_E_per_atom=   10.44 meV, RMSE_F=   67.41 meV / A
2026-10-01 14:29:35.632 INFO: Epoch 53: head: Default, loss=0.01124814, RMSE_E_per_atom=   10.19 meV, RMSE_F=   66.82 meV / A
2026-10-01 14:30:29.545 INFO: Epoch 54: head: Default, loss=0.01097626, RMSE_E_per_atom=   10.15 meV, RMSE_F=   66.00 meV / A
2026-10-01 14:31:24.722 INFO: Epoch 55: head: Default, loss=0.01076194, RMSE_E_per_atom=    9.96 meV, RMSE_F=   65.35 meV / A
2026-10-01 14:32:20.115 INFO: Epoch 56: head: Default, loss=0.01051127, RMSE_E_per_atom=    9.78 meV, RMSE_F=   64.59 meV / A
2026-10-01 14:33:18.240 INFO: Epoch 57: head: Default, loss=0.01037689, RMSE_E_per_atom=    9.63 meV, RMSE_F=   64.16 meV / A
2026-10-01 14:34:11.505 INFO: Epoch 58: head: Default, loss=0.01028135, RMSE_E_per_atom=    9.49 meV, RMSE_F=   63.88 meV / A
2026-10-01 15:14:25.342 INFO: ===========VERIFYING SETTINGS===========
2026-10-01 15:14:25.342 INFO: MACE version: 0.3.16
2026-10-01 15:14:25.343 INFO: Using CPU
2026-10-01 15:14:25.398 INFO: ===========LOADING INPUT DATA===========
2026-10-01 15:14:25.398 INFO: Using heads: ['Default']
2026-10-01 15:14:25.398 INFO: Using the key specifications to parse data:
2026-10-01 15:14:25.398 INFO: Default: KeySpecification(info_keys={'energy': 'energy', 'stress': 'REF_stress', 'virials': 'REF_virials', 'dipole': 'dipole', 'head': 'head', 'elec_temp': 'elec_temp', 'total_charge': 'total_charge', 'polarizability': 'polarizability', 'total_spin': 'total_spin'}, arrays_keys={'forces': 'forces', 'charges': 'REF_charges'})
2026-10-01 15:14:25.398 INFO: =============    Processing head Default     ===========
2026-10-01 15:14:25.468 WARNING: Since ASE version 3.23.0b1, using energy_key 'energy' is no longer safe when communicating between MACE and ASE. We recommend using a different key, rewriting 'energy' to 'REF_energy'. You need to use --energy_key='REF_energy' to specify the chosen key name.
2026-10-01 15:14:25.480 WARNING: Since ASE version 3.23.0b1, using forces_key 'forces' is no longer safe when communicating between MACE and ASE. We recommend using a different key, rewriting 'forces' to 'REF_forces'. You need to use --forces_key='REF_forces' to specify the chosen key name.
2026-10-01 15:14:25.497 INFO: Training set 1/1 [energy: 187, stress: 0, virials: 0, dipole components: 0, head: 187, elec_temp: 0, total_charge: 0, polarizability: 0, total_spin: 0, forces: 187, charges: 0]
2026-10-01 15:14:25.497 INFO: Total Training set [energy: 187, stress: 0, virials: 0, dipole components: 0, head: 187, elec_temp: 0, total_charge: 0, polarizability: 0, total_spin: 0, forces: 187, charges: 0]
2026-10-01 15:14:25.517 WARNING: Since ASE version 3.23.0b1, using energy_key 'energy' is no longer safe when communicating between MACE and ASE. We recommend using a different key, rewriting 'energy' to 'REF_energy'. You need to use --energy_key='REF_energy' to specify the chosen key name.
2026-10-01 15:14:25.519 WARNING: Since ASE version 3.23.0b1, using forces_key 'forces' is no longer safe when communicating between MACE and ASE. We recommend using a different key, rewriting 'forces' to 'REF_forces'. You need to use --forces_key='REF_forces' to specify the chosen key name.
2026-10-01 15:14:25.523 INFO: Validation set 1/1 [energy: 33, stress: 0, virials: 0, dipole components: 0, head: 33, elec_temp: 0, total_charge: 0, polarizability: 0, total_spin: 0, forces: 33, charges: 0]
2026-10-01 15:14:25.523 INFO: Total Validation set [energy: 33, stress: 0, virials: 0, dipole components: 0, head: 33, elec_temp: 0, total_charge: 0, polarizability: 0, total_spin: 0, forces: 33, charges: 0]
2026-10-01 15:14:25.523 INFO: Total number of configurations: train=187, valid=33, tests=[],
2026-10-01 15:14:25.524 INFO: Using atomic numbers from command line argument
2026-10-01 15:14:25.524 INFO: Atomic Numbers used: [1, 6, 7, 27, 28, 46]
2026-10-01 15:14:25.524 INFO: Isolated Atomic Energies (E0s) not in training file, using command line argument
2026-10-01 15:14:25.524 INFO: Computing average Atomic Energies using least squares regression
2026-10-01 15:14:25.531 INFO: Atomic Energies used (z: eV) for head Default: {1: -7.157444524841892, 6: -8.888543690676043, 7: -8.478930937547151, 27: -0.17778066170442997, 28: 1.4145339101805425, 46: -1.5911915061949484}
2026-10-01 15:14:25.531 INFO: Processing datasets for head 'Default'
2026-10-01 15:14:25.658 INFO: Combining 1 list datasets for head 'Default'
2026-10-01 15:14:25.677 INFO: Combining 1 list datasets for head 'Default_valid'
2026-10-01 15:14:25.677 INFO: Combined validation datasets for Default
2026-10-01 15:14:25.678 INFO: Head 'Default' training dataset size: 187
2026-10-01 15:14:25.678 INFO: Computing average number of neighbors
2026-10-01 15:14:25.750 INFO: Average number of neighbors: 29.695999145507812
2026-10-01 15:14:25.750 INFO: During training the following quantities will be reported: energy, forces
2026-10-01 15:14:25.750 INFO: ===========MODEL DETAILS===========
2026-10-01 15:14:25.824 INFO: Building model
2026-10-01 15:14:25.825 INFO: Message passing with 64 channels and max_L=1 (64x0e + 64x1o)
2026-10-01 15:14:25.825 INFO: 2 layers, each with correlation order: 3 (body order: 4) and spherical harmonics up to: l=3
2026-10-01 15:14:25.825 INFO: 8 radial and 5 basis functions
2026-10-01 15:14:25.825 INFO: Radial cutoff: 5.0 A (total receptive field for each atom: 10.0 A)
2026-10-01 15:14:25.825 INFO: Distance transform for radial basis functions: None
2026-10-01 15:14:25.825 INFO: Hidden irreps: 64x0e + 64x1o
2026-10-01 15:14:26.767 INFO: ===========OPTIMIZER INFORMATION===========
2026-10-01 15:14:26.767 INFO: Using ADAM as parameter optimizer
2026-10-01 15:14:26.767 INFO: Batch size: 4
2026-10-01 15:14:26.767 INFO: Using Exponential Moving Average with decay: 0.99
2026-10-01 15:14:26.767 INFO: Number of gradient updates: 2805
2026-10-01 15:14:26.767 INFO: Learning rate: 0.01, weight decay: 5e-07
2026-10-01 15:14:26.767 INFO: WeightedEnergyForcesLoss(energy_weight=1.000, forces_weight=10.000)
2026-10-01 15:14:26.767 INFO: === Layer's learning rates ===
2026-10-01 15:14:26.768 INFO: Param group 0: lr = 0.01
2026-10-01 15:14:26.768 INFO: Param group 1: lr = 0.01
2026-10-01 15:14:26.768 INFO: Param group 2: lr = 0.01
2026-10-01 15:14:26.768 INFO: Param group 3: lr = 0.01
2026-10-01 15:14:26.768 INFO: Param group 4: lr = 0.01
2026-10-01 15:14:26.768 INFO: Using gradient clipping with tolerance=10.000
2026-10-01 15:14:26.768 INFO: 
2026-10-01 15:14:26.768 INFO: ===========TRAINING===========
2026-10-01 15:14:26.769 INFO: Started training, reporting errors on validation set
2026-10-01 15:14:26.769 INFO: Loss metrics on validation set
2026-10-01 15:14:29.981 INFO: Initial: head: Default, loss=9.81795311, RMSE_E_per_atom=  682.92 meV, RMSE_F= 1967.98 meV / A
2026-10-01 15:15:18.845 INFO: Epoch 0: head: Default, loss=0.71319073, RMSE_E_per_atom=   65.42 meV, RMSE_F=  520.55 meV / A
2026-10-01 15:16:09.344 INFO: Epoch 1: head: Default, loss=0.25057197, RMSE_E_per_atom=   47.90 meV, RMSE_F=  313.68 meV / A
2026-10-01 15:17:01.117 INFO: Epoch 2: head: Default, loss=0.15433325, RMSE_E_per_atom=   41.97 meV, RMSE_F=  246.92 meV / A
2026-10-01 15:17:53.505 INFO: Epoch 3: head: Default, loss=0.11503781, RMSE_E_per_atom=   39.64 meV, RMSE_F=  213.23 meV / A
2026-10-01 15:18:46.395 INFO: Epoch 4: head: Default, loss=0.09278760, RMSE_E_per_atom=   37.05 meV, RMSE_F=  191.58 meV / A
2026-10-01 15:19:37.514 INFO: Epoch 5: head: Default, loss=0.08057842, RMSE_E_per_atom=   39.44 meV, RMSE_F=  178.29 meV / A
2026-10-01 15:20:29.921 INFO: Epoch 6: head: Default, loss=0.07017152, RMSE_E_per_atom=   40.27 meV, RMSE_F=  166.54 meV / A
2026-10-01 15:21:21.997 INFO: Epoch 7: head: Default, loss=0.05958866, RMSE_E_per_atom=   35.37 meV, RMSE_F=  153.61 meV / A
2026-10-01 15:22:13.062 INFO: Epoch 8: head: Default, loss=0.05364072, RMSE_E_per_atom=   31.72 meV, RMSE_F=  145.70 meV / A
2026-10-01 15:23:03.210 INFO: Epoch 9: head: Default, loss=0.04792585, RMSE_E_per_atom=   28.78 meV, RMSE_F=  137.82 meV / A
2026-10-01 15:23:55.544 INFO: Epoch 10: head: Default, loss=0.04506283, RMSE_E_per_atom=   26.77 meV, RMSE_F=  133.55 meV / A
2026-10-01 15:24:47.027 INFO: Epoch 11: head: Default, loss=0.04175820, RMSE_E_per_atom=   25.72 meV, RMSE_F=  128.54 meV / A
2026-10-01 15:25:39.047 INFO: Epoch 12: head: Default, loss=0.03914969, RMSE_E_per_atom=   24.26 meV, RMSE_F=  124.53 meV / A
2026-10-01 15:26:31.632 INFO: Epoch 13: head: Default, loss=0.03677442, RMSE_E_per_atom=   22.92 meV, RMSE_F=  120.63 meV / A
2026-10-01 15:27:22.445 INFO: Epoch 14: head: Default, loss=0.03427511, RMSE_E_per_atom=   22.03 meV, RMSE_F=  116.48 meV / A
2026-10-01 15:28:14.797 INFO: Epoch 15: head: Default, loss=0.03268428, RMSE_E_per_atom=   21.09 meV, RMSE_F=  113.79 meV / A
2026-10-01 15:29:05.709 INFO: Epoch 16: head: Default, loss=0.03164250, RMSE_E_per_atom=   20.01 meV, RMSE_F=  111.99 meV / A
2026-10-01 15:29:58.201 INFO: Epoch 17: head: Default, loss=0.03026459, RMSE_E_per_atom=   18.78 meV, RMSE_F=  109.53 meV / A
2026-10-01 15:30:49.939 INFO: Epoch 18: head: Default, loss=0.02940978, RMSE_E_per_atom=   18.47 meV, RMSE_F=  107.93 meV / A
2026-10-01 15:31:41.048 INFO: Epoch 19: head: Default, loss=0.02800526, RMSE_E_per_atom=   18.30 meV, RMSE_F=  105.29 meV / A
2026-10-01 15:32:31.755 INFO: Epoch 20: head: Default, loss=0.02679782, RMSE_E_per_atom=   17.95 meV, RMSE_F=  102.96 meV / A
2026-10-01 15:33:22.832 INFO: Epoch 21: head: Default, loss=0.02564826, RMSE_E_per_atom=   17.12 meV, RMSE_F=  100.75 meV / A
2026-10-01 15:34:14.516 INFO: Epoch 22: head: Default, loss=0.02443117, RMSE_E_per_atom=   16.87 meV, RMSE_F=   98.29 meV / A
2026-10-01 15:35:06.259 INFO: Epoch 23: head: Default, loss=0.02349437, RMSE_E_per_atom=   16.84 meV, RMSE_F=   96.35 meV / A
2026-10-01 15:35:58.785 INFO: Epoch 24: head: Default, loss=0.02261912, RMSE_E_per_atom=   16.65 meV, RMSE_F=   94.56 meV / A
2026-10-01 15:36:50.880 INFO: Epoch 25: head: Default, loss=0.02164402, RMSE_E_per_atom=   16.28 meV, RMSE_F=   92.48 meV / A
2026-10-01 15:37:42.873 INFO: Epoch 26: head: Default, loss=0.02109360, RMSE_E_per_atom=   15.54 meV, RMSE_F=   91.35 meV / A
2026-10-01 15:38:33.210 INFO: Epoch 27: head: Default, loss=0.01981224, RMSE_E_per_atom=   14.78 meV, RMSE_F=   88.53 meV / A
2026-10-01 15:39:24.590 INFO: Epoch 28: head: Default, loss=0.01924108, RMSE_E_per_atom=   14.29 meV, RMSE_F=   87.26 meV / A
2026-10-01 15:40:16.096 INFO: Epoch 29: head: Default, loss=0.01876059, RMSE_E_per_atom=   14.13 meV, RMSE_F=   86.18 meV / A
2026-10-01 15:41:07.154 INFO: Epoch 30: head: Default, loss=0.01804043, RMSE_E_per_atom=   13.77 meV, RMSE_F=   84.53 meV / A
2026-10-01 15:41:59.227 INFO: Epoch 31: head: Default, loss=0.01715931, RMSE_E_per_atom=   13.33 meV, RMSE_F=   82.46 meV / A
2026-10-01 15:42:51.661 INFO: Epoch 32: head: Default, loss=0.01667425, RMSE_E_per_atom=   13.26 meV, RMSE_F=   81.29 meV / A
2026-10-01 15:43:44.177 INFO: Epoch 33: head: Default, loss=0.01617707, RMSE_E_per_atom=   13.58 meV, RMSE_F=   80.07 meV / A
2026-10-01 15:44:35.781 INFO: Epoch 34: head: Default, loss=0.01568613, RMSE_E_per_atom=   13.02 meV, RMSE_F=   78.86 meV / A
2026-10-01 15:45:26.841 INFO: Epoch 35: head: Default, loss=0.01524906, RMSE_E_per_atom=   12.78 meV, RMSE_F=   77.75 meV / A
2026-10-01 15:46:17.614 INFO: Epoch 36: head: Default, loss=0.01476905, RMSE_E_per_atom=   12.62 meV, RMSE_F=   76.55 meV / A
2026-10-01 15:47:08.848 INFO: Epoch 37: head: Default, loss=0.01448141, RMSE_E_per_atom=   12.19 meV, RMSE_F=   75.79 meV / A
2026-10-01 15:48:01.052 INFO: Epoch 38: head: Default, loss=0.01425227, RMSE_E_per_atom=   11.78 meV, RMSE_F=   75.19 meV / A
2026-10-01 15:48:53.505 INFO: Epoch 39: head: Default, loss=0.01392038, RMSE_E_per_atom=   11.70 meV, RMSE_F=   74.31 meV / A
2026-10-01 15:49:45.920 INFO: Epoch 40: head: Default, loss=0.01348819, RMSE_E_per_atom=   11.42 meV, RMSE_F=   73.13 meV / A
2026-10-01 15:50:37.674 INFO: Epoch 41: head: Default, loss=0.01319900, RMSE_E_per_atom=   11.25 meV, RMSE_F=   72.32 meV / A
2026-10-01 15:51:29.170 INFO: Epoch 42: head: Default, loss=0.01323225, RMSE_E_per_atom=   11.07 meV, RMSE_F=   72.46 meV / A
2026-10-01 15:52:20.254 INFO: Epoch 43: head: Default, loss=0.01286365, RMSE_E_per_atom=   11.06 meV, RMSE_F=   71.45 meV / A
2026-10-01 15:53:11.624 INFO: Epoch 44: head: Default, loss=0.01289358, RMSE_E_per_atom=   11.64 meV, RMSE_F=   71.51 meV / A
2026-10-01 15:54:03.091 INFO: Epoch 45: head: Default, loss=0.01286570, RMSE_E_per_atom=   12.24 meV, RMSE_F=   71.43 meV / A
2026-10-01 15:54:54.206 INFO: Epoch 46: head: Default, loss=0.01320121, RMSE_E_per_atom=   11.79 meV, RMSE_F=   72.37 meV / A
2026-10-01 15:55:43.988 INFO: Epoch 47: head: Default, loss=0.01286764, RMSE_E_per_atom=   11.94 meV, RMSE_F=   71.45 meV / A
2026-10-01 15:56:34.952 INFO: Epoch 48: head: Default, loss=0.01245213, RMSE_E_per_atom=   11.79 meV, RMSE_F=   70.29 meV / A
2026-10-01 15:57:25.644 INFO: Epoch 49: head: Default, loss=0.01196106, RMSE_E_per_atom=   11.06 meV, RMSE_F=   68.90 meV / A
2026-10-01 15:58:16.285 INFO: Epoch 50: head: Default, loss=0.01178876, RMSE_E_per_atom=   10.69 meV, RMSE_F=   68.41 meV / A
2026-10-01 15:59:06.865 INFO: Epoch 51: head: Default, loss=0.01155692, RMSE_E_per_atom=   10.43 meV, RMSE_F=   67.74 meV / A
2026-10-01 15:59:58.313 INFO: Epoch 52: head: Default, loss=0.01144965, RMSE_E_per_atom=   10.44 meV, RMSE_F=   67.41 meV / A
2026-10-01 16:00:49.514 INFO: Epoch 53: head: Default, loss=0.01124814, RMSE_E_per_atom=   10.19 meV, RMSE_F=   66.82 meV / A
2026-10-01 16:01:40.055 INFO: Epoch 54: head: Default, loss=0.01097626, RMSE_E_per_atom=   10.15 meV, RMSE_F=   66.00 meV / A
2026-10-01 16:02:30.259 INFO: Epoch 55: head: Default, loss=0.01076194, RMSE_E_per_atom=    9.96 meV, RMSE_F=   65.35 meV / A
2026-10-01 16:03:20.487 INFO: Epoch 56: head: Default, loss=0.01051127, RMSE_E_per_atom=    9.78 meV, RMSE_F=   64.59 meV / A
2026-10-01 16:04:11.901 INFO: Epoch 57: head: Default, loss=0.01037689, RMSE_E_per_atom=    9.63 meV, RMSE_F=   64.16 meV / A
2026-10-01 16:05:02.801 INFO: Epoch 58: head: Default, loss=0.01028135, RMSE_E_per_atom=    9.49 meV, RMSE_F=   63.88 meV / A
2026-10-01 16:05:56.083 INFO: Epoch 59: head: Default, loss=0.01030187, RMSE_E_per_atom=    9.45 meV, RMSE_F=   63.95 meV / A
2026-10-01 16:05:56.084 INFO: Training complete
2026-10-01 16:05:56.084 INFO: 
2026-10-01 16:05:56.084 INFO: ===========RESULTS===========
2026-10-01 16:05:56.084 INFO: Loading checkpoint: ./checkpoints/mace_multitm_model_run-123_epoch-59.pt
2026-10-01 16:05:56.105 INFO: Loaded Stage one model from epoch 59 for evaluation
2026-10-01 16:05:56.105 INFO: Saving model to checkpoints/mace_multitm_model_run-123.model
2026-10-01 16:05:56.251 INFO: Compiling model, saving metadata to mace_multitm_model_compiled.model
2026-10-01 16:05:56.862 INFO: Computing metrics for training, validation, and test sets
2026-10-01 16:05:56.863 INFO: Skipping evaluation for heads: ['pt_head']
2026-10-01 16:05:56.863 INFO: Evaluating train_Default ...
2026-10-01 16:06:10.906 INFO: Evaluating valid_Default ...
2026-10-01 16:06:13.430 INFO: Error-table on TRAIN and VALID:
+---------------+---------------------+------------------+-------------------+
|  config_type  | RMSE E / meV / atom | RMSE F / meV / A | relative F RMSE % |
+---------------+---------------------+------------------+-------------------+
| train_Default |           15.0      |         64.1     |          3.26     |
| valid_Default |           11.1      |         74.9     |          3.83     |
+---------------+---------------------+------------------+-------------------+
2026-10-01 16:06:31.129 INFO: Done
2026-10-01 16:28:59.663 INFO: ===========VERIFYING SETTINGS===========
2026-10-01 16:28:59.663 INFO: MACE version: 0.3.16
2026-10-01 16:28:59.663 INFO: Using CPU
2026-10-01 16:28:59.706 INFO: ===========LOADING INPUT DATA===========
2026-10-01 16:28:59.706 INFO: Using heads: ['Default']
2026-10-01 16:28:59.706 INFO: Using the key specifications to parse data:
2026-10-01 16:28:59.707 INFO: Default: KeySpecification(info_keys={'energy': 'energy', 'stress': 'REF_stress', 'virials': 'REF_virials', 'dipole': 'dipole', 'head': 'head', 'elec_temp': 'elec_temp', 'total_charge': 'total_charge', 'polarizability': 'polarizability', 'total_spin': 'total_spin'}, arrays_keys={'forces': 'forces', 'charges': 'REF_charges'})
2026-10-01 16:28:59.707 INFO: =============    Processing head Default     ===========
2026-10-01 16:28:59.777 WARNING: Since ASE version 3.23.0b1, using energy_key 'energy' is no longer safe when communicating between MACE and ASE. We recommend using a different key, rewriting 'energy' to 'REF_energy'. You need to use --energy_key='REF_energy' to specify the chosen key name.
2026-10-01 16:28:59.788 WARNING: Since ASE version 3.23.0b1, using forces_key 'forces' is no longer safe when communicating between MACE and ASE. We recommend using a different key, rewriting 'forces' to 'REF_forces'. You need to use --forces_key='REF_forces' to specify the chosen key name.
2026-10-01 16:28:59.804 INFO: Training set 1/1 [energy: 187, stress: 0, virials: 0, dipole components: 0, head: 187, elec_temp: 0, total_charge: 0, polarizability: 0, total_spin: 0, forces: 187, charges: 0]
2026-10-01 16:28:59.804 INFO: Total Training set [energy: 187, stress: 0, virials: 0, dipole components: 0, head: 187, elec_temp: 0, total_charge: 0, polarizability: 0, total_spin: 0, forces: 187, charges: 0]
2026-10-01 16:28:59.824 WARNING: Since ASE version 3.23.0b1, using energy_key 'energy' is no longer safe when communicating between MACE and ASE. We recommend using a different key, rewriting 'energy' to 'REF_energy'. You need to use --energy_key='REF_energy' to specify the chosen key name.
2026-10-01 16:28:59.826 WARNING: Since ASE version 3.23.0b1, using forces_key 'forces' is no longer safe when communicating between MACE and ASE. We recommend using a different key, rewriting 'forces' to 'REF_forces'. You need to use --forces_key='REF_forces' to specify the chosen key name.
2026-10-01 16:28:59.830 INFO: Validation set 1/1 [energy: 33, stress: 0, virials: 0, dipole components: 0, head: 33, elec_temp: 0, total_charge: 0, polarizability: 0, total_spin: 0, forces: 33, charges: 0]
2026-10-01 16:28:59.830 INFO: Total Validation set [energy: 33, stress: 0, virials: 0, dipole components: 0, head: 33, elec_temp: 0, total_charge: 0, polarizability: 0, total_spin: 0, forces: 33, charges: 0]
2026-10-01 16:28:59.830 INFO: Total number of configurations: train=187, valid=33, tests=[],
2026-10-01 16:28:59.830 INFO: Using atomic numbers from command line argument
2026-10-01 16:28:59.830 INFO: Atomic Numbers used: [1, 6, 7, 27, 28, 46]
2026-10-01 16:28:59.830 INFO: Isolated Atomic Energies (E0s) not in training file, using command line argument
2026-10-01 16:28:59.830 INFO: Computing average Atomic Energies using least squares regression
2026-10-01 16:28:59.832 INFO: Atomic Energies used (z: eV) for head Default: {1: -7.157444524841892, 6: -8.888543690676043, 7: -8.478930937547151, 27: -0.17778066170442997, 28: 1.4145339101805425, 46: -1.5911915061949484}
2026-10-01 16:28:59.832 INFO: Processing datasets for head 'Default'
2026-10-01 16:28:59.938 INFO: Combining 1 list datasets for head 'Default'
2026-10-01 16:28:59.959 INFO: Combining 1 list datasets for head 'Default_valid'
2026-10-01 16:28:59.959 INFO: Combined validation datasets for Default
2026-10-01 16:28:59.959 INFO: Head 'Default' training dataset size: 187
2026-10-01 16:28:59.960 INFO: Computing average number of neighbors
2026-10-01 16:29:00.030 INFO: Average number of neighbors: 29.695999145507812
2026-10-01 16:29:00.030 INFO: During training the following quantities will be reported: energy, forces
2026-10-01 16:29:00.030 INFO: ===========MODEL DETAILS===========
2026-10-01 16:29:00.097 INFO: Building model
2026-10-01 16:29:00.097 INFO: Message passing with 64 channels and max_L=1 (64x0e + 64x1o)
2026-10-01 16:29:00.097 INFO: 2 layers, each with correlation order: 3 (body order: 4) and spherical harmonics up to: l=3
2026-10-01 16:29:00.097 INFO: 8 radial and 5 basis functions
2026-10-01 16:29:00.097 INFO: Radial cutoff: 5.0 A (total receptive field for each atom: 10.0 A)
2026-10-01 16:29:00.097 INFO: Distance transform for radial basis functions: None
2026-10-01 16:29:00.097 INFO: Hidden irreps: 64x0e + 64x1o
2026-10-01 16:29:01.065 INFO: ===========OPTIMIZER INFORMATION===========
2026-10-01 16:29:01.065 INFO: Using ADAM as parameter optimizer
2026-10-01 16:29:01.065 INFO: Batch size: 4
2026-10-01 16:29:01.065 INFO: Using Exponential Moving Average with decay: 0.99
2026-10-01 16:29:01.065 INFO: Number of gradient updates: 2805
2026-10-01 16:29:01.065 INFO: Learning rate: 0.01, weight decay: 5e-07
2026-10-01 16:29:01.065 INFO: WeightedEnergyForcesLoss(energy_weight=1.000, forces_weight=10.000)
2026-10-01 16:29:01.065 INFO: === Layer's learning rates ===
2026-10-01 16:29:01.066 INFO: Param group 0: lr = 0.01
2026-10-01 16:29:01.066 INFO: Param group 1: lr = 0.01
2026-10-01 16:29:01.066 INFO: Param group 2: lr = 0.01
2026-10-01 16:29:01.066 INFO: Param group 3: lr = 0.01
2026-10-01 16:29:01.066 INFO: Param group 4: lr = 0.01
2026-10-01 16:29:01.066 INFO: Using gradient clipping with tolerance=10.000
2026-10-01 16:29:01.066 INFO: 
2026-10-01 16:29:01.066 INFO: ===========TRAINING===========
2026-10-01 16:29:01.066 INFO: Started training, reporting errors on validation set
2026-10-01 16:29:01.066 INFO: Loss metrics on validation set
2026-10-01 16:29:04.151 INFO: Initial: head: Default, loss=9.81795311, RMSE_E_per_atom=  682.92 meV, RMSE_F= 1967.98 meV / A
2026-10-01 16:29:53.863 INFO: Epoch 0: head: Default, loss=0.71319073, RMSE_E_per_atom=   65.42 meV, RMSE_F=  520.55 meV / A
2026-10-01 16:30:42.618 INFO: Epoch 1: head: Default, loss=0.25057197, RMSE_E_per_atom=   47.90 meV, RMSE_F=  313.68 meV / A
2026-10-01 16:31:31.893 INFO: Epoch 2: head: Default, loss=0.15433325, RMSE_E_per_atom=   41.97 meV, RMSE_F=  246.92 meV / A
2026-10-01 16:32:20.959 INFO: Epoch 3: head: Default, loss=0.11503781, RMSE_E_per_atom=   39.64 meV, RMSE_F=  213.23 meV / A
2026-10-01 16:33:10.748 INFO: Epoch 4: head: Default, loss=0.09278760, RMSE_E_per_atom=   37.05 meV, RMSE_F=  191.58 meV / A
2026-10-01 16:34:00.695 INFO: Epoch 5: head: Default, loss=0.08057842, RMSE_E_per_atom=   39.44 meV, RMSE_F=  178.29 meV / A
2026-10-01 16:34:51.165 INFO: Epoch 6: head: Default, loss=0.07017152, RMSE_E_per_atom=   40.27 meV, RMSE_F=  166.54 meV / A
2026-10-01 16:35:41.032 INFO: Epoch 7: head: Default, loss=0.05958866, RMSE_E_per_atom=   35.37 meV, RMSE_F=  153.61 meV / A
2026-10-01 16:36:32.087 INFO: Epoch 8: head: Default, loss=0.05364072, RMSE_E_per_atom=   31.72 meV, RMSE_F=  145.70 meV / A
2026-10-01 16:37:23.332 INFO: Epoch 9: head: Default, loss=0.04792585, RMSE_E_per_atom=   28.78 meV, RMSE_F=  137.82 meV / A
2026-10-01 16:38:14.815 INFO: Epoch 10: head: Default, loss=0.04506283, RMSE_E_per_atom=   26.77 meV, RMSE_F=  133.55 meV / A
2026-10-01 16:39:04.447 INFO: Epoch 11: head: Default, loss=0.04175820, RMSE_E_per_atom=   25.72 meV, RMSE_F=  128.54 meV / A
2026-10-01 16:39:54.710 INFO: Epoch 12: head: Default, loss=0.03914969, RMSE_E_per_atom=   24.26 meV, RMSE_F=  124.53 meV / A
2026-10-01 16:40:45.290 INFO: Epoch 13: head: Default, loss=0.03677442, RMSE_E_per_atom=   22.92 meV, RMSE_F=  120.63 meV / A
2026-10-01 16:41:34.719 INFO: Epoch 14: head: Default, loss=0.03427511, RMSE_E_per_atom=   22.03 meV, RMSE_F=  116.48 meV / A
2026-10-01 16:42:25.610 INFO: Epoch 15: head: Default, loss=0.03268428, RMSE_E_per_atom=   21.09 meV, RMSE_F=  113.79 meV / A
2026-10-01 16:43:18.227 INFO: Epoch 16: head: Default, loss=0.03164250, RMSE_E_per_atom=   20.01 meV, RMSE_F=  111.99 meV / A
2026-10-01 16:44:08.601 INFO: Epoch 17: head: Default, loss=0.03026459, RMSE_E_per_atom=   18.78 meV, RMSE_F=  109.53 meV / A
2026-10-01 16:44:59.625 INFO: Epoch 18: head: Default, loss=0.02940978, RMSE_E_per_atom=   18.47 meV, RMSE_F=  107.93 meV / A
2026-10-01 16:45:52.853 INFO: Epoch 19: head: Default, loss=0.02800526, RMSE_E_per_atom=   18.30 meV, RMSE_F=  105.29 meV / A
2026-10-01 16:46:46.627 INFO: Epoch 20: head: Default, loss=0.02679782, RMSE_E_per_atom=   17.95 meV, RMSE_F=  102.96 meV / A
2026-10-01 16:47:38.373 INFO: Epoch 21: head: Default, loss=0.02564826, RMSE_E_per_atom=   17.12 meV, RMSE_F=  100.75 meV / A
2026-10-01 16:48:30.007 INFO: Epoch 22: head: Default, loss=0.02443117, RMSE_E_per_atom=   16.87 meV, RMSE_F=   98.29 meV / A
2026-10-01 16:49:21.057 INFO: Epoch 23: head: Default, loss=0.02349437, RMSE_E_per_atom=   16.84 meV, RMSE_F=   96.35 meV / A
2026-10-01 16:50:13.194 INFO: Epoch 24: head: Default, loss=0.02261912, RMSE_E_per_atom=   16.65 meV, RMSE_F=   94.56 meV / A
2026-10-01 16:51:03.157 INFO: Epoch 25: head: Default, loss=0.02164402, RMSE_E_per_atom=   16.28 meV, RMSE_F=   92.48 meV / A
2026-10-01 16:51:55.233 INFO: Epoch 26: head: Default, loss=0.02109360, RMSE_E_per_atom=   15.54 meV, RMSE_F=   91.35 meV / A
2026-10-01 16:52:47.012 INFO: Epoch 27: head: Default, loss=0.01981224, RMSE_E_per_atom=   14.78 meV, RMSE_F=   88.53 meV / A
2026-10-01 16:53:37.559 INFO: Epoch 28: head: Default, loss=0.01924108, RMSE_E_per_atom=   14.29 meV, RMSE_F=   87.26 meV / A
2026-10-01 16:54:29.969 INFO: Epoch 29: head: Default, loss=0.01876059, RMSE_E_per_atom=   14.13 meV, RMSE_F=   86.18 meV / A
2026-10-01 16:55:20.879 INFO: Epoch 30: head: Default, loss=0.01804043, RMSE_E_per_atom=   13.77 meV, RMSE_F=   84.53 meV / A
2026-10-01 16:56:12.334 INFO: Epoch 31: head: Default, loss=0.01715931, RMSE_E_per_atom=   13.33 meV, RMSE_F=   82.46 meV / A
2026-10-01 16:57:03.964 INFO: Epoch 32: head: Default, loss=0.01667425, RMSE_E_per_atom=   13.26 meV, RMSE_F=   81.29 meV / A
2026-10-01 16:57:54.855 INFO: Epoch 33: head: Default, loss=0.01617707, RMSE_E_per_atom=   13.58 meV, RMSE_F=   80.07 meV / A
2026-10-01 16:58:47.057 INFO: Epoch 34: head: Default, loss=0.01568613, RMSE_E_per_atom=   13.02 meV, RMSE_F=   78.86 meV / A
2026-10-01 16:59:38.280 INFO: Epoch 35: head: Default, loss=0.01524906, RMSE_E_per_atom=   12.78 meV, RMSE_F=   77.75 meV / A
2026-10-01 17:00:30.135 INFO: Epoch 36: head: Default, loss=0.01476905, RMSE_E_per_atom=   12.62 meV, RMSE_F=   76.55 meV / A
2026-10-01 17:01:22.107 INFO: Epoch 37: head: Default, loss=0.01448141, RMSE_E_per_atom=   12.19 meV, RMSE_F=   75.79 meV / A
2026-10-01 17:02:13.009 INFO: Epoch 38: head: Default, loss=0.01425227, RMSE_E_per_atom=   11.78 meV, RMSE_F=   75.19 meV / A
2026-10-01 17:03:04.671 INFO: Epoch 39: head: Default, loss=0.01392038, RMSE_E_per_atom=   11.70 meV, RMSE_F=   74.31 meV / A
2026-10-01 17:03:56.677 INFO: Epoch 40: head: Default, loss=0.01348819, RMSE_E_per_atom=   11.42 meV, RMSE_F=   73.13 meV / A
2026-10-01 17:04:48.808 INFO: Epoch 41: head: Default, loss=0.01319900, RMSE_E_per_atom=   11.25 meV, RMSE_F=   72.32 meV / A
2026-10-01 17:05:40.684 INFO: Epoch 42: head: Default, loss=0.01323225, RMSE_E_per_atom=   11.07 meV, RMSE_F=   72.46 meV / A
2026-10-01 17:06:33.225 INFO: Epoch 43: head: Default, loss=0.01286365, RMSE_E_per_atom=   11.06 meV, RMSE_F=   71.45 meV / A
2026-10-01 17:07:24.832 INFO: Epoch 44: head: Default, loss=0.01289358, RMSE_E_per_atom=   11.64 meV, RMSE_F=   71.51 meV / A
2026-10-01 17:08:16.588 INFO: Epoch 45: head: Default, loss=0.01286570, RMSE_E_per_atom=   12.24 meV, RMSE_F=   71.43 meV / A
2026-10-01 17:09:08.316 INFO: Epoch 46: head: Default, loss=0.01320121, RMSE_E_per_atom=   11.79 meV, RMSE_F=   72.37 meV / A
2026-10-01 17:10:00.590 INFO: Epoch 47: head: Default, loss=0.01286764, RMSE_E_per_atom=   11.94 meV, RMSE_F=   71.45 meV / A
2026-10-01 17:10:52.921 INFO: Epoch 48: head: Default, loss=0.01245213, RMSE_E_per_atom=   11.79 meV, RMSE_F=   70.29 meV / A
2026-10-01 17:11:43.297 INFO: Epoch 49: head: Default, loss=0.01196106, RMSE_E_per_atom=   11.06 meV, RMSE_F=   68.90 meV / A
2026-10-01 17:12:35.924 INFO: Epoch 50: head: Default, loss=0.01178876, RMSE_E_per_atom=   10.69 meV, RMSE_F=   68.41 meV / A
2026-10-01 17:13:27.135 INFO: Epoch 51: head: Default, loss=0.01155692, RMSE_E_per_atom=   10.43 meV, RMSE_F=   67.74 meV / A
2026-10-01 17:14:19.049 INFO: Epoch 52: head: Default, loss=0.01144965, RMSE_E_per_atom=   10.44 meV, RMSE_F=   67.41 meV / A
2026-10-01 17:15:08.691 INFO: Epoch 53: head: Default, loss=0.01124814, RMSE_E_per_atom=   10.19 meV, RMSE_F=   66.82 meV / A
2026-10-01 17:16:01.411 INFO: Epoch 54: head: Default, loss=0.01097626, RMSE_E_per_atom=   10.15 meV, RMSE_F=   66.00 meV / A
2026-10-01 17:16:52.602 INFO: Epoch 55: head: Default, loss=0.01076194, RMSE_E_per_atom=    9.96 meV, RMSE_F=   65.35 meV / A
2026-10-01 17:17:44.823 INFO: Epoch 56: head: Default, loss=0.01051127, RMSE_E_per_atom=    9.78 meV, RMSE_F=   64.59 meV / A
2026-10-01 17:18:35.446 INFO: Epoch 57: head: Default, loss=0.01037689, RMSE_E_per_atom=    9.63 meV, RMSE_F=   64.16 meV / A
2026-10-01 17:19:27.476 INFO: Epoch 58: head: Default, loss=0.01028135, RMSE_E_per_atom=    9.49 meV, RMSE_F=   63.88 meV / A
2026-10-01 17:20:17.436 INFO: Epoch 59: head: Default, loss=0.01030187, RMSE_E_per_atom=    9.45 meV, RMSE_F=   63.95 meV / A
2026-10-01 17:20:17.437 INFO: Training complete
2026-10-01 17:20:17.437 INFO: 
2026-10-01 17:20:17.437 INFO: ===========RESULTS===========
2026-10-01 17:20:17.438 INFO: Loading checkpoint: ./checkpoints/mace_multitm_model_run-123_epoch-59.pt
2026-10-01 17:20:17.461 INFO: Loaded Stage one model from epoch 59 for evaluation
2026-10-01 17:20:17.462 INFO: Saving model to checkpoints/mace_multitm_model_run-123.model
2026-10-01 17:20:17.636 INFO: Compiling model, saving metadata to mace_multitm_model_compiled.model
2026-10-01 17:20:18.288 INFO: Computing metrics for training, validation, and test sets
2026-10-01 17:20:18.289 INFO: Skipping evaluation for heads: ['pt_head']
2026-10-01 17:20:18.289 INFO: Evaluating train_Default ...
2026-10-01 17:20:31.408 INFO: Evaluating valid_Default ...
2026-10-01 17:20:33.926 INFO: Error-table on TRAIN and VALID:
+---------------+---------------------+------------------+-------------------+
|  config_type  | RMSE E / meV / atom | RMSE F / meV / A | relative F RMSE % |
+---------------+---------------------+------------------+-------------------+
| train_Default |           15.0      |         64.1     |          3.26     |
| valid_Default |           11.1      |         74.9     |          3.83     |
+---------------+---------------------+------------------+-------------------+
2026-10-01 17:20:51.307 INFO: Done
2026-10-01 17:43:40.543 INFO: ===========VERIFYING SETTINGS===========
2026-10-01 17:43:40.543 INFO: MACE version: 0.3.16
2026-10-01 17:43:40.544 INFO: Using CPU
2026-10-01 17:43:40.587 INFO: ===========LOADING INPUT DATA===========
2026-10-01 17:43:40.587 INFO: Using heads: ['Default']
2026-10-01 17:43:40.587 INFO: Using the key specifications to parse data:
2026-10-01 17:43:40.588 INFO: Default: KeySpecification(info_keys={'energy': 'energy', 'stress': 'REF_stress', 'virials': 'REF_virials', 'dipole': 'dipole', 'head': 'head', 'elec_temp': 'elec_temp', 'total_charge': 'total_charge', 'polarizability': 'polarizability', 'total_spin': 'total_spin'}, arrays_keys={'forces': 'forces', 'charges': 'REF_charges'})
2026-10-01 17:43:40.588 INFO: =============    Processing head Default     ===========
2026-10-01 17:43:40.655 WARNING: Since ASE version 3.23.0b1, using energy_key 'energy' is no longer safe when communicating between MACE and ASE. We recommend using a different key, rewriting 'energy' to 'REF_energy'. You need to use --energy_key='REF_energy' to specify the chosen key name.
2026-10-01 17:43:40.667 WARNING: Since ASE version 3.23.0b1, using forces_key 'forces' is no longer safe when communicating between MACE and ASE. We recommend using a different key, rewriting 'forces' to 'REF_forces'. You need to use --forces_key='REF_forces' to specify the chosen key name.
2026-10-01 17:43:40.683 INFO: Training set 1/1 [energy: 187, stress: 0, virials: 0, dipole components: 0, head: 187, elec_temp: 0, total_charge: 0, polarizability: 0, total_spin: 0, forces: 187, charges: 0]
2026-10-01 17:43:40.684 INFO: Total Training set [energy: 187, stress: 0, virials: 0, dipole components: 0, head: 187, elec_temp: 0, total_charge: 0, polarizability: 0, total_spin: 0, forces: 187, charges: 0]
2026-10-01 17:43:40.703 WARNING: Since ASE version 3.23.0b1, using energy_key 'energy' is no longer safe when communicating between MACE and ASE. We recommend using a different key, rewriting 'energy' to 'REF_energy'. You need to use --energy_key='REF_energy' to specify the chosen key name.
2026-10-01 17:43:40.705 WARNING: Since ASE version 3.23.0b1, using forces_key 'forces' is no longer safe when communicating between MACE and ASE. We recommend using a different key, rewriting 'forces' to 'REF_forces'. You need to use --forces_key='REF_forces' to specify the chosen key name.
2026-10-01 17:43:40.709 INFO: Validation set 1/1 [energy: 33, stress: 0, virials: 0, dipole components: 0, head: 33, elec_temp: 0, total_charge: 0, polarizability: 0, total_spin: 0, forces: 33, charges: 0]
2026-10-01 17:43:40.709 INFO: Total Validation set [energy: 33, stress: 0, virials: 0, dipole components: 0, head: 33, elec_temp: 0, total_charge: 0, polarizability: 0, total_spin: 0, forces: 33, charges: 0]
2026-10-01 17:43:40.709 INFO: Total number of configurations: train=187, valid=33, tests=[],
2026-10-01 17:43:40.709 INFO: Using atomic numbers from command line argument
2026-10-01 17:43:40.709 INFO: Atomic Numbers used: [1, 6, 7, 27, 28, 46]
2026-10-01 17:43:40.709 INFO: Isolated Atomic Energies (E0s) not in training file, using command line argument
2026-10-01 17:43:40.709 INFO: Computing average Atomic Energies using least squares regression
2026-10-01 17:43:40.711 INFO: Atomic Energies used (z: eV) for head Default: {1: -7.157444524841892, 6: -8.888543690676043, 7: -8.478930937547151, 27: -0.17778066170442997, 28: 1.4145339101805425, 46: -1.5911915061949484}
2026-10-01 17:43:40.711 INFO: Processing datasets for head 'Default'
2026-10-01 17:43:40.813 INFO: Combining 1 list datasets for head 'Default'
2026-10-01 17:43:40.831 INFO: Combining 1 list datasets for head 'Default_valid'
2026-10-01 17:43:40.832 INFO: Combined validation datasets for Default
2026-10-01 17:43:40.832 INFO: Head 'Default' training dataset size: 187
2026-10-01 17:43:40.832 INFO: Computing average number of neighbors
2026-10-01 17:43:40.899 INFO: Average number of neighbors: 29.695999145507812
2026-10-01 17:43:40.899 INFO: During training the following quantities will be reported: energy, forces
2026-10-01 17:43:40.900 INFO: ===========MODEL DETAILS===========
2026-10-01 17:43:40.961 INFO: Building model
2026-10-01 17:43:40.961 INFO: Message passing with 64 channels and max_L=1 (64x0e + 64x1o)
2026-10-01 17:43:40.961 INFO: 2 layers, each with correlation order: 3 (body order: 4) and spherical harmonics up to: l=3
2026-10-01 17:43:40.961 INFO: 8 radial and 5 basis functions
2026-10-01 17:43:40.961 INFO: Radial cutoff: 5.0 A (total receptive field for each atom: 10.0 A)
2026-10-01 17:43:40.961 INFO: Distance transform for radial basis functions: None
2026-10-01 17:43:40.961 INFO: Hidden irreps: 64x0e + 64x1o
2026-10-01 17:43:41.864 INFO: ===========OPTIMIZER INFORMATION===========
2026-10-01 17:43:41.864 INFO: Using ADAM as parameter optimizer
2026-10-01 17:43:41.864 INFO: Batch size: 4
2026-10-01 17:43:41.864 INFO: Using Exponential Moving Average with decay: 0.99
2026-10-01 17:43:41.864 INFO: Number of gradient updates: 2805
2026-10-01 17:43:41.864 INFO: Learning rate: 0.01, weight decay: 5e-07
2026-10-01 17:43:41.865 INFO: WeightedEnergyForcesLoss(energy_weight=1.000, forces_weight=10.000)
2026-10-01 17:43:41.865 INFO: === Layer's learning rates ===
2026-10-01 17:43:41.865 INFO: Param group 0: lr = 0.01
2026-10-01 17:43:41.865 INFO: Param group 1: lr = 0.01
2026-10-01 17:43:41.865 INFO: Param group 2: lr = 0.01
2026-10-01 17:43:41.865 INFO: Param group 3: lr = 0.01
2026-10-01 17:43:41.865 INFO: Param group 4: lr = 0.01
2026-10-01 17:43:41.866 INFO: Using gradient clipping with tolerance=10.000
2026-10-01 17:43:41.866 INFO: 
2026-10-01 17:43:41.866 INFO: ===========TRAINING===========
2026-10-01 17:43:41.866 INFO: Started training, reporting errors on validation set
2026-10-01 17:43:41.866 INFO: Loss metrics on validation set
2026-10-01 17:43:45.033 INFO: Initial: head: Default, loss=9.81795311, RMSE_E_per_atom=  682.92 meV, RMSE_F= 1967.98 meV / A
2026-10-01 17:44:35.569 INFO: Epoch 0: head: Default, loss=0.71319073, RMSE_E_per_atom=   65.42 meV, RMSE_F=  520.55 meV / A
2026-10-01 17:45:27.140 INFO: Epoch 1: head: Default, loss=0.25057197, RMSE_E_per_atom=   47.90 meV, RMSE_F=  313.68 meV / A
2026-10-01 17:46:18.878 INFO: Epoch 2: head: Default, loss=0.15433325, RMSE_E_per_atom=   41.97 meV, RMSE_F=  246.92 meV / A
2026-10-01 17:47:11.537 INFO: Epoch 3: head: Default, loss=0.11503781, RMSE_E_per_atom=   39.64 meV, RMSE_F=  213.23 meV / A
2026-10-01 17:48:03.779 INFO: Epoch 4: head: Default, loss=0.09278760, RMSE_E_per_atom=   37.05 meV, RMSE_F=  191.58 meV / A
2026-10-01 17:48:55.864 INFO: Epoch 5: head: Default, loss=0.08057842, RMSE_E_per_atom=   39.44 meV, RMSE_F=  178.29 meV / A
2026-10-01 17:49:47.852 INFO: Epoch 6: head: Default, loss=0.07017152, RMSE_E_per_atom=   40.27 meV, RMSE_F=  166.54 meV / A
2026-10-01 17:50:39.742 INFO: Epoch 7: head: Default, loss=0.05958866, RMSE_E_per_atom=   35.37 meV, RMSE_F=  153.61 meV / A
2026-10-01 17:51:31.212 INFO: Epoch 8: head: Default, loss=0.05364072, RMSE_E_per_atom=   31.72 meV, RMSE_F=  145.70 meV / A
2026-10-01 17:52:23.820 INFO: Epoch 9: head: Default, loss=0.04792585, RMSE_E_per_atom=   28.78 meV, RMSE_F=  137.82 meV / A
2026-10-01 17:53:15.747 INFO: Epoch 10: head: Default, loss=0.04506283, RMSE_E_per_atom=   26.77 meV, RMSE_F=  133.55 meV / A
2026-10-01 17:54:07.918 INFO: Epoch 11: head: Default, loss=0.04175820, RMSE_E_per_atom=   25.72 meV, RMSE_F=  128.54 meV / A
2026-10-01 17:54:59.162 INFO: Epoch 12: head: Default, loss=0.03914969, RMSE_E_per_atom=   24.26 meV, RMSE_F=  124.53 meV / A
2026-10-01 17:55:51.191 INFO: Epoch 13: head: Default, loss=0.03677442, RMSE_E_per_atom=   22.92 meV, RMSE_F=  120.63 meV / A
2026-10-01 17:56:43.789 INFO: Epoch 14: head: Default, loss=0.03427511, RMSE_E_per_atom=   22.03 meV, RMSE_F=  116.48 meV / A
2026-10-01 17:57:36.531 INFO: Epoch 15: head: Default, loss=0.03268428, RMSE_E_per_atom=   21.09 meV, RMSE_F=  113.79 meV / A
2026-10-01 17:58:30.082 INFO: Epoch 16: head: Default, loss=0.03164250, RMSE_E_per_atom=   20.01 meV, RMSE_F=  111.99 meV / A
2026-10-01 17:59:22.545 INFO: Epoch 17: head: Default, loss=0.03026459, RMSE_E_per_atom=   18.78 meV, RMSE_F=  109.53 meV / A
2026-10-01 18:00:14.646 INFO: Epoch 18: head: Default, loss=0.02940978, RMSE_E_per_atom=   18.47 meV, RMSE_F=  107.93 meV / A
2026-10-01 18:01:08.330 INFO: Epoch 19: head: Default, loss=0.02800526, RMSE_E_per_atom=   18.30 meV, RMSE_F=  105.29 meV / A
2026-10-01 18:02:04.956 INFO: Epoch 20: head: Default, loss=0.02679782, RMSE_E_per_atom=   17.95 meV, RMSE_F=  102.96 meV / A
2026-10-01 18:02:58.443 INFO: Epoch 21: head: Default, loss=0.02564826, RMSE_E_per_atom=   17.12 meV, RMSE_F=  100.75 meV / A
2026-10-01 18:05:23.067 INFO: ===========VERIFYING SETTINGS===========
2026-10-01 18:05:23.067 INFO: MACE version: 0.3.16
2026-10-01 18:05:23.068 INFO: Using CPU
2026-10-01 18:05:23.107 INFO: ===========LOADING INPUT DATA===========
2026-10-01 18:05:23.107 INFO: Using heads: ['Default']
2026-10-01 18:05:23.107 INFO: Using the key specifications to parse data:
2026-10-01 18:05:23.108 INFO: Default: KeySpecification(info_keys={'energy': 'energy', 'stress': 'REF_stress', 'virials': 'REF_virials', 'dipole': 'dipole', 'head': 'head', 'elec_temp': 'elec_temp', 'total_charge': 'total_charge', 'polarizability': 'polarizability', 'total_spin': 'total_spin'}, arrays_keys={'forces': 'forces', 'charges': 'REF_charges'})
2026-10-01 18:05:23.108 INFO: =============    Processing head Default     ===========
2026-10-01 18:05:23.172 WARNING: Since ASE version 3.23.0b1, using energy_key 'energy' is no longer safe when communicating between MACE and ASE. We recommend using a different key, rewriting 'energy' to 'REF_energy'. You need to use --energy_key='REF_energy' to specify the chosen key name.
2026-10-01 18:05:23.183 WARNING: Since ASE version 3.23.0b1, using forces_key 'forces' is no longer safe when communicating between MACE and ASE. We recommend using a different key, rewriting 'forces' to 'REF_forces'. You need to use --forces_key='REF_forces' to specify the chosen key name.
2026-10-01 18:05:23.199 INFO: Training set 1/1 [energy: 187, stress: 0, virials: 0, dipole components: 0, head: 187, elec_temp: 0, total_charge: 0, polarizability: 0, total_spin: 0, forces: 187, charges: 0]
2026-10-01 18:05:23.200 INFO: Total Training set [energy: 187, stress: 0, virials: 0, dipole components: 0, head: 187, elec_temp: 0, total_charge: 0, polarizability: 0, total_spin: 0, forces: 187, charges: 0]
2026-10-01 18:05:23.218 WARNING: Since ASE version 3.23.0b1, using energy_key 'energy' is no longer safe when communicating between MACE and ASE. We recommend using a different key, rewriting 'energy' to 'REF_energy'. You need to use --energy_key='REF_energy' to specify the chosen key name.
2026-10-01 18:05:23.220 WARNING: Since ASE version 3.23.0b1, using forces_key 'forces' is no longer safe when communicating between MACE and ASE. We recommend using a different key, rewriting 'forces' to 'REF_forces'. You need to use --forces_key='REF_forces' to specify the chosen key name.
2026-10-01 18:05:23.223 INFO: Validation set 1/1 [energy: 33, stress: 0, virials: 0, dipole components: 0, head: 33, elec_temp: 0, total_charge: 0, polarizability: 0, total_spin: 0, forces: 33, charges: 0]
2026-10-01 18:05:23.223 INFO: Total Validation set [energy: 33, stress: 0, virials: 0, dipole components: 0, head: 33, elec_temp: 0, total_charge: 0, polarizability: 0, total_spin: 0, forces: 33, charges: 0]
2026-10-01 18:05:23.223 INFO: Total number of configurations: train=187, valid=33, tests=[],
2026-10-01 18:05:23.223 INFO: Using atomic numbers from command line argument
2026-10-01 18:05:23.224 INFO: Atomic Numbers used: [1, 6, 7, 27, 28, 46]
2026-10-01 18:05:23.224 INFO: Isolated Atomic Energies (E0s) not in training file, using command line argument
2026-10-01 18:05:23.224 INFO: Computing average Atomic Energies using least squares regression
2026-10-01 18:05:23.225 INFO: Atomic Energies used (z: eV) for head Default: {1: -7.157444524841892, 6: -8.888543690676043, 7: -8.478930937547151, 27: -0.17778066170442997, 28: 1.4145339101805425, 46: -1.5911915061949484}
2026-10-01 18:05:23.225 INFO: Processing datasets for head 'Default'
2026-10-01 18:05:23.328 INFO: Combining 1 list datasets for head 'Default'
2026-10-01 18:05:23.346 INFO: Combining 1 list datasets for head 'Default_valid'
2026-10-01 18:05:23.346 INFO: Combined validation datasets for Default
2026-10-01 18:05:23.346 INFO: Head 'Default' training dataset size: 187
2026-10-01 18:05:23.346 INFO: Computing average number of neighbors
2026-10-01 18:05:23.413 INFO: Average number of neighbors: 29.695999145507812
2026-10-01 18:05:23.414 INFO: During training the following quantities will be reported: energy, forces
2026-10-01 18:05:23.414 INFO: ===========MODEL DETAILS===========
2026-10-01 18:05:23.475 INFO: Building model
2026-10-01 18:05:23.475 INFO: Message passing with 64 channels and max_L=1 (64x0e + 64x1o)
2026-10-01 18:05:23.475 INFO: 2 layers, each with correlation order: 3 (body order: 4) and spherical harmonics up to: l=3
2026-10-01 18:05:23.475 INFO: 8 radial and 5 basis functions
2026-10-01 18:05:23.475 INFO: Radial cutoff: 5.0 A (total receptive field for each atom: 10.0 A)
2026-10-01 18:05:23.475 INFO: Distance transform for radial basis functions: None
2026-10-01 18:05:23.475 INFO: Hidden irreps: 64x0e + 64x1o
2026-10-01 18:05:24.357 INFO: ===========OPTIMIZER INFORMATION===========
2026-10-01 18:05:24.357 INFO: Using ADAM as parameter optimizer
2026-10-01 18:05:24.357 INFO: Batch size: 4
2026-10-01 18:05:24.357 INFO: Using Exponential Moving Average with decay: 0.99
2026-10-01 18:05:24.357 INFO: Number of gradient updates: 2805
2026-10-01 18:05:24.357 INFO: Learning rate: 0.01, weight decay: 5e-07
2026-10-01 18:05:24.357 INFO: WeightedEnergyForcesLoss(energy_weight=1.000, forces_weight=10.000)
2026-10-01 18:05:24.357 INFO: === Layer's learning rates ===
2026-10-01 18:05:24.357 INFO: Param group 0: lr = 0.01
2026-10-01 18:05:24.358 INFO: Param group 1: lr = 0.01
2026-10-01 18:05:24.358 INFO: Param group 2: lr = 0.01
2026-10-01 18:05:24.358 INFO: Param group 3: lr = 0.01
2026-10-01 18:05:24.358 INFO: Param group 4: lr = 0.01
2026-10-01 18:05:24.358 INFO: Using gradient clipping with tolerance=10.000
2026-10-01 18:05:24.358 INFO: 
2026-10-01 18:05:24.358 INFO: ===========TRAINING===========
2026-10-01 18:05:24.358 INFO: Started training, reporting errors on validation set
2026-10-01 18:05:24.358 INFO: Loss metrics on validation set
2026-10-01 18:05:27.434 INFO: Initial: head: Default, loss=9.81795311, RMSE_E_per_atom=  682.92 meV, RMSE_F= 1967.98 meV / A
2026-10-01 18:06:16.506 INFO: Epoch 0: head: Default, loss=0.71319073, RMSE_E_per_atom=   65.42 meV, RMSE_F=  520.55 meV / A
2026-10-01 18:07:07.572 INFO: Epoch 1: head: Default, loss=0.25057197, RMSE_E_per_atom=   47.90 meV, RMSE_F=  313.68 meV / A
2026-10-01 18:07:59.114 INFO: Epoch 2: head: Default, loss=0.15433325, RMSE_E_per_atom=   41.97 meV, RMSE_F=  246.92 meV / A
2026-10-01 18:08:50.707 INFO: Epoch 3: head: Default, loss=0.11503781, RMSE_E_per_atom=   39.64 meV, RMSE_F=  213.23 meV / A
2026-10-01 18:09:42.136 INFO: Epoch 4: head: Default, loss=0.09278760, RMSE_E_per_atom=   37.05 meV, RMSE_F=  191.58 meV / A
2026-10-01 18:10:34.022 INFO: Epoch 5: head: Default, loss=0.08057842, RMSE_E_per_atom=   39.44 meV, RMSE_F=  178.29 meV / A
2026-10-01 18:11:25.971 INFO: Epoch 6: head: Default, loss=0.07017152, RMSE_E_per_atom=   40.27 meV, RMSE_F=  166.54 meV / A
2026-10-01 18:12:17.485 INFO: Epoch 7: head: Default, loss=0.05958866, RMSE_E_per_atom=   35.37 meV, RMSE_F=  153.61 meV / A
2026-10-01 18:13:09.274 INFO: Epoch 8: head: Default, loss=0.05364072, RMSE_E_per_atom=   31.72 meV, RMSE_F=  145.70 meV / A
2026-10-01 18:14:00.494 INFO: Epoch 9: head: Default, loss=0.04792585, RMSE_E_per_atom=   28.78 meV, RMSE_F=  137.82 meV / A
2026-10-01 18:14:52.159 INFO: Epoch 10: head: Default, loss=0.04506283, RMSE_E_per_atom=   26.77 meV, RMSE_F=  133.55 meV / A
2026-10-01 18:15:43.257 INFO: Epoch 11: head: Default, loss=0.04175820, RMSE_E_per_atom=   25.72 meV, RMSE_F=  128.54 meV / A
2026-10-01 18:16:36.131 INFO: Epoch 12: head: Default, loss=0.03914969, RMSE_E_per_atom=   24.26 meV, RMSE_F=  124.53 meV / A
2026-10-01 18:17:30.827 INFO: Epoch 13: head: Default, loss=0.03677442, RMSE_E_per_atom=   22.92 meV, RMSE_F=  120.63 meV / A
2026-10-01 18:18:24.247 INFO: Epoch 14: head: Default, loss=0.03427511, RMSE_E_per_atom=   22.03 meV, RMSE_F=  116.48 meV / A
2026-10-01 18:19:16.294 INFO: Epoch 15: head: Default, loss=0.03268428, RMSE_E_per_atom=   21.09 meV, RMSE_F=  113.79 meV / A
2026-10-01 18:20:08.855 INFO: Epoch 16: head: Default, loss=0.03164250, RMSE_E_per_atom=   20.01 meV, RMSE_F=  111.99 meV / A
2026-10-01 18:21:00.646 INFO: Epoch 17: head: Default, loss=0.03026459, RMSE_E_per_atom=   18.78 meV, RMSE_F=  109.53 meV / A
2026-10-01 18:21:52.328 INFO: Epoch 18: head: Default, loss=0.02940978, RMSE_E_per_atom=   18.47 meV, RMSE_F=  107.93 meV / A
2026-10-01 18:22:44.305 INFO: Epoch 19: head: Default, loss=0.02800526, RMSE_E_per_atom=   18.30 meV, RMSE_F=  105.29 meV / A
2026-10-01 18:23:36.968 INFO: Epoch 20: head: Default, loss=0.02679782, RMSE_E_per_atom=   17.95 meV, RMSE_F=  102.96 meV / A
2026-10-01 18:24:28.138 INFO: Epoch 21: head: Default, loss=0.02564826, RMSE_E_per_atom=   17.12 meV, RMSE_F=  100.75 meV / A
2026-10-01 18:25:19.659 INFO: Epoch 22: head: Default, loss=0.02443117, RMSE_E_per_atom=   16.87 meV, RMSE_F=   98.29 meV / A
2026-10-01 18:26:12.527 INFO: Epoch 23: head: Default, loss=0.02349437, RMSE_E_per_atom=   16.84 meV, RMSE_F=   96.35 meV / A
2026-10-01 18:27:04.723 INFO: Epoch 24: head: Default, loss=0.02261912, RMSE_E_per_atom=   16.65 meV, RMSE_F=   94.56 meV / A
2026-10-01 18:27:56.822 INFO: Epoch 25: head: Default, loss=0.02164402, RMSE_E_per_atom=   16.28 meV, RMSE_F=   92.48 meV / A
2026-10-01 18:28:48.813 INFO: Epoch 26: head: Default, loss=0.02109360, RMSE_E_per_atom=   15.54 meV, RMSE_F=   91.35 meV / A
2026-10-01 18:29:40.961 INFO: Epoch 27: head: Default, loss=0.01981224, RMSE_E_per_atom=   14.78 meV, RMSE_F=   88.53 meV / A
2026-10-01 18:30:33.170 INFO: Epoch 28: head: Default, loss=0.01924108, RMSE_E_per_atom=   14.29 meV, RMSE_F=   87.26 meV / A
2026-10-01 18:31:25.655 INFO: Epoch 29: head: Default, loss=0.01876059, RMSE_E_per_atom=   14.13 meV, RMSE_F=   86.18 meV / A
2026-10-01 18:32:18.218 INFO: Epoch 30: head: Default, loss=0.01804043, RMSE_E_per_atom=   13.77 meV, RMSE_F=   84.53 meV / A
2026-10-01 18:33:10.458 INFO: Epoch 31: head: Default, loss=0.01715931, RMSE_E_per_atom=   13.33 meV, RMSE_F=   82.46 meV / A
2026-10-01 18:34:02.157 INFO: Epoch 32: head: Default, loss=0.01667425, RMSE_E_per_atom=   13.26 meV, RMSE_F=   81.29 meV / A
2026-10-01 18:34:53.856 INFO: Epoch 33: head: Default, loss=0.01617707, RMSE_E_per_atom=   13.58 meV, RMSE_F=   80.07 meV / A
2026-10-01 18:35:45.714 INFO: Epoch 34: head: Default, loss=0.01568613, RMSE_E_per_atom=   13.02 meV, RMSE_F=   78.86 meV / A
2026-10-01 18:36:38.233 INFO: Epoch 35: head: Default, loss=0.01524906, RMSE_E_per_atom=   12.78 meV, RMSE_F=   77.75 meV / A
2026-10-01 18:37:30.330 INFO: Epoch 36: head: Default, loss=0.01476905, RMSE_E_per_atom=   12.62 meV, RMSE_F=   76.55 meV / A
2026-10-01 18:38:22.590 INFO: Epoch 37: head: Default, loss=0.01448141, RMSE_E_per_atom=   12.19 meV, RMSE_F=   75.79 meV / A
2026-10-01 18:39:16.525 INFO: Epoch 38: head: Default, loss=0.01425227, RMSE_E_per_atom=   11.78 meV, RMSE_F=   75.19 meV / A
2026-10-01 18:40:08.255 INFO: Epoch 39: head: Default, loss=0.01392038, RMSE_E_per_atom=   11.70 meV, RMSE_F=   74.31 meV / A
2026-10-01 18:41:00.907 INFO: Epoch 40: head: Default, loss=0.01348819, RMSE_E_per_atom=   11.42 meV, RMSE_F=   73.13 meV / A
2026-10-01 18:41:52.604 INFO: Epoch 41: head: Default, loss=0.01319900, RMSE_E_per_atom=   11.25 meV, RMSE_F=   72.32 meV / A
2026-10-01 18:42:45.752 INFO: Epoch 42: head: Default, loss=0.01323225, RMSE_E_per_atom=   11.07 meV, RMSE_F=   72.46 meV / A
2026-10-01 18:43:40.308 INFO: Epoch 43: head: Default, loss=0.01286365, RMSE_E_per_atom=   11.06 meV, RMSE_F=   71.45 meV / A
2026-10-01 18:44:32.455 INFO: Epoch 44: head: Default, loss=0.01289358, RMSE_E_per_atom=   11.64 meV, RMSE_F=   71.51 meV / A
2026-10-01 18:45:24.246 INFO: Epoch 45: head: Default, loss=0.01286570, RMSE_E_per_atom=   12.24 meV, RMSE_F=   71.43 meV / A
2026-10-01 18:46:16.234 INFO: Epoch 46: head: Default, loss=0.01320121, RMSE_E_per_atom=   11.79 meV, RMSE_F=   72.37 meV / A
2026-10-01 18:47:08.804 INFO: Epoch 47: head: Default, loss=0.01286764, RMSE_E_per_atom=   11.94 meV, RMSE_F=   71.45 meV / A
2026-10-01 18:48:03.178 INFO: Epoch 48: head: Default, loss=0.01245213, RMSE_E_per_atom=   11.79 meV, RMSE_F=   70.29 meV / A
2026-10-01 18:49:00.204 INFO: Epoch 49: head: Default, loss=0.01196106, RMSE_E_per_atom=   11.06 meV, RMSE_F=   68.90 meV / A
2026-10-01 18:49:57.621 INFO: Epoch 50: head: Default, loss=0.01178876, RMSE_E_per_atom=   10.69 meV, RMSE_F=   68.41 meV / A
2026-10-01 18:50:51.927 INFO: Epoch 51: head: Default, loss=0.01155692, RMSE_E_per_atom=   10.43 meV, RMSE_F=   67.74 meV / A
2026-10-01 18:51:49.489 INFO: Epoch 52: head: Default, loss=0.01144965, RMSE_E_per_atom=   10.44 meV, RMSE_F=   67.41 meV / A
2026-10-01 18:52:44.353 INFO: Epoch 53: head: Default, loss=0.01124814, RMSE_E_per_atom=   10.19 meV, RMSE_F=   66.82 meV / A
2026-10-01 18:53:36.807 INFO: Epoch 54: head: Default, loss=0.01097626, RMSE_E_per_atom=   10.15 meV, RMSE_F=   66.00 meV / A
2026-10-01 18:54:34.553 INFO: Epoch 55: head: Default, loss=0.01076194, RMSE_E_per_atom=    9.96 meV, RMSE_F=   65.35 meV / A
2026-10-01 18:55:31.753 INFO: Epoch 56: head: Default, loss=0.01051127, RMSE_E_per_atom=    9.78 meV, RMSE_F=   64.59 meV / A
2026-10-01 18:56:30.261 INFO: Epoch 57: head: Default, loss=0.01037689, RMSE_E_per_atom=    9.63 meV, RMSE_F=   64.16 meV / A
2026-10-01 18:57:25.478 INFO: Epoch 58: head: Default, loss=0.01028135, RMSE_E_per_atom=    9.49 meV, RMSE_F=   63.88 meV / A
2026-10-01 18:58:22.080 INFO: Epoch 59: head: Default, loss=0.01030187, RMSE_E_per_atom=    9.45 meV, RMSE_F=   63.95 meV / A
2026-10-01 18:58:22.081 INFO: Training complete
2026-10-01 18:58:22.081 INFO: 
2026-10-01 18:58:22.081 INFO: ===========RESULTS===========
2026-10-01 18:58:22.081 INFO: Loading checkpoint: ./checkpoints/mace_multitm_model_run-123_epoch-59.pt
2026-10-01 18:58:22.104 INFO: Loaded Stage one model from epoch 59 for evaluation
2026-10-01 18:58:22.104 INFO: Saving model to checkpoints/mace_multitm_model_run-123.model
2026-10-01 18:58:22.271 INFO: Compiling model, saving metadata to mace_multitm_model_compiled.model
2026-10-01 18:58:22.950 INFO: Computing metrics for training, validation, and test sets
2026-10-01 18:58:22.951 INFO: Skipping evaluation for heads: ['pt_head']
2026-10-01 18:58:22.951 INFO: Evaluating train_Default ...
2026-10-01 18:58:39.462 INFO: Evaluating valid_Default ...
2026-10-01 18:58:42.360 INFO: Error-table on TRAIN and VALID:
+---------------+---------------------+------------------+-------------------+
|  config_type  | RMSE E / meV / atom | RMSE F / meV / A | relative F RMSE % |
+---------------+---------------------+------------------+-------------------+
| train_Default |           15.0      |         64.1     |          3.26     |
| valid_Default |           11.1      |         74.9     |          3.83     |
+---------------+---------------------+------------------+-------------------+
2026-10-01 18:59:03.866 INFO: Done
2026-10-01 22:39:37.351 INFO: ===========VERIFYING SETTINGS===========
2026-10-01 22:39:37.352 INFO: MACE version: 0.3.16
2026-10-01 22:39:37.352 INFO: Using CPU
2026-10-01 22:39:37.405 INFO: ===========LOADING INPUT DATA===========
2026-10-01 22:39:37.405 INFO: Using heads: ['Default']
2026-10-01 22:39:37.405 INFO: Using the key specifications to parse data:
2026-10-01 22:39:37.405 INFO: Default: KeySpecification(info_keys={'energy': 'energy', 'stress': 'REF_stress', 'virials': 'REF_virials', 'dipole': 'dipole', 'head': 'head', 'elec_temp': 'elec_temp', 'total_charge': 'total_charge', 'polarizability': 'polarizability', 'total_spin': 'total_spin'}, arrays_keys={'forces': 'forces', 'charges': 'REF_charges'})
2026-10-01 22:39:37.405 INFO: =============    Processing head Default     ===========
2026-10-01 22:39:37.481 WARNING: Since ASE version 3.23.0b1, using energy_key 'energy' is no longer safe when communicating between MACE and ASE. We recommend using a different key, rewriting 'energy' to 'REF_energy'. You need to use --energy_key='REF_energy' to specify the chosen key name.
2026-10-01 22:39:37.493 WARNING: Since ASE version 3.23.0b1, using forces_key 'forces' is no longer safe when communicating between MACE and ASE. We recommend using a different key, rewriting 'forces' to 'REF_forces'. You need to use --forces_key='REF_forces' to specify the chosen key name.
2026-10-01 22:39:37.510 INFO: Training set 1/1 [energy: 210, stress: 0, virials: 0, dipole components: 0, head: 210, elec_temp: 0, total_charge: 0, polarizability: 0, total_spin: 0, forces: 210, charges: 0]
2026-10-01 22:39:37.511 INFO: Total Training set [energy: 210, stress: 0, virials: 0, dipole components: 0, head: 210, elec_temp: 0, total_charge: 0, polarizability: 0, total_spin: 0, forces: 210, charges: 0]
2026-10-01 22:39:37.530 WARNING: Since ASE version 3.23.0b1, using energy_key 'energy' is no longer safe when communicating between MACE and ASE. We recommend using a different key, rewriting 'energy' to 'REF_energy'. You need to use --energy_key='REF_energy' to specify the chosen key name.
2026-10-01 22:39:37.533 WARNING: Since ASE version 3.23.0b1, using forces_key 'forces' is no longer safe when communicating between MACE and ASE. We recommend using a different key, rewriting 'forces' to 'REF_forces'. You need to use --forces_key='REF_forces' to specify the chosen key name.
2026-10-01 22:39:37.536 INFO: Validation set 1/1 [energy: 38, stress: 0, virials: 0, dipole components: 0, head: 38, elec_temp: 0, total_charge: 0, polarizability: 0, total_spin: 0, forces: 38, charges: 0]
2026-10-01 22:39:37.537 INFO: Total Validation set [energy: 38, stress: 0, virials: 0, dipole components: 0, head: 38, elec_temp: 0, total_charge: 0, polarizability: 0, total_spin: 0, forces: 38, charges: 0]
2026-10-01 22:39:37.537 INFO: Total number of configurations: train=210, valid=38, tests=[],
2026-10-01 22:39:37.537 INFO: Using atomic numbers from command line argument
2026-10-01 22:39:37.537 INFO: Atomic Numbers used: [1, 6, 7, 27, 28, 46]
2026-10-01 22:39:37.537 INFO: Isolated Atomic Energies (E0s) not in training file, using command line argument
2026-10-01 22:39:37.537 INFO: Computing average Atomic Energies using least squares regression
2026-10-01 22:39:37.539 INFO: Atomic Energies used (z: eV) for head Default: {1: -7.197763348048121, 6: -8.89026966282508, 7: -8.418644668344038, 27: -0.11110335598827159, 28: 1.4737429427832027, 46: -1.7158827364106213}
2026-10-01 22:39:37.539 INFO: Processing datasets for head 'Default'
2026-10-01 22:39:37.669 INFO: Combining 1 list datasets for head 'Default'
2026-10-01 22:39:37.691 INFO: Combining 1 list datasets for head 'Default_valid'
2026-10-01 22:39:37.691 INFO: Combined validation datasets for Default
2026-10-01 22:39:37.691 INFO: Head 'Default' training dataset size: 210
2026-10-01 22:39:37.691 INFO: Computing average number of neighbors
2026-10-01 22:39:37.767 INFO: Average number of neighbors: 29.715635299682617
2026-10-01 22:39:37.767 INFO: During training the following quantities will be reported: energy, forces
2026-10-01 22:39:37.767 INFO: ===========MODEL DETAILS===========
2026-10-01 22:39:37.847 INFO: Building model
2026-10-01 22:39:37.848 INFO: Message passing with 64 channels and max_L=1 (64x0e + 64x1o)
2026-10-01 22:39:37.848 INFO: 2 layers, each with correlation order: 3 (body order: 4) and spherical harmonics up to: l=3
2026-10-01 22:39:37.848 INFO: 8 radial and 5 basis functions
2026-10-01 22:39:37.848 INFO: Radial cutoff: 5.0 A (total receptive field for each atom: 10.0 A)
2026-10-01 22:39:37.848 INFO: Distance transform for radial basis functions: None
2026-10-01 22:39:37.848 INFO: Hidden irreps: 64x0e + 64x1o
2026-10-01 22:39:38.791 INFO: ===========OPTIMIZER INFORMATION===========
2026-10-01 22:39:38.791 INFO: Using ADAM as parameter optimizer
2026-10-01 22:39:38.791 INFO: Batch size: 4
2026-10-01 22:39:38.791 INFO: Using Exponential Moving Average with decay: 0.99
2026-10-01 22:39:38.791 INFO: Number of gradient updates: 3150
2026-10-01 22:39:38.791 INFO: Learning rate: 0.01, weight decay: 5e-07
2026-10-01 22:39:38.791 INFO: WeightedEnergyForcesLoss(energy_weight=1.000, forces_weight=10.000)
2026-10-01 22:39:38.792 INFO: === Layer's learning rates ===
2026-10-01 22:39:38.792 INFO: Param group 0: lr = 0.01
2026-10-01 22:39:38.792 INFO: Param group 1: lr = 0.01
2026-10-01 22:39:38.792 INFO: Param group 2: lr = 0.01
2026-10-01 22:39:38.792 INFO: Param group 3: lr = 0.01
2026-10-01 22:39:38.792 INFO: Param group 4: lr = 0.01
2026-10-01 22:39:38.793 INFO: Using gradient clipping with tolerance=10.000
2026-10-01 22:39:38.793 INFO: 
2026-10-01 22:39:38.793 INFO: ===========TRAINING===========
2026-10-01 22:39:38.793 INFO: Started training, reporting errors on validation set
2026-10-01 22:39:38.793 INFO: Loss metrics on validation set
2026-10-01 22:39:42.224 INFO: Initial: head: Default, loss=9.07029819, RMSE_E_per_atom=  634.50 meV, RMSE_F= 1892.41 meV / A
2026-10-01 22:40:41.526 INFO: Epoch 0: head: Default, loss=0.59075946, RMSE_E_per_atom=   45.45 meV, RMSE_F=  478.42 meV / A
2026-10-01 22:41:42.925 INFO: Epoch 1: head: Default, loss=0.19924942, RMSE_E_per_atom=   41.71 meV, RMSE_F=  279.04 meV / A
2026-10-01 22:42:42.568 INFO: Epoch 2: head: Default, loss=0.13946052, RMSE_E_per_atom=   40.54 meV, RMSE_F=  233.18 meV / A
2026-10-01 22:43:40.451 INFO: Epoch 3: head: Default, loss=0.10226338, RMSE_E_per_atom=   37.17 meV, RMSE_F=  200.04 meV / A
2026-10-01 22:44:38.143 INFO: Epoch 4: head: Default, loss=0.07897104, RMSE_E_per_atom=   33.10 meV, RMSE_F=  175.84 meV / A
2026-10-01 22:45:37.011 INFO: Epoch 5: head: Default, loss=0.06201991, RMSE_E_per_atom=   32.15 meV, RMSE_F=  155.76 meV / A
2026-10-01 22:46:36.081 INFO: Epoch 6: head: Default, loss=0.05351421, RMSE_E_per_atom=   28.88 meV, RMSE_F=  144.73 meV / A
2026-10-01 22:47:36.140 INFO: Epoch 7: head: Default, loss=0.04671307, RMSE_E_per_atom=   27.31 meV, RMSE_F=  135.18 meV / A
2026-10-01 22:48:38.535 INFO: Epoch 8: head: Default, loss=0.04156333, RMSE_E_per_atom=   24.83 meV, RMSE_F=  127.52 meV / A
2026-10-01 22:49:43.825 INFO: Epoch 9: head: Default, loss=0.03845841, RMSE_E_per_atom=   23.89 meV, RMSE_F=  122.65 meV / A
2026-10-01 22:50:45.442 INFO: Epoch 10: head: Default, loss=0.03605099, RMSE_E_per_atom=   23.74 meV, RMSE_F=  118.71 meV / A
2026-10-01 22:51:47.758 INFO: Epoch 11: head: Default, loss=0.03313687, RMSE_E_per_atom=   22.84 meV, RMSE_F=  113.76 meV / A
2026-10-01 22:52:51.476 INFO: Epoch 12: head: Default, loss=0.03097724, RMSE_E_per_atom=   22.19 meV, RMSE_F=  109.96 meV / A
2026-10-01 22:53:55.300 INFO: Epoch 13: head: Default, loss=0.03248698, RMSE_E_per_atom=   21.69 meV, RMSE_F=  112.67 meV / A
2026-10-01 22:54:54.997 INFO: Epoch 14: head: Default, loss=0.07165675, RMSE_E_per_atom=   54.37 meV, RMSE_F=  167.38 meV / A
2026-10-01 22:55:56.077 INFO: Epoch 15: head: Default, loss=0.05379976, RMSE_E_per_atom=   54.53 meV, RMSE_F=  144.42 meV / A
2026-10-01 22:56:57.371 INFO: Epoch 16: head: Default, loss=0.04004873, RMSE_E_per_atom=   37.17 meV, RMSE_F=  124.82 meV / A
2026-10-01 22:58:00.046 INFO: Epoch 17: head: Default, loss=0.03329867, RMSE_E_per_atom=   27.37 meV, RMSE_F=  113.92 meV / A
2026-10-01 22:59:05.173 INFO: Epoch 18: head: Default, loss=0.02909823, RMSE_E_per_atom=   22.78 meV, RMSE_F=  106.50 meV / A
2026-10-01 23:00:03.818 INFO: Epoch 19: head: Default, loss=0.02650442, RMSE_E_per_atom=   20.47 meV, RMSE_F=  101.63 meV / A
2026-10-01 23:01:06.960 INFO: Epoch 20: head: Default, loss=0.02460765, RMSE_E_per_atom=   19.18 meV, RMSE_F=   97.91 meV / A
2026-10-01 23:02:16.527 INFO: Epoch 21: head: Default, loss=0.02281042, RMSE_E_per_atom=   18.84 meV, RMSE_F=   94.26 meV / A
2026-10-01 23:03:28.048 INFO: Epoch 22: head: Default, loss=0.02125130, RMSE_E_per_atom=   18.13 meV, RMSE_F=   90.98 meV / A
2026-10-01 23:04:42.837 INFO: Epoch 23: head: Default, loss=0.02002978, RMSE_E_per_atom=   17.80 meV, RMSE_F=   88.35 meV / A
2026-10-01 23:05:52.087 INFO: Epoch 24: head: Default, loss=0.01898400, RMSE_E_per_atom=   17.18 meV, RMSE_F=   85.99 meV / A
2026-10-01 23:07:02.873 INFO: Epoch 25: head: Default, loss=0.01823151, RMSE_E_per_atom=   16.56 meV, RMSE_F=   84.29 meV / A
2026-10-01 23:08:10.030 INFO: Epoch 26: head: Default, loss=0.01741302, RMSE_E_per_atom=   16.23 meV, RMSE_F=   82.40 meV / A
2026-10-01 23:09:17.422 INFO: Epoch 27: head: Default, loss=0.01673445, RMSE_E_per_atom=   15.53 meV, RMSE_F=   80.80 meV / A
2026-10-01 23:10:23.080 INFO: Epoch 28: head: Default, loss=0.01608570, RMSE_E_per_atom=   14.98 meV, RMSE_F=   79.24 meV / A
2026-10-01 23:11:30.180 INFO: Epoch 29: head: Default, loss=0.01541283, RMSE_E_per_atom=   14.54 meV, RMSE_F=   77.58 meV / A
2026-10-01 23:12:36.205 INFO: Epoch 30: head: Default, loss=0.01471418, RMSE_E_per_atom=   14.39 meV, RMSE_F=   75.79 meV / A
2026-10-01 23:13:41.986 INFO: Epoch 31: head: Default, loss=0.01430825, RMSE_E_per_atom=   14.10 meV, RMSE_F=   74.78 meV / A
2026-10-01 23:14:48.184 INFO: Epoch 32: head: Default, loss=0.01402914, RMSE_E_per_atom=   13.87 meV, RMSE_F=   74.08 meV / A
2026-10-01 23:15:54.467 INFO: Epoch 33: head: Default, loss=0.01348447, RMSE_E_per_atom=   14.04 meV, RMSE_F=   72.61 meV / A
2026-10-01 23:17:00.800 INFO: Epoch 34: head: Default, loss=0.01333129, RMSE_E_per_atom=   14.21 meV, RMSE_F=   72.22 meV / A
2026-10-01 23:18:06.865 INFO: Epoch 35: head: Default, loss=0.01317277, RMSE_E_per_atom=   14.13 meV, RMSE_F=   71.79 meV / A
2026-10-01 23:19:13.080 INFO: Epoch 36: head: Default, loss=0.01284510, RMSE_E_per_atom=   13.67 meV, RMSE_F=   70.91 meV / A
2026-10-01 23:20:25.943 INFO: Epoch 37: head: Default, loss=0.01256345, RMSE_E_per_atom=   13.23 meV, RMSE_F=   70.14 meV / A
2026-10-01 23:21:34.754 INFO: Epoch 38: head: Default, loss=0.01218940, RMSE_E_per_atom=   12.99 meV, RMSE_F=   69.12 meV / A
2026-10-01 23:22:43.740 INFO: Epoch 39: head: Default, loss=0.01186264, RMSE_E_per_atom=   12.67 meV, RMSE_F=   68.20 meV / A
2026-10-01 23:23:57.138 INFO: Epoch 40: head: Default, loss=0.01146251, RMSE_E_per_atom=   12.52 meV, RMSE_F=   67.06 meV / A
2026-10-01 23:25:13.914 INFO: Epoch 41: head: Default, loss=0.01179151, RMSE_E_per_atom=   12.28 meV, RMSE_F=   68.05 meV / A
2026-10-01 23:26:13.569 INFO: Epoch 42: head: Default, loss=0.01158296, RMSE_E_per_atom=   12.14 meV, RMSE_F=   67.44 meV / A
2026-10-01 23:27:20.910 INFO: Epoch 43: head: Default, loss=0.01122506, RMSE_E_per_atom=   12.29 meV, RMSE_F=   66.40 meV / A
2026-10-01 23:28:26.089 INFO: Epoch 44: head: Default, loss=0.01092510, RMSE_E_per_atom=   12.22 meV, RMSE_F=   65.52 meV / A
2026-10-01 23:29:28.313 INFO: Epoch 45: head: Default, loss=0.01065099, RMSE_E_per_atom=   12.17 meV, RMSE_F=   64.67 meV / A
2026-10-01 23:30:29.668 INFO: Epoch 46: head: Default, loss=0.01032803, RMSE_E_per_atom=   12.10 meV, RMSE_F=   63.68 meV / A
2026-10-01 23:31:37.439 INFO: Epoch 47: head: Default, loss=0.01013709, RMSE_E_per_atom=   11.70 meV, RMSE_F=   63.11 meV / A
2026-10-01 23:32:46.711 INFO: Epoch 48: head: Default, loss=0.00980065, RMSE_E_per_atom=   11.55 meV, RMSE_F=   62.07 meV / A
2026-10-01 23:33:52.909 INFO: Epoch 49: head: Default, loss=0.00952828, RMSE_E_per_atom=   11.42 meV, RMSE_F=   61.20 meV / A
2026-10-01 23:35:00.369 INFO: Epoch 50: head: Default, loss=0.00936115, RMSE_E_per_atom=   11.26 meV, RMSE_F=   60.67 meV / A
2026-10-01 23:36:06.279 INFO: Epoch 51: head: Default, loss=0.00921557, RMSE_E_per_atom=   11.17 meV, RMSE_F=   60.19 meV / A
2026-10-01 23:37:15.544 INFO: Epoch 52: head: Default, loss=0.00895529, RMSE_E_per_atom=   11.18 meV, RMSE_F=   59.34 meV / A
2026-10-01 23:38:19.700 INFO: Epoch 53: head: Default, loss=0.00883962, RMSE_E_per_atom=   11.11 meV, RMSE_F=   58.96 meV / A
2026-10-01 23:39:25.155 INFO: Epoch 54: head: Default, loss=0.00853517, RMSE_E_per_atom=   10.77 meV, RMSE_F=   57.94 meV / A
2026-10-01 23:40:31.674 INFO: Epoch 55: head: Default, loss=0.00840312, RMSE_E_per_atom=   10.50 meV, RMSE_F=   57.49 meV / A
2026-10-01 23:41:39.302 INFO: Epoch 56: head: Default, loss=0.00832624, RMSE_E_per_atom=   10.41 meV, RMSE_F=   57.24 meV / A
2026-10-01 23:42:44.960 INFO: Epoch 57: head: Default, loss=0.00867578, RMSE_E_per_atom=   10.66 meV, RMSE_F=   58.44 meV / A
2026-10-01 23:43:52.454 INFO: Epoch 58: head: Default, loss=0.00840024, RMSE_E_per_atom=   10.57 meV, RMSE_F=   57.48 meV / A
2026-10-01 23:45:02.697 INFO: Epoch 59: head: Default, loss=0.00813630, RMSE_E_per_atom=   10.43 meV, RMSE_F=   56.58 meV / A
2026-10-01 23:45:02.719 INFO: Training complete
2026-10-01 23:45:02.719 INFO: 
2026-10-01 23:45:02.719 INFO: ===========RESULTS===========
2026-10-01 23:45:02.727 INFO: Loading checkpoint: ./checkpoints/mace_multitm_model_run-123_epoch-59.pt
2026-10-01 23:45:02.786 INFO: Loaded Stage one model from epoch 59 for evaluation
2026-10-01 23:45:02.787 INFO: Saving model to checkpoints/mace_multitm_model_run-123.model
2026-10-01 23:45:03.051 INFO: Compiling model, saving metadata to mace_multitm_model_compiled.model
2026-10-01 23:45:04.089 INFO: Computing metrics for training, validation, and test sets
2026-10-01 23:45:04.090 INFO: Skipping evaluation for heads: ['pt_head']
2026-10-01 23:45:04.093 INFO: Evaluating train_Default ...
2026-10-01 23:45:22.759 INFO: Evaluating valid_Default ...
2026-10-01 23:45:26.281 INFO: Error-table on TRAIN and VALID:
+---------------+---------------------+------------------+-------------------+
|  config_type  | RMSE E / meV / atom | RMSE F / meV / A | relative F RMSE % |
+---------------+---------------------+------------------+-------------------+
| train_Default |           14.4      |         42.7     |          2.31     |
| valid_Default |           10.4      |         56.6     |          3.01     |
+---------------+---------------------+------------------+-------------------+
2026-10-01 23:45:51.572 INFO: Done
2026-10-02 01:50:49.798 INFO: ===========VERIFYING SETTINGS===========
2026-10-02 01:50:49.798 INFO: MACE version: 0.3.16
2026-10-02 01:50:49.799 INFO: Using CPU
2026-10-02 01:50:49.852 INFO: ===========LOADING INPUT DATA===========
2026-10-02 01:50:49.852 INFO: Using heads: ['Default']
2026-10-02 01:50:49.852 INFO: Using the key specifications to parse data:
2026-10-02 01:50:49.852 INFO: Default: KeySpecification(info_keys={'energy': 'energy', 'stress': 'REF_stress', 'virials': 'REF_virials', 'dipole': 'dipole', 'head': 'head', 'elec_temp': 'elec_temp', 'total_charge': 'total_charge', 'polarizability': 'polarizability', 'total_spin': 'total_spin'}, arrays_keys={'forces': 'forces', 'charges': 'REF_charges'})
2026-10-02 01:50:49.852 INFO: =============    Processing head Default     ===========
2026-10-02 01:50:49.923 WARNING: Since ASE version 3.23.0b1, using energy_key 'energy' is no longer safe when communicating between MACE and ASE. We recommend using a different key, rewriting 'energy' to 'REF_energy'. You need to use --energy_key='REF_energy' to specify the chosen key name.
2026-10-02 01:50:49.935 WARNING: Since ASE version 3.23.0b1, using forces_key 'forces' is no longer safe when communicating between MACE and ASE. We recommend using a different key, rewriting 'forces' to 'REF_forces'. You need to use --forces_key='REF_forces' to specify the chosen key name.
2026-10-02 01:50:49.953 INFO: Training set 1/1 [energy: 210, stress: 0, virials: 0, dipole components: 0, head: 210, elec_temp: 0, total_charge: 0, polarizability: 0, total_spin: 0, forces: 210, charges: 0]
2026-10-02 01:50:49.954 INFO: Total Training set [energy: 210, stress: 0, virials: 0, dipole components: 0, head: 210, elec_temp: 0, total_charge: 0, polarizability: 0, total_spin: 0, forces: 210, charges: 0]
2026-10-02 01:50:49.973 WARNING: Since ASE version 3.23.0b1, using energy_key 'energy' is no longer safe when communicating between MACE and ASE. We recommend using a different key, rewriting 'energy' to 'REF_energy'. You need to use --energy_key='REF_energy' to specify the chosen key name.
2026-10-02 01:50:49.975 WARNING: Since ASE version 3.23.0b1, using forces_key 'forces' is no longer safe when communicating between MACE and ASE. We recommend using a different key, rewriting 'forces' to 'REF_forces'. You need to use --forces_key='REF_forces' to specify the chosen key name.
2026-10-02 01:50:49.979 INFO: Validation set 1/1 [energy: 38, stress: 0, virials: 0, dipole components: 0, head: 38, elec_temp: 0, total_charge: 0, polarizability: 0, total_spin: 0, forces: 38, charges: 0]
2026-10-02 01:50:49.979 INFO: Total Validation set [energy: 38, stress: 0, virials: 0, dipole components: 0, head: 38, elec_temp: 0, total_charge: 0, polarizability: 0, total_spin: 0, forces: 38, charges: 0]
2026-10-02 01:50:49.979 INFO: Total number of configurations: train=210, valid=38, tests=[],
2026-10-02 01:50:49.979 INFO: Using atomic numbers from command line argument
2026-10-02 01:50:49.979 INFO: Atomic Numbers used: [1, 6, 7, 27, 28, 46]
2026-10-02 01:50:49.979 INFO: Isolated Atomic Energies (E0s) not in training file, using command line argument
2026-10-02 01:50:49.979 INFO: Computing average Atomic Energies using least squares regression
2026-10-02 01:50:49.985 INFO: Atomic Energies used (z: eV) for head Default: {1: -7.197763348048121, 6: -8.89026966282508, 7: -8.418644668344038, 27: -0.11110335598827159, 28: 1.4737429427832027, 46: -1.7158827364106213}
2026-10-02 01:50:49.985 INFO: Processing datasets for head 'Default'
2026-10-02 01:50:50.111 INFO: Combining 1 list datasets for head 'Default'
2026-10-02 01:50:50.133 INFO: Combining 1 list datasets for head 'Default_valid'
2026-10-02 01:50:50.133 INFO: Combined validation datasets for Default
2026-10-02 01:50:50.133 INFO: Head 'Default' training dataset size: 210
2026-10-02 01:50:50.134 INFO: Computing average number of neighbors
2026-10-02 01:50:50.208 INFO: Average number of neighbors: 29.715635299682617
2026-10-02 01:50:50.208 INFO: During training the following quantities will be reported: energy, forces
2026-10-02 01:50:50.208 INFO: ===========MODEL DETAILS===========
2026-10-02 01:50:50.291 INFO: Building model
2026-10-02 01:50:50.291 INFO: Message passing with 64 channels and max_L=1 (64x0e + 64x1o)
2026-10-02 01:50:50.291 INFO: 2 layers, each with correlation order: 3 (body order: 4) and spherical harmonics up to: l=3
2026-10-02 01:50:50.291 INFO: 8 radial and 5 basis functions
2026-10-02 01:50:50.291 INFO: Radial cutoff: 5.0 A (total receptive field for each atom: 10.0 A)
2026-10-02 01:50:50.291 INFO: Distance transform for radial basis functions: None
2026-10-02 01:50:50.291 INFO: Hidden irreps: 64x0e + 64x1o
2026-10-02 01:50:51.181 INFO: ===========OPTIMIZER INFORMATION===========
2026-10-02 01:50:51.181 INFO: Using ADAM as parameter optimizer
2026-10-02 01:50:51.181 INFO: Batch size: 4
2026-10-02 01:50:51.181 INFO: Using Exponential Moving Average with decay: 0.99
2026-10-02 01:50:51.181 INFO: Number of gradient updates: 3150
2026-10-02 01:50:51.181 INFO: Learning rate: 0.01, weight decay: 5e-07
2026-10-02 01:50:51.181 INFO: WeightedEnergyForcesLoss(energy_weight=1.000, forces_weight=10.000)
2026-10-02 01:50:51.182 INFO: === Layer's learning rates ===
2026-10-02 01:50:51.182 INFO: Param group 0: lr = 0.01
2026-10-02 01:50:51.182 INFO: Param group 1: lr = 0.01
2026-10-02 01:50:51.182 INFO: Param group 2: lr = 0.01
2026-10-02 01:50:51.182 INFO: Param group 3: lr = 0.01
2026-10-02 01:50:51.182 INFO: Param group 4: lr = 0.01
2026-10-02 01:50:51.183 INFO: Using gradient clipping with tolerance=10.000
2026-10-02 01:50:51.183 INFO: 
2026-10-02 01:50:51.183 INFO: ===========TRAINING===========
2026-10-02 01:50:51.183 INFO: Started training, reporting errors on validation set
2026-10-02 01:50:51.183 INFO: Loss metrics on validation set
2026-10-02 01:50:54.752 INFO: Initial: head: Default, loss=9.07029819, RMSE_E_per_atom=  634.50 meV, RMSE_F= 1892.41 meV / A
2026-10-02 01:51:56.630 INFO: Epoch 0: head: Default, loss=0.59075946, RMSE_E_per_atom=   45.45 meV, RMSE_F=  478.42 meV / A
2026-10-02 01:53:03.670 INFO: Epoch 1: head: Default, loss=0.19924942, RMSE_E_per_atom=   41.71 meV, RMSE_F=  279.04 meV / A
2026-10-02 01:54:10.059 INFO: Epoch 2: head: Default, loss=0.13946052, RMSE_E_per_atom=   40.54 meV, RMSE_F=  233.18 meV / A
2026-10-02 01:55:18.910 INFO: Epoch 3: head: Default, loss=0.10226338, RMSE_E_per_atom=   37.17 meV, RMSE_F=  200.04 meV / A
2026-10-02 01:56:24.634 INFO: Epoch 4: head: Default, loss=0.07897104, RMSE_E_per_atom=   33.10 meV, RMSE_F=  175.84 meV / A
2026-10-02 01:57:34.196 INFO: Epoch 5: head: Default, loss=0.06201991, RMSE_E_per_atom=   32.15 meV, RMSE_F=  155.76 meV / A
2026-10-02 01:58:42.909 INFO: Epoch 6: head: Default, loss=0.05351421, RMSE_E_per_atom=   28.88 meV, RMSE_F=  144.73 meV / A
2026-10-02 01:59:49.572 INFO: Epoch 7: head: Default, loss=0.04671307, RMSE_E_per_atom=   27.31 meV, RMSE_F=  135.18 meV / A
2026-10-02 02:00:57.413 INFO: Epoch 8: head: Default, loss=0.04156333, RMSE_E_per_atom=   24.83 meV, RMSE_F=  127.52 meV / A
2026-10-02 02:01:58.822 INFO: Epoch 9: head: Default, loss=0.03845841, RMSE_E_per_atom=   23.89 meV, RMSE_F=  122.65 meV / A
2026-10-02 02:03:00.232 INFO: Epoch 10: head: Default, loss=0.03605099, RMSE_E_per_atom=   23.74 meV, RMSE_F=  118.71 meV / A
2026-10-02 02:04:05.364 INFO: Epoch 11: head: Default, loss=0.03313687, RMSE_E_per_atom=   22.84 meV, RMSE_F=  113.76 meV / A
2026-10-02 02:05:09.007 INFO: Epoch 12: head: Default, loss=0.03097724, RMSE_E_per_atom=   22.19 meV, RMSE_F=  109.96 meV / A
2026-10-02 02:06:14.153 INFO: Epoch 13: head: Default, loss=0.03248698, RMSE_E_per_atom=   21.69 meV, RMSE_F=  112.67 meV / A
2026-10-02 02:07:19.472 INFO: Epoch 14: head: Default, loss=0.07165675, RMSE_E_per_atom=   54.37 meV, RMSE_F=  167.38 meV / A
2026-10-02 02:08:23.079 INFO: Epoch 15: head: Default, loss=0.05379976, RMSE_E_per_atom=   54.53 meV, RMSE_F=  144.42 meV / A
2026-10-02 02:09:28.059 INFO: Epoch 16: head: Default, loss=0.04004873, RMSE_E_per_atom=   37.17 meV, RMSE_F=  124.82 meV / A
2026-10-02 02:10:28.110 INFO: Epoch 17: head: Default, loss=0.03329867, RMSE_E_per_atom=   27.37 meV, RMSE_F=  113.92 meV / A
2026-10-02 02:11:28.444 INFO: Epoch 18: head: Default, loss=0.02909823, RMSE_E_per_atom=   22.78 meV, RMSE_F=  106.50 meV / A
2026-10-02 02:12:33.209 INFO: Epoch 19: head: Default, loss=0.02650442, RMSE_E_per_atom=   20.47 meV, RMSE_F=  101.63 meV / A
2026-10-02 02:13:40.205 INFO: Epoch 20: head: Default, loss=0.02460765, RMSE_E_per_atom=   19.18 meV, RMSE_F=   97.91 meV / A
2026-10-02 02:14:48.595 INFO: Epoch 21: head: Default, loss=0.02281042, RMSE_E_per_atom=   18.84 meV, RMSE_F=   94.26 meV / A
2026-10-02 02:15:54.538 INFO: Epoch 22: head: Default, loss=0.02125130, RMSE_E_per_atom=   18.13 meV, RMSE_F=   90.98 meV / A
2026-10-02 02:16:59.529 INFO: Epoch 23: head: Default, loss=0.02002978, RMSE_E_per_atom=   17.80 meV, RMSE_F=   88.35 meV / A
2026-10-02 02:18:07.142 INFO: Epoch 24: head: Default, loss=0.01898400, RMSE_E_per_atom=   17.18 meV, RMSE_F=   85.99 meV / A
2026-10-02 02:19:13.489 INFO: Epoch 25: head: Default, loss=0.01823151, RMSE_E_per_atom=   16.56 meV, RMSE_F=   84.29 meV / A
2026-10-02 02:20:23.111 INFO: Epoch 26: head: Default, loss=0.01741302, RMSE_E_per_atom=   16.23 meV, RMSE_F=   82.40 meV / A
2026-10-02 02:21:33.929 INFO: Epoch 27: head: Default, loss=0.01673445, RMSE_E_per_atom=   15.53 meV, RMSE_F=   80.80 meV / A
2026-10-02 02:22:48.738 INFO: Epoch 28: head: Default, loss=0.01608570, RMSE_E_per_atom=   14.98 meV, RMSE_F=   79.24 meV / A
2026-10-02 02:23:58.039 INFO: Epoch 29: head: Default, loss=0.01541283, RMSE_E_per_atom=   14.54 meV, RMSE_F=   77.58 meV / A
2026-10-02 02:25:07.399 INFO: Epoch 30: head: Default, loss=0.01471418, RMSE_E_per_atom=   14.39 meV, RMSE_F=   75.79 meV / A
2026-10-02 02:26:20.831 INFO: Epoch 31: head: Default, loss=0.01430825, RMSE_E_per_atom=   14.10 meV, RMSE_F=   74.78 meV / A
2026-10-02 12:08:48.249 INFO: ===========VERIFYING SETTINGS===========
2026-10-02 12:08:48.249 INFO: MACE version: 0.3.16
2026-10-02 12:08:48.249 INFO: Using CPU
2026-10-02 12:08:48.301 INFO: ===========LOADING INPUT DATA===========
2026-10-02 12:08:48.301 INFO: Using heads: ['Default']
2026-10-02 12:08:48.301 INFO: Using the key specifications to parse data:
2026-10-02 12:08:48.302 INFO: Default: KeySpecification(info_keys={'energy': 'energy', 'stress': 'REF_stress', 'virials': 'REF_virials', 'dipole': 'dipole', 'head': 'head', 'elec_temp': 'elec_temp', 'total_charge': 'total_charge', 'polarizability': 'polarizability', 'total_spin': 'total_spin'}, arrays_keys={'forces': 'forces', 'charges': 'REF_charges'})
2026-10-02 12:08:48.302 INFO: =============    Processing head Default     ===========
2026-10-02 12:08:48.382 WARNING: Since ASE version 3.23.0b1, using energy_key 'energy' is no longer safe when communicating between MACE and ASE. We recommend using a different key, rewriting 'energy' to 'REF_energy'. You need to use --energy_key='REF_energy' to specify the chosen key name.
2026-10-02 12:08:48.397 WARNING: Since ASE version 3.23.0b1, using forces_key 'forces' is no longer safe when communicating between MACE and ASE. We recommend using a different key, rewriting 'forces' to 'REF_forces'. You need to use --forces_key='REF_forces' to specify the chosen key name.
2026-10-02 12:08:48.417 INFO: Training set 1/1 [energy: 210, stress: 0, virials: 0, dipole components: 0, head: 210, elec_temp: 0, total_charge: 0, polarizability: 0, total_spin: 0, forces: 210, charges: 0]
2026-10-02 12:08:48.418 INFO: Total Training set [energy: 210, stress: 0, virials: 0, dipole components: 0, head: 210, elec_temp: 0, total_charge: 0, polarizability: 0, total_spin: 0, forces: 210, charges: 0]
2026-10-02 12:08:48.439 WARNING: Since ASE version 3.23.0b1, using energy_key 'energy' is no longer safe when communicating between MACE and ASE. We recommend using a different key, rewriting 'energy' to 'REF_energy'. You need to use --energy_key='REF_energy' to specify the chosen key name.
2026-10-02 12:08:48.442 WARNING: Since ASE version 3.23.0b1, using forces_key 'forces' is no longer safe when communicating between MACE and ASE. We recommend using a different key, rewriting 'forces' to 'REF_forces'. You need to use --forces_key='REF_forces' to specify the chosen key name.
2026-10-02 12:08:48.446 INFO: Validation set 1/1 [energy: 38, stress: 0, virials: 0, dipole components: 0, head: 38, elec_temp: 0, total_charge: 0, polarizability: 0, total_spin: 0, forces: 38, charges: 0]
2026-10-02 12:08:48.446 INFO: Total Validation set [energy: 38, stress: 0, virials: 0, dipole components: 0, head: 38, elec_temp: 0, total_charge: 0, polarizability: 0, total_spin: 0, forces: 38, charges: 0]
2026-10-02 12:08:48.446 INFO: Total number of configurations: train=210, valid=38, tests=[],
2026-10-02 12:08:48.446 INFO: Using atomic numbers from command line argument
2026-10-02 12:08:48.446 INFO: Atomic Numbers used: [1, 6, 7, 27, 28, 46]
2026-10-02 12:08:48.446 INFO: Isolated Atomic Energies (E0s) not in training file, using command line argument
2026-10-02 12:08:48.447 INFO: Computing average Atomic Energies using least squares regression
2026-10-02 12:08:48.456 INFO: Atomic Energies used (z: eV) for head Default: {1: -7.197763348048121, 6: -8.89026966282508, 7: -8.418644668344038, 27: -0.11110335598827159, 28: 1.4737429427832027, 46: -1.7158827364106213}
2026-10-02 12:08:48.456 INFO: Processing datasets for head 'Default'
2026-10-02 12:08:48.645 INFO: Combining 1 list datasets for head 'Default'
2026-10-02 12:08:48.679 INFO: Combining 1 list datasets for head 'Default_valid'
2026-10-02 12:08:48.679 INFO: Combined validation datasets for Default
2026-10-02 12:08:48.679 INFO: Head 'Default' training dataset size: 210
2026-10-02 12:08:48.680 INFO: Computing average number of neighbors
2026-10-02 12:08:48.773 INFO: Average number of neighbors: 29.715635299682617
2026-10-02 12:08:48.774 INFO: During training the following quantities will be reported: energy, forces
2026-10-02 12:08:48.774 INFO: ===========MODEL DETAILS===========
2026-10-02 12:08:48.865 INFO: Building model
2026-10-02 12:08:48.866 INFO: Message passing with 64 channels and max_L=1 (64x0e + 64x1o)
2026-10-02 12:08:48.866 INFO: 2 layers, each with correlation order: 3 (body order: 4) and spherical harmonics up to: l=3
2026-10-02 12:08:48.866 INFO: 8 radial and 5 basis functions
2026-10-02 12:08:48.866 INFO: Radial cutoff: 5.0 A (total receptive field for each atom: 10.0 A)
2026-10-02 12:08:48.866 INFO: Distance transform for radial basis functions: None
2026-10-02 12:08:48.866 INFO: Hidden irreps: 64x0e + 64x1o
2026-10-02 12:08:49.953 INFO: ===========OPTIMIZER INFORMATION===========
2026-10-02 12:08:49.953 INFO: Using ADAM as parameter optimizer
2026-10-02 12:08:49.953 INFO: Batch size: 4
2026-10-02 12:08:49.954 INFO: Using Exponential Moving Average with decay: 0.99
2026-10-02 12:08:49.954 INFO: Number of gradient updates: 3150
2026-10-02 12:08:49.954 INFO: Learning rate: 0.01, weight decay: 5e-07
2026-10-02 12:08:49.954 INFO: WeightedEnergyForcesLoss(energy_weight=1.000, forces_weight=10.000)
2026-10-02 12:08:49.954 INFO: === Layer's learning rates ===
2026-10-02 12:08:49.954 INFO: Param group 0: lr = 0.01
2026-10-02 12:08:49.955 INFO: Param group 1: lr = 0.01
2026-10-02 12:08:49.955 INFO: Param group 2: lr = 0.01
2026-10-02 12:08:49.955 INFO: Param group 3: lr = 0.01
2026-10-02 12:08:49.955 INFO: Param group 4: lr = 0.01
2026-10-02 12:08:49.955 INFO: Using gradient clipping with tolerance=10.000
2026-10-02 12:08:49.955 INFO: 
2026-10-02 12:08:49.955 INFO: ===========TRAINING===========
2026-10-02 12:08:49.956 INFO: Started training, reporting errors on validation set
2026-10-02 12:08:49.956 INFO: Loss metrics on validation set
2026-10-02 12:08:54.135 INFO: Initial: head: Default, loss=9.07029819, RMSE_E_per_atom=  634.50 meV, RMSE_F= 1892.41 meV / A
2026-10-02 12:09:56.371 INFO: Epoch 0: head: Default, loss=0.59075946, RMSE_E_per_atom=   45.45 meV, RMSE_F=  478.42 meV / A
2026-10-02 12:10:57.282 INFO: Epoch 1: head: Default, loss=0.19924942, RMSE_E_per_atom=   41.71 meV, RMSE_F=  279.04 meV / A
2026-10-02 12:11:57.601 INFO: Epoch 2: head: Default, loss=0.13946052, RMSE_E_per_atom=   40.54 meV, RMSE_F=  233.18 meV / A
2026-10-02 12:12:58.538 INFO: Epoch 3: head: Default, loss=0.10226338, RMSE_E_per_atom=   37.17 meV, RMSE_F=  200.04 meV / A
2026-10-02 12:13:59.403 INFO: Epoch 4: head: Default, loss=0.07897104, RMSE_E_per_atom=   33.10 meV, RMSE_F=  175.84 meV / A
2026-10-02 12:14:59.942 INFO: Epoch 5: head: Default, loss=0.06201991, RMSE_E_per_atom=   32.15 meV, RMSE_F=  155.76 meV / A
2026-10-02 12:16:00.627 INFO: Epoch 6: head: Default, loss=0.05351421, RMSE_E_per_atom=   28.88 meV, RMSE_F=  144.73 meV / A
2026-10-02 12:17:00.789 INFO: Epoch 7: head: Default, loss=0.04671307, RMSE_E_per_atom=   27.31 meV, RMSE_F=  135.18 meV / A
2026-10-02 12:18:00.642 INFO: Epoch 8: head: Default, loss=0.04156333, RMSE_E_per_atom=   24.83 meV, RMSE_F=  127.52 meV / A
2026-10-02 12:19:00.312 INFO: Epoch 9: head: Default, loss=0.03845841, RMSE_E_per_atom=   23.89 meV, RMSE_F=  122.65 meV / A
2026-10-02 12:20:00.676 INFO: Epoch 10: head: Default, loss=0.03605099, RMSE_E_per_atom=   23.74 meV, RMSE_F=  118.71 meV / A
2026-10-02 12:21:00.357 INFO: Epoch 11: head: Default, loss=0.03313687, RMSE_E_per_atom=   22.84 meV, RMSE_F=  113.76 meV / A
2026-10-02 12:22:00.969 INFO: Epoch 12: head: Default, loss=0.03097724, RMSE_E_per_atom=   22.19 meV, RMSE_F=  109.96 meV / A
2026-10-02 12:22:59.645 INFO: Epoch 13: head: Default, loss=0.03248698, RMSE_E_per_atom=   21.69 meV, RMSE_F=  112.67 meV / A
2026-10-02 12:24:01.366 INFO: Epoch 14: head: Default, loss=0.07165675, RMSE_E_per_atom=   54.37 meV, RMSE_F=  167.38 meV / A
2026-10-02 12:25:03.294 INFO: Epoch 15: head: Default, loss=0.05379976, RMSE_E_per_atom=   54.53 meV, RMSE_F=  144.42 meV / A
2026-10-02 12:26:02.677 INFO: Epoch 16: head: Default, loss=0.04004873, RMSE_E_per_atom=   37.17 meV, RMSE_F=  124.82 meV / A
2026-10-02 12:27:03.496 INFO: Epoch 17: head: Default, loss=0.03329867, RMSE_E_per_atom=   27.37 meV, RMSE_F=  113.92 meV / A
2026-10-02 12:28:03.523 INFO: Epoch 18: head: Default, loss=0.02909823, RMSE_E_per_atom=   22.78 meV, RMSE_F=  106.50 meV / A
2026-10-02 12:29:04.051 INFO: Epoch 19: head: Default, loss=0.02650442, RMSE_E_per_atom=   20.47 meV, RMSE_F=  101.63 meV / A
2026-10-02 12:30:03.566 INFO: Epoch 20: head: Default, loss=0.02460765, RMSE_E_per_atom=   19.18 meV, RMSE_F=   97.91 meV / A
2026-10-02 12:31:03.833 INFO: Epoch 21: head: Default, loss=0.02281042, RMSE_E_per_atom=   18.84 meV, RMSE_F=   94.26 meV / A
2026-10-02 12:32:04.847 INFO: Epoch 22: head: Default, loss=0.02125130, RMSE_E_per_atom=   18.13 meV, RMSE_F=   90.98 meV / A
2026-10-02 12:33:05.716 INFO: Epoch 23: head: Default, loss=0.02002978, RMSE_E_per_atom=   17.80 meV, RMSE_F=   88.35 meV / A
2026-10-02 12:34:06.745 INFO: Epoch 24: head: Default, loss=0.01898400, RMSE_E_per_atom=   17.18 meV, RMSE_F=   85.99 meV / A
2026-10-02 12:35:07.222 INFO: Epoch 25: head: Default, loss=0.01823151, RMSE_E_per_atom=   16.56 meV, RMSE_F=   84.29 meV / A
2026-10-02 12:36:08.019 INFO: Epoch 26: head: Default, loss=0.01741302, RMSE_E_per_atom=   16.23 meV, RMSE_F=   82.40 meV / A
2026-10-02 12:37:09.300 INFO: Epoch 27: head: Default, loss=0.01673445, RMSE_E_per_atom=   15.53 meV, RMSE_F=   80.80 meV / A
2026-10-02 12:38:09.618 INFO: Epoch 28: head: Default, loss=0.01608570, RMSE_E_per_atom=   14.98 meV, RMSE_F=   79.24 meV / A
2026-10-02 12:39:11.525 INFO: Epoch 29: head: Default, loss=0.01541283, RMSE_E_per_atom=   14.54 meV, RMSE_F=   77.58 meV / A
2026-10-02 12:40:12.473 INFO: Epoch 30: head: Default, loss=0.01471418, RMSE_E_per_atom=   14.39 meV, RMSE_F=   75.79 meV / A
2026-10-02 12:41:13.094 INFO: Epoch 31: head: Default, loss=0.01430825, RMSE_E_per_atom=   14.10 meV, RMSE_F=   74.78 meV / A
2026-10-02 12:42:14.449 INFO: Epoch 32: head: Default, loss=0.01402914, RMSE_E_per_atom=   13.87 meV, RMSE_F=   74.08 meV / A
2026-10-02 12:43:14.334 INFO: Epoch 33: head: Default, loss=0.01348447, RMSE_E_per_atom=   14.04 meV, RMSE_F=   72.61 meV / A
2026-10-02 12:44:12.985 INFO: Epoch 34: head: Default, loss=0.01333129, RMSE_E_per_atom=   14.21 meV, RMSE_F=   72.22 meV / A
2026-10-02 12:45:12.409 INFO: Epoch 35: head: Default, loss=0.01317277, RMSE_E_per_atom=   14.13 meV, RMSE_F=   71.79 meV / A
2026-10-02 12:46:12.160 INFO: Epoch 36: head: Default, loss=0.01284510, RMSE_E_per_atom=   13.67 meV, RMSE_F=   70.91 meV / A
2026-10-02 12:47:11.420 INFO: Epoch 37: head: Default, loss=0.01256345, RMSE_E_per_atom=   13.23 meV, RMSE_F=   70.14 meV / A
2026-10-02 12:48:10.070 INFO: Epoch 38: head: Default, loss=0.01218940, RMSE_E_per_atom=   12.99 meV, RMSE_F=   69.12 meV / A
2026-10-02 12:49:10.220 INFO: Epoch 39: head: Default, loss=0.01186264, RMSE_E_per_atom=   12.67 meV, RMSE_F=   68.20 meV / A
2026-10-02 12:50:09.845 INFO: Epoch 40: head: Default, loss=0.01146251, RMSE_E_per_atom=   12.52 meV, RMSE_F=   67.06 meV / A
2026-10-02 12:51:09.233 INFO: Epoch 41: head: Default, loss=0.01179151, RMSE_E_per_atom=   12.28 meV, RMSE_F=   68.05 meV / A
2026-10-02 12:52:09.302 INFO: Epoch 42: head: Default, loss=0.01158296, RMSE_E_per_atom=   12.14 meV, RMSE_F=   67.44 meV / A
2026-10-02 12:53:09.178 INFO: Epoch 43: head: Default, loss=0.01122506, RMSE_E_per_atom=   12.29 meV, RMSE_F=   66.40 meV / A
2026-10-02 12:54:08.452 INFO: Epoch 44: head: Default, loss=0.01092510, RMSE_E_per_atom=   12.22 meV, RMSE_F=   65.52 meV / A
2026-10-02 12:55:07.563 INFO: Epoch 45: head: Default, loss=0.01065099, RMSE_E_per_atom=   12.17 meV, RMSE_F=   64.67 meV / A
2026-10-02 12:56:08.225 INFO: Epoch 46: head: Default, loss=0.01032803, RMSE_E_per_atom=   12.10 meV, RMSE_F=   63.68 meV / A
2026-10-02 12:57:07.599 INFO: Epoch 47: head: Default, loss=0.01013709, RMSE_E_per_atom=   11.70 meV, RMSE_F=   63.11 meV / A
2026-10-02 12:58:07.126 INFO: Epoch 48: head: Default, loss=0.00980065, RMSE_E_per_atom=   11.55 meV, RMSE_F=   62.07 meV / A
2026-10-02 12:59:06.450 INFO: Epoch 49: head: Default, loss=0.00952828, RMSE_E_per_atom=   11.42 meV, RMSE_F=   61.20 meV / A
2026-10-02 13:00:07.740 INFO: Epoch 50: head: Default, loss=0.00936115, RMSE_E_per_atom=   11.26 meV, RMSE_F=   60.67 meV / A
2026-10-02 13:01:08.382 INFO: Epoch 51: head: Default, loss=0.00921557, RMSE_E_per_atom=   11.17 meV, RMSE_F=   60.19 meV / A
2026-10-02 13:02:09.043 INFO: Epoch 52: head: Default, loss=0.00895529, RMSE_E_per_atom=   11.18 meV, RMSE_F=   59.34 meV / A
2026-10-02 13:03:10.238 INFO: Epoch 53: head: Default, loss=0.00883962, RMSE_E_per_atom=   11.11 meV, RMSE_F=   58.96 meV / A
2026-10-02 13:04:09.761 INFO: Epoch 54: head: Default, loss=0.00853517, RMSE_E_per_atom=   10.77 meV, RMSE_F=   57.94 meV / A
2026-10-02 13:05:11.186 INFO: Epoch 55: head: Default, loss=0.00840312, RMSE_E_per_atom=   10.50 meV, RMSE_F=   57.49 meV / A
2026-10-02 13:06:11.810 INFO: Epoch 56: head: Default, loss=0.00832624, RMSE_E_per_atom=   10.41 meV, RMSE_F=   57.24 meV / A
2026-10-02 13:07:11.881 INFO: Epoch 57: head: Default, loss=0.00867579, RMSE_E_per_atom=   10.66 meV, RMSE_F=   58.44 meV / A
2026-10-02 13:08:12.858 INFO: Epoch 58: head: Default, loss=0.00840024, RMSE_E_per_atom=   10.57 meV, RMSE_F=   57.48 meV / A
2026-10-02 13:09:13.691 INFO: Epoch 59: head: Default, loss=0.00813631, RMSE_E_per_atom=   10.43 meV, RMSE_F=   56.58 meV / A
2026-10-02 13:09:13.709 INFO: Training complete
2026-10-02 13:09:13.709 INFO: 
2026-10-02 13:09:13.709 INFO: ===========RESULTS===========
2026-10-02 13:09:13.710 INFO: Loading checkpoint: ./checkpoints/mace_multitm_model_run-123_epoch-59.pt
2026-10-02 13:09:13.727 INFO: Loaded Stage one model from epoch 59 for evaluation
2026-10-02 13:09:13.727 INFO: Saving model to checkpoints/mace_multitm_model_run-123.model
2026-10-02 13:09:13.882 INFO: Compiling model, saving metadata to mace_multitm_model_compiled.model
2026-10-02 13:09:14.601 INFO: Computing metrics for training, validation, and test sets
2026-10-02 13:09:14.602 INFO: Skipping evaluation for heads: ['pt_head']
2026-10-02 13:09:14.602 INFO: Evaluating train_Default ...
2026-10-02 13:09:32.140 INFO: Evaluating valid_Default ...
2026-10-02 13:09:35.513 INFO: Error-table on TRAIN and VALID:
+---------------+---------------------+------------------+-------------------+
|  config_type  | RMSE E / meV / atom | RMSE F / meV / A | relative F RMSE % |
+---------------+---------------------+------------------+-------------------+
| train_Default |           14.4      |         42.7     |          2.31     |
| valid_Default |           10.4      |         56.6     |          3.01     |
+---------------+---------------------+------------------+-------------------+
2026-10-02 13:09:58.421 INFO: Done
2026-10-02 17:42:37.995 INFO: ===========VERIFYING SETTINGS===========
2026-10-02 17:42:37.995 INFO: MACE version: 0.3.16
2026-10-02 17:42:37.996 INFO: Using CPU
2026-10-02 17:42:38.041 INFO: ===========LOADING INPUT DATA===========
2026-10-02 17:42:38.041 INFO: Using heads: ['Default']
2026-10-02 17:42:38.041 INFO: Using the key specifications to parse data:
2026-10-02 17:42:38.041 INFO: Default: KeySpecification(info_keys={'energy': 'energy', 'stress': 'REF_stress', 'virials': 'REF_virials', 'dipole': 'dipole', 'head': 'head', 'elec_temp': 'elec_temp', 'total_charge': 'total_charge', 'polarizability': 'polarizability', 'total_spin': 'total_spin'}, arrays_keys={'forces': 'forces', 'charges': 'REF_charges'})
2026-10-02 17:42:38.041 INFO: =============    Processing head Default     ===========
2026-10-02 17:42:38.118 WARNING: Since ASE version 3.23.0b1, using energy_key 'energy' is no longer safe when communicating between MACE and ASE. We recommend using a different key, rewriting 'energy' to 'REF_energy'. You need to use --energy_key='REF_energy' to specify the chosen key name.
2026-10-02 17:42:38.131 WARNING: Since ASE version 3.23.0b1, using forces_key 'forces' is no longer safe when communicating between MACE and ASE. We recommend using a different key, rewriting 'forces' to 'REF_forces'. You need to use --forces_key='REF_forces' to specify the chosen key name.
2026-10-02 17:42:38.151 INFO: Training set 1/1 [energy: 234, stress: 0, virials: 0, dipole components: 0, head: 234, elec_temp: 0, total_charge: 0, polarizability: 0, total_spin: 0, forces: 234, charges: 0]
2026-10-02 17:42:38.152 INFO: Total Training set [energy: 234, stress: 0, virials: 0, dipole components: 0, head: 234, elec_temp: 0, total_charge: 0, polarizability: 0, total_spin: 0, forces: 234, charges: 0]
2026-10-02 17:42:38.172 WARNING: Since ASE version 3.23.0b1, using energy_key 'energy' is no longer safe when communicating between MACE and ASE. We recommend using a different key, rewriting 'energy' to 'REF_energy'. You need to use --energy_key='REF_energy' to specify the chosen key name.
2026-10-02 17:42:38.175 WARNING: Since ASE version 3.23.0b1, using forces_key 'forces' is no longer safe when communicating between MACE and ASE. We recommend using a different key, rewriting 'forces' to 'REF_forces'. You need to use --forces_key='REF_forces' to specify the chosen key name.
2026-10-02 17:42:38.178 INFO: Validation set 1/1 [energy: 42, stress: 0, virials: 0, dipole components: 0, head: 42, elec_temp: 0, total_charge: 0, polarizability: 0, total_spin: 0, forces: 42, charges: 0]
2026-10-02 17:42:38.178 INFO: Total Validation set [energy: 42, stress: 0, virials: 0, dipole components: 0, head: 42, elec_temp: 0, total_charge: 0, polarizability: 0, total_spin: 0, forces: 42, charges: 0]
2026-10-02 17:42:38.179 INFO: Total number of configurations: train=234, valid=42, tests=[],
2026-10-02 17:42:38.179 INFO: Using atomic numbers from command line argument
2026-10-02 17:42:38.179 INFO: Atomic Numbers used: [1, 6, 7, 27, 28, 46]
2026-10-02 17:42:38.179 INFO: Isolated Atomic Energies (E0s) not in training file, using command line argument
2026-10-02 17:42:38.179 INFO: Computing average Atomic Energies using least squares regression
2026-10-02 17:42:38.181 INFO: Atomic Energies used (z: eV) for head Default: {1: -7.177663499421661, 6: -8.893706952122827, 7: -8.354456466309644, 27: -0.1119940690561838, 28: 1.5223159561643005, 46: -1.7623252221781633}
2026-10-02 17:42:38.181 INFO: Processing datasets for head 'Default'
2026-10-02 17:42:38.316 INFO: Combining 1 list datasets for head 'Default'
2026-10-02 17:42:38.341 INFO: Combining 1 list datasets for head 'Default_valid'
2026-10-02 17:42:38.341 INFO: Combined validation datasets for Default
2026-10-02 17:42:38.341 INFO: Head 'Default' training dataset size: 234
2026-10-02 17:42:38.341 INFO: Computing average number of neighbors
2026-10-02 17:42:38.421 INFO: Average number of neighbors: 29.718605041503906
2026-10-02 17:42:38.422 INFO: During training the following quantities will be reported: energy, forces
2026-10-02 17:42:38.422 INFO: ===========MODEL DETAILS===========
2026-10-02 17:42:38.503 INFO: Building model
2026-10-02 17:42:38.503 INFO: Message passing with 64 channels and max_L=1 (64x0e + 64x1o)
2026-10-02 17:42:38.503 INFO: 2 layers, each with correlation order: 3 (body order: 4) and spherical harmonics up to: l=3
2026-10-02 17:42:38.503 INFO: 8 radial and 5 basis functions
2026-10-02 17:42:38.503 INFO: Radial cutoff: 5.0 A (total receptive field for each atom: 10.0 A)
2026-10-02 17:42:38.504 INFO: Distance transform for radial basis functions: None
2026-10-02 17:42:38.504 INFO: Hidden irreps: 64x0e + 64x1o
2026-10-02 17:42:39.378 INFO: ===========OPTIMIZER INFORMATION===========
2026-10-02 17:42:39.379 INFO: Using ADAM as parameter optimizer
2026-10-02 17:42:39.379 INFO: Batch size: 4
2026-10-02 17:42:39.379 INFO: Using Exponential Moving Average with decay: 0.99
2026-10-02 17:42:39.379 INFO: Number of gradient updates: 3510
2026-10-02 17:42:39.379 INFO: Learning rate: 0.01, weight decay: 5e-07
2026-10-02 17:42:39.379 INFO: WeightedEnergyForcesLoss(energy_weight=1.000, forces_weight=10.000)
2026-10-02 17:42:39.379 INFO: === Layer's learning rates ===
2026-10-02 17:42:39.379 INFO: Param group 0: lr = 0.01
2026-10-02 17:42:39.379 INFO: Param group 1: lr = 0.01
2026-10-02 17:42:39.380 INFO: Param group 2: lr = 0.01
2026-10-02 17:42:39.380 INFO: Param group 3: lr = 0.01
2026-10-02 17:42:39.380 INFO: Param group 4: lr = 0.01
2026-10-02 17:42:39.380 INFO: Using gradient clipping with tolerance=10.000
2026-10-02 17:42:39.380 INFO: 
2026-10-02 17:42:39.380 INFO: ===========TRAINING===========
2026-10-02 17:42:39.380 INFO: Started training, reporting errors on validation set
2026-10-02 17:42:39.380 INFO: Loss metrics on validation set
2026-10-02 17:42:42.821 INFO: Initial: head: Default, loss=7.30200720, RMSE_E_per_atom=  610.27 meV, RMSE_F= 1696.02 meV / A
2026-10-02 17:43:25.222 INFO: ===========VERIFYING SETTINGS===========
2026-10-02 17:43:25.222 INFO: MACE version: 0.3.16
2026-10-02 17:43:25.223 INFO: Using CPU
2026-10-02 17:43:25.257 INFO: ===========LOADING INPUT DATA===========
2026-10-02 17:43:25.257 INFO: Using heads: ['Default']
2026-10-02 17:43:25.257 INFO: Using the key specifications to parse data:
2026-10-02 17:43:25.257 INFO: Default: KeySpecification(info_keys={'energy': 'energy', 'stress': 'REF_stress', 'virials': 'REF_virials', 'dipole': 'dipole', 'head': 'head', 'elec_temp': 'elec_temp', 'total_charge': 'total_charge', 'polarizability': 'polarizability', 'total_spin': 'total_spin'}, arrays_keys={'forces': 'forces', 'charges': 'REF_charges'})
2026-10-02 17:43:25.257 INFO: =============    Processing head Default     ===========
2026-10-02 17:43:25.337 WARNING: Since ASE version 3.23.0b1, using energy_key 'energy' is no longer safe when communicating between MACE and ASE. We recommend using a different key, rewriting 'energy' to 'REF_energy'. You need to use --energy_key='REF_energy' to specify the chosen key name.
2026-10-02 17:43:25.351 WARNING: Since ASE version 3.23.0b1, using forces_key 'forces' is no longer safe when communicating between MACE and ASE. We recommend using a different key, rewriting 'forces' to 'REF_forces'. You need to use --forces_key='REF_forces' to specify the chosen key name.
2026-10-02 17:43:25.371 INFO: Training set 1/1 [energy: 234, stress: 0, virials: 0, dipole components: 0, head: 234, elec_temp: 0, total_charge: 0, polarizability: 0, total_spin: 0, forces: 234, charges: 0]
2026-10-02 17:43:25.372 INFO: Total Training set [energy: 234, stress: 0, virials: 0, dipole components: 0, head: 234, elec_temp: 0, total_charge: 0, polarizability: 0, total_spin: 0, forces: 234, charges: 0]
2026-10-02 17:43:25.393 WARNING: Since ASE version 3.23.0b1, using energy_key 'energy' is no longer safe when communicating between MACE and ASE. We recommend using a different key, rewriting 'energy' to 'REF_energy'. You need to use --energy_key='REF_energy' to specify the chosen key name.
2026-10-02 17:43:25.396 WARNING: Since ASE version 3.23.0b1, using forces_key 'forces' is no longer safe when communicating between MACE and ASE. We recommend using a different key, rewriting 'forces' to 'REF_forces'. You need to use --forces_key='REF_forces' to specify the chosen key name.
2026-10-02 17:43:25.399 INFO: Validation set 1/1 [energy: 42, stress: 0, virials: 0, dipole components: 0, head: 42, elec_temp: 0, total_charge: 0, polarizability: 0, total_spin: 0, forces: 42, charges: 0]
2026-10-02 17:43:25.400 INFO: Total Validation set [energy: 42, stress: 0, virials: 0, dipole components: 0, head: 42, elec_temp: 0, total_charge: 0, polarizability: 0, total_spin: 0, forces: 42, charges: 0]
2026-10-02 17:43:25.400 INFO: Total number of configurations: train=234, valid=42, tests=[],
2026-10-02 17:43:25.400 INFO: Using atomic numbers from command line argument
2026-10-02 17:43:25.400 INFO: Atomic Numbers used: [1, 6, 7, 27, 28, 46]
2026-10-02 17:43:25.400 INFO: Isolated Atomic Energies (E0s) not in training file, using command line argument
2026-10-02 17:43:25.400 INFO: Computing average Atomic Energies using least squares regression
2026-10-02 17:43:25.402 INFO: Atomic Energies used (z: eV) for head Default: {1: -7.177663499421661, 6: -8.893706952122827, 7: -8.354456466309644, 27: -0.1119940690561838, 28: 1.5223159561643005, 46: -1.7623252221781633}
2026-10-02 17:43:25.402 INFO: Processing datasets for head 'Default'
2026-10-02 17:43:25.535 INFO: Combining 1 list datasets for head 'Default'
2026-10-02 17:43:25.560 INFO: Combining 1 list datasets for head 'Default_valid'
2026-10-02 17:43:25.560 INFO: Combined validation datasets for Default
2026-10-02 17:43:25.560 INFO: Head 'Default' training dataset size: 234
2026-10-02 17:43:25.561 INFO: Computing average number of neighbors
2026-10-02 17:43:25.646 INFO: Average number of neighbors: 29.718605041503906
2026-10-02 17:43:25.646 INFO: During training the following quantities will be reported: energy, forces
2026-10-02 17:43:25.646 INFO: ===========MODEL DETAILS===========
2026-10-02 17:43:25.726 INFO: Building model
2026-10-02 17:43:25.726 INFO: Message passing with 64 channels and max_L=1 (64x0e + 64x1o)
2026-10-02 17:43:25.726 INFO: 2 layers, each with correlation order: 3 (body order: 4) and spherical harmonics up to: l=3
2026-10-02 17:43:25.726 INFO: 8 radial and 5 basis functions
2026-10-02 17:43:25.726 INFO: Radial cutoff: 5.0 A (total receptive field for each atom: 10.0 A)
2026-10-02 17:43:25.726 INFO: Distance transform for radial basis functions: None
2026-10-02 17:43:25.726 INFO: Hidden irreps: 64x0e + 64x1o
2026-10-02 17:43:26.616 INFO: ===========OPTIMIZER INFORMATION===========
2026-10-02 17:43:26.616 INFO: Using ADAM as parameter optimizer
2026-10-02 17:43:26.616 INFO: Batch size: 4
2026-10-02 17:43:26.616 INFO: Using Exponential Moving Average with decay: 0.99
2026-10-02 17:43:26.616 INFO: Number of gradient updates: 3510
2026-10-02 17:43:26.616 INFO: Learning rate: 0.01, weight decay: 5e-07
2026-10-02 17:43:26.616 INFO: WeightedEnergyForcesLoss(energy_weight=1.000, forces_weight=10.000)
2026-10-02 17:43:26.617 INFO: === Layer's learning rates ===
2026-10-02 17:43:26.617 INFO: Param group 0: lr = 0.01
2026-10-02 17:43:26.617 INFO: Param group 1: lr = 0.01
2026-10-02 17:43:26.617 INFO: Param group 2: lr = 0.01
2026-10-02 17:43:26.617 INFO: Param group 3: lr = 0.01
2026-10-02 17:43:26.617 INFO: Param group 4: lr = 0.01
2026-10-02 17:43:26.617 INFO: Using gradient clipping with tolerance=10.000
2026-10-02 17:43:26.618 INFO: 
2026-10-02 17:43:26.618 INFO: ===========TRAINING===========
2026-10-02 17:43:26.618 INFO: Started training, reporting errors on validation set
2026-10-02 17:43:26.618 INFO: Loss metrics on validation set
2026-10-02 17:43:30.354 INFO: Initial: head: Default, loss=7.30200720, RMSE_E_per_atom=  610.27 meV, RMSE_F= 1696.02 meV / A
2026-10-02 17:44:33.012 INFO: Epoch 0: head: Default, loss=0.49206749, RMSE_E_per_atom=   61.70 meV, RMSE_F=  436.48 meV / A
2026-10-02 17:45:36.112 INFO: Epoch 1: head: Default, loss=0.16182661, RMSE_E_per_atom=   31.63 meV, RMSE_F=  250.49 meV / A
2026-10-02 17:46:41.562 INFO: Epoch 2: head: Default, loss=0.12061033, RMSE_E_per_atom=   22.72 meV, RMSE_F=  216.26 meV / A
2026-10-02 17:47:44.750 INFO: Epoch 3: head: Default, loss=0.08435847, RMSE_E_per_atom=   19.00 meV, RMSE_F=  180.84 meV / A
2026-10-02 17:48:49.759 INFO: Epoch 4: head: Default, loss=0.06389676, RMSE_E_per_atom=   15.75 meV, RMSE_F=  157.80 meV / A
2026-10-02 17:49:57.556 INFO: Epoch 5: head: Default, loss=0.05242128, RMSE_E_per_atom=   12.10 meV, RMSE_F=  143.19 meV / A
2026-10-02 17:51:04.571 INFO: Epoch 6: head: Default, loss=0.04526892, RMSE_E_per_atom=   11.47 meV, RMSE_F=  133.20 meV / A
2026-10-02 17:52:10.750 INFO: Epoch 7: head: Default, loss=0.04050876, RMSE_E_per_atom=   12.23 meV, RMSE_F=  126.11 meV / A
2026-10-02 17:53:16.302 INFO: Epoch 8: head: Default, loss=0.03617997, RMSE_E_per_atom=   11.76 meV, RMSE_F=  119.19 meV / A
2026-10-02 17:54:36.176 INFO: Epoch 9: head: Default, loss=0.03313599, RMSE_E_per_atom=   10.11 meV, RMSE_F=  114.12 meV / A
2026-10-02 17:55:51.929 INFO: Epoch 10: head: Default, loss=0.03089891, RMSE_E_per_atom=    8.33 meV, RMSE_F=  110.26 meV / A
2026-10-02 17:56:58.593 INFO: Epoch 11: head: Default, loss=0.02894943, RMSE_E_per_atom=    8.63 meV, RMSE_F=  106.78 meV / A
2026-10-02 17:58:03.021 INFO: Epoch 12: head: Default, loss=0.02717067, RMSE_E_per_atom=    8.64 meV, RMSE_F=  103.47 meV / A
2026-10-02 17:59:14.168 INFO: Epoch 13: head: Default, loss=0.02514305, RMSE_E_per_atom=    7.27 meV, RMSE_F=   99.59 meV / A
2026-10-02 18:00:23.383 INFO: Epoch 14: head: Default, loss=0.02336027, RMSE_E_per_atom=    5.54 meV, RMSE_F=   96.03 meV / A
2026-10-02 18:01:29.774 INFO: Epoch 15: head: Default, loss=0.02194460, RMSE_E_per_atom=    5.38 meV, RMSE_F=   93.09 meV / A
2026-10-02 18:02:39.695 INFO: Epoch 16: head: Default, loss=0.02065056, RMSE_E_per_atom=    5.18 meV, RMSE_F=   90.32 meV / A
2026-10-02 18:03:49.031 INFO: Epoch 17: head: Default, loss=0.01979121, RMSE_E_per_atom=    5.43 meV, RMSE_F=   88.45 meV / A
2026-10-02 18:04:56.520 INFO: Epoch 18: head: Default, loss=0.02004467, RMSE_E_per_atom=    5.22 meV, RMSE_F=   89.04 meV / A
2026-10-02 18:06:03.049 INFO: Epoch 19: head: Default, loss=0.01839894, RMSE_E_per_atom=    4.91 meV, RMSE_F=   85.31 meV / A
2026-10-02 18:07:07.134 INFO: Epoch 20: head: Default, loss=0.01753056, RMSE_E_per_atom=    6.84 meV, RMSE_F=   83.26 meV / A
2026-10-02 18:08:20.885 INFO: Epoch 21: head: Default, loss=0.01692151, RMSE_E_per_atom=    7.56 meV, RMSE_F=   81.83 meV / A
2026-10-02 18:09:38.705 INFO: Epoch 22: head: Default, loss=0.01591983, RMSE_E_per_atom=    6.95 meV, RMSE_F=   79.38 meV / A
2026-10-02 18:10:56.099 INFO: Epoch 23: head: Default, loss=0.01505963, RMSE_E_per_atom=    6.56 meV, RMSE_F=   77.22 meV / A
2026-10-02 18:12:14.989 INFO: Epoch 24: head: Default, loss=0.01441746, RMSE_E_per_atom=    5.89 meV, RMSE_F=   75.58 meV / A
2026-10-02 18:13:32.783 INFO: Epoch 25: head: Default, loss=0.01367635, RMSE_E_per_atom=    5.90 meV, RMSE_F=   73.61 meV / A
2026-10-02 18:14:51.627 INFO: Epoch 26: head: Default, loss=0.01312674, RMSE_E_per_atom=    5.92 meV, RMSE_F=   72.11 meV / A
2026-10-02 18:16:10.271 INFO: Epoch 27: head: Default, loss=0.01315535, RMSE_E_per_atom=    6.67 meV, RMSE_F=   72.19 meV / A
2026-10-02 18:17:28.923 INFO: Epoch 28: head: Default, loss=0.01252103, RMSE_E_per_atom=    5.67 meV, RMSE_F=   70.43 meV / A
2026-10-02 18:18:46.826 INFO: Epoch 29: head: Default, loss=0.01199099, RMSE_E_per_atom=    6.56 meV, RMSE_F=   68.94 meV / A
2026-10-02 18:20:05.744 INFO: Epoch 30: head: Default, loss=0.01164352, RMSE_E_per_atom=    6.67 meV, RMSE_F=   67.94 meV / A
2026-10-02 18:21:23.480 INFO: Epoch 31: head: Default, loss=0.01103830, RMSE_E_per_atom=    6.35 meV, RMSE_F=   66.16 meV / A
2026-10-02 18:22:41.878 INFO: Epoch 32: head: Default, loss=0.01094995, RMSE_E_per_atom=    7.03 meV, RMSE_F=   65.89 meV / A
2026-10-02 18:23:59.838 INFO: Epoch 33: head: Default, loss=0.01056032, RMSE_E_per_atom=    7.33 meV, RMSE_F=   64.71 meV / A
2026-10-02 18:25:17.518 INFO: Epoch 34: head: Default, loss=0.01087180, RMSE_E_per_atom=    7.51 meV, RMSE_F=   65.65 meV / A
2026-10-02 18:26:37.074 INFO: Epoch 35: head: Default, loss=0.01057431, RMSE_E_per_atom=    7.59 meV, RMSE_F=   64.75 meV / A
2026-10-02 18:27:55.802 INFO: Epoch 36: head: Default, loss=0.01010132, RMSE_E_per_atom=    6.78 meV, RMSE_F=   63.29 meV / A
2026-10-02 18:29:13.867 INFO: Epoch 37: head: Default, loss=0.00984276, RMSE_E_per_atom=    6.42 meV, RMSE_F=   62.48 meV / A
2026-10-02 18:30:30.256 INFO: Epoch 38: head: Default, loss=0.00952636, RMSE_E_per_atom=    6.19 meV, RMSE_F=   61.48 meV / A
2026-10-02 18:31:45.858 INFO: Epoch 39: head: Default, loss=0.00925405, RMSE_E_per_atom=    6.08 meV, RMSE_F=   60.59 meV / A
2026-10-02 18:33:01.493 INFO: Epoch 40: head: Default, loss=0.00910584, RMSE_E_per_atom=    6.17 meV, RMSE_F=   60.10 meV / A
2026-10-02 18:34:16.097 INFO: Epoch 41: head: Default, loss=0.00872351, RMSE_E_per_atom=    5.79 meV, RMSE_F=   58.83 meV / A
2026-10-02 18:35:30.331 INFO: Epoch 42: head: Default, loss=0.00855047, RMSE_E_per_atom=    5.68 meV, RMSE_F=   58.24 meV / A
2026-10-02 18:36:44.169 INFO: Epoch 43: head: Default, loss=0.00836405, RMSE_E_per_atom=    5.07 meV, RMSE_F=   57.60 meV / A
2026-10-02 18:37:57.059 INFO: Epoch 44: head: Default, loss=0.00818586, RMSE_E_per_atom=    4.82 meV, RMSE_F=   56.98 meV / A
2026-10-02 18:39:11.350 INFO: Epoch 45: head: Default, loss=0.00802012, RMSE_E_per_atom=    4.31 meV, RMSE_F=   56.43 meV / A
2026-10-02 18:40:24.987 INFO: Epoch 46: head: Default, loss=0.00805037, RMSE_E_per_atom=    4.69 meV, RMSE_F=   56.53 meV / A
2026-10-02 18:41:38.468 INFO: Epoch 47: head: Default, loss=0.00792193, RMSE_E_per_atom=    4.77 meV, RMSE_F=   56.08 meV / A
2026-10-02 18:42:52.358 INFO: Epoch 48: head: Default, loss=0.00765438, RMSE_E_per_atom=    4.90 meV, RMSE_F=   55.12 meV / A
2026-10-02 18:44:06.067 INFO: Epoch 49: head: Default, loss=0.00761438, RMSE_E_per_atom=    4.91 meV, RMSE_F=   54.98 meV / A
2026-10-02 18:45:19.670 INFO: Epoch 50: head: Default, loss=0.00756213, RMSE_E_per_atom=    4.83 meV, RMSE_F=   54.79 meV / A
2026-10-02 18:46:32.799 INFO: Epoch 51: head: Default, loss=0.00739440, RMSE_E_per_atom=    4.81 meV, RMSE_F=   54.18 meV / A
2026-10-02 18:47:46.125 INFO: Epoch 52: head: Default, loss=0.00731412, RMSE_E_per_atom=    4.86 meV, RMSE_F=   53.88 meV / A
2026-10-02 18:48:56.829 INFO: Epoch 53: head: Default, loss=0.00715369, RMSE_E_per_atom=    4.99 meV, RMSE_F=   53.28 meV / A
2026-10-02 18:50:03.466 INFO: Epoch 54: head: Default, loss=0.00710412, RMSE_E_per_atom=    5.06 meV, RMSE_F=   53.10 meV / A
2026-10-02 18:51:08.802 INFO: Epoch 55: head: Default, loss=0.00720888, RMSE_E_per_atom=    5.51 meV, RMSE_F=   53.49 meV / A
2026-10-02 18:52:15.017 INFO: Epoch 56: head: Default, loss=0.00738816, RMSE_E_per_atom=    7.32 meV, RMSE_F=   54.12 meV / A
2026-10-02 18:53:20.670 INFO: Epoch 57: head: Default, loss=0.00727648, RMSE_E_per_atom=    6.99 meV, RMSE_F=   53.72 meV / A
2026-10-02 18:54:26.100 INFO: Epoch 58: head: Default, loss=0.00712005, RMSE_E_per_atom=    6.32 meV, RMSE_F=   53.15 meV / A
2026-10-02 18:55:31.651 INFO: Epoch 59: head: Default, loss=0.00717301, RMSE_E_per_atom=    5.81 meV, RMSE_F=   53.36 meV / A
2026-10-02 18:55:31.652 INFO: Training complete
2026-10-02 18:55:31.653 INFO: 
2026-10-02 18:55:31.654 INFO: ===========RESULTS===========
2026-10-02 18:55:31.668 INFO: Loading checkpoint: ./checkpoints/mace_multitm_model_run-123_epoch-59.pt
2026-10-02 18:55:31.737 INFO: Loaded Stage one model from epoch 59 for evaluation
2026-10-02 18:55:31.738 INFO: Saving model to checkpoints/mace_multitm_model_run-123.model
2026-10-02 18:55:32.010 INFO: Compiling model, saving metadata to mace_multitm_model_compiled.model
2026-10-02 18:55:33.040 INFO: Computing metrics for training, validation, and test sets
2026-10-02 18:55:33.040 INFO: Skipping evaluation for heads: ['pt_head']
2026-10-02 18:55:33.048 INFO: Evaluating train_Default ...
2026-10-02 18:55:51.657 INFO: Evaluating valid_Default ...
2026-10-02 18:55:55.320 INFO: Error-table on TRAIN and VALID:
+---------------+---------------------+------------------+-------------------+
|  config_type  | RMSE E / meV / atom | RMSE F / meV / A | relative F RMSE % |
+---------------+---------------------+------------------+-------------------+
| train_Default |           14.6      |         42.6     |          2.38     |
| valid_Default |            5.7      |         50.5     |          2.99     |
+---------------+---------------------+------------------+-------------------+
2026-10-02 18:56:22.890 INFO: Done
