      Step     Time          Energy          fmax
BFGS:    0 03:01:23     -433.987854        4.237758
BFGS:    1 03:01:24     -434.528717        2.604985
BFGS:    2 03:01:24     -435.067230        2.172412
BFGS:    3 03:01:25     -435.320801        1.447565
BFGS:    4 03:01:26     -435.793030        2.253732
BFGS:    5 03:01:26     -435.971191        1.305222
BFGS:    6 03:01:26     -436.317383        1.140632
BFGS:    7 03:01:27     -436.520416        1.125754
BFGS:    8 03:01:27     -436.769135        1.274896
BFGS:    9 03:01:28     -436.813660        1.135624
BFGS:   10 03:01:28     -436.785461        1.103739
BFGS:   11 03:01:29     -436.696106        1.076960
BFGS:   12 03:01:29     -436.436249        1.430357
BFGS:   13 03:01:30     -436.148529        1.750405
BFGS:   14 03:01:30     -435.849854        1.525241
BFGS:   15 03:01:30     -435.675995        0.978002
BFGS:   16 03:01:31     -435.546265        0.840851
BFGS:   17 03:01:31     -435.474731        1.004072
BFGS:   18 03:01:32     -435.470001        0.808329
BFGS:   19 03:01:32     -435.456696        1.004802
BFGS:   20 03:01:33     -435.492584        0.840444
BFGS:   21 03:01:33     -435.323639        1.243388
BFGS:   22 03:01:34     -435.458649        0.797453
BFGS:   23 03:01:34     -435.446686        0.808055
BFGS:   24 03:01:35     -435.375519        0.559570
BFGS:   25 03:01:35     -435.373535        0.401713
BFGS:   26 03:01:36     -435.362823        0.330193
BFGS:   27 03:01:36     -435.373322        0.297973
BFGS:   28 03:01:37     -435.292511        1.703553
BFGS:   29 03:01:37     -435.333527        0.817910
BFGS:   30 03:01:38     -435.384216        0.362642
BFGS:   31 03:01:38     -435.395386        0.263501
BFGS:   32 03:01:39     -435.382538        0.907661
BFGS:   33 03:01:39     -435.411713        0.326301
BFGS:   34 03:01:40     -435.426544        0.190355
      Step     Time          Energy          fmax
BFGS:    0 10:03:17     -458.219604        2.252860
BFGS:    1 10:03:18     -458.230560        1.844472
BFGS:    2 10:03:18     -458.252075        0.922794
BFGS:    3 10:03:19     -458.262207        0.697122
BFGS:    4 10:03:20     -458.273071        0.833508
BFGS:    5 10:03:20     -458.275421        0.671426
BFGS:    6 10:03:21     -458.283386        0.887128
BFGS:    7 10:03:22     -458.290283        1.403498
BFGS:    8 10:03:22     -458.293915        1.432506
BFGS:    9 10:03:23     -458.298157        1.263366
BFGS:   10 10:03:24     -458.300079        1.114006
BFGS:   11 10:03:24     -458.304016        0.725072
BFGS:   12 10:03:25     -458.305573        0.595558
BFGS:   13 10:03:26     -458.307831        0.315419
BFGS:   14 10:03:26     -458.309753        0.334691
BFGS:   15 10:03:27     -458.311096        0.297403
BFGS:   16 10:03:28     -458.312561        0.260490
BFGS:   17 10:03:28     -458.313904        0.257598
BFGS:   18 10:03:29     -458.315063        0.255654
BFGS:   19 10:03:30     -458.315979        0.257732
BFGS:   20 10:03:31     -458.316254        0.272294
BFGS:   21 10:03:31     -458.315369        0.294541
BFGS:   22 10:03:32     -458.313416        0.302414
BFGS:   23 10:03:33     -458.310303        0.297007
BFGS:   24 10:03:33     -458.304321        0.331516
BFGS:   25 10:03:34     -458.289764        0.665460
BFGS:   26 10:03:35     -458.270691        0.986746
BFGS:   27 10:03:35     -458.283356        0.577840
BFGS:   28 10:03:36     -458.285614        0.433334
BFGS:   29 10:03:37     -458.285583        0.325503
BFGS:   30 10:03:37     -458.261871        1.131561
BFGS:   31 10:03:38     -458.083038        3.128001
BFGS:   32 10:03:39     -458.263947        1.091805
BFGS:   33 10:03:40     -458.266937        0.998818
BFGS:   34 10:03:40     -458.261017        1.213056
BFGS:   35 10:03:41     -458.222839        2.427269
BFGS:   36 10:03:42     -458.159943        3.513716
BFGS:   37 10:03:42     -458.229370        4.003020
BFGS:   38 10:03:43     -457.991211        4.739280
BFGS:   39 10:03:44     -457.360046        4.806882
BFGS:   40 10:03:45     -456.689240        4.101737
BFGS:   41 10:03:45     -456.282898        3.868431
BFGS:   42 10:03:46     -455.990692        3.511785
BFGS:   43 10:03:47     -455.627655        3.205154
BFGS:   44 10:03:47     -455.621521        3.400807
BFGS:   45 10:03:48     -455.889557        4.009387
BFGS:   46 10:03:48     -456.173218        3.898059
BFGS:   47 10:03:49     -456.481171        3.551745
BFGS:   48 10:03:50     -456.702606        3.387007
BFGS:   49 10:03:51     -456.706451        3.664298
BFGS:   50 10:03:51     -456.733978        3.555416
BFGS:   51 10:03:52     -456.732330        3.150685
BFGS:   52 10:03:53     -456.525208        2.678724
BFGS:   53 10:03:53     -455.978760        3.581382
BFGS:   54 10:03:54     -454.989716        4.409128
BFGS:   55 10:03:55     -454.590210        4.710504
BFGS:   56 10:03:56     -454.904480        4.051450
BFGS:   57 10:03:56     -455.424011        2.583758
BFGS:   58 10:03:57     -455.787384        1.831528
BFGS:   59 10:03:58     -456.012299        1.630183
BFGS:   60 10:03:58     -456.059845        1.751447
BFGS:   61 10:03:59     -455.520142        4.372774
BFGS:   62 10:04:00     -454.012268        6.035615
BFGS:   63 10:04:00     -452.901794        3.842954
BFGS:   64 10:04:01     -453.323395        3.356777
BFGS:   65 10:04:01     -454.479584        5.063758
BFGS:   66 10:04:02     -454.087830        3.680415
BFGS:   67 10:04:03     -453.416748        4.944334
BFGS:   68 10:04:04     -453.758301        4.181568
BFGS:   69 10:04:04     -453.711395        4.808932
BFGS:   70 10:04:05     -453.895172        5.986089
BFGS:   71 10:04:05     -453.976685        4.713538
BFGS:   72 10:04:06     -454.285431        3.614950
BFGS:   73 10:04:07     -454.823059        2.360942
BFGS:   74 10:04:07     -454.838837        2.598482
BFGS:   75 10:04:08     -454.025787        4.537379
BFGS:   76 10:04:09     -452.885681        5.568854
BFGS:   77 10:04:10     -452.610291        5.328492
BFGS:   78 10:04:11     -452.286438        5.737870
BFGS:   79 10:04:12     -452.498413        4.878177
BFGS:   80 10:04:13     -452.663757        5.431220
BFGS:   81 10:04:13     -452.223663        5.841702
BFGS:   82 10:04:14     -451.154999        5.731089
BFGS:   83 10:04:15     -451.098907        6.262915
BFGS:   84 10:04:15     -451.769470        6.248735
BFGS:   85 10:04:16     -451.695984        7.357865
BFGS:   86 10:04:17     -452.454651        2.897778
BFGS:   87 10:04:17     -452.824860        4.805780
BFGS:   88 10:04:18     -453.182922        5.158217
BFGS:   89 10:04:19     -453.600891        3.579547
BFGS:   90 10:04:19     -453.943604        2.003127
BFGS:   91 10:04:20     -454.101685        2.149000
BFGS:   92 10:04:21     -454.250610        1.593633
BFGS:   93 10:04:22     -454.248474        4.318672
BFGS:   94 10:04:22     -453.167358        6.758565
BFGS:   95 10:04:23     -452.853577        5.383200
BFGS:   96 10:04:24     -453.052551        5.864243
BFGS:   97 10:04:25     -453.686554        5.342748
BFGS:   98 10:04:26     -454.422180        4.247826
BFGS:   99 10:04:26     -454.826477        2.208025
BFGS:  100 10:04:27     -455.123718        2.005789
BFGS:  101 10:04:28     -455.419128        1.981436
BFGS:  102 10:04:28     -455.378265        3.307029
BFGS:  103 10:04:29     -454.726532        4.137947
BFGS:  104 10:04:30     -454.089478        6.261821
BFGS:  105 10:04:31     -454.490601        5.137173
BFGS:  106 10:04:31     -454.732330        3.892518
BFGS:  107 10:04:32     -454.834442        2.525361
BFGS:  108 10:04:33     -455.178528        3.101661
BFGS:  109 10:04:33     -455.136108        4.041079
BFGS:  110 10:04:34     -455.264893        3.053827
BFGS:  111 10:04:35     -455.409454        2.086157
BFGS:  112 10:04:35     -455.469269        2.070578
BFGS:  113 10:04:36     -455.455231        2.065320
BFGS:  114 10:04:37     -455.472229        1.821870
BFGS:  115 10:04:38     -455.495575        1.982087
BFGS:  116 10:04:38     -455.519470        2.057266
BFGS:  117 10:04:39     -455.555634        1.455827
BFGS:  118 10:04:39     -455.630646        0.937854
BFGS:  119 10:04:40     -455.659088        2.711908
BFGS:  120 10:04:41     -455.476349        4.240079
BFGS:  121 10:04:42     -455.597931        3.365221
BFGS:  122 10:04:42     -455.810822        1.353256
BFGS:  123 10:04:43     -455.782562        1.637613
BFGS:  124 10:04:44     -455.203186        3.737268
BFGS:  125 10:04:44     -454.471558        2.506745
BFGS:  126 10:04:45     -453.856323        4.806618
BFGS:  127 10:04:46     -454.112915        3.309884
BFGS:  128 10:04:47     -454.835449        3.345956
BFGS:  129 10:04:48     -454.912170        2.845961
BFGS:  130 10:04:48     -455.084991        2.817981
BFGS:  131 10:04:49     -455.121490        4.125503
BFGS:  132 10:04:50     -455.309296        4.614729
BFGS:  133 10:04:51     -455.431030        3.841554
BFGS:  134 10:04:51     -455.122528        3.462209
BFGS:  135 10:04:52     -455.407715        2.626018
BFGS:  136 10:04:53     -455.457428        2.674766
BFGS:  137 10:04:53     -455.195496        3.142216
BFGS:  138 10:04:54     -454.132874        3.225953
BFGS:  139 10:04:55     -454.025391        3.199862
BFGS:  140 10:04:56     -454.262024        3.326985
BFGS:  141 10:04:57     -454.472839        3.138721
BFGS:  142 10:04:57     -454.366425        3.048701
BFGS:  143 10:04:58     -454.712128        1.510969
BFGS:  144 10:04:59     -454.874268        1.781929
BFGS:  145 10:04:59     -454.627869        5.088958
BFGS:  146 10:05:00     -454.230896        4.020392
BFGS:  147 10:05:00     -453.819885        4.843414
BFGS:  148 10:05:01     -454.348114        3.118239
BFGS:  149 10:05:02     -454.691803        2.734728
BFGS:  150 10:05:02     -454.779694        1.986901
BFGS:  151 10:05:03     -455.030792        2.245370
BFGS:  152 10:05:04     -455.118591        2.819296
BFGS:  153 10:05:05     -454.752258        3.267461
BFGS:  154 10:05:06     -454.583130        2.643840
BFGS:  155 10:05:06     -454.825775        2.671409
BFGS:  156 10:05:07     -454.832855        3.351968
BFGS:  157 10:05:08     -454.801270        2.622027
BFGS:  158 10:05:08     -455.117310        3.428326
BFGS:  159 10:05:09     -455.079773        3.031130
BFGS:  160 10:05:10     -454.853180        2.785635
BFGS:  161 10:05:11     -454.962952        1.395585
BFGS:  162 10:05:12     -455.037872        1.040095
BFGS:  163 10:05:13     -455.054901        1.328686
BFGS:  164 10:05:14     -454.809204        2.646525
BFGS:  165 10:05:14     -455.027496        1.366556
BFGS:  166 10:05:15     -455.055267        1.093527
BFGS:  167 10:05:16     -455.117004        1.909536
BFGS:  168 10:05:16     -455.175415        2.651200
BFGS:  169 10:05:17     -455.084229        4.867511
BFGS:  170 10:05:18     -455.057129        3.837457
BFGS:  171 10:05:18     -455.031677        3.467033
BFGS:  172 10:05:19     -455.144135        3.988660
BFGS:  173 10:05:20     -454.922058        2.188593
BFGS:  174 10:05:20     -454.883270        3.313120
BFGS:  175 10:05:21     -454.946045        2.644067
BFGS:  176 10:05:21     -454.571014        2.828800
BFGS:  177 10:05:22     -454.809509        2.832789
BFGS:  178 10:05:23     -455.637878        3.170978
BFGS:  179 10:05:23     -455.559082        6.056610
BFGS:  180 10:05:24     -455.471649        6.401747
BFGS:  181 10:05:25     -455.115051        4.510223
BFGS:  182 10:05:26     -454.588867        3.739601
BFGS:  183 10:05:27     -454.266541        4.205902
BFGS:  184 10:05:27     -454.606293        3.391064
BFGS:  185 10:05:28     -454.786499        2.692286
BFGS:  186 10:05:29     -454.850830        2.337479
BFGS:  187 10:05:29     -454.862000        2.214503
BFGS:  188 10:05:30     -454.867126        2.520322
BFGS:  189 10:05:31     -454.958527        2.555291
BFGS:  190 10:05:31     -455.089355        2.414024
BFGS:  191 10:05:32     -455.228882        2.690100
BFGS:  192 10:05:33     -455.314819        2.686933
BFGS:  193 10:05:33     -455.418213        2.529479
BFGS:  194 10:05:34     -455.505554        2.596643
BFGS:  195 10:05:35     -455.592987        2.405673
BFGS:  196 10:05:36     -455.616333        2.198591
BFGS:  197 10:05:37     -455.449066        2.696583
BFGS:  198 10:05:37     -455.025085        2.641025
BFGS:  199 10:05:38     -455.100525        1.765675
BFGS:  200 10:05:39     -455.127441        1.455893
BFGS:  201 10:05:40     -455.153961        1.805636
BFGS:  202 10:05:40     -455.384186        1.304880
BFGS:  203 10:05:41     -455.447296        1.751714
BFGS:  204 10:05:42     -455.454773        0.680411
BFGS:  205 10:05:42     -455.440613        0.492230
BFGS:  206 10:05:43     -455.450745        0.467625
BFGS:  207 10:05:44     -455.479065        0.369718
BFGS:  208 10:05:44     -455.484283        0.322068
BFGS:  209 10:05:45     -455.484192        0.279055
BFGS:  210 10:05:46     -455.487061        0.321276
BFGS:  211 10:05:46     -455.491791        0.301955
BFGS:  212 10:05:47     -455.494354        0.280036
BFGS:  213 10:05:48     -455.501556        0.254144
BFGS:  214 10:05:48     -455.505493        0.254613
BFGS:  215 10:05:49     -455.511658        0.278275
BFGS:  216 10:05:49     -455.509460        0.441699
BFGS:  217 10:05:50     -455.467010        0.825256
BFGS:  218 10:05:51     -455.371094        1.108621
BFGS:  219 10:05:52     -455.265259        1.265355
BFGS:  220 10:05:52     -455.351807        1.903036
BFGS:  221 10:05:53     -455.331207        1.921595
BFGS:  222 10:05:53     -455.057465        2.039659
BFGS:  223 10:05:54     -455.111298        1.178959
BFGS:  224 10:05:55     -455.315125        0.958707
BFGS:  225 10:05:56     -455.443573        0.613973
BFGS:  226 10:05:56     -455.513550        0.510127
BFGS:  227 10:05:57     -455.397736        1.512389
BFGS:  228 10:05:58     -454.753845        4.504280
BFGS:  229 10:05:58     -454.767853        3.177232
BFGS:  230 10:05:59     -455.191315        2.931625
BFGS:  231 10:05:59     -455.365173        2.649460
BFGS:  232 10:06:00     -455.318207        1.489084
BFGS:  233 10:06:01     -455.353302        1.058454
BFGS:  234 10:06:02     -455.422180        0.735115
BFGS:  235 10:06:02     -455.475769        0.794082
BFGS:  236 10:06:03     -455.469727        1.529744
BFGS:  237 10:06:04     -455.130249        2.804990
BFGS:  238 10:06:04     -454.549042        3.355991
BFGS:  239 10:06:05     -453.833527        4.095339
BFGS:  240 10:06:05     -454.327332        2.673938
BFGS:  241 10:06:06     -455.074402        3.396083
BFGS:  242 10:06:07     -455.313721        2.295730
BFGS:  243 10:06:08     -455.377594        2.705804
BFGS:  244 10:06:09     -455.502136        1.311503
BFGS:  245 10:06:09     -455.613953        1.056129
BFGS:  246 10:06:10     -455.295166        1.323315
BFGS:  247 10:06:11     -455.188690        1.085355
BFGS:  248 10:06:12     -455.256714        1.150479
BFGS:  249 10:06:13     -455.355865        1.819334
BFGS:  250 10:06:13     -455.541931        3.681404
BFGS:  251 10:06:14     -455.586761        4.405831
BFGS:  252 10:06:15     -455.343628        3.013726
BFGS:  253 10:06:15     -455.137238        2.733740
BFGS:  254 10:06:16     -454.605194        2.515164
BFGS:  255 10:06:17     -454.060852        2.906976
BFGS:  256 10:06:17     -453.629028        3.351637
BFGS:  257 10:06:18     -453.696838        3.516036
BFGS:  258 10:06:19     -454.374420        2.870800
BFGS:  259 10:06:19     -454.861145        3.149817
BFGS:  260 10:06:20     -455.158112        3.073963
BFGS:  261 10:06:21     -455.528198        1.386051
BFGS:  262 10:06:21     -455.704803        0.892675
BFGS:  263 10:06:22     -455.727051        1.136724
BFGS:  264 10:06:23     -455.773132        0.889798
BFGS:  265 10:06:24     -455.874084        0.906762
BFGS:  266 10:06:24     -455.867126        1.156763
BFGS:  267 10:06:25     -455.907715        0.998602
BFGS:  268 10:06:25     -455.984833        0.583999
BFGS:  269 10:06:26     -456.025116        0.605041
BFGS:  270 10:06:27     -456.133545        0.767267
BFGS:  271 10:06:28     -456.146271        0.706573
BFGS:  272 10:06:28     -456.186157        0.717266
BFGS:  273 10:06:29     -456.213165        0.872477
BFGS:  274 10:06:30     -456.186371        0.999930
BFGS:  275 10:06:31     -456.097717        1.064477
BFGS:  276 10:06:31     -456.020935        1.438557
BFGS:  277 10:06:32     -456.113098        1.193848
BFGS:  278 10:06:33     -456.171600        1.106392
BFGS:  279 10:06:33     -456.228149        0.663737
BFGS:  280 10:06:34     -456.233795        0.785504
BFGS:  281 10:06:35     -456.095428        1.314193
BFGS:  282 10:06:36     -455.784241        2.062729
BFGS:  283 10:06:37     -455.494324        2.297747
BFGS:  284 10:06:38     -455.444763        2.267203
BFGS:  285 10:06:38     -455.686920        2.299673
BFGS:  286 10:06:39     -455.879761        2.038694
BFGS:  287 10:06:40     -456.003296        1.661166
BFGS:  288 10:06:40     -456.142548        1.165399
BFGS:  289 10:06:41     -456.268188        0.652118
BFGS:  290 10:06:42     -456.273254        0.772513
BFGS:  291 10:06:43     -456.180939        0.944438
BFGS:  292 10:06:43     -456.016663        1.216616
BFGS:  293 10:06:44     -455.846466        1.567811
BFGS:  294 10:06:45     -455.863861        1.499730
BFGS:  295 10:06:45     -456.028534        1.599777
BFGS:  296 10:06:46     -456.079407        1.443215
BFGS:  297 10:06:47     -456.173035        0.957654
BFGS:  298 10:06:47     -456.274414        0.503883
BFGS:  299 10:06:48     -456.250732        0.813980
BFGS:  300 10:06:49     -456.120972        1.179726
BFGS:  301 10:06:49     -455.942841        1.249934
BFGS:  302 10:06:50     -455.797333        1.487125
BFGS:  303 10:06:51     -455.911285        1.163666
BFGS:  304 10:06:51     -456.105316        1.482223
BFGS:  305 10:06:52     -456.142120        1.458033
BFGS:  306 10:06:53     -456.158966        0.930992
BFGS:  307 10:06:54     -456.240723        0.692149
BFGS:  308 10:06:55     -456.286957        0.406555
BFGS:  309 10:06:55     -456.242249        0.965764
BFGS:  310 10:06:56     -456.043060        1.914430
BFGS:  311 10:06:57     -455.727997        2.586932
BFGS:  312 10:06:57     -455.394592        2.602016
BFGS:  313 10:06:58     -455.293304        2.401759
BFGS:  314 10:06:59     -455.485962        1.093286
BFGS:  315 10:06:59     -455.842987        1.271353
BFGS:  316 10:07:00     -456.104553        1.318765
BFGS:  317 10:07:01     -456.230469        0.858598
BFGS:  318 10:07:01     -456.252808        0.438542
BFGS:  319 10:07:02     -456.272400        0.367902
BFGS:  320 10:07:03     -456.276886        0.290127
BFGS:  321 10:07:04     -456.281281        0.293813
BFGS:  322 10:07:04     -456.290558        0.491269
BFGS:  323 10:07:05     -456.294617        0.563972
BFGS:  324 10:07:05     -456.299530        0.361188
BFGS:  325 10:07:07     -456.298950        0.385301
BFGS:  326 10:07:07     -456.256805        1.264103
BFGS:  327 10:07:08     -456.148163        2.225895
BFGS:  328 10:07:09     -456.007782        2.863670
BFGS:  329 10:07:09     -455.892761        3.067487
BFGS:  330 10:07:10     -455.859314        2.678112
BFGS:  331 10:07:11     -456.021942        1.412357
BFGS:  332 10:07:12     -456.199524        1.443278
BFGS:  333 10:07:13     -456.269897        1.752941
BFGS:  334 10:07:13     -456.278931        1.869648
BFGS:  335 10:07:14     -456.235809        1.920630
BFGS:  336 10:07:15     -456.121979        1.535301
BFGS:  337 10:07:15     -456.159302        1.409551
BFGS:  338 10:07:16     -456.209259        1.099015
BFGS:  339 10:07:17     -456.206299        0.827430
BFGS:  340 10:07:17     -456.201355        0.572169
BFGS:  341 10:07:18     -456.209625        0.558889
BFGS:  342 10:07:19     -456.243378        0.705412
BFGS:  343 10:07:20     -456.291107        0.758913
BFGS:  344 10:07:20     -456.326935        0.613477
BFGS:  345 10:07:21     -456.309479        0.812307
BFGS:  346 10:07:22     -456.251587        1.614836
BFGS:  347 10:07:22     -456.156708        2.454810
BFGS:  348 10:07:23     -456.031525        3.218778
BFGS:  349 10:07:24     -455.900482        3.779536
BFGS:  350 10:07:24     -455.788879        4.138069
BFGS:  351 10:07:25     -455.711823        4.363902
BFGS:  352 10:07:26     -455.683228        4.510742
BFGS:  353 10:07:26     -455.746521        4.527057
BFGS:  354 10:07:27     -455.967224        3.779815
BFGS:  355 10:07:28     -456.101562        2.856910
BFGS:  356 10:07:29     -456.162201        2.267569
BFGS:  357 10:07:29     -456.203033        1.808179
BFGS:  358 10:07:30     -456.239929        1.447477
BFGS:  359 10:07:31     -456.278168        1.139044
BFGS:  360 10:07:31     -456.315277        0.941088
BFGS:  361 10:07:32     -456.346466        0.640664
BFGS:  362 10:07:33     -456.362946        0.213875
BFGS:  363 10:07:33     -456.365936        0.175534
BFGS:  364 10:07:34     -456.368652        0.351824
BFGS:  365 10:07:35     -456.367035        0.666871
BFGS:  366 10:07:35     -456.364624        1.001551
BFGS:  367 10:07:36     -456.365479        1.276123
BFGS:  368 10:07:37     -456.372009        1.465050
BFGS:  369 10:07:37     -456.383392        1.579650
BFGS:  370 10:07:38     -456.396851        1.642708
BFGS:  371 10:07:39     -456.410492        1.649168
BFGS:  372 10:07:39     -456.424683        1.534544
BFGS:  373 10:07:40     -456.419159        1.136381
BFGS:  374 10:07:41     -456.349182        1.525773
BFGS:  375 10:07:41     -456.316620        1.590615
BFGS:  376 10:07:42     -456.294617        1.563863
BFGS:  377 10:07:43     -456.260193        1.415729
BFGS:  378 10:07:43     -456.215027        1.139005
BFGS:  379 10:07:44     -456.184357        0.815545
BFGS:  380 10:07:45     -456.182587        0.705345
BFGS:  381 10:07:45     -456.201752        0.624364
BFGS:  382 10:07:46     -456.225555        0.440045
BFGS:  383 10:07:47     -456.229614        0.637103
BFGS:  384 10:07:47     -456.224945        0.874388
BFGS:  385 10:07:48     -456.218658        1.078647
BFGS:  386 10:07:49     -456.210175        1.263118
BFGS:  387 10:07:50     -456.198425        1.418031
BFGS:  388 10:07:51     -456.180084        1.543484
BFGS:  389 10:07:51     -456.153107        1.632624
BFGS:  390 10:07:52     -456.119507        1.822096
BFGS:  391 10:07:52     -456.157715        2.041893
BFGS:  392 10:07:53     -456.306793        2.364555
BFGS:  393 10:07:54     -456.439697        1.902797
BFGS:  394 10:07:54     -456.501801        1.458120
BFGS:  395 10:07:55     -456.567902        1.148121
BFGS:  396 10:07:56     -456.594391        1.025940
BFGS:  397 10:07:56     -456.644409        1.115562
BFGS:  398 10:07:57     -456.807892        2.506748
BFGS:  399 10:07:58     -457.066345        3.710767
BFGS:  400 10:07:58     -457.276581        3.837750
BFGS:  401 10:07:59     -457.421539        2.293835
BFGS:  402 10:08:00     -457.657990        2.214297
BFGS:  403 10:08:01     -457.837006        2.135057
BFGS:  404 10:08:01     -458.038391        2.047497
BFGS:  405 10:08:02     -458.149323        2.050842
BFGS:  406 10:08:02     -458.224152        2.168605
BFGS:  407 10:08:03     -458.342834        2.075663
BFGS:  408 10:08:04     -458.406860        1.885818
BFGS:  409 10:08:04     -458.450684        1.482597
BFGS:  410 10:08:05     -458.392914        2.040769
BFGS:  411 10:08:06     -458.427490        1.441535
BFGS:  412 10:08:07     -458.448212        1.375328
BFGS:  413 10:08:07     -458.452362        1.013399
BFGS:  414 10:08:08     -458.444061        0.733372
BFGS:  415 10:08:09     -458.445648        0.639433
BFGS:  416 10:08:09     -458.452118        0.738446
BFGS:  417 10:08:10     -458.453949        0.712694
BFGS:  418 10:08:11     -458.452972        0.715748
BFGS:  419 10:08:11     -458.452271        0.680735
BFGS:  420 10:08:12     -458.451050        1.364380
BFGS:  421 10:08:13     -458.026855        2.318496
BFGS:  422 10:08:14     -458.163391        1.527214
BFGS:  423 10:08:15     -458.188812        1.001297
BFGS:  424 10:08:15     -458.084198        0.863920
BFGS:  425 10:08:16     -457.928009        0.837265
BFGS:  426 10:08:17     -457.828339        0.891050
BFGS:  427 10:08:17     -457.822662        0.970237
BFGS:  428 10:08:18     -457.872223        0.907692
BFGS:  429 10:08:19     -457.938599        0.693998
BFGS:  430 10:08:20     -458.006714        0.544293
BFGS:  431 10:08:20     -458.063538        0.466612
BFGS:  432 10:08:21     -458.111694        0.607441
BFGS:  433 10:08:22     -458.138153        0.781658
BFGS:  434 10:08:22     -458.132782        0.854282
BFGS:  435 10:08:23     -458.144073        1.015329
BFGS:  436 10:08:24     -458.147980        0.970814
BFGS:  437 10:08:25     -458.161316        0.833054
BFGS:  438 10:08:25     -458.184784        1.144363
BFGS:  439 10:08:26     -458.221497        0.798345
BFGS:  440 10:08:27     -458.274841        0.791392
BFGS:  441 10:08:27     -458.250153        0.583510
BFGS:  442 10:08:28     -458.258423        0.562301
BFGS:  443 10:08:28     -458.262909        0.888503
BFGS:  444 10:08:29     -458.262207        0.677891
BFGS:  445 10:08:30     -458.269531        0.618562
BFGS:  446 10:08:30     -458.279755        0.603028
BFGS:  447 10:08:31     -458.290619        0.693415
BFGS:  448 10:08:32     -458.290161        0.648963
BFGS:  449 10:08:32     -458.231903        0.769722
BFGS:  450 10:08:33     -458.198639        1.039305
BFGS:  451 10:08:34     -458.170776        1.589535
BFGS:  452 10:08:34     -458.162598        1.882432
BFGS:  453 10:08:35     -458.110107        1.809439
BFGS:  454 10:08:36     -458.042480        1.800077
BFGS:  455 10:08:36     -458.112854        1.546067
BFGS:  456 10:08:37     -458.269440        1.478213
BFGS:  457 10:08:38     -458.418976        1.299236
BFGS:  458 10:08:38     -458.389801        1.513310
BFGS:  459 10:08:39     -458.185272        1.862121
BFGS:  460 10:08:40     -457.942963        1.998084
BFGS:  461 10:08:41     -458.007599        2.377478
BFGS:  462 10:08:41     -458.098450        2.163201
BFGS:  463 10:08:42     -458.147614        2.261918
BFGS:  464 10:08:42     -458.141449        1.943387
BFGS:  465 10:08:43     -458.035553        2.134194
BFGS:  466 10:08:44     -458.012421        1.780352
BFGS:  467 10:08:45     -458.160828        1.149795
BFGS:  468 10:08:46     -458.313812        0.853766
BFGS:  469 10:08:46     -458.262329        1.197251
BFGS:  470 10:08:47     -458.186493        1.242034
BFGS:  471 10:08:48     -458.243164        1.099002
BFGS:  472 10:08:48     -458.233948        1.124231
BFGS:  473 10:08:49     -458.195831        0.974792
BFGS:  474 10:08:50     -458.278595        0.714823
BFGS:  475 10:08:51     -458.313843        1.010887
BFGS:  476 10:08:51     -458.260498        1.064643
BFGS:  477 10:08:52     -458.272247        0.822669
BFGS:  478 10:08:52     -458.288757        0.782459
BFGS:  479 10:08:53     -458.270935        0.603213
BFGS:  480 10:08:54     -458.311005        0.480935
BFGS:  481 10:08:55     -458.309174        0.965988
BFGS:  482 10:08:55     -458.301025        0.839960
BFGS:  483 10:08:56     -458.282349        0.982884
BFGS:  484 10:08:57     -458.318512        0.514152
BFGS:  485 10:08:57     -458.331024        0.328680
BFGS:  486 10:08:58     -458.333923        0.310133
BFGS:  487 10:08:59     -458.324677        0.634365
BFGS:  488 10:08:59     -458.302643        0.724834
BFGS:  489 10:09:00     -458.309082        0.294685
BFGS:  490 10:09:01     -458.288757        0.749076
BFGS:  491 10:09:01     -458.255005        0.765519
BFGS:  492 10:09:02     -458.268982        0.572546
BFGS:  493 10:09:03     -458.299988        0.762413
BFGS:  494 10:09:03     -458.301971        0.471436
BFGS:  495 10:09:04     -458.281464        0.442571
BFGS:  496 10:09:05     -458.282593        0.491768
BFGS:  497 10:09:05     -458.278748        0.720324
BFGS:  498 10:09:06     -458.293091        0.929561
BFGS:  499 10:09:07     -458.326538        0.888489
BFGS:  500 10:09:07     -458.335663        0.630467
BFGS:  501 10:09:08     -458.319000        1.298693
BFGS:  502 10:09:09     -458.301697        1.289279
BFGS:  503 10:09:10     -458.279602        0.595616
BFGS:  504 10:09:10     -458.308533        0.372543
BFGS:  505 10:09:11     -458.354431        0.633450
BFGS:  506 10:09:12     -458.349152        0.539057
BFGS:  507 10:09:13     -458.333740        0.554570
BFGS:  508 10:09:14     -458.341248        0.263197
BFGS:  509 10:09:14     -458.335693        0.679552
BFGS:  510 10:09:15     -458.327393        0.735848
BFGS:  511 10:09:16     -458.318817        0.544386
BFGS:  512 10:09:16     -458.300842        0.480017
BFGS:  513 10:09:17     -458.291229        0.512501
BFGS:  514 10:09:18     -458.242065        0.580193
BFGS:  515 10:09:18     -458.276581        0.528592
BFGS:  516 10:09:19     -458.293213        0.663675
BFGS:  517 10:09:20     -458.282196        0.812410
BFGS:  518 10:09:20     -458.251678        0.830509
BFGS:  519 10:09:21     -458.208038        0.672104
BFGS:  520 10:09:22     -458.206635        0.460382
BFGS:  521 10:09:23     -458.228424        0.655756
BFGS:  522 10:09:23     -458.241577        0.683281
BFGS:  523 10:09:24     -458.250275        0.468520
BFGS:  524 10:09:25     -458.248688        0.534776
BFGS:  525 10:09:25     -458.250549        0.521148
BFGS:  526 10:09:26     -458.242798        0.540705
BFGS:  527 10:09:27     -458.244598        0.353076
BFGS:  528 10:09:27     -458.248260        0.300278
BFGS:  529 10:09:28     -458.262573        0.329355
BFGS:  530 10:09:29     -458.266510        0.255181
BFGS:  531 10:09:29     -458.276001        0.416760
BFGS:  532 10:09:30     -458.275146        0.454433
BFGS:  533 10:09:31     -458.279755        0.362494
BFGS:  534 10:09:31     -458.250916        0.364755
BFGS:  535 10:09:32     -458.267548        0.300262
BFGS:  536 10:09:33     -458.287292        0.177000
BFGS:  537 10:09:33     -458.287476        0.176739
BFGS:  538 10:09:34     -458.280823        0.441299
BFGS:  539 10:09:35     -458.276306        0.603193
BFGS:  540 10:09:36     -458.258850        0.858098
BFGS:  541 10:09:36     -458.218353        1.541664
BFGS:  542 10:09:37     -458.197968        1.289751
BFGS:  543 10:09:38     -458.262878        0.359481
BFGS:  544 10:09:38     -458.278656        0.343828
BFGS:  545 10:09:39     -458.276062        0.303290
BFGS:  546 10:09:40     -458.271851        0.569055
BFGS:  547 10:09:41     -458.241516        1.829303
BFGS:  548 10:09:42     -458.287598        0.977160
BFGS:  549 10:09:42     -458.300079        0.497754
BFGS:  550 10:09:43     -458.312531        0.684013
BFGS:  551 10:09:43     -458.305573        1.170839
BFGS:  552 10:09:44     -458.301514        1.405366
BFGS:  553 10:09:45     -458.314056        1.629440
BFGS:  554 10:09:45     -458.326477        0.900565
BFGS:  555 10:09:46     -458.294342        1.252107
BFGS:  556 10:09:47     -458.296387        1.003075
BFGS:  557 10:09:48     -458.323608        0.725866
BFGS:  558 10:09:49     -458.328217        0.767297
BFGS:  559 10:09:49     -458.330933        0.855368
BFGS:  560 10:09:50     -458.335358        0.499342
BFGS:  561 10:09:51     -458.306946        1.105994
BFGS:  562 10:09:51     -458.293640        1.137356
BFGS:  563 10:09:52     -458.315002        0.885367
BFGS:  564 10:09:53     -458.328064        0.749227
BFGS:  565 10:09:53     -458.328888        0.963978
BFGS:  566 10:09:54     -458.336945        0.745132
BFGS:  567 10:09:55     -458.322510        0.756136
BFGS:  568 10:09:55     -458.308960        0.848812
BFGS:  569 10:09:56     -458.321259        0.727951
BFGS:  570 10:09:57     -458.333008        0.629802
BFGS:  571 10:09:57     -458.336151        0.545761
BFGS:  572 10:09:58     -458.339233        0.424963
BFGS:  573 10:09:59     -458.330475        0.605522
BFGS:  574 10:10:00     -458.313049        0.781635
BFGS:  575 10:10:01     -458.319000        0.675637
BFGS:  576 10:10:01     -458.332581        0.663949
BFGS:  577 10:10:02     -458.327179        0.784281
BFGS:  578 10:10:03     -458.337494        0.636594
BFGS:  579 10:10:04     -458.334991        0.476532
BFGS:  580 10:10:04     -458.325653        0.626690
BFGS:  581 10:10:05     -458.324432        0.580626
BFGS:  582 10:10:06     -458.334290        0.446315
BFGS:  583 10:10:06     -458.334320        0.576359
BFGS:  584 10:10:07     -458.339783        0.298797
BFGS:  585 10:10:08     -458.339905        0.277604
BFGS:  586 10:10:09     -458.338989        0.245911
BFGS:  587 10:10:09     -458.338409        0.320965
BFGS:  588 10:10:10     -458.340454        0.201281
BFGS:  589 10:10:11     -458.341736        0.305634
BFGS:  590 10:10:11     -458.342468        0.121082
BFGS:  591 10:10:12     -458.344299        0.158958
BFGS:  592 10:10:13     -458.346069        0.177363
BFGS:  593 10:10:14     -458.349182        0.214438
BFGS:  594 10:10:15     -458.339142        1.017676
BFGS:  595 10:10:16     -458.300568        1.767250
BFGS:  596 10:10:17     -458.323914        1.751936
BFGS:  597 10:10:17     -458.305939        1.147993
BFGS:  598 10:10:18     -458.298248        1.095255
BFGS:  599 10:10:19     -458.324066        2.297997
BFGS:  600 10:10:19     -458.224609        3.822787
BFGS:  601 10:10:20     -458.315247        4.349247
BFGS:  602 10:10:21     -458.323914        1.922371
BFGS:  603 10:10:21     -458.344940        0.925861
BFGS:  604 10:10:22     -458.346558        0.455970
BFGS:  605 10:10:23     -458.344818        0.215949
BFGS:  606 10:10:23     -458.344086        0.386742
BFGS:  607 10:10:24     -458.339478        0.269604
BFGS:  608 10:10:25     -458.322693        0.606810
BFGS:  609 10:10:26     -458.296753        1.080640
BFGS:  610 10:10:26     -458.315002        0.641029
BFGS:  611 10:10:27     -458.331940        0.633054
BFGS:  612 10:10:28     -458.343994        0.806891
BFGS:  613 10:10:29     -458.364563        0.530600
BFGS:  614 10:10:29     -458.360382        0.856286
BFGS:  615 10:10:30     -458.324799        1.140772
BFGS:  616 10:10:31     -458.303497        0.819414
BFGS:  617 10:10:31     -458.313507        0.486293
BFGS:  618 10:10:32     -458.334930        0.456107
BFGS:  619 10:10:33     -458.340149        0.493484
BFGS:  620 10:10:33     -458.340240        0.325267
BFGS:  621 10:10:35     -458.336823        0.229791
BFGS:  622 10:10:35     -458.333618        0.242753
BFGS:  623 10:10:36     -458.307770        0.670653
BFGS:  624 10:10:37     -458.221069        1.458684
BFGS:  625 10:10:38     -458.159912        1.736307
BFGS:  626 10:10:38     -458.131805        2.389282
BFGS:  627 10:10:39     -458.133209        3.049220
BFGS:  628 10:10:40     -458.128174        3.317252
BFGS:  629 10:10:40     -458.111664        2.984711
BFGS:  630 10:10:41     -458.091370        2.009217
BFGS:  631 10:10:42     -458.097198        1.268684
BFGS:  632 10:10:43     -458.115723        1.764633
BFGS:  633 10:10:43     -458.142029        2.344686
BFGS:  634 10:10:44     -458.185150        2.639901
BFGS:  635 10:10:45     -458.236633        2.788024
BFGS:  636 10:10:45     -458.298309        2.779886
BFGS:  637 10:10:46     -458.365326        2.573628
BFGS:  638 10:10:47     -458.420959        2.153346
BFGS:  639 10:10:47     -458.407104        1.401960
BFGS:  640 10:10:48     -458.252686        1.596085
BFGS:  641 10:10:49     -457.997772        1.997188
BFGS:  642 10:10:49     -458.020844        1.642102
BFGS:  643 10:10:50     -458.171906        1.747496
BFGS:  644 10:10:51     -458.260315        1.173954
BFGS:  645 10:10:51     -458.286713        0.983139
BFGS:  646 10:10:52     -458.305450        0.998027
BFGS:  647 10:10:53     -458.312347        0.889953
BFGS:  648 10:10:54     -458.219177        0.799308
BFGS:  649 10:10:54     -458.270386        0.764392
BFGS:  650 10:10:55     -458.326965        0.341741
BFGS:  651 10:10:56     -458.341095        0.341839
BFGS:  652 10:10:56     -458.358337        0.836905
BFGS:  653 10:10:57     -458.361908        1.527952
BFGS:  654 10:10:58     -458.362091        1.885650
BFGS:  655 10:10:58     -458.348938        1.474635
BFGS:  656 10:10:59     -458.353027        0.703942
BFGS:  657 10:11:00     -458.315155        0.936826
BFGS:  658 10:11:00     -458.284454        2.018552
BFGS:  659 10:11:01     -458.269684        2.568295
BFGS:  660 10:11:02     -458.262634        2.448591
BFGS:  661 10:11:02     -458.268463        1.584238
BFGS:  662 10:11:03     -458.298096        0.812337
BFGS:  663 10:11:04     -458.278809        0.627324
BFGS:  664 10:11:04     -458.287048        0.498063
BFGS:  665 10:11:05     -458.317566        0.445035
BFGS:  666 10:11:06     -458.347229        0.931699
BFGS:  667 10:11:07     -458.361389        1.563003
BFGS:  668 10:11:07     -458.360565        1.930785
BFGS:  669 10:11:08     -458.337494        1.204932
BFGS:  670 10:11:09     -458.293365        0.912320
BFGS:  671 10:11:09     -458.275635        1.403367
BFGS:  672 10:11:10     -458.260529        2.036020
BFGS:  673 10:11:11     -458.264404        2.224962
BFGS:  674 10:11:12     -458.284668        1.945765
BFGS:  675 10:11:12     -458.302948        1.201318
BFGS:  676 10:11:13     -458.290436        0.961364
BFGS:  677 10:11:14     -458.264618        1.132493
BFGS:  678 10:11:16     -458.256500        1.212771
BFGS:  679 10:11:17     -458.271027        1.008846
BFGS:  680 10:11:17     -458.295471        0.748089
BFGS:  681 10:11:18     -458.324005        0.792805
BFGS:  682 10:11:18     -458.344940        1.017103
BFGS:  683 10:11:19     -458.343689        1.597773
BFGS:  684 10:11:20     -458.313263        2.099655
BFGS:  685 10:11:20     -458.285400        2.025198
BFGS:  686 10:11:21     -458.300262        1.401890
BFGS:  687 10:11:22     -458.340210        1.077436
BFGS:  688 10:11:22     -458.357666        0.744845
BFGS:  689 10:11:23     -458.357819        0.551235
BFGS:  690 10:11:24     -458.334045        0.756471
BFGS:  691 10:11:25     -458.317291        0.962419
BFGS:  692 10:11:25     -458.314301        1.456883
BFGS:  693 10:11:26     -458.327667        1.850511
BFGS:  694 10:11:27     -458.309448        1.844702
BFGS:  695 10:11:27     -458.285583        1.176884
BFGS:  696 10:11:28     -458.296387        0.624345
BFGS:  697 10:11:29     -458.308746        0.582796
BFGS:  698 10:11:29     -458.323242        0.606122
BFGS:  699 10:11:30     -458.343262        0.459063
BFGS:  700 10:11:31     -458.352905        0.269532
BFGS:  701 10:11:31     -458.351898        0.381821
BFGS:  702 10:11:32     -458.346893        0.343005
BFGS:  703 10:11:33     -458.351440        0.182179
BFGS:  704 10:11:33     -458.363525        0.310376
BFGS:  705 10:11:34     -458.363647        0.256992
BFGS:  706 10:11:35     -458.354858        0.670585
BFGS:  707 10:11:36     -458.353363        0.735423
BFGS:  708 10:11:36     -458.257416        1.878844
BFGS:  709 10:11:37     -458.353210        0.349373
BFGS:  710 10:11:38     -458.362488        0.395989
BFGS:  711 10:11:38     -458.368530        0.506793
BFGS:  712 10:11:39     -458.370300        0.410378
BFGS:  713 10:11:40     -458.364899        0.203104
BFGS:  714 10:11:41     -458.364227        0.182508
BFGS:  715 10:11:41     -458.360229        0.642041
BFGS:  716 10:11:43     -458.368530        0.302304
BFGS:  717 10:11:43     -458.370911        0.244347
BFGS:  718 10:11:44     -458.370361        0.220522
BFGS:  719 10:11:45     -458.368164        0.235982
BFGS:  720 10:11:45     -458.324493        0.511045
BFGS:  721 10:11:46     -458.317352        0.310577
BFGS:  722 10:11:47     -458.268280        0.660619
BFGS:  723 10:11:48     -458.282562        0.691138
BFGS:  724 10:11:48     -458.326782        0.429059
BFGS:  725 10:11:49     -458.332642        0.298624
BFGS:  726 10:11:49     -458.303345        0.415005
BFGS:  727 10:11:50     -458.310608        0.285222
BFGS:  728 10:11:51     -458.303467        0.373905
BFGS:  729 10:11:52     -458.314636        0.420167
BFGS:  730 10:11:52     -458.325714        0.334406
BFGS:  731 10:11:53     -458.330688        0.387484
BFGS:  732 10:11:54     -458.329742        0.283019
BFGS:  733 10:11:55     -458.323669        0.353199
BFGS:  734 10:11:55     -458.333649        0.305532
BFGS:  735 10:11:56     -458.344666        0.292913
BFGS:  736 10:11:57     -458.340057        0.459295
BFGS:  737 10:11:57     -458.343933        0.342151
BFGS:  738 10:11:58     -458.304169        0.658619
BFGS:  739 10:11:59     -458.276611        0.646972
BFGS:  740 10:11:59     -458.354462        0.872447
BFGS:  741 10:12:00     -458.354553        1.581529
BFGS:  742 10:12:01     -458.301025        1.640386
BFGS:  743 10:12:01     -458.328125        0.676372
BFGS:  744 10:12:02     -458.347198        0.648636
BFGS:  745 10:12:03     -458.307037        1.753618
BFGS:  746 10:12:03     -458.220886        2.528186
BFGS:  747 10:12:04     -458.150146        2.279054
BFGS:  748 10:12:05     -458.103394        1.336122
BFGS:  749 10:12:05     -458.238678        1.641496
BFGS:  750 10:12:06     -458.390778        1.087721
BFGS:  751 10:12:07     -458.282043        1.991448
BFGS:  752 10:12:07     -458.302856        1.330014
BFGS:  753 10:12:08     -458.337952        0.391062
BFGS:  754 10:12:09     -458.334900        1.230695
BFGS:  755 10:12:10     -458.268799        1.451887
BFGS:  756 10:12:10     -458.260864        1.116736
BFGS:  757 10:12:11     -458.384155        1.509528
BFGS:  758 10:12:12     -458.363708        1.621874
BFGS:  759 10:12:12     -458.288849        1.304743
BFGS:  760 10:12:13     -458.313568        0.656995
BFGS:  761 10:12:14     -458.336060        1.516152
BFGS:  762 10:12:14     -458.286896        2.704433
BFGS:  763 10:12:15     -458.202728        2.473538
BFGS:  764 10:12:16     -458.201996        1.110216
BFGS:  765 10:12:17     -458.310120        1.101713
BFGS:  766 10:12:18     -458.362030        2.000562
BFGS:  767 10:12:18     -458.228973        2.470686
BFGS:  768 10:12:19     -458.123505        2.554079
BFGS:  769 10:12:20     -458.243347        1.286762
BFGS:  770 10:12:20     -458.355377        2.185423
BFGS:  771 10:12:21     -458.292023        4.696481
BFGS:  772 10:12:22     -458.103241        4.935667
BFGS:  773 10:12:23     -458.110809        5.144910
BFGS:  774 10:12:23     -458.065430        3.227171
BFGS:  775 10:12:24     -458.172150        1.674935
BFGS:  776 10:12:25     -458.290985        1.744268
BFGS:  777 10:12:26     -458.332153        2.623347
BFGS:  778 10:12:27     -458.284912        3.003732
BFGS:  779 10:12:27     -458.249268        3.111087
BFGS:  780 10:12:28     -458.296417        1.959041
BFGS:  781 10:12:29     -458.336090        0.791878
BFGS:  782 10:12:29     -458.303772        3.415521
BFGS:  783 10:12:30     -458.202515        5.015883
BFGS:  784 10:12:31     -458.086884        5.368703
BFGS:  785 10:12:32     -458.005371        3.184540
BFGS:  786 10:12:32     -458.146515        1.610147
BFGS:  787 10:12:33     -458.263519        1.391439
BFGS:  788 10:12:34     -458.335114        1.555382
BFGS:  789 10:12:35     -458.328430        2.505517
BFGS:  790 10:12:35     -458.271729        2.696329
BFGS:  791 10:12:36     -458.306793        1.798054
BFGS:  792 10:12:37     -458.347595        0.493116
BFGS:  793 10:12:37     -458.315521        2.681441
BFGS:  794 10:12:38     -458.226929        3.341776
BFGS:  795 10:12:39     -458.252899        1.695939
BFGS:  796 10:12:39     -458.324951        0.919167
BFGS:  797 10:12:40     -458.349335        2.279143
BFGS:  798 10:12:41     -458.285614        2.942758
BFGS:  799 10:12:41     -458.295715        2.351579
BFGS:  800 10:12:42     -458.343964        0.491642
      Step     Time          Energy          fmax
FIRE:    0 10:12:42     -458.343964        0.491642
FIRE:    1 10:12:42     -458.347412        0.380862
FIRE:    2 10:12:43     -458.349854        0.258913
FIRE:    3 10:12:43     -458.351990        0.320831
FIRE:    4 10:12:44     -458.353394        0.368315
FIRE:    5 10:12:44     -458.354248        0.313236
FIRE:    6 10:12:45     -458.355133        0.216728
FIRE:    7 10:12:45     -458.355591        0.210911
FIRE:    8 10:12:46     -458.356354        0.310938
FIRE:    9 10:12:46     -458.356628        0.298310
FIRE:   10 10:12:47     -458.357056        0.273824
FIRE:   11 10:12:47     -458.357452        0.239105
FIRE:   12 10:12:47     -458.357758        0.197058
FIRE:   13 10:12:48     -458.358093        0.152279
FIRE:   14 10:12:48     -458.358429        0.180786
FIRE:   15 10:12:49     -458.358734        0.215064
FIRE:   16 10:12:49     -458.359039        0.231354
FIRE:   17 10:12:50     -458.359375        0.221709
FIRE:   18 10:12:50     -458.359741        0.183597
FIRE:   19 10:12:51     -458.360107        0.126425
FIRE:   20 10:12:51     -458.360504        0.153504
FIRE:   21 10:12:52     -458.361023        0.182514
FIRE:   22 10:12:52     -458.361603        0.172837
FIRE:   23 10:12:53     -458.362091        0.125364
FIRE:   24 10:12:53     -458.362518        0.183115
FIRE:   25 10:12:54     -458.362732        0.186074
FIRE:   26 10:12:54     -458.362518        0.120800
FIRE:   27 10:12:54     -458.361450        0.180617
FIRE:   28 10:12:55     -458.359009        0.137803
FIRE:   29 10:12:55     -458.348053        0.433139
FIRE:   30 10:12:56     -458.357422        0.130332
FIRE:   31 10:12:56     -458.357635        0.126847
FIRE:   32 10:12:57     -458.357819        0.120110
FIRE:   33 10:12:57     -458.357788        0.110551
FIRE:   34 10:12:58     -458.357697        0.099410
FIRE:   35 10:12:58     -458.357697        0.094970
FIRE:   36 10:12:59     -458.357849        0.101101
FIRE:   37 10:12:59     -458.357971        0.105682
FIRE:   38 10:12:59     -458.357941        0.107981
FIRE:   39 10:13:00     -458.357971        0.107144
FIRE:   40 10:13:00     -458.358185        0.102639
FIRE:   41 10:13:01     -458.358307        0.094193
FIRE:   42 10:13:01     -458.358521        0.083746
FIRE:   43 10:13:02     -458.358948        0.089438
FIRE:   44 10:13:02     -458.359375        0.088909
FIRE:   45 10:13:03     -458.360138        0.078172
FIRE:   46 10:13:03     -458.361084        0.082408
FIRE:   47 10:13:04     -458.362244        0.082013
FIRE:   48 10:13:04     -458.363770        0.085693
FIRE:   49 10:13:05     -458.365387        0.097230
FIRE:   50 10:13:05     -458.365906        0.197729
FIRE:   51 10:13:05     -458.367767        0.098775
FIRE:   52 10:13:06     -458.366455        0.170874
FIRE:   53 10:13:06     -458.367035        0.132590
FIRE:   54 10:13:07     -458.367645        0.096242
FIRE:   55 10:13:07     -458.367828        0.096260
FIRE:   56 10:13:08     -458.367828        0.096242
FIRE:   57 10:13:08     -458.367828        0.096218
FIRE:   58 10:13:09     -458.367828        0.096174
FIRE:   59 10:13:09     -458.367828        0.096130
FIRE:   60 10:13:10     -458.367859        0.096064
FIRE:   61 10:13:10     -458.367859        0.095993
FIRE:   62 10:13:10     -458.367859        0.095921
FIRE:   63 10:13:11     -458.367859        0.095831
FIRE:   64 10:13:11     -458.367859        0.095721
FIRE:   65 10:13:12     -458.367859        0.095604
FIRE:   66 10:13:12     -458.367889        0.095462
FIRE:   67 10:13:13     -458.367889        0.095315
FIRE:   68 10:13:13     -458.367889        0.095147
FIRE:   69 10:13:14     -458.367920        0.094939
FIRE:   70 10:13:14     -458.367920        0.094705
FIRE:   71 10:13:15     -458.367920        0.094418
FIRE:   72 10:13:15     -458.367920        0.094040
FIRE:   73 10:13:16     -458.367889        0.093595
FIRE:   74 10:13:16     -458.367828        0.092996
FIRE:   75 10:13:16     -458.367706        0.092245
FIRE:   76 10:13:17     -458.367523        0.091212
FIRE:   77 10:13:17     -458.367218        0.089837
FIRE:   78 10:13:18     -458.366730        0.088071
FIRE:   79 10:13:18     -458.366028        0.085930
FIRE:   80 10:13:19     -458.364929        0.087459
FIRE:   81 10:13:19     -458.363403        0.092907
FIRE:   82 10:13:20     -458.361298        0.101462
FIRE:   83 10:13:20     -458.358582        0.112852
FIRE:   84 10:13:21     -458.354462        0.164981
FIRE:   85 10:13:21     -458.339691        0.511182
FIRE:   86 10:13:22     -458.353516        0.144038
FIRE:   87 10:13:22     -458.353729        0.143861
FIRE:   88 10:13:22     -458.353973        0.143543
FIRE:   89 10:13:23     -458.354095        0.143092
FIRE:   90 10:13:23     -458.354218        0.142515
FIRE:   91 10:13:24     -458.354462        0.141804
FIRE:   92 10:13:24     -458.354858        0.140995
FIRE:   93 10:13:25     -458.355316        0.140121
FIRE:   94 10:13:25     -458.355804        0.139138
FIRE:   95 10:13:26     -458.356415        0.138124
FIRE:   96 10:13:26     -458.357361        0.137254
FIRE:   97 10:13:27     -458.358582        0.136889
FIRE:   98 10:13:27     -458.360107        0.137655
FIRE:   99 10:13:28     -458.362335        0.140686
FIRE:  100 10:13:28     -458.365204        0.147847
FIRE:  101 10:13:28     -458.369171        0.163742
FIRE:  102 10:13:29     -458.374268        0.192239
FIRE:  103 10:13:29     -458.380859        0.228888
FIRE:  104 10:13:30     -458.388428        0.287989
FIRE:  105 10:13:30     -458.395477        0.364778
FIRE:  106 10:13:31     -458.397400        0.453570
FIRE:  107 10:13:31     -458.382996        0.527903
FIRE:  108 10:13:32     -458.305328        1.000575
FIRE:  109 10:13:32     -458.351196        0.452707
FIRE:  110 10:13:33     -458.352844        0.440422
FIRE:  111 10:13:33     -458.353821        0.416008
FIRE:  112 10:13:33     -458.352234        0.379955
FIRE:  113 10:13:34     -458.349396        0.337532
FIRE:  114 10:13:34     -458.347717        0.294713
FIRE:  115 10:13:35     -458.347229        0.282501
FIRE:  116 10:13:35     -458.346100        0.271542
FIRE:  117 10:13:36     -458.343353        0.245966
FIRE:  118 10:13:36     -458.341064        0.207650
FIRE:  119 10:13:37     -458.340424        0.159892
FIRE:  120 10:13:37     -458.338654        0.136719
FIRE:  121 10:13:38     -458.337677        0.144216
FIRE:  122 10:13:38     -458.338654        0.075825
FIRE:  123 10:13:38     -458.339203        0.116138
FIRE:  124 10:13:39     -458.341644        0.108952
FIRE:  125 10:13:39     -458.341797        0.105362
FIRE:  126 10:13:40     -458.341949        0.098956
FIRE:  127 10:13:40     -458.342133        0.091255
FIRE:  128 10:13:41     -458.342346        0.084278
FIRE:  129 10:13:41     -458.342621        0.079454
FIRE:  130 10:13:42     -458.342957        0.077084
FIRE:  131 10:13:42     -458.343292        0.076677
FIRE:  132 10:13:43     -458.343628        0.077959
FIRE:  133 10:13:43     -458.344116        0.081450
FIRE:  134 10:13:43     -458.344635        0.087690
FIRE:  135 10:13:44     -458.345215        0.094571
FIRE:  136 10:13:44     -458.345917        0.097616
FIRE:  137 10:13:45     -458.346680        0.094349
FIRE:  138 10:13:45     -458.347595        0.090238
FIRE:  139 10:13:46     -458.348633        0.091491
FIRE:  140 10:13:46     -458.349884        0.099130
FIRE:  141 10:13:47     -458.351410        0.109032
FIRE:  142 10:13:47     -458.353210        0.108667
FIRE:  143 10:13:48     -458.354889        0.139693
FIRE:  144 10:13:48     -458.352783        0.357783
FIRE:  145 10:13:48     -458.358734        0.107917
FIRE:  146 10:13:49     -458.358795        0.108426
FIRE:  147 10:13:49     -458.358887        0.109483
FIRE:  148 10:13:50     -458.358978        0.111101
FIRE:  149 10:13:50     -458.359100        0.113166
FIRE:  150 10:13:51     -458.359253        0.115389
FIRE:  151 10:13:51     -458.359436        0.117384
FIRE:  152 10:13:52     -458.359680        0.118732
FIRE:  153 10:13:52     -458.359924        0.119105
FIRE:  154 10:13:53     -458.360291        0.118143
FIRE:  155 10:13:53     -458.360687        0.115933
FIRE:  156 10:13:53     -458.361237        0.113108
FIRE:  157 10:13:54     -458.361877        0.110687
FIRE:  158 10:13:54     -458.362671        0.109450
FIRE:  159 10:13:55     -458.363647        0.109900
FIRE:  160 10:13:55     -458.364807        0.111702
FIRE:  161 10:13:56     -458.366180        0.112482
FIRE:  162 10:13:56     -458.367798        0.108628
FIRE:  163 10:13:57     -458.369629        0.101599
FIRE:  164 10:13:57     -458.371521        0.109294
FIRE:  165 10:13:58     -458.373199        0.110030
FIRE:  166 10:13:58     -458.373749        0.125696
FIRE:  167 10:13:58     -458.367035        0.371622
FIRE:  168 10:13:59     -458.373352        0.137209
FIRE:  169 10:13:59     -458.373444        0.134362
FIRE:  170 10:14:00     -458.373505        0.129006
FIRE:  171 10:14:00     -458.373413        0.121744
FIRE:  172 10:14:01     -458.373199        0.124502
FIRE:  173 10:14:01     -458.373016        0.131053
FIRE:  174 10:14:02     -458.372894        0.136254
FIRE:  175 10:14:02     -458.372742        0.139219
FIRE:  176 10:14:03     -458.372437        0.139147
FIRE:  177 10:14:03     -458.372070        0.135660
FIRE:  178 10:14:04     -458.371704        0.129341
FIRE:  179 10:14:04     -458.371155        0.122102
FIRE:  180 10:14:04     -458.370453        0.117972
FIRE:  181 10:14:05     -458.369659        0.117549
FIRE:  182 10:14:05     -458.368561        0.124669
FIRE:  183 10:14:06     -458.367340        0.133940
FIRE:  184 10:14:06     -458.365784        0.136640
FIRE:  185 10:14:07     -458.363983        0.129997
FIRE:  186 10:14:07     -458.362030        0.124969
FIRE:  187 10:14:08     -458.360077        0.131657
FIRE:  188 10:14:08     -458.357727        0.162476
FIRE:  189 10:14:09     -458.350189        0.436875
FIRE:  190 10:14:09     -458.359222        0.146392
FIRE:  191 10:14:09     -458.359314        0.146448
FIRE:  192 10:14:10     -458.359436        0.146546
FIRE:  193 10:14:10     -458.359619        0.146661
FIRE:  194 10:14:11     -458.359894        0.146757
FIRE:  195 10:14:11     -458.360199        0.146787
FIRE:  196 10:14:12     -458.360596        0.146733
FIRE:  197 10:14:12     -458.361084        0.146625
FIRE:  198 10:14:13     -458.361694        0.146519
FIRE:  199 10:14:13     -458.362549        0.146632
FIRE:  200 10:14:13     -458.363647        0.147434
FIRE:  201 10:14:14     -458.365143        0.149767
FIRE:  202 10:14:14     -458.367126        0.154916
FIRE:  203 10:14:15     -458.369843        0.164657
FIRE:  204 10:14:15     -458.373596        0.181585
FIRE:  205 10:14:16     -458.378784        0.209659
FIRE:  206 10:14:16     -458.386017        0.254881
FIRE:  207 10:14:17     -458.396149        0.325076
FIRE:  208 10:14:17     -458.410065        0.427835
FIRE:  209 10:14:18     -458.428040        0.567065
FIRE:  210 10:14:18     -458.446838        0.735770
FIRE:  211 10:14:19     -458.450775        0.899728
FIRE:  212 10:14:19     -458.402283        0.965145
FIRE:  213 10:14:20     -458.272675        0.804406
FIRE:  214 10:14:20     -458.301849        0.589345
FIRE:  215 10:14:20     -458.304993        0.582683
FIRE:  216 10:14:21     -458.307831        0.568863
FIRE:  217 10:14:21     -458.308258        0.546664
FIRE:  218 10:14:22     -458.308533        0.515313
FIRE:  219 10:14:22     -458.311249        0.474225
FIRE:  220 10:14:23     -458.315247        0.422622
FIRE:  221 10:14:23     -458.317841        0.359609
FIRE:  222 10:14:24     -458.319946        0.279939
FIRE:  223 10:14:24     -458.324402        0.191319
FIRE:  224 10:14:24     -458.328888        0.178131
FIRE:  225 10:14:25     -458.332275        0.160954
FIRE:  226 10:14:25     -458.337341        0.142646
FIRE:  227 10:14:26     -458.339905        0.174259
FIRE:  228 10:14:26     -458.340668        0.158924
FIRE:  229 10:14:27     -458.341583        0.151018
FIRE:  230 10:14:27     -458.342163        0.140512
FIRE:  231 10:14:28     -458.342468        0.129014
FIRE:  232 10:14:28     -458.343048        0.117904
FIRE:  233 10:14:29     -458.344025        0.109088
FIRE:  234 10:14:29     -458.345032        0.107856
FIRE:  235 10:14:29     -458.345703        0.106924
FIRE:  236 10:14:30     -458.346191        0.106383
FIRE:  237 10:14:30     -458.347137        0.106251
FIRE:  238 10:14:31     -458.348175        0.106798
FIRE:  239 10:14:31     -458.348846        0.108427
FIRE:  240 10:14:32     -458.350159        0.110934
FIRE:  241 10:14:32     -458.351379        0.114324
FIRE:  242 10:14:33     -458.352997        0.118388
FIRE:  243 10:14:33     -458.354645        0.123601
FIRE:  244 10:14:34     -458.356995        0.130739
FIRE:  245 10:14:34     -458.359253        0.140034
FIRE:  246 10:14:35     -458.362091        0.150966
FIRE:  247 10:14:35     -458.365692        0.171046
FIRE:  248 10:14:35     -458.367676        0.344183
FIRE:  249 10:14:36     -458.373138        0.168422
FIRE:  250 10:14:36     -458.369812        0.298890
FIRE:  251 10:14:37     -458.371674        0.222764
FIRE:  252 10:14:37     -458.373749        0.166889
FIRE:  253 10:14:38     -458.374268        0.166980
FIRE:  254 10:14:38     -458.374298        0.167000
FIRE:  255 10:14:39     -458.374390        0.167037
FIRE:  256 10:14:39     -458.374481        0.167094
FIRE:  257 10:14:40     -458.374573        0.167172
FIRE:  258 10:14:40     -458.374695        0.167272
FIRE:  259 10:14:40     -458.374847        0.167394
FIRE:  260 10:14:41     -458.374969        0.167536
FIRE:  261 10:14:41     -458.375122        0.167715
FIRE:  262 10:14:42     -458.375336        0.167931
FIRE:  263 10:14:42     -458.375610        0.168191
FIRE:  264 10:14:43     -458.375977        0.168501
FIRE:  265 10:14:43     -458.376404        0.168877
FIRE:  266 10:14:44     -458.376953        0.169338
FIRE:  267 10:14:44     -458.377563        0.169909
FIRE:  268 10:14:45     -458.378357        0.170611
FIRE:  269 10:14:45     -458.379364        0.171460
FIRE:  270 10:14:45     -458.380554        0.172486
FIRE:  271 10:14:46     -458.382050        0.173700
FIRE:  272 10:14:46     -458.383881        0.175089
FIRE:  273 10:14:47     -458.386169        0.176645
FIRE:  274 10:14:47     -458.388977        0.178341
FIRE:  275 10:14:48     -458.392456        0.180021
FIRE:  276 10:14:48     -458.396729        0.181262
FIRE:  277 10:14:49     -458.401855        0.181342
FIRE:  278 10:14:49     -458.407959        0.179166
FIRE:  279 10:14:50     -458.414825        0.172628
FIRE:  280 10:14:50     -458.421997        0.159982
FIRE:  281 10:14:50     -458.428009        0.142862
FIRE:  282 10:14:51     -458.427429        0.328673
FIRE:  283 10:14:51     -458.432404        0.157729
FIRE:  284 10:14:52     -458.428558        0.295863
FIRE:  285 10:14:52     -458.430389        0.218104
FIRE:  286 10:14:53     -458.432251        0.132002
FIRE:  287 10:14:53     -458.432404        0.132780
FIRE:  288 10:14:54     -458.432434        0.132813
FIRE:  289 10:14:54     -458.432465        0.132882
FIRE:  290 10:14:55     -458.432526        0.132987
FIRE:  291 10:14:55     -458.432587        0.133131
FIRE:  292 10:14:56     -458.432617        0.133311
FIRE:  293 10:14:56     -458.432648        0.133530
FIRE:  294 10:14:56     -458.432648        0.133781
FIRE:  295 10:14:57     -458.432648        0.134080
FIRE:  296 10:14:57     -458.432648        0.134425
FIRE:  297 10:14:58     -458.432678        0.134807
FIRE:  298 10:14:58     -458.432739        0.135215
FIRE:  299 10:14:59     -458.432800        0.135642
FIRE:  300 10:14:59     -458.432831        0.136078
FIRE:  301 10:15:00     -458.432861        0.136508
FIRE:  302 10:15:00     -458.432922        0.136927
FIRE:  303 10:15:01     -458.433014        0.137364
FIRE:  304 10:15:01     -458.433075        0.137891
FIRE:  305 10:15:01     -458.433136        0.138624
FIRE:  306 10:15:02     -458.433228        0.139671
FIRE:  307 10:15:02     -458.433289        0.141157
FIRE:  308 10:15:03     -458.433319        0.143111
FIRE:  309 10:15:03     -458.433289        0.145418
FIRE:  310 10:15:04     -458.433197        0.147876
FIRE:  311 10:15:04     -458.432892        0.150443
FIRE:  312 10:15:05     -458.432373        0.153395
FIRE:  313 10:15:05     -458.431488        0.156823
FIRE:  314 10:15:06     -458.429993        0.160286
FIRE:  315 10:15:06     -458.427673        0.163071
FIRE:  316 10:15:06     -458.423096        0.181496
FIRE:  317 10:15:07     -458.395874        0.723549
FIRE:  318 10:15:07     -458.419373        0.195180
FIRE:  319 10:15:08     -458.420441        0.163952
FIRE:  320 10:15:08     -458.421326        0.163140
FIRE:  321 10:15:09     -458.421051        0.162209
FIRE:  322 10:15:09     -458.421112        0.162118
FIRE:  323 10:15:10     -458.421204        0.161934
FIRE:  324 10:15:10     -458.421295        0.161664
FIRE:  325 10:15:11     -458.421387        0.161309
FIRE:  326 10:15:11     -458.421448        0.160868
FIRE:  327 10:15:12     -458.421448        0.160333
FIRE:  328 10:15:12     -458.421417        0.159703
FIRE:  329 10:15:12     -458.421417        0.158901
FIRE:  330 10:15:13     -458.421478        0.157888
FIRE:  331 10:15:13     -458.421539        0.156615
FIRE:  332 10:15:14     -458.421692        0.155024
FIRE:  333 10:15:14     -458.421783        0.153030
FIRE:  334 10:15:15     -458.421906        0.150537
FIRE:  335 10:15:15     -458.422058        0.147457
FIRE:  336 10:15:16     -458.422333        0.143701
FIRE:  337 10:15:16     -458.422699        0.139158
FIRE:  338 10:15:17     -458.423157        0.133726
FIRE:  339 10:15:17     -458.423889        0.127455
FIRE:  340 10:15:18     -458.424896        0.120548
FIRE:  341 10:15:18     -458.426361        0.113809
FIRE:  342 10:15:19     -458.428589        0.109374
FIRE:  343 10:15:19     -458.431885        0.123718
FIRE:  344 10:15:19     -458.436737        0.162737
FIRE:  345 10:15:20     -458.444031        0.218225
FIRE:  346 10:15:20     -458.454651        0.295052
FIRE:  347 10:15:21     -458.457397        0.616881
FIRE:  348 10:15:21     -458.457367        0.608063
FIRE:  349 10:15:22     -458.457336        0.609965
FIRE:  350 10:15:22     -458.421326        0.745591
FIRE:  351 10:15:23     -458.043945        2.526617
FIRE:  352 10:15:23     -458.267242        1.420600
FIRE:  353 10:15:24     -458.332886        0.816802
FIRE:  354 10:15:24     -458.366577        0.571187
FIRE:  355 10:15:25     -458.366425        0.567794
FIRE:  356 10:15:25     -458.366150        0.561075
FIRE:  357 10:15:25     -458.365631        0.551163
FIRE:  358 10:15:26     -458.364929        0.538233
FIRE:  359 10:15:26     -458.363983        0.522609
FIRE:  360 10:15:27     -458.362823        0.504663
FIRE:  361 10:15:27     -458.361542        0.484861
FIRE:  362 10:15:28     -458.360046        0.461368
FIRE:  363 10:15:28     -458.358307        0.434100
FIRE:  364 10:15:29     -458.356384        0.403151
FIRE:  365 10:15:29     -458.354218        0.368748
FIRE:  366 10:15:30     -458.351990        0.331180
FIRE:  367 10:15:30     -458.349915        0.290728
FIRE:  368 10:15:30     -458.348328        0.247139
FIRE:  369 10:15:31     -458.347412        0.199340
FIRE:  370 10:15:31     -458.347687        0.146125
FIRE:  371 10:15:32     -458.349457        0.114916
FIRE:  372 10:15:32     -458.352753        0.114308
FIRE:  373 10:15:33     -458.357330        0.133784
FIRE:  374 10:15:33     -458.362579        0.172651
FIRE:  375 10:15:34     -458.362732        0.173015
FIRE:  376 10:15:34     -458.363068        0.173753
FIRE:  377 10:15:35     -458.363495        0.174854
FIRE:  378 10:15:35     -458.364075        0.176226
FIRE:  379 10:15:35     -458.364746        0.177659
FIRE:  380 10:15:36     -458.365479        0.178873
FIRE:  381 10:15:36     -458.366272        0.179595
FIRE:  382 10:15:37     -458.367249        0.179686
FIRE:  383 10:15:37     -458.368378        0.179180
FIRE:  384 10:15:38     -458.369751        0.178634
FIRE:  385 10:15:38     -458.371429        0.179131
FIRE:  386 10:15:39     -458.373505        0.181817
FIRE:  387 10:15:39     -458.376160        0.187522
FIRE:  388 10:15:39     -458.379639        0.196744
FIRE:  389 10:15:40     -458.384186        0.208896
FIRE:  390 10:15:40     -458.390167        0.221629
FIRE:  391 10:15:41     -458.398163        0.233181
FIRE:  392 10:15:41     -458.408600        0.243894
FIRE:  393 10:15:42     -458.421692        0.253131
FIRE:  394 10:15:42     -458.436157        0.251436
FIRE:  395 10:15:43     -458.445923        0.240366
FIRE:  396 10:15:43     -458.404572        1.006970
FIRE:  397 10:15:44     -458.447937        0.299459
FIRE:  398 10:15:44     -458.450165        0.198830
FIRE:  399 10:15:45     -458.451935        0.171075
FIRE:  400 10:15:45     -458.451233        0.157514
FIRE:  401 10:15:46     -458.451355        0.157224
FIRE:  402 10:15:46     -458.451538        0.156672
FIRE:  403 10:15:46     -458.451721        0.155913
FIRE:  404 10:15:47     -458.451874        0.155012
FIRE:  405 10:15:47     -458.451904        0.154046
FIRE:  406 10:15:48     -458.451813        0.153122
FIRE:  407 10:15:48     -458.451660        0.152337
FIRE:  408 10:15:49     -458.451508        0.151699
FIRE:  409 10:15:49     -458.451416        0.151278
FIRE:  410 10:15:50     -458.451385        0.151126
FIRE:  411 10:15:50     -458.451385        0.151270
FIRE:  412 10:15:51     -458.451233        0.151722
FIRE:  413 10:15:51     -458.450928        0.152462
FIRE:  414 10:15:51     -458.450623        0.153462
FIRE:  415 10:15:52     -458.450378        0.154819
FIRE:  416 10:15:52     -458.449982        0.156729
FIRE:  417 10:15:53     -458.449341        0.159091
FIRE:  418 10:15:53     -458.448669        0.161313
FIRE:  419 10:15:54     -458.447815        0.163029
FIRE:  420 10:15:54     -458.446594        0.164847
FIRE:  421 10:15:55     -458.445160        0.167882
FIRE:  422 10:15:55     -458.443176        0.171895
FIRE:  423 10:15:56     -458.440582        0.175733
FIRE:  424 10:15:56     -458.437439        0.179624
FIRE:  425 10:15:56     -458.433350        0.183726
FIRE:  426 10:15:57     -458.428253        0.189064
FIRE:  427 10:15:57     -458.422058        0.189715
FIRE:  428 10:15:58     -458.410767        0.395863
FIRE:  429 10:15:58     -458.416931        0.184132
FIRE:  430 10:15:59     -458.416962        0.183960
FIRE:  431 10:15:59     -458.417053        0.183616
FIRE:  432 10:16:00     -458.417114        0.183073
FIRE:  433 10:16:00     -458.417175        0.182258
FIRE:  434 10:16:01     -458.417267        0.181076
FIRE:  435 10:16:01     -458.417419        0.179395
FIRE:  436 10:16:01     -458.417603        0.177091
FIRE:  437 10:16:02     -458.417847        0.173711
FIRE:  438 10:16:02     -458.418213        0.169001
FIRE:  439 10:16:03     -458.418732        0.162887
FIRE:  440 10:16:03     -458.419464        0.155575
FIRE:  441 10:16:04     -458.420563        0.147685
FIRE:  442 10:16:04     -458.422241        0.140331
FIRE:  443 10:16:05     -458.424805        0.135511
FIRE:  444 10:16:05     -458.428772        0.154414
FIRE:  445 10:16:06     -458.434937        0.196708
FIRE:  446 10:16:06     -458.444550        0.260111
FIRE:  447 10:16:06     -458.457367        0.659243
FIRE:  448 10:16:07     -458.457397        0.664133
FIRE:  449 10:16:07     -458.457397        0.652743
FIRE:  450 10:16:08     -458.457367        0.653103
FIRE:  451 10:16:08     -458.457245        0.689946
FIRE:  452 10:16:09     -458.330292        1.109198
FIRE:  453 10:16:09     -458.369202        0.697519
FIRE:  454 10:16:10     -458.374573        0.681934
FIRE:  455 10:16:10     -458.376678        0.649567
FIRE:  456 10:16:11     -458.370544        0.601119
FIRE:  457 10:16:11     -458.363068        0.545280
FIRE:  458 10:16:12     -458.360474        0.509110
FIRE:  459 10:16:12     -458.359619        0.479409
FIRE:  460 10:16:12     -458.354431        0.434873
FIRE:  461 10:16:13     -458.347107        0.369748
FIRE:  462 10:16:13     -458.345093        0.298901
FIRE:  463 10:16:14     -458.343445        0.250600
FIRE:  464 10:16:14     -458.340271        0.239997
FIRE:  465 10:16:15     -458.344177        0.130639
FIRE:  466 10:16:15     -458.345123        0.283835
FIRE:  467 10:16:16     -458.346863        0.204593
FIRE:  468 10:16:16     -458.348663        0.122459
FIRE:  469 10:16:17     -458.349121        0.121077
FIRE:  470 10:16:17     -458.349213        0.120392
FIRE:  471 10:16:18     -458.349365        0.119112
FIRE:  472 10:16:18     -458.349579        0.117340
FIRE:  473 10:16:19     -458.349823        0.115259
FIRE:  474 10:16:19     -458.350037        0.113001
FIRE:  475 10:16:20     -458.350311        0.110672
FIRE:  476 10:16:20     -458.350586        0.108289
FIRE:  477 10:16:20     -458.350891        0.105573
FIRE:  478 10:16:21     -458.351318        0.102679
FIRE:  479 10:16:21     -458.351837        0.099792
FIRE:  480 10:16:22     -458.352509        0.096513
FIRE:  481 10:16:22     -458.353302        0.093485
FIRE:  482 10:16:23     -458.354156        0.096146
FIRE:  483 10:16:23     -458.355194        0.099528
FIRE:  484 10:16:24     -458.356445        0.103736
FIRE:  485 10:16:24     -458.357880        0.108968
FIRE:  486 10:16:25     -458.359497        0.115515
FIRE:  487 10:16:25     -458.361359        0.123587
FIRE:  488 10:16:25     -458.363525        0.133453
FIRE:  489 10:16:26     -458.365936        0.145439
FIRE:  490 10:16:26     -458.368774        0.159525
FIRE:  491 10:16:27     -458.372040        0.175418
FIRE:  492 10:16:27     -458.376068        0.192481
FIRE:  493 10:16:28     -458.381226        0.210246
FIRE:  494 10:16:28     -458.388000        0.228819
FIRE:  495 10:16:29     -458.397125        0.248188
FIRE:  496 10:16:29     -458.408936        0.266132
FIRE:  497 10:16:29     -458.420105        0.334575
FIRE:  498 10:16:30     -458.395874        1.036889
FIRE:  499 10:16:30     -458.439209        0.236549
FIRE:  500 10:16:31     -458.440430        0.231731
FIRE:  501 10:16:31     -458.441681        0.223958
FIRE:  502 10:16:32     -458.441895        0.216047
FIRE:  503 10:16:32     -458.441956        0.215776
FIRE:  504 10:16:33     -458.442078        0.215256
FIRE:  505 10:16:33     -458.442230        0.214524
FIRE:  506 10:16:34     -458.442383        0.213631
FIRE:  507 10:16:34     -458.442566        0.212636
FIRE:  508 10:16:34     -458.442719        0.211601
FIRE:  509 10:16:35     -458.442871        0.210579
FIRE:  510 10:16:35     -458.443054        0.209504
FIRE:  511 10:16:36     -458.443329        0.208396
FIRE:  512 10:16:36     -458.443695        0.207231
FIRE:  513 10:16:37     -458.444153        0.205927
FIRE:  514 10:16:37     -458.444641        0.204322
FIRE:  515 10:16:38     -458.445251        0.202205
FIRE:  516 10:16:38     -458.445923        0.199434
FIRE:  517 10:16:39     -458.446777        0.196047
FIRE:  518 10:16:39     -458.447723        0.192248
FIRE:  519 10:16:39     -458.448761        0.188084
FIRE:  520 10:16:40     -458.449890        0.182988
FIRE:  521 10:16:40     -458.451050        0.175767
FIRE:  522 10:16:41     -458.452118        0.165738
FIRE:  523 10:16:41     -458.453003        0.153995
FIRE:  524 10:16:42     -458.453369        0.141855
FIRE:  525 10:16:42     -458.452942        0.136281
FIRE:  526 10:16:43     -458.451355        0.162694
FIRE:  527 10:16:43     -458.448181        0.190814
FIRE:  528 10:16:44     -458.442963        0.220177
FIRE:  529 10:16:44     -458.435455        0.251897
FIRE:  530 10:16:44     -458.425415        0.280260
FIRE:  531 10:16:45     -458.409790        0.299225
FIRE:  532 10:16:45     -458.324585        0.926211
FIRE:  533 10:16:46     -458.384186        0.416291
FIRE:  534 10:16:46     -458.394226        0.303988
FIRE:  535 10:16:47     -458.400940        0.301261
FIRE:  536 10:16:47     -458.396332        0.299760
FIRE:  537 10:16:48     -458.397156        0.299354
FIRE:  538 10:16:48     -458.398529        0.298609
FIRE:  539 10:16:48     -458.399933        0.297637
FIRE:  540 10:16:49     -458.400879        0.296536
FIRE:  541 10:16:49     -458.401093        0.295327
FIRE:  542 10:16:50     -458.400635        0.293980
FIRE:  543 10:16:50     -458.400665        0.293931
FIRE:  544 10:16:51     -458.400696        0.293833
FIRE:  545 10:16:51     -458.400757        0.293689
FIRE:  546 10:16:52     -458.400848        0.293497
FIRE:  547 10:16:52     -458.400940        0.293257
FIRE:  548 10:16:53     -458.401031        0.292971
FIRE:  549 10:16:53     -458.401093        0.292638
FIRE:  550 10:16:54     -458.401154        0.292212
FIRE:  551 10:16:54     -458.401215        0.291672
FIRE:  552 10:16:55     -458.401245        0.290988
FIRE:  553 10:16:55     -458.401245        0.290130
FIRE:  554 10:16:55     -458.401245        0.289058
FIRE:  555 10:16:56     -458.401245        0.287726
FIRE:  556 10:16:56     -458.401306        0.286079
FIRE:  557 10:16:57     -458.401398        0.284050
FIRE:  558 10:16:57     -458.401520        0.281555
FIRE:  559 10:16:58     -458.401672        0.278492
FIRE:  560 10:16:58     -458.401764        0.274736
FIRE:  561 10:16:59     -458.401917        0.270151
FIRE:  562 10:16:59     -458.402161        0.264573
FIRE:  563 10:17:00     -458.402527        0.257814
FIRE:  564 10:17:00     -458.402954        0.249624
FIRE:  565 10:17:00     -458.403503        0.239735
FIRE:  566 10:17:01     -458.404449        0.227933
FIRE:  567 10:17:01     -458.405762        0.214175
FIRE:  568 10:17:02     -458.407806        0.199004
FIRE:  569 10:17:02     -458.411072        0.184557
FIRE:  570 10:17:03     -458.416443        0.177399
FIRE:  571 10:17:03     -458.425446        0.222246
FIRE:  572 10:17:04     -458.440979        0.302525
FIRE:  573 10:17:04     -458.457397        0.727667
FIRE:  574 10:17:05     -458.457397        0.757159
FIRE:  575 10:17:05     -458.457367        0.793936
FIRE:  576 10:17:05     -458.457306        0.868735
FIRE:  577 10:17:06     -458.456604        0.954738
FIRE:  578 10:17:06     -458.448975        0.919206
FIRE:  579 10:17:07     -458.455566        0.789365
FIRE:  580 10:17:07     -458.456665        0.785580
FIRE:  581 10:17:08     -458.457397        0.785025
FIRE:  582 10:17:08     -458.456909        0.785184
FIRE:  583 10:17:09     -458.456329        0.786095
FIRE:  584 10:17:09     -458.456665        0.785563
FIRE:  585 10:17:10     -458.457336        0.779120
FIRE:  586 10:17:10     -458.457214        0.761956
FIRE:  587 10:17:10     -458.456757        0.731149
FIRE:  588 10:17:11     -458.457092        0.690475
FIRE:  589 10:17:11     -458.457306        0.645198
FIRE:  590 10:17:12     -458.456909        0.620195
FIRE:  591 10:17:12     -458.450684        0.833377
FIRE:  592 10:17:13     -458.405487        0.728793
FIRE:  593 10:17:13     -458.358887        0.570957
FIRE:  594 10:17:14     -458.310364        0.460215
FIRE:  595 10:17:14     -458.291565        0.498565
FIRE:  596 10:17:15     -458.307892        0.353092
FIRE:  597 10:17:15     -458.310822        0.311695
FIRE:  598 10:17:15     -458.314148        0.287424
FIRE:  599 10:17:16     -458.317841        0.295179
FIRE:  600 10:17:16     -458.323059        0.294206
FIRE:  601 10:17:17     -458.328461        0.273926
FIRE:  602 10:17:17     -458.333130        0.226638
FIRE:  603 10:17:18     -458.338196        0.177930
FIRE:  604 10:17:18     -458.343353        0.176653
FIRE:  605 10:17:19     -458.347748        0.177349
FIRE:  606 10:17:19     -458.352875        0.184079
FIRE:  607 10:17:20     -458.357422        0.200582
FIRE:  608 10:17:20     -458.363098        0.225772
FIRE:  609 10:17:21     -458.369110        0.243760
FIRE:  610 10:17:21     -458.376068        0.241916
FIRE:  611 10:17:22     -458.384521        0.240361
FIRE:  612 10:17:22     -458.393341        0.253114
FIRE:  613 10:17:22     -458.397675        0.247164
FIRE:  614 10:17:23     -458.397034        0.240770
FIRE:  615 10:17:23     -458.398071        0.240504
FIRE:  616 10:17:24     -458.399414        0.240121
FIRE:  617 10:17:24     -458.400299        0.239810
FIRE:  618 10:17:25     -458.400543        0.239644
FIRE:  619 10:17:25     -458.400635        0.239632
FIRE:  620 10:17:26     -458.400818        0.239612
FIRE:  621 10:17:26     -458.401031        0.239586
FIRE:  622 10:17:27     -458.401276        0.239561
FIRE:  623 10:17:27     -458.401581        0.239536
FIRE:  624 10:17:28     -458.401855        0.239517
FIRE:  625 10:17:28     -458.402130        0.239504
FIRE:  626 10:17:28     -458.402466        0.239492
FIRE:  627 10:17:29     -458.402863        0.239480
FIRE:  628 10:17:29     -458.403412        0.239462
FIRE:  629 10:17:30     -458.404114        0.239427
FIRE:  630 10:17:30     -458.404968        0.239377
FIRE:  631 10:17:31     -458.406036        0.239306
FIRE:  632 10:17:31     -458.407257        0.239209
FIRE:  633 10:17:32     -458.408722        0.239050
FIRE:  634 10:17:32     -458.410522        0.238765
FIRE:  635 10:17:32     -458.412689        0.238251
FIRE:  636 10:17:33     -458.415283        0.237310
FIRE:  637 10:17:33     -458.418274        0.235624
FIRE:  638 10:17:34     -458.421906        0.232808
FIRE:  639 10:17:34     -458.426025        0.228220
FIRE:  640 10:17:35     -458.430817        0.221414
FIRE:  641 10:17:35     -458.436066        0.211784
FIRE:  642 10:17:36     -458.441650        0.198989
FIRE:  643 10:17:36     -458.446991        0.181990
FIRE:  644 10:17:37     -458.451324        0.164752
FIRE:  645 10:17:37     -458.453491        0.149762
FIRE:  646 10:17:37     -458.452087        0.186143
FIRE:  647 10:17:38     -458.444763        0.242561
FIRE:  648 10:17:38     -458.447235        0.237700
FIRE:  649 10:17:39     -458.445435        0.233415
FIRE:  650 10:17:39     -458.446106        0.233179
FIRE:  651 10:17:40     -458.446869        0.232836
FIRE:  652 10:17:40     -458.447052        0.232514
FIRE:  653 10:17:41     -458.446594        0.232210
FIRE:  654 10:17:41     -458.446625        0.232175
FIRE:  655 10:17:42     -458.446716        0.232109
FIRE:  656 10:17:42     -458.446777        0.232015
FIRE:  657 10:17:42     -458.446869        0.231897
FIRE:  658 10:17:43     -458.446899        0.231760
FIRE:  659 10:17:43     -458.446899        0.231607
FIRE:  660 10:17:44     -458.446869        0.231435
FIRE:  661 10:17:44     -458.446777        0.231226
FIRE:  662 10:17:45     -458.446686        0.230969
FIRE:  663 10:17:45     -458.446594        0.230650
FIRE:  664 10:17:46     -458.446533        0.230254
FIRE:  665 10:17:46     -458.446472        0.229764
FIRE:  666 10:17:46     -458.446381        0.229167
FIRE:  667 10:17:47     -458.446198        0.228432
FIRE:  668 10:17:47     -458.445923        0.227514
FIRE:  669 10:17:48     -458.445648        0.226347
FIRE:  670 10:17:48     -458.445312        0.224874
FIRE:  671 10:17:49     -458.444824        0.223039
FIRE:  672 10:17:49     -458.444153        0.220758
FIRE:  673 10:17:50     -458.443359        0.217920
FIRE:  674 10:17:50     -458.442230        0.214421
FIRE:  675 10:17:51     -458.440826        0.210084
FIRE:  676 10:17:51     -458.438904        0.204782
FIRE:  677 10:17:51     -458.436493        0.198340
FIRE:  678 10:17:52     -458.433289        0.190604
FIRE:  679 10:17:52     -458.429382        0.181280
FIRE:  680 10:17:53     -458.424896        0.170244
FIRE:  681 10:17:53     -458.419952        0.157462
FIRE:  682 10:17:54     -458.413666        0.235621
FIRE:  683 10:17:54     -458.417542        0.146626
FIRE:  684 10:17:55     -458.415039        0.204071
FIRE:  685 10:17:55     -458.416229        0.156871
FIRE:  686 10:17:56     -458.417572        0.147082
FIRE:  687 10:17:56     -458.417999        0.146343
FIRE:  688 10:17:57     -458.418030        0.146288
FIRE:  689 10:17:57     -458.418060        0.146175
FIRE:  690 10:17:57     -458.418091        0.146009
FIRE:  691 10:17:58     -458.418121        0.145785
FIRE:  692 10:17:58     -458.418182        0.145507
FIRE:  693 10:17:59     -458.418243        0.145176
FIRE:  694 10:17:59     -458.418304        0.144795
FIRE:  695 10:18:00     -458.418396        0.144312
FIRE:  696 10:18:00     -458.418488        0.143710
FIRE:  697 10:18:01     -458.418610        0.142974
FIRE:  698 10:18:01     -458.418823        0.142077
FIRE:  699 10:18:02     -458.419037        0.141009
FIRE:  700 10:18:02     -458.419312        0.139751
FIRE:  701 10:18:02     -458.419708        0.138316
FIRE:  702 10:18:03     -458.420197        0.136751
FIRE:  703 10:18:03     -458.420837        0.135209
FIRE:  704 10:18:04     -458.421722        0.133978
FIRE:  705 10:18:04     -458.422882        0.133641
FIRE:  706 10:18:05     -458.424500        0.135254
FIRE:  707 10:18:05     -458.426727        0.140583
FIRE:  708 10:18:06     -458.429871        0.152356
FIRE:  709 10:18:06     -458.434357        0.174246
FIRE:  710 10:18:07     -458.440796        0.212262
FIRE:  711 10:18:07     -458.450195        0.266826
FIRE:  712 10:18:08     -458.457397        0.646151
FIRE:  713 10:18:08     -458.457397        0.644411
FIRE:  714 10:18:08     -458.457397        0.652390
FIRE:  715 10:18:09     -458.457397        0.691696
FIRE:  716 10:18:09     -458.457367        0.703172
FIRE:  717 10:18:10     -458.392059        0.813599
FIRE:  718 10:18:10     -458.286987        0.636646
FIRE:  719 10:18:11     -458.153351        1.304845
FIRE:  720 10:18:11     -458.225250        0.875681
FIRE:  721 10:18:12     -458.261200        0.686622
FIRE:  722 10:18:12     -458.282684        0.653741
FIRE:  723 10:18:12     -458.283325        0.649300
FIRE:  724 10:18:13     -458.284576        0.640412
FIRE:  725 10:18:13     -458.286346        0.627076
FIRE:  726 10:18:14     -458.288605        0.609358
FIRE:  727 10:18:14     -458.291229        0.587303
FIRE:  728 10:18:15     -458.294220        0.561136
FIRE:  729 10:18:15     -458.297607        0.531162
FIRE:  730 10:18:16     -458.301636        0.494108
FIRE:  731 10:18:16     -458.306427        0.449060
FIRE:  732 10:18:17     -458.311890        0.395440
FIRE:  733 10:18:17     -458.317871        0.333465
FIRE:  734 10:18:18     -458.324158        0.265302
FIRE:  735 10:18:18     -458.330627        0.196419
FIRE:  736 10:18:19     -458.336792        0.163303
FIRE:  737 10:18:19     -458.342163        0.150700
FIRE:  738 10:18:19     -458.346527        0.149479
FIRE:  739 10:18:20     -458.349548        0.157319
FIRE:  740 10:18:20     -458.351166        0.157956
FIRE:  741 10:18:21     -458.351685        0.172025
FIRE:  742 10:18:21     -458.351562        0.180037
FIRE:  743 10:18:22     -458.351471        0.182956
FIRE:  744 10:18:22     -458.352112        0.183831
FIRE:  745 10:18:23     -458.353485        0.184047
FIRE:  746 10:18:23     -458.355377        0.180918
FIRE:  747 10:18:24     -458.357025        0.169143
FIRE:  748 10:18:24     -458.355957        0.276832
FIRE:  749 10:18:24     -458.360901        0.147777
FIRE:  750 10:18:25     -458.358948        0.226204
FIRE:  751 10:18:25     -458.360565        0.172681
FIRE:  752 10:18:26     -458.362427        0.146475
FIRE:  753 10:18:26     -458.363068        0.146379
FIRE:  754 10:18:27     -458.363098        0.146378
FIRE:  755 10:18:27     -458.363190        0.146377
FIRE:  756 10:18:28     -458.363312        0.146378
FIRE:  757 10:18:28     -458.363464        0.146379
FIRE:  758 10:18:29     -458.363617        0.146387
FIRE:  759 10:18:29     -458.363800        0.146394
FIRE:  760 10:18:29     -458.364014        0.146407
FIRE:  761 10:18:30     -458.364258        0.146421
FIRE:  762 10:18:30     -458.364563        0.146441
FIRE:  763 10:18:31     -458.364929        0.146463
FIRE:  764 10:18:31     -458.365387        0.146489
FIRE:  765 10:18:32     -458.365936        0.146526
FIRE:  766 10:18:32     -458.366577        0.146580
FIRE:  767 10:18:33     -458.367310        0.146663
FIRE:  768 10:18:33     -458.368134        0.146782
FIRE:  769 10:18:34     -458.369110        0.146946
FIRE:  770 10:18:34     -458.370209        0.147160
FIRE:  771 10:18:35     -458.371460        0.147429
FIRE:  772 10:18:35     -458.372864        0.147745
FIRE:  773 10:18:35     -458.374512        0.148113
FIRE:  774 10:18:36     -458.376434        0.148557
FIRE:  775 10:18:36     -458.378754        0.149113
FIRE:  776 10:18:37     -458.381653        0.149846
FIRE:  777 10:18:37     -458.385254        0.150956
FIRE:  778 10:18:38     -458.389832        0.152883
FIRE:  779 10:18:38     -458.395569        0.155562
FIRE:  780 10:18:39     -458.402679        0.158142
FIRE:  781 10:18:39     -458.411041        0.158622
FIRE:  782 10:18:39     -458.419220        0.152659
FIRE:  783 10:18:40     -458.418945        0.337784
FIRE:  784 10:18:40     -458.425537        0.139500
FIRE:  785 10:18:41     -458.425781        0.134406
FIRE:  786 10:18:41     -458.426025        0.125237
FIRE:  787 10:18:42     -458.426056        0.118733
FIRE:  788 10:18:42     -458.425995        0.122482
FIRE:  789 10:18:43     -458.426056        0.128591
FIRE:  790 10:18:43     -458.426239        0.134624
FIRE:  791 10:18:44     -458.426422        0.137998
FIRE:  792 10:18:44     -458.426422        0.136475
FIRE:  793 10:18:44     -458.426453        0.130265
FIRE:  794 10:18:45     -458.426666        0.122149
FIRE:  795 10:18:45     -458.426697        0.118936
FIRE:  796 10:18:46     -458.426636        0.129104
FIRE:  797 10:18:46     -458.426697        0.131448
FIRE:  798 10:18:47     -458.426422        0.124870
FIRE:  799 10:18:47     -458.426208        0.121475
FIRE:  800 10:18:48     -458.425568        0.126687
FIRE:  801 10:18:48     -458.424713        0.139491
FIRE:  802 10:18:49     -458.423584        0.155485
FIRE:  803 10:18:49     -458.421997        0.155512
FIRE:  804 10:18:49     -458.419434        0.155194
FIRE:  805 10:18:50     -458.411255        0.321396
FIRE:  806 10:18:50     -458.417908        0.160669
FIRE:  807 10:18:51     -458.417969        0.160443
FIRE:  808 10:18:51     -458.417999        0.160006
FIRE:  809 10:18:52     -458.417999        0.159366
FIRE:  810 10:18:52     -458.417969        0.158539
FIRE:  811 10:18:53     -458.417969        0.157544
FIRE:  812 10:18:53     -458.418030        0.156392
FIRE:  813 10:18:54     -458.418060        0.155086
FIRE:  814 10:18:54     -458.418060        0.153447
FIRE:  815 10:18:54     -458.418091        0.151380
FIRE:  816 10:18:55     -458.418182        0.148779
FIRE:  817 10:18:55     -458.418304        0.145481
FIRE:  818 10:18:56     -458.418457        0.141279
FIRE:  819 10:18:56     -458.418762        0.135961
FIRE:  820 10:18:57     -458.419159        0.129121
FIRE:  821 10:18:57     -458.419922        0.120428
FIRE:  822 10:18:58     -458.421051        0.109159
FIRE:  823 10:18:58     -458.422943        0.094555
FIRE:  824 10:18:59     -458.425934        0.112023
FIRE:  825 10:18:59     -458.430603        0.164812
FIRE:  826 10:18:59     -458.437531        0.236678
FIRE:  827 10:19:00     -458.446411        0.331349
FIRE:  828 10:19:00     -458.445190        0.518751
FIRE:  829 10:19:01     -458.457153        0.708887
FIRE:  830 10:19:01     -458.457275        0.708069
FIRE:  831 10:19:02     -458.457367        0.706279
FIRE:  832 10:19:02     -458.457367        0.703244
FIRE:  833 10:19:03     -458.457275        0.698619
FIRE:  834 10:19:03     -458.457275        0.691991
FIRE:  835 10:19:04     -458.455322        0.428381
FIRE:  836 10:19:04     -458.453094        0.419688
FIRE:  837 10:19:04     -458.450195        0.409164
FIRE:  838 10:19:05     -458.447052        0.396230
FIRE:  839 10:19:05     -458.443329        0.380255
FIRE:  840 10:19:06     -458.438141        0.359979
FIRE:  841 10:19:06     -458.431946        0.334193
FIRE:  842 10:19:07     -458.423767        0.300585
FIRE:  843 10:19:07     -458.414124        0.257496
FIRE:  844 10:19:08     -458.402496        0.229142
FIRE:  845 10:19:08     -458.391418        0.208708
FIRE:  846 10:19:09     -458.382996        0.173727
FIRE:  847 10:19:09     -458.380249        0.137589
FIRE:  848 10:19:10     -458.383606        0.208579
FIRE:  849 10:19:10     -458.385529        0.208078
FIRE:  850 10:19:10     -458.386078        0.208803
FIRE:  851 10:19:11     -458.386414        0.208962
FIRE:  852 10:19:11     -458.386932        0.209305
FIRE:  853 10:19:12     -458.387451        0.209882
FIRE:  854 10:19:12     -458.387909        0.210729
FIRE:  855 10:19:13     -458.388428        0.211803
FIRE:  856 10:19:13     -458.389099        0.213040
FIRE:  857 10:19:14     -458.390045        0.214405
FIRE:  858 10:19:14     -458.391235        0.216069
FIRE:  859 10:19:15     -458.392578        0.218144
FIRE:  860 10:19:15     -458.394073        0.220693
FIRE:  861 10:19:15     -458.396088        0.223668
FIRE:  862 10:19:16     -458.398682        0.227069
FIRE:  863 10:19:16     -458.401672        0.230959
FIRE:  864 10:19:17     -458.405334        0.235131
FIRE:  865 10:19:17     -458.409973        0.239205
FIRE:  866 10:19:18     -458.415375        0.242526
FIRE:  867 10:19:18     -458.422058        0.244039
FIRE:  868 10:19:19     -458.429657        0.241253
FIRE:  869 10:19:19     -458.438263        0.232451
FIRE:  870 10:19:20     -458.447235        0.215119
FIRE:  871 10:19:20     -458.455200        0.184482
FIRE:  872 10:19:21     -458.457306        0.544508
FIRE:  873 10:19:21     -458.457397        0.527345
FIRE:  874 10:19:21     -458.457336        0.501214
FIRE:  875 10:19:22     -458.457336        0.514627
FIRE:  876 10:19:22     -458.457397        0.533696
FIRE:  877 10:19:23     -458.457336        0.532611
FIRE:  878 10:19:23     -458.457367        0.511834
FIRE:  879 10:19:24     -458.457367        0.483848
FIRE:  880 10:19:24     -458.457336        0.490366
FIRE:  881 10:19:25     -458.457367        0.478002
FIRE:  882 10:19:25     -458.457367        0.488974
FIRE:  883 10:19:26     -458.457336        0.522121
FIRE:  884 10:19:26     -458.457336        0.513792
FIRE:  885 10:19:27     -458.457245        0.471378
FIRE:  886 10:19:27     -458.456299        0.456711
FIRE:  887 10:19:27     -458.446991        0.535462
FIRE:  888 10:19:28     -458.393097        1.270392
FIRE:  889 10:19:28     -458.456360        0.397961
FIRE:  890 10:19:29     -458.456848        0.398046
FIRE:  891 10:19:29     -458.457336        0.398079
FIRE:  892 10:19:30     -458.457306        0.397871
FIRE:  893 10:19:30     -458.456940        0.397333
FIRE:  894 10:19:31     -458.456848        0.396461
FIRE:  895 10:19:31     -458.457123        0.395183
FIRE:  896 10:19:31     -458.457367        0.393306
FIRE:  897 10:19:32     -458.457275        0.390289
FIRE:  898 10:19:32     -458.457031        0.385996
FIRE:  899 10:19:33     -458.457245        0.380501
FIRE:  900 10:19:33     -458.457336        0.373716
FIRE:  901 10:19:34     -458.457123        0.365805
FIRE:  902 10:19:34     -458.457367        0.357348
FIRE:  903 10:19:35     -458.457153        0.348382
FIRE:  904 10:19:35     -458.457367        0.338709
FIRE:  905 10:19:36     -458.457062        0.334227
FIRE:  906 10:19:36     -458.457214        0.334232
FIRE:  907 10:19:36     -458.457367        0.331123
FIRE:  908 10:19:37     -458.457367        0.320409
FIRE:  909 10:19:37     -458.457153        0.300861
FIRE:  910 10:19:38     -458.453857        0.445669
FIRE:  911 10:19:38     -458.379883        1.484362
FIRE:  912 10:19:39     -458.455414        0.279964
FIRE:  913 10:19:39     -458.456451        0.252785
FIRE:  914 10:19:40     -458.457336        0.254411
FIRE:  915 10:19:40     -458.457092        0.256147
FIRE:  916 10:19:41     -458.457153        0.256213
FIRE:  917 10:19:41     -458.457214        0.256329
FIRE:  918 10:19:42     -458.457306        0.256495
FIRE:  919 10:19:42     -458.457367        0.256693
FIRE:  920 10:19:42     -458.457397        0.256905
FIRE:  921 10:19:43     -458.457397        0.257122
FIRE:  922 10:19:43     -458.457336        0.257329
FIRE:  923 10:19:44     -458.457306        0.257542
FIRE:  924 10:19:44     -458.457306        0.257744
FIRE:  925 10:19:45     -458.457336        0.257903
FIRE:  926 10:19:45     -458.457367        0.257970
FIRE:  927 10:19:46     -458.457397        0.257848
FIRE:  928 10:19:46     -458.457367        0.257463
FIRE:  929 10:19:47     -458.457336        0.256767
FIRE:  930 10:19:47     -458.457367        0.255769
FIRE:  931 10:19:47     -458.457397        0.254470
FIRE:  932 10:19:48     -458.457367        0.252943
FIRE:  933 10:19:48     -458.457367        0.251395
FIRE:  934 10:19:49     -458.457397        0.249928
FIRE:  935 10:19:49     -458.457367        0.248447
FIRE:  936 10:19:50     -458.457397        0.246542
FIRE:  937 10:19:50     -458.457367        0.243469
FIRE:  938 10:19:51     -458.457336        0.238760
FIRE:  939 10:19:51     -458.457367        0.232759
FIRE:  940 10:19:52     -458.457367        0.226219
FIRE:  941 10:19:52     -458.457336        0.218412
FIRE:  942 10:19:52     -458.456909        0.206543
FIRE:  943 10:19:53     -458.448059        0.442747
FIRE:  944 10:19:53     -458.457367        0.190572
FIRE:  945 10:19:54     -458.457397        0.191014
FIRE:  946 10:19:54     -458.457397        0.191851
FIRE:  947 10:19:55     -458.457397        0.192973
FIRE:  948 10:19:55     -458.457397        0.194219
FIRE:  949 10:19:56     -458.457367        0.195382
FIRE:  950 10:19:56     -458.457397        0.196238
FIRE:  951 10:19:57     -458.457397        0.196593
FIRE:  952 10:19:57     -458.457397        0.196244
FIRE:  953 10:19:58     -458.457367        0.194969
FIRE:  954 10:19:58     -458.457397        0.192739
FIRE:  955 10:19:58     -458.457397        0.189819
FIRE:  956 10:19:59     -458.457397        0.186825
FIRE:  957 10:19:59     -458.457397        0.184529
FIRE:  958 10:20:00     -458.457397        0.183352
FIRE:  959 10:20:00     -458.457397        0.182630
FIRE:  960 10:20:01     -458.457184        0.215840
FIRE:  961 10:20:01     -458.456970        0.218457
FIRE:  962 10:20:02     -458.456787        0.219455
FIRE:  963 10:20:02     -458.456665        0.232399
FIRE:  964 10:20:02     -458.456573        0.253874
FIRE:  965 10:20:03     -458.456451        0.275213
FIRE:  966 10:20:03     -458.454712        0.292953
FIRE:  967 10:20:04     -458.420258        0.872237
FIRE:  968 10:20:04     -458.451843        0.290863
FIRE:  969 10:20:05     -458.454468        0.283173
FIRE:  970 10:20:05     -458.456390        0.278713
FIRE:  971 10:20:06     -458.455444        0.275681
FIRE:  972 10:20:06     -458.455627        0.275680
FIRE:  973 10:20:07     -458.455872        0.275679
FIRE:  974 10:20:07     -458.456177        0.275697
FIRE:  975 10:20:07     -458.456390        0.275759
FIRE:  976 10:20:08     -458.456451        0.275893
FIRE:  977 10:20:08     -458.456390        0.276128
FIRE:  978 10:20:09     -458.456268        0.276471
FIRE:  979 10:20:09     -458.456146        0.276954
FIRE:  980 10:20:10     -458.456146        0.277514
FIRE:  981 10:20:10     -458.456299        0.277984
FIRE:  982 10:20:11     -458.456421        0.277991
FIRE:  983 10:20:11     -458.456421        0.276946
FIRE:  984 10:20:12     -458.456299        0.274223
FIRE:  985 10:20:12     -458.456268        0.269454
FIRE:  986 10:20:12     -458.456421        0.262646
FIRE:  987 10:20:13     -458.456390        0.254280
FIRE:  988 10:20:13     -458.456329        0.245485
FIRE:  989 10:20:14     -458.456451        0.237025
FIRE:  990 10:20:14     -458.456360        0.228122
FIRE:  991 10:20:15     -458.456421        0.217922
FIRE:  992 10:20:15     -458.456329        0.207061
FIRE:  993 10:20:16     -458.456451        0.196632
FIRE:  994 10:20:16     -458.456360        0.188895
FIRE:  995 10:20:17     -458.456146        0.193687
FIRE:  996 10:20:17     -458.455750        0.217526
FIRE:  997 10:20:18     -458.453949        0.266765
FIRE:  998 10:20:18     -458.443329        0.455990
FIRE:  999 10:20:19     -458.456512        0.355815
FIRE:  1000 10:20:19     -458.446014        0.410973
FIRE:  1001 10:20:19     -458.450562        0.374688
FIRE:  1002 10:20:20     -458.455444        0.376341
FIRE:  1003 10:20:20     -458.456177        0.378014
FIRE:  1004 10:20:21     -458.456207        0.378136
FIRE:  1005 10:20:21     -458.456299        0.378385
FIRE:  1006 10:20:22     -458.456390        0.378756
FIRE:  1007 10:20:22     -458.456451        0.379242
FIRE:  1008 10:20:23     -458.456512        0.379833
FIRE:  1009 10:20:23     -458.456512        0.380541
FIRE:  1010 10:20:23     -458.456512        0.381341
FIRE:  1011 10:20:24     -458.456482        0.382329
FIRE:  1012 10:20:24     -458.456451        0.383523
FIRE:  1013 10:20:25     -458.456421        0.384925
FIRE:  1014 10:20:25     -458.456451        0.386515
FIRE:  1015 10:20:26     -458.456512        0.388231
FIRE:  1016 10:20:26     -458.456543        0.389927
FIRE:  1017 10:20:27     -458.456482        0.391300
FIRE:  1018 10:20:27     -458.456482        0.391806
FIRE:  1019 10:20:28     -458.456512        0.390539
FIRE:  1020 10:20:28     -458.456512        0.385967
FIRE:  1021 10:20:28     -458.456482        0.375653
FIRE:  1022 10:20:29     -458.456512        0.355758
FIRE:  1023 10:20:29     -458.456543        0.321084
FIRE:  1024 10:20:30     -458.456512        0.266313
FIRE:  1025 10:20:30     -458.456543        0.199664
FIRE:  1026 10:20:31     -458.456543        0.270384
FIRE:  1027 10:20:31     -458.456512        0.420750
FIRE:  1028 10:20:32     -458.456543        0.405494
FIRE:  1029 10:20:32     -458.456573        0.377856
FIRE:  1030 10:20:33     -458.456543        0.342569
FIRE:  1031 10:20:33     -458.456543        0.304148
FIRE:  1032 10:20:33     -458.456543        0.264482
FIRE:  1033 10:20:34     -458.456543        0.222541
FIRE:  1034 10:20:34     -458.456543        0.177578
FIRE:  1035 10:20:35     -458.456543        0.135515
FIRE:  1036 10:20:35     -458.456573        0.134577
FIRE:  1037 10:20:36     -458.456543        0.133713
FIRE:  1038 10:20:36     -458.456543        0.149314
FIRE:  1039 10:20:37     -458.456573        0.180203
FIRE:  1040 10:20:37     -458.456573        0.193135
FIRE:  1041 10:20:37     -458.456573        0.177721
FIRE:  1042 10:20:38     -458.456573        0.148091
FIRE:  1043 10:20:38     -458.456604        0.120433
FIRE:  1044 10:20:39     -458.456604        0.116498
FIRE:  1045 10:20:39     -458.456573        0.133238
FIRE:  1046 10:20:40     -458.455902        0.153310
FIRE:  1047 10:20:40     -458.447327        0.466145
FIRE:  1048 10:20:41     -458.456451        0.118308
FIRE:  1049 10:20:41     -458.456543        0.116597
FIRE:  1050 10:20:42     -458.456665        0.113210
FIRE:  1051 10:20:42     -458.456635        0.108154
FIRE:  1052 10:20:42     -458.456573        0.101668
FIRE:  1053 10:20:43     -458.456543        0.098975
FIRE:  1054 10:20:43     -458.456604        0.098865
FIRE:  1055 10:20:44     -458.456665        0.098586
FIRE:  1056 10:20:44     -458.456635        0.098287
FIRE:  1057 10:20:45     -458.456604        0.097792
FIRE:  1058 10:20:45     -458.456665        0.096948
FIRE:  1059 10:20:46     -458.456665        0.096093
FIRE:  1060 10:20:46     -458.456635        0.095295
FIRE:  1061 10:20:46     -458.456696        0.094240
FIRE:  1062 10:20:47     -458.456635        0.093475
FIRE:  1063 10:20:47     -458.456696        0.092239
FIRE:  1064 10:20:48     -458.456665        0.090618
FIRE:  1065 10:20:48     -458.456635        0.088254
FIRE:  1066 10:20:49     -458.456635        0.085556
FIRE:  1067 10:20:49     -458.456543        0.082969
FIRE:  1068 10:20:50     -458.455750        0.140382
FIRE:  1069 10:20:50     -458.450073        0.357781
FIRE:  1070 10:20:51     -458.456757        0.074535
FIRE:  1071 10:20:51     -458.456757        0.074576
FIRE:  1072 10:20:52     -458.456787        0.074620
FIRE:  1073 10:20:52     -458.456787        0.074709
FIRE:  1074 10:20:52     -458.456787        0.074782
FIRE:  1075 10:20:53     -458.456787        0.074773
FIRE:  1076 10:20:53     -458.456787        0.074846
FIRE:  1077 10:20:54     -458.456787        0.074718
FIRE:  1078 10:20:54     -458.456787        0.074598
FIRE:  1079 10:20:55     -458.456787        0.074260
FIRE:  1080 10:20:55     -458.456787        0.073776
FIRE:  1081 10:20:56     -458.456787        0.073163
FIRE:  1082 10:20:56     -458.456787        0.072482
FIRE:  1083 10:20:57     -458.456818        0.071685
FIRE:  1084 10:20:57     -458.456818        0.071058
FIRE:  1085 10:20:57     -458.456818        0.070375
FIRE:  1086 10:20:58     -458.456818        0.069345
FIRE:  1087 10:20:58     -458.456848        0.067633
FIRE:  1088 10:20:59     -458.456848        0.065626
FIRE:  1089 10:20:59     -458.456879        0.063530
FIRE:  1090 10:21:00     -458.456879        0.061386
FIRE:  1091 10:21:00     -458.456543        0.080103
FIRE:  1092 10:21:01     -458.452423        0.272383
FIRE:  1093 10:21:01     -458.456879        0.054726
FIRE:  1094 10:21:02     -458.456940        0.054728
FIRE:  1095 10:21:02     -458.456970        0.054554
FIRE:  1096 10:21:02     -458.456970        0.054246
FIRE:  1097 10:21:03     -458.456940        0.054330
FIRE:  1098 10:21:03     -458.456940        0.054373
FIRE:  1099 10:21:04     -458.456970        0.054432
FIRE:  1100 10:21:04     -458.457001        0.054387
FIRE:  1101 10:21:05     -458.457001        0.054224
FIRE:  1102 10:21:05     -458.456970        0.053958
FIRE:  1103 10:21:06     -458.457001        0.053442
FIRE:  1104 10:21:06     -458.457001        0.052983
FIRE:  1105 10:21:07     -458.457001        0.052701
FIRE:  1106 10:21:07     -458.457031        0.052293
FIRE:  1107 10:21:07     -458.457001        0.051557
FIRE:  1108 10:21:08     -458.457031        0.051197
FIRE:  1109 10:21:08     -458.457031        0.050420
FIRE:  1110 10:21:09     -458.457062        0.049155
