      Step     Time          Energy          fmax
BFGS:    0 03:05:08     -437.276794        2.176604
BFGS:    1 03:05:08     -437.797516        1.119375
BFGS:    2 03:05:09     -438.030090        0.912923
BFGS:    3 03:05:10     -438.170410        0.615597
BFGS:    4 03:05:10     -438.230408        0.570256
BFGS:    5 03:05:11     -438.287048        0.446852
BFGS:    6 03:05:14     -438.334351        0.452332
BFGS:    7 03:05:15     -438.378082        0.552623
BFGS:    8 03:05:15     -438.403748        0.526046
BFGS:    9 03:05:16     -438.425446        0.515167
BFGS:   10 03:05:21     -438.450989        0.452784
BFGS:   11 03:05:23     -438.478394        0.445382
BFGS:   12 03:05:25     -438.508392        0.549080
BFGS:   13 03:05:27     -438.533600        0.455258
BFGS:   14 03:05:32     -438.559753        0.506599
BFGS:   15 03:05:38     -438.580811        0.555810
BFGS:   16 03:05:39     -438.588684        0.562186
BFGS:   17 03:05:40     -438.604309        0.526991
BFGS:   18 03:05:44     -438.616882        0.369561
BFGS:   19 03:05:46     -438.632690        0.293254
BFGS:   20 03:05:47     -438.651184        0.212927
BFGS:   21 03:05:47     -438.661743        0.202357
BFGS:   22 03:05:48     -438.667786        0.161239
      Step     Time          Energy          fmax
BFGS:    0 10:26:26     -459.422119        1.907016
BFGS:    1 10:26:27     -459.430664        1.460604
BFGS:    2 10:26:27     -459.430328        0.919004
BFGS:    3 10:26:28     -459.437286        0.996266
BFGS:    4 10:26:29     -459.441223        1.552537
BFGS:    5 10:26:30     -459.445404        0.975312
BFGS:    6 10:26:30     -459.458679        0.592379
BFGS:    7 10:26:31     -459.464294        0.619008
BFGS:    8 10:26:32     -459.467041        0.376111
BFGS:    9 10:26:32     -459.476715        0.565845
BFGS:   10 10:26:33     -459.478577        0.494712
BFGS:   11 10:26:34     -459.480133        0.358762
BFGS:   12 10:26:35     -459.485687        0.280659
BFGS:   13 10:26:36     -459.490326        0.363363
BFGS:   14 10:26:36     -459.497650        0.359313
BFGS:   15 10:26:37     -459.503174        0.257256
BFGS:   16 10:26:38     -459.508453        0.244606
BFGS:   17 10:26:38     -459.512878        0.265118
BFGS:   18 10:26:39     -459.517120        0.268522
BFGS:   19 10:26:40     -459.519928        0.278468
BFGS:   20 10:26:40     -459.521057        0.344339
BFGS:   21 10:26:41     -459.521698        0.362795
BFGS:   22 10:26:42     -459.522125        0.364840
BFGS:   23 10:26:43     -459.522491        0.360367
BFGS:   24 10:26:44     -459.521973        0.395919
BFGS:   25 10:26:44     -459.519348        0.359545
BFGS:   26 10:26:45     -459.511963        0.521928
BFGS:   27 10:26:46     -459.473999        0.511247
BFGS:   28 10:26:46     -459.472321        0.951454
BFGS:   29 10:26:47     -459.513672        0.896292
BFGS:   30 10:26:48     -459.493073        0.404303
BFGS:   31 10:26:49     -459.372681        1.950233
BFGS:   32 10:26:49     -459.446716        0.838123
BFGS:   33 10:26:50     -459.457611        0.302998
BFGS:   34 10:26:51     -459.454468        0.433020
BFGS:   35 10:26:51     -459.454407        0.310030
BFGS:   36 10:26:52     -459.443237        1.325234
BFGS:   37 10:26:53     -459.406799        2.746555
BFGS:   38 10:26:54     -459.478577        2.906855
BFGS:   39 10:26:54     -459.541718        3.471617
BFGS:   40 10:26:55     -459.537231        3.939284
BFGS:   41 10:26:56     -459.415222        4.298820
BFGS:   42 10:26:57     -459.238190        4.381308
BFGS:   43 10:26:57     -458.949249        4.668438
BFGS:   44 10:26:58     -458.476776        5.238755
BFGS:   45 10:26:59     -457.908844        4.893750
BFGS:   46 10:26:59     -457.587830        4.280594
BFGS:   47 10:27:00     -457.737030        4.414867
BFGS:   48 10:27:01     -458.417450        4.360078
BFGS:   49 10:27:01     -458.939240        3.833656
BFGS:   50 10:27:02     -458.175293        4.242386
BFGS:   51 10:27:03     -457.747162        4.092980
BFGS:   52 10:27:03     -457.689545        3.505756
BFGS:   53 10:27:04     -457.768646        2.748510
BFGS:   54 10:27:05     -457.898315        1.823320
BFGS:   55 10:27:06     -457.977478        1.945046
BFGS:   56 10:27:06     -458.025330        2.135780
BFGS:   57 10:27:07     -458.040558        2.292218
BFGS:   58 10:27:08     -458.032745        2.482981
BFGS:   59 10:27:08     -458.045715        2.762956
BFGS:   60 10:27:09     -458.100403        3.119022
BFGS:   61 10:27:10     -458.211090        3.476854
BFGS:   62 10:27:11     -458.384308        3.718504
BFGS:   63 10:27:11     -458.578613        3.737640
BFGS:   64 10:27:12     -458.777313        3.369593
BFGS:   65 10:27:13     -458.857361        2.892154
BFGS:   66 10:27:13     -458.942291        3.073150
BFGS:   67 10:27:14     -459.029999        2.511491
BFGS:   68 10:27:15     -459.037842        2.334854
BFGS:   69 10:27:16     -459.041870        2.687628
BFGS:   70 10:27:16     -459.075195        2.933294
BFGS:   71 10:27:17     -459.176147        3.392175
BFGS:   72 10:27:18     -458.889801        4.605021
BFGS:   73 10:27:18     -459.204773        4.057771
BFGS:   74 10:27:19     -459.503571        3.053004
BFGS:   75 10:27:20     -459.554718        2.004387
BFGS:   76 10:27:21     -459.552063        2.060923
BFGS:   77 10:27:22     -459.504639        1.492964
BFGS:   78 10:27:22     -459.571289        1.245139
BFGS:   79 10:27:23     -459.565338        2.451135
BFGS:   80 10:27:24     -459.573853        2.166309
BFGS:   81 10:27:24     -459.574432        1.497263
BFGS:   82 10:27:25     -459.570190        1.223722
BFGS:   83 10:27:26     -459.571899        1.121582
BFGS:   84 10:27:26     -459.576630        1.048539
BFGS:   85 10:27:27     -459.578186        1.015454
BFGS:   86 10:27:28     -459.577759        0.849884
BFGS:   87 10:27:29     -459.578369        0.713300
BFGS:   88 10:27:30     -459.580078        0.630014
BFGS:   89 10:27:30     -459.582245        0.625813
BFGS:   90 10:27:31     -459.584930        0.559288
BFGS:   91 10:27:32     -459.587128        0.586933
BFGS:   92 10:27:33     -459.587189        0.438844
BFGS:   93 10:27:34     -459.586365        0.421105
BFGS:   94 10:27:34     -459.587006        0.504347
BFGS:   95 10:27:35     -459.588989        0.533670
BFGS:   96 10:27:35     -459.590851        0.532580
BFGS:   97 10:27:36     -459.592651        0.450230
BFGS:   98 10:27:37     -459.594604        0.478354
BFGS:   99 10:27:38     -459.596649        0.425503
BFGS:  100 10:27:38     -459.598663        0.288600
BFGS:  101 10:27:39     -459.600555        0.233246
BFGS:  102 10:27:40     -459.602448        0.266308
BFGS:  103 10:27:40     -459.604401        0.315219
BFGS:  104 10:27:41     -459.606506        0.356675
BFGS:  105 10:27:42     -459.608887        0.387547
BFGS:  106 10:27:42     -459.612122        0.453241
BFGS:  107 10:27:43     -459.616730        0.477122
BFGS:  108 10:27:44     -459.622620        0.405052
BFGS:  109 10:27:45     -459.629395        0.365639
BFGS:  110 10:27:45     -459.632385        0.369566
BFGS:  111 10:27:46     -459.631622        0.333598
BFGS:  112 10:27:47     -459.627441        0.337286
BFGS:  113 10:27:47     -459.599884        1.116042
BFGS:  114 10:27:48     -459.624054        0.515776
BFGS:  115 10:27:49     -459.628632        0.370092
BFGS:  116 10:27:49     -459.629211        0.342242
BFGS:  117 10:27:50     -459.629425        0.425279
BFGS:  118 10:27:51     -459.629700        0.449471
BFGS:  119 10:27:51     -459.627594        0.455768
BFGS:  120 10:27:52     -459.625732        0.424596
BFGS:  121 10:27:53     -459.619995        0.465023
BFGS:  122 10:27:53     -459.618927        0.444852
BFGS:  123 10:27:54     -459.609283        0.350383
BFGS:  124 10:27:55     -459.613068        0.417745
BFGS:  125 10:27:56     -459.616089        0.221734
BFGS:  126 10:27:56     -459.616913        0.216580
BFGS:  127 10:27:57     -459.618378        0.252975
BFGS:  128 10:27:58     -459.618530        0.259000
BFGS:  129 10:27:58     -459.618896        0.219318
BFGS:  130 10:27:59     -459.618896        0.228139
BFGS:  131 10:28:00     -459.619354        0.198878
BFGS:  132 10:28:00     -459.620544        0.152444
BFGS:  133 10:28:01     -459.621368        0.150733
BFGS:  134 10:28:02     -459.623413        0.235263
BFGS:  135 10:28:02     -459.612457        1.317465
BFGS:  136 10:28:03     -459.395966        1.249401
BFGS:  137 10:28:04     -459.535187        1.437449
BFGS:  138 10:28:04     -459.524414        0.952607
BFGS:  139 10:28:05     -459.509308        0.965111
BFGS:  140 10:28:06     -459.379944        1.456855
BFGS:  141 10:28:07     -459.401001        0.852816
BFGS:  142 10:28:07     -459.408203        1.071612
BFGS:  143 10:28:08     -459.430481        0.366378
BFGS:  144 10:28:09     -459.404755        1.125181
BFGS:  145 10:28:09     -459.421082        0.516741
BFGS:  146 10:28:10     -459.425995        0.415859
BFGS:  147 10:28:11     -459.431885        0.372929
BFGS:  148 10:28:11     -459.436829        0.383133
BFGS:  149 10:28:12     -459.446838        0.453423
BFGS:  150 10:28:13     -459.455200        0.478123
BFGS:  151 10:28:13     -459.458862        0.498673
BFGS:  152 10:28:14     -459.459137        0.248134
BFGS:  153 10:28:15     -459.458740        0.335328
BFGS:  154 10:28:16     -459.465027        0.362736
BFGS:  155 10:28:17     -459.480896        0.591247
BFGS:  156 10:28:18     -459.493835        0.570383
BFGS:  157 10:28:18     -459.476624        0.619989
BFGS:  158 10:28:19     -459.440552        0.626523
BFGS:  159 10:28:21     -459.468384        0.352032
BFGS:  160 10:28:22     -459.479431        0.330911
BFGS:  161 10:28:22     -459.454132        0.885312
BFGS:  162 10:28:23     -459.436127        0.836968
BFGS:  163 10:28:24     -459.361572        0.901077
BFGS:  164 10:28:25     -459.237610        1.544301
BFGS:  165 10:28:25     -459.098724        1.868507
BFGS:  166 10:28:26     -459.219543        1.259121
BFGS:  167 10:28:27     -459.367737        1.344206
BFGS:  168 10:28:28     -459.424866        1.909031
BFGS:  169 10:28:28     -459.466766        0.973840
BFGS:  170 10:28:29     -459.469086        1.024132
BFGS:  171 10:28:30     -459.511230        0.950650
BFGS:  172 10:28:31     -459.519958        0.459389
BFGS:  173 10:28:31     -459.504669        0.823368
BFGS:  174 10:28:32     -459.512695        0.854591
BFGS:  175 10:28:33     -459.521912        0.823493
BFGS:  176 10:28:33     -459.525635        0.727341
BFGS:  177 10:28:34     -459.528534        0.728469
BFGS:  178 10:28:34     -459.535187        0.588328
BFGS:  179 10:28:35     -459.545746        0.498347
BFGS:  180 10:28:36     -459.545044        0.539820
BFGS:  181 10:28:37     -459.514404        1.120593
BFGS:  182 10:28:37     -459.539581        0.756025
BFGS:  183 10:28:38     -459.566620        0.510636
BFGS:  184 10:28:39     -459.571167        0.521709
BFGS:  185 10:28:39     -459.573242        0.726072
BFGS:  186 10:28:40     -459.569702        0.601280
BFGS:  187 10:28:41     -459.589294        0.420536
BFGS:  188 10:28:42     -459.595673        0.416825
BFGS:  189 10:28:42     -459.606995        0.324388
BFGS:  190 10:28:43     -459.610626        0.240466
BFGS:  191 10:28:43     -459.612305        0.226533
BFGS:  192 10:28:44     -459.614136        0.301893
BFGS:  193 10:28:45     -459.614319        0.269578
BFGS:  194 10:28:45     -459.616638        0.309799
BFGS:  195 10:28:46     -459.618408        0.234355
BFGS:  196 10:28:47     -459.620972        0.253307
BFGS:  197 10:28:48     -459.623596        0.148712
BFGS:  198 10:28:48     -459.623749        0.133579
BFGS:  199 10:28:49     -459.624023        0.135812
BFGS:  200 10:28:49     -459.624146        0.162260
BFGS:  201 10:28:50     -459.624573        0.204331
BFGS:  202 10:28:51     -459.625031        0.253983
BFGS:  203 10:28:52     -459.625763        0.267229
BFGS:  204 10:28:53     -459.626434        0.234951
BFGS:  205 10:28:54     -459.626862        0.211143
BFGS:  206 10:28:54     -459.627563        0.180683
BFGS:  207 10:28:55     -459.628418        0.184308
BFGS:  208 10:28:56     -459.627380        0.275855
BFGS:  209 10:28:56     -459.622864        0.420602
BFGS:  210 10:28:57     -459.610016        0.741291
BFGS:  211 10:28:58     -459.556183        1.001400
BFGS:  212 10:28:58     -459.559296        0.845736
BFGS:  213 10:28:59     -459.609436        1.018553
BFGS:  214 10:29:00     -459.617554        0.507541
BFGS:  215 10:29:00     -459.619659        0.427617
BFGS:  216 10:29:01     -459.617340        0.386187
BFGS:  217 10:29:02     -459.617645        0.373759
BFGS:  218 10:29:02     -459.615845        0.356133
BFGS:  219 10:29:03     -459.615814        0.320253
BFGS:  220 10:29:04     -459.615997        0.339172
BFGS:  221 10:29:04     -459.617126        0.315314
BFGS:  222 10:29:05     -459.618927        0.275595
BFGS:  223 10:29:06     -459.619324        0.261556
BFGS:  224 10:29:06     -459.619720        0.279144
BFGS:  225 10:29:07     -459.620331        0.300238
BFGS:  226 10:29:08     -459.620850        0.296941
BFGS:  227 10:29:09     -459.621155        0.262107
BFGS:  228 10:29:09     -459.621368        0.254150
BFGS:  229 10:29:10     -459.620575        0.223413
BFGS:  230 10:29:11     -459.620575        0.234018
BFGS:  231 10:29:11     -459.621094        0.283567
BFGS:  232 10:29:12     -459.622009        0.315859
BFGS:  233 10:29:13     -459.623199        0.342117
BFGS:  234 10:29:14     -459.624023        0.323628
BFGS:  235 10:29:14     -459.624756        0.299663
BFGS:  236 10:29:15     -459.625061        0.272825
BFGS:  237 10:29:16     -459.625244        0.232500
BFGS:  238 10:29:16     -459.626038        0.230877
BFGS:  239 10:29:17     -459.627777        0.248552
BFGS:  240 10:29:18     -459.627869        0.263549
BFGS:  241 10:29:18     -459.627716        0.259908
BFGS:  242 10:29:19     -459.627655        0.241822
BFGS:  243 10:29:20     -459.628113        0.219822
BFGS:  244 10:29:21     -459.595337        1.247664
BFGS:  245 10:29:22     -459.365906        0.967627
BFGS:  246 10:29:23     -459.543671        1.033854
BFGS:  247 10:29:23     -459.527313        1.031420
BFGS:  248 10:29:24     -459.425140        0.749560
BFGS:  249 10:29:25     -459.389923        0.493965
BFGS:  250 10:29:26     -459.378662        0.285904
BFGS:  251 10:29:26     -459.394348        0.227509
BFGS:  252 10:29:27     -459.418945        0.206979
BFGS:  253 10:29:28     -459.432007        0.221317
BFGS:  254 10:29:29     -459.430847        0.222475
BFGS:  255 10:29:29     -459.420868        0.200229
BFGS:  256 10:29:30     -459.424072        0.167076
BFGS:  257 10:29:31     -459.443237        0.221646
BFGS:  258 10:29:32     -459.451263        0.280559
BFGS:  259 10:29:32     -459.442200        0.280535
BFGS:  260 10:29:33     -459.437134        0.270828
BFGS:  261 10:29:34     -459.443848        0.412468
BFGS:  262 10:29:35     -459.446838        0.303623
BFGS:  263 10:29:35     -459.445251        0.192801
BFGS:  264 10:29:36     -459.456055        0.194065
BFGS:  265 10:29:37     -459.450317        0.237844
BFGS:  266 10:29:37     -459.446228        0.197270
BFGS:  267 10:29:38     -459.451355        0.180458
BFGS:  268 10:29:39     -459.453979        0.137751
BFGS:  269 10:29:39     -459.454193        0.211836
BFGS:  270 10:29:40     -459.457977        0.123472
BFGS:  271 10:29:41     -459.454834        0.125782
BFGS:  272 10:29:41     -459.456757        0.104336
BFGS:  273 10:29:42     -459.457367        0.107559
BFGS:  274 10:29:43     -459.457489        0.112823
BFGS:  275 10:29:43     -459.455994        0.135092
BFGS:  276 10:29:44     -459.454193        0.132133
BFGS:  277 10:29:45     -459.453125        0.104988
BFGS:  278 10:29:45     -459.453186        0.097137
BFGS:  279 10:29:46     -459.453094        0.196787
BFGS:  280 10:29:47     -459.453186        0.186096
BFGS:  281 10:29:47     -459.454193        0.168472
BFGS:  282 10:29:48     -459.452515        0.159354
BFGS:  283 10:29:49     -459.451965        0.182039
BFGS:  284 10:29:49     -459.452026        0.250002
BFGS:  285 10:29:50     -459.455627        0.132931
BFGS:  286 10:29:51     -459.451111        0.381901
BFGS:  287 10:29:51     -459.453613        0.245858
BFGS:  288 10:29:52     -459.459381        0.263311
BFGS:  289 10:29:53     -459.455658        0.335439
BFGS:  290 10:29:54     -459.464478        0.234930
BFGS:  291 10:29:54     -459.457397        0.090633
BFGS:  292 10:29:55     -459.458710        0.170078
BFGS:  293 10:29:56     -459.458405        0.131794
BFGS:  294 10:29:56     -459.458099        0.118264
BFGS:  295 10:29:57     -459.457031        0.150837
BFGS:  296 10:29:58     -459.454529        0.272222
BFGS:  297 10:29:58     -459.440460        0.800267
BFGS:  298 10:29:59     -459.389343        1.881539
BFGS:  299 10:30:00     -459.384949        1.933702
BFGS:  300 10:30:01     -459.405182        1.676782
BFGS:  301 10:30:01     -459.401520        1.951007
BFGS:  302 10:30:02     -459.422791        1.509544
BFGS:  303 10:30:03     -459.346710        2.368217
BFGS:  304 10:30:04     -459.448914        0.604814
BFGS:  305 10:30:04     -459.453918        0.406230
BFGS:  306 10:30:05     -459.438171        1.150697
BFGS:  307 10:30:06     -459.327057        2.722585
BFGS:  308 10:30:06     -459.328430        2.741001
BFGS:  309 10:30:07     -459.474915        1.640485
BFGS:  310 10:30:08     -459.546875        0.444689
BFGS:  311 10:30:09     -459.454468        2.214115
BFGS:  312 10:30:09     -459.138824        3.674658
BFGS:  313 10:30:10     -459.160187        3.739602
BFGS:  314 10:30:11     -459.221344        3.362050
BFGS:  315 10:30:11     -459.336639        2.238586
BFGS:  316 10:30:12     -459.433167        0.507798
BFGS:  317 10:30:13     -459.385925        2.320545
BFGS:  318 10:30:13     -459.355255        2.517660
BFGS:  319 10:30:14     -459.453430        1.616444
BFGS:  320 10:30:15     -459.531616        0.390541
BFGS:  321 10:30:15     -459.488159        1.841646
BFGS:  322 10:30:16     -459.277008        3.444921
BFGS:  323 10:30:17     -458.926239        4.343563
BFGS:  324 10:30:17     -458.803741        4.460423
BFGS:  325 10:30:18     -458.786041        4.349315
BFGS:  326 10:30:19     -458.902130        4.044671
BFGS:  327 10:30:20     -459.240784        3.250569
BFGS:  328 10:30:20     -459.512054        2.435029
BFGS:  329 10:30:21     -459.505463        1.938045
BFGS:  330 10:30:22     -459.517670        1.454572
BFGS:  331 10:30:23     -459.550446        1.135122
BFGS:  332 10:30:24     -459.591553        0.691478
BFGS:  333 10:30:25     -459.603577        1.173042
BFGS:  334 10:30:25     -459.581543        1.476468
BFGS:  335 10:30:26     -459.489532        2.094303
BFGS:  336 10:30:27     -459.388123        2.277810
BFGS:  337 10:30:27     -459.465118        1.458659
BFGS:  338 10:30:28     -459.549683        1.122944
BFGS:  339 10:30:29     -459.588013        0.852790
BFGS:  340 10:30:30     -459.613129        0.747000
BFGS:  341 10:30:30     -459.616760        0.618705
BFGS:  342 10:30:31     -459.617371        0.646693
BFGS:  343 10:30:32     -459.618988        0.504242
BFGS:  344 10:30:32     -459.622101        0.477764
BFGS:  345 10:30:33     -459.623901        0.461460
BFGS:  346 10:30:34     -459.621307        0.904544
BFGS:  347 10:30:35     -459.622253        0.439337
BFGS:  348 10:30:35     -459.620422        0.307125
BFGS:  349 10:30:36     -459.498108        1.128692
BFGS:  350 10:30:37     -459.286499        0.904690
BFGS:  351 10:30:38     -459.389954        1.156175
BFGS:  352 10:30:38     -459.419220        0.783173
BFGS:  353 10:30:39     -459.442047        0.647631
BFGS:  354 10:30:40     -459.440704        0.426369
BFGS:  355 10:30:40     -459.442627        0.300418
BFGS:  356 10:30:41     -459.449249        0.290484
BFGS:  357 10:30:42     -459.460876        0.250241
BFGS:  358 10:30:42     -459.463562        0.298526
BFGS:  359 10:30:43     -459.460205        0.277981
BFGS:  360 10:30:44     -459.445404        0.504071
BFGS:  361 10:30:45     -459.416016        1.123674
BFGS:  362 10:30:45     -459.382660        1.683138
BFGS:  363 10:30:46     -459.449921        1.553377
BFGS:  364 10:30:47     -459.521088        2.415290
BFGS:  365 10:30:47     -459.545166        2.216204
BFGS:  366 10:30:48     -459.591492        1.911894
BFGS:  367 10:30:49     -459.501434        1.102667
BFGS:  368 10:30:49     -459.404907        0.554594
BFGS:  369 10:30:50     -459.426758        0.710971
BFGS:  370 10:30:51     -459.444702        0.570801
BFGS:  371 10:30:51     -459.453339        0.257088
BFGS:  372 10:30:52     -459.455414        0.545836
BFGS:  373 10:30:53     -459.476654        0.547478
BFGS:  374 10:30:53     -459.457489        0.912638
BFGS:  375 10:30:54     -459.430603        0.616554
BFGS:  376 10:30:55     -459.443176        0.536577
BFGS:  377 10:30:56     -459.460022        0.131710
BFGS:  378 10:30:57     -459.459869        0.130714
BFGS:  379 10:30:57     -459.460022        0.151231
BFGS:  380 10:30:58     -459.459991        0.082954
BFGS:  381 10:30:59     -459.461700        0.106593
BFGS:  382 10:30:59     -459.479126        0.317026
BFGS:  383 10:31:00     -459.493866        0.884175
BFGS:  384 10:31:01     -459.503540        0.925063
BFGS:  385 10:31:01     -459.476349        1.874716
BFGS:  386 10:31:02     -459.301941        2.650921
BFGS:  387 10:31:03     -459.243286        2.096515
BFGS:  388 10:31:04     -459.283875        2.241536
BFGS:  389 10:31:04     -459.348022        3.291652
BFGS:  390 10:31:05     -459.482239        3.652731
BFGS:  391 10:31:06     -459.530273        2.569749
BFGS:  392 10:31:06     -459.594330        0.828796
BFGS:  393 10:31:07     -459.610168        0.642458
BFGS:  394 10:31:08     -459.594330        1.630615
BFGS:  395 10:31:09     -459.497925        2.010437
BFGS:  396 10:31:10     -459.350098        1.785068
BFGS:  397 10:31:11     -459.369720        1.418892
BFGS:  398 10:31:11     -459.456055        0.604789
BFGS:  399 10:31:12     -459.457245        0.803861
BFGS:  400 10:31:13     -459.455383        0.500098
BFGS:  401 10:31:13     -459.453461        0.384107
BFGS:  402 10:31:14     -459.455719        0.400901
BFGS:  403 10:31:15     -459.459625        0.160554
BFGS:  404 10:31:15     -459.460083        0.150874
BFGS:  405 10:31:16     -459.459045        0.245846
BFGS:  406 10:31:17     -459.459320        0.241534
BFGS:  407 10:31:17     -459.462494        0.211263
BFGS:  408 10:31:18     -459.463989        0.210398
BFGS:  409 10:31:19     -459.464020        0.232237
BFGS:  410 10:31:20     -459.464081        0.275045
BFGS:  411 10:31:20     -459.456085        0.804029
BFGS:  412 10:31:21     -459.433685        1.516310
BFGS:  413 10:31:22     -459.374268        2.356874
BFGS:  414 10:31:23     -459.465118        1.473385
BFGS:  415 10:31:24     -459.454132        1.939665
BFGS:  416 10:31:25     -459.408081        2.004960
BFGS:  417 10:31:26     -459.445953        0.817339
BFGS:  418 10:31:26     -459.485046        0.805319
BFGS:  419 10:31:27     -459.469055        0.349825
BFGS:  420 10:31:28     -459.459778        0.450310
BFGS:  421 10:31:28     -459.461151        0.274602
BFGS:  422 10:31:29     -459.461060        0.295551
BFGS:  423 10:31:30     -459.450287        0.247535
BFGS:  424 10:31:30     -459.456604        0.171590
BFGS:  425 10:31:31     -459.459656        0.171509
BFGS:  426 10:31:32     -459.461456        0.130313
BFGS:  427 10:31:32     -459.463654        0.606389
BFGS:  428 10:31:33     -459.467255        0.933994
BFGS:  429 10:31:34     -459.445312        2.008806
BFGS:  430 10:31:35     -459.485260        0.784509
BFGS:  431 10:31:35     -459.474091        1.200172
BFGS:  432 10:31:36     -459.466949        1.403610
BFGS:  433 10:31:37     -459.443878        1.927353
BFGS:  434 10:31:37     -459.447601        1.359322
BFGS:  435 10:31:38     -459.443054        0.889614
BFGS:  436 10:31:38     -459.420898        1.300683
BFGS:  437 10:31:39     -459.449982        0.554129
BFGS:  438 10:31:40     -459.455505        0.806927
BFGS:  439 10:31:40     -459.459564        0.457472
BFGS:  440 10:31:41     -459.462769        0.180147
BFGS:  441 10:31:42     -459.463593        0.160241
BFGS:  442 10:31:42     -459.472870        0.288793
BFGS:  443 10:31:43     -459.507202        0.565751
BFGS:  444 10:31:44     -459.506561        0.423380
BFGS:  445 10:31:45     -459.464081        2.029973
BFGS:  446 10:31:45     -459.457001        1.727967
BFGS:  447 10:31:46     -459.467804        0.333130
BFGS:  448 10:31:47     -459.472870        0.468118
BFGS:  449 10:31:47     -459.484344        1.320238
BFGS:  450 10:31:48     -459.477448        1.022245
BFGS:  451 10:31:49     -459.478180        1.029530
BFGS:  452 10:31:49     -459.452362        1.968814
BFGS:  453 10:31:50     -459.413483        2.520989
BFGS:  454 10:31:51     -459.435913        2.633963
BFGS:  455 10:31:51     -459.378113        2.947418
BFGS:  456 10:31:52     -459.302643        3.243920
BFGS:  457 10:31:53     -459.351837        3.123708
BFGS:  458 10:31:54     -459.392487        3.190294
BFGS:  459 10:31:54     -459.319580        3.191464
BFGS:  460 10:31:56     -459.334778        2.100593
BFGS:  461 10:31:57     -459.360504        1.430979
BFGS:  462 10:31:57     -459.307281        2.012069
BFGS:  463 10:31:58     -459.223938        2.409947
BFGS:  464 10:31:59     -459.215210        2.640612
BFGS:  465 10:31:59     -459.311523        2.061983
BFGS:  466 10:32:00     -459.435760        1.421187
BFGS:  467 10:32:01     -459.455139        1.704636
BFGS:  468 10:32:01     -459.467651        1.424933
BFGS:  469 10:32:02     -459.467834        0.764736
BFGS:  470 10:32:03     -459.463257        1.205448
BFGS:  471 10:32:03     -459.471191        1.306437
BFGS:  472 10:32:04     -459.475037        1.118079
BFGS:  473 10:32:05     -459.472992        0.817072
BFGS:  474 10:32:06     -459.472473        0.471283
BFGS:  475 10:32:06     -459.474091        0.431393
BFGS:  476 10:32:07     -459.476898        0.679025
BFGS:  477 10:32:08     -459.493256        0.296507
BFGS:  478 10:32:08     -459.497589        0.616146
BFGS:  479 10:32:09     -459.455292        1.656704
BFGS:  480 10:32:10     -459.473816        1.053853
BFGS:  481 10:32:11     -459.471802        0.767590
BFGS:  482 10:32:11     -459.489075        0.251875
BFGS:  483 10:32:12     -459.484039        0.768704
BFGS:  484 10:32:13     -459.486694        0.569511
BFGS:  485 10:32:14     -459.475403        0.532015
BFGS:  486 10:32:14     -459.470306        0.741886
BFGS:  487 10:32:15     -459.458160        1.220426
BFGS:  488 10:32:16     -459.445892        1.159909
BFGS:  489 10:32:16     -459.403229        0.797275
BFGS:  490 10:32:17     -459.361572        0.672369
BFGS:  491 10:32:18     -459.447418        0.736513
BFGS:  492 10:32:19     -459.453644        2.194751
BFGS:  493 10:32:19     -459.471466        0.620795
BFGS:  494 10:32:20     -459.441864        0.712289
BFGS:  495 10:32:21     -459.410248        1.166693
BFGS:  496 10:32:22     -459.412262        1.443713
BFGS:  497 10:32:22     -459.440277        0.846489
BFGS:  498 10:32:23     -459.380035        1.476856
BFGS:  499 10:32:25     -459.385620        1.104679
BFGS:  500 10:32:25     -459.442261        0.497114
BFGS:  501 10:32:26     -459.419342        1.147065
BFGS:  502 10:32:27     -459.391846        1.157762
BFGS:  503 10:32:27     -459.401184        1.243534
BFGS:  504 10:32:28     -459.420166        0.975355
BFGS:  505 10:32:29     -459.416656        0.862503
BFGS:  506 10:32:30     -459.402039        0.651701
BFGS:  507 10:32:30     -459.325958        1.454520
BFGS:  508 10:32:31     -459.183990        2.047291
BFGS:  509 10:32:32     -458.964661        2.586232
BFGS:  510 10:32:32     -458.635651        3.158172
BFGS:  511 10:32:33     -458.216736        3.560705
BFGS:  512 10:32:34     -457.790863        3.802748
BFGS:  513 10:32:34     -457.339447        4.299341
BFGS:  514 10:32:35     -456.873993        4.948355
BFGS:  515 10:32:36     -456.264923        5.356615
BFGS:  516 10:32:36     -455.806915        4.428927
BFGS:  517 10:32:37     -455.558533        4.125086
BFGS:  518 10:32:38     -455.141113        4.823070
BFGS:  519 10:32:39     -454.424866        5.668619
BFGS:  520 10:32:39     -454.147034        7.464210
BFGS:  521 10:32:40     -454.669983        4.827278
BFGS:  522 10:32:41     -453.797821        5.058726
BFGS:  523 10:32:41     -453.173950        3.827636
BFGS:  524 10:32:42     -453.441467        3.925466
BFGS:  525 10:32:43     -453.659119        4.290410
BFGS:  526 10:32:43     -453.736206        4.659086
BFGS:  527 10:32:44     -454.027405        3.834948
BFGS:  528 10:32:45     -454.284912        2.327870
BFGS:  529 10:32:46     -454.401581        2.344644
BFGS:  530 10:32:46     -454.564178        2.178454
BFGS:  531 10:32:47     -454.588257        1.854356
BFGS:  532 10:32:48     -454.702393        2.432975
BFGS:  533 10:32:48     -454.804321        3.040976
BFGS:  534 10:32:49     -454.846466        3.448030
BFGS:  535 10:32:50     -454.793610        3.493388
BFGS:  536 10:32:50     -454.661011        3.095165
BFGS:  537 10:32:51     -454.510437        3.021160
BFGS:  538 10:32:52     -454.438690        3.364355
BFGS:  539 10:32:53     -454.420807        3.369658
BFGS:  540 10:32:54     -454.503387        2.841032
BFGS:  541 10:32:54     -454.460541        3.557868
BFGS:  542 10:32:55     -454.506500        2.674477
BFGS:  543 10:32:56     -454.495758        2.472142
BFGS:  544 10:32:57     -454.486877        2.346862
BFGS:  545 10:32:57     -454.478882        2.461662
BFGS:  546 10:32:58     -454.474854        2.648700
BFGS:  547 10:32:59     -454.480225        2.737948
BFGS:  548 10:33:00     -454.499878        2.953736
BFGS:  549 10:33:00     -454.534058        3.214470
BFGS:  550 10:33:01     -454.579529        3.524710
BFGS:  551 10:33:02     -454.629425        3.860281
BFGS:  552 10:33:02     -454.681335        4.166492
BFGS:  553 10:33:03     -454.741272        4.388589
BFGS:  554 10:33:04     -454.824219        4.500782
BFGS:  555 10:33:04     -454.949493        4.524359
BFGS:  556 10:33:05     -455.135803        4.468578
BFGS:  557 10:33:06     -455.376678        4.179538
BFGS:  558 10:33:06     -455.578217        3.385238
BFGS:  559 10:33:07     -455.635620        4.500118
BFGS:  560 10:33:08     -455.643097        4.493120
BFGS:  561 10:33:09     -455.694611        3.878445
BFGS:  562 10:33:10     -455.784485        4.022625
BFGS:  563 10:33:10     -455.909332        3.963385
BFGS:  564 10:33:11     -456.061951        3.413827
BFGS:  565 10:33:12     -456.221588        2.099178
BFGS:  566 10:33:13     -456.344238        1.200877
BFGS:  567 10:33:13     -456.401672        1.295583
BFGS:  568 10:33:14     -456.328949        1.953981
BFGS:  569 10:33:15     -456.137512        3.235483
BFGS:  570 10:33:15     -455.884979        3.715077
BFGS:  571 10:33:16     -455.513916        3.938904
BFGS:  572 10:33:17     -455.014954        3.657691
BFGS:  573 10:33:18     -454.287598        3.256367
BFGS:  574 10:33:18     -453.518616        2.749052
BFGS:  575 10:33:19     -453.713959        3.446255
BFGS:  576 10:33:20     -454.426910        3.971894
BFGS:  577 10:33:20     -455.133148        5.627925
BFGS:  578 10:33:21     -454.993774        4.865747
BFGS:  579 10:33:22     -454.946411        3.293141
BFGS:  580 10:33:23     -454.966675        3.836013
BFGS:  581 10:33:24     -454.869873        5.055658
BFGS:  582 10:33:25     -455.580383        2.750017
BFGS:  583 10:33:26     -455.661896        2.844917
BFGS:  584 10:33:26     -455.459076        3.100219
BFGS:  585 10:33:27     -455.129364        3.681573
BFGS:  586 10:33:28     -455.287567        3.084718
BFGS:  587 10:33:29     -455.146881        2.065153
BFGS:  588 10:33:29     -454.905029        2.117701
BFGS:  589 10:33:30     -454.411194        2.450319
BFGS:  590 10:33:31     -454.237427        2.402138
BFGS:  591 10:33:31     -453.788147        3.033523
BFGS:  592 10:33:32     -453.409973        3.720857
BFGS:  593 10:33:33     -452.682251        5.485473
BFGS:  594 10:33:33     -453.524811        3.144085
BFGS:  595 10:33:34     -453.832581        4.296884
BFGS:  596 10:33:35     -454.378632        2.959210
BFGS:  597 10:33:35     -454.629608        2.101655
BFGS:  598 10:33:36     -454.852814        1.810703
BFGS:  599 10:33:37     -454.953522        3.084691
BFGS:  600 10:33:37     -455.167511        2.504658
BFGS:  601 10:33:38     -455.250244        2.274417
BFGS:  602 10:33:39     -455.331543        1.853287
BFGS:  603 10:33:40     -455.407593        1.310592
BFGS:  604 10:33:40     -455.455841        1.061478
BFGS:  605 10:33:41     -455.497253        1.174353
BFGS:  606 10:33:42     -455.559509        1.352746
BFGS:  607 10:33:42     -455.609314        1.447325
BFGS:  608 10:33:43     -455.662598        1.321506
BFGS:  609 10:33:44     -455.701263        1.247063
BFGS:  610 10:33:45     -455.697052        1.470647
BFGS:  611 10:33:45     -455.723694        1.683359
BFGS:  612 10:33:46     -455.829956        1.476816
BFGS:  613 10:33:47     -455.953949        1.149795
BFGS:  614 10:33:47     -456.003326        0.987728
BFGS:  615 10:33:48     -456.069611        0.977159
BFGS:  616 10:33:49     -456.111359        0.967588
BFGS:  617 10:33:50     -456.137939        0.957962
BFGS:  618 10:33:50     -456.162262        1.024401
BFGS:  619 10:33:51     -456.178192        1.174790
BFGS:  620 10:33:52     -456.232635        0.808118
BFGS:  621 10:33:52     -456.302612        0.985556
BFGS:  622 10:33:53     -456.352356        1.260481
BFGS:  623 10:33:54     -456.383118        1.339240
BFGS:  624 10:33:54     -456.404877        1.277529
BFGS:  625 10:33:55     -456.421722        1.127451
BFGS:  626 10:33:56     -456.438477        0.894539
BFGS:  627 10:33:57     -456.455688        0.663949
BFGS:  628 10:33:57     -456.473969        0.628342
BFGS:  629 10:33:58     -456.489288        0.588227
BFGS:  630 10:33:59     -456.494965        0.795328
BFGS:  631 10:33:59     -456.480835        0.847120
BFGS:  632 10:34:00     -456.447144        0.777892
BFGS:  633 10:34:01     -456.396271        0.699389
BFGS:  634 10:34:02     -456.329224        0.731043
BFGS:  635 10:34:02     -456.245697        0.811941
BFGS:  636 10:34:03     -456.145050        0.998298
BFGS:  637 10:34:04     -456.026764        1.211460
BFGS:  638 10:34:05     -455.890320        1.425504
BFGS:  639 10:34:05     -455.739990        1.620936
BFGS:  640 10:34:06     -455.586395        1.798358
BFGS:  641 10:34:07     -455.420990        1.978428
BFGS:  642 10:34:07     -455.235535        2.152935
BFGS:  643 10:34:08     -455.032440        2.297778
BFGS:  644 10:34:09     -454.835052        2.368472
BFGS:  645 10:34:09     -454.684082        2.338700
BFGS:  646 10:34:10     -454.591248        2.254510
BFGS:  647 10:34:11     -454.530334        2.168724
BFGS:  648 10:34:12     -454.496063        2.086217
BFGS:  649 10:34:12     -454.479950        2.060244
BFGS:  650 10:34:13     -454.474091        2.083819
BFGS:  651 10:34:14     -454.471588        2.133773
BFGS:  652 10:34:15     -454.467499        2.260455
BFGS:  653 10:34:15     -454.463806        2.508016
BFGS:  654 10:34:16     -454.472015        2.829265
BFGS:  655 10:34:17     -454.504944        3.085426
BFGS:  656 10:34:17     -454.587982        3.309234
BFGS:  657 10:34:18     -454.763763        3.262419
BFGS:  658 10:34:19     -455.054230        2.062767
BFGS:  659 10:34:19     -455.236511        2.190440
BFGS:  660 10:34:20     -455.383881        2.421491
BFGS:  661 10:34:21     -455.533508        2.331681
BFGS:  662 10:34:21     -455.667938        2.267729
BFGS:  663 10:34:23     -455.777588        2.199036
BFGS:  664 10:34:24     -455.856506        2.128649
BFGS:  665 10:34:25     -455.917145        2.353832
BFGS:  666 10:34:26     -455.950867        2.751687
BFGS:  667 10:34:27     -455.969238        3.124231
BFGS:  668 10:34:27     -455.963959        3.460606
BFGS:  669 10:34:28     -455.893341        3.611045
BFGS:  670 10:34:29     -455.891174        3.655316
BFGS:  671 10:34:29     -455.885895        3.510681
BFGS:  672 10:34:30     -455.906708        2.886163
BFGS:  673 10:34:31     -455.993073        2.308532
BFGS:  674 10:34:32     -456.143616        1.833649
BFGS:  675 10:34:32     -456.325134        1.391688
BFGS:  676 10:34:33     -456.508301        1.481144
BFGS:  677 10:34:34     -456.559845        2.275091
BFGS:  678 10:34:34     -456.596375        2.449156
BFGS:  679 10:34:35     -456.641571        1.686239
BFGS:  680 10:34:36     -456.669586        1.137280
BFGS:  681 10:34:37     -456.634674        1.121549
BFGS:  682 10:34:37     -456.517822        1.916683
BFGS:  683 10:34:38     -456.311401        2.875410
BFGS:  684 10:34:39     -455.992645        3.698058
BFGS:  685 10:34:40     -455.833588        3.886669
BFGS:  686 10:34:40     -455.818329        3.796110
BFGS:  687 10:34:41     -455.858582        3.655855
BFGS:  688 10:34:42     -455.910858        3.484298
BFGS:  689 10:34:42     -455.954468        3.291920
BFGS:  690 10:34:43     -455.988739        3.054076
BFGS:  691 10:34:44     -456.006378        2.791006
BFGS:  692 10:34:44     -456.017975        2.462543
BFGS:  693 10:34:45     -456.007111        2.201212
BFGS:  694 10:34:46     -456.005737        2.897716
BFGS:  695 10:34:47     -455.956177        3.839609
BFGS:  696 10:34:47     -455.893738        2.818026
BFGS:  697 10:34:48     -455.837555        4.084302
BFGS:  698 10:34:49     -455.717468        5.537504
BFGS:  699 10:34:49     -455.554718        6.138894
BFGS:  700 10:34:50     -455.442047        5.005392
BFGS:  701 10:34:51     -455.517242        3.850902
BFGS:  702 10:34:51     -455.732941        3.081215
BFGS:  703 10:34:52     -455.937134        3.077935
BFGS:  704 10:34:53     -456.055969        4.179770
BFGS:  705 10:34:54     -456.138733        6.504095
BFGS:  706 10:34:54     -456.289307        2.456666
BFGS:  707 10:34:55     -456.513428        2.487895
BFGS:  708 10:34:56     -456.649536        2.213642
BFGS:  709 10:34:56     -456.744141        3.402479
BFGS:  710 10:34:57     -456.797760        5.094881
BFGS:  711 10:34:58     -456.824097       13.166431
BFGS:  712 10:34:59     -456.792328       13.889896
BFGS:  713 10:34:59     -456.695312        7.173314
BFGS:  714 10:35:00     -456.674072        4.124330
BFGS:  715 10:35:01     -456.747742        3.508658
BFGS:  716 10:35:01     -456.946320        2.197104
BFGS:  717 10:35:02     -457.114258        1.615016
BFGS:  718 10:35:03     -457.224701        1.551532
BFGS:  719 10:35:03     -457.240997        1.877981
BFGS:  720 10:35:04     -457.219147        2.112127
BFGS:  721 10:35:05     -457.153748        6.055293
BFGS:  722 10:35:06     -457.086792        6.228710
BFGS:  723 10:35:06     -457.169098        4.548259
BFGS:  724 10:35:07     -457.245178        4.748725
BFGS:  725 10:35:08     -457.297394       12.375171
BFGS:  726 10:35:08     -457.312469        9.520587
BFGS:  727 10:35:09     -457.321777        5.983426
BFGS:  728 10:35:10     -457.284210        2.524123
BFGS:  729 10:35:10     -457.299561        2.238581
BFGS:  730 10:35:11     -457.319550        1.865074
BFGS:  731 10:35:12     -457.331177        1.670600
BFGS:  732 10:35:12     -457.327118        2.378005
BFGS:  733 10:35:13     -457.300110        4.887708
BFGS:  734 10:35:14     -457.227936        4.328204
BFGS:  735 10:35:15     -457.279572        4.922323
BFGS:  736 10:35:15     -457.347046        6.329126
BFGS:  737 10:35:16     -457.357941        5.928638
BFGS:  738 10:35:17     -457.343475        5.424759
BFGS:  739 10:35:17     -457.320831        4.367502
BFGS:  740 10:35:18     -457.278656        3.554059
BFGS:  741 10:35:19     -457.234283        2.682473
BFGS:  742 10:35:19     -457.170685        2.594050
BFGS:  743 10:35:20     -457.088654        3.513597
BFGS:  744 10:35:21     -456.963379        8.276905
BFGS:  745 10:35:22     -456.791779        9.564700
BFGS:  746 10:35:22     -456.591827        8.407991
BFGS:  747 10:35:23     -456.424438        7.085980
BFGS:  748 10:35:24     -456.329559        4.334389
BFGS:  749 10:35:25     -456.547638        3.363434
BFGS:  750 10:35:26     -456.818695        3.445112
BFGS:  751 10:35:27     -456.978973        5.793322
BFGS:  752 10:35:27     -456.996307        5.381622
BFGS:  753 10:35:28     -456.993896        4.781085
BFGS:  754 10:35:29     -456.995209        4.274326
BFGS:  755 10:35:29     -457.000977        3.732108
BFGS:  756 10:35:30     -457.003662        3.153091
BFGS:  757 10:35:31     -457.003632        2.771375
BFGS:  758 10:35:31     -457.001282        2.272835
BFGS:  759 10:35:32     -457.001251        1.834895
BFGS:  760 10:35:33     -457.017365        1.592369
BFGS:  761 10:35:33     -457.058960        2.226467
BFGS:  762 10:35:34     -457.118103        3.394354
BFGS:  763 10:35:35     -457.162109        4.002305
BFGS:  764 10:35:36     -457.171204        3.854103
BFGS:  765 10:35:36     -457.173767        2.974440
BFGS:  766 10:35:37     -457.174408        2.615601
BFGS:  767 10:35:38     -457.154694        1.822132
BFGS:  768 10:35:38     -457.130737        1.301785
BFGS:  769 10:35:39     -457.106903        1.239494
BFGS:  770 10:35:40     -457.055450        1.324600
BFGS:  771 10:35:41     -456.994904        1.684595
BFGS:  772 10:35:41     -456.935211        2.191839
BFGS:  773 10:35:42     -456.900909        2.380246
BFGS:  774 10:35:43     -456.845428        2.653654
BFGS:  775 10:35:43     -456.783600        2.653763
BFGS:  776 10:35:44     -456.888184        2.004345
BFGS:  777 10:35:45     -456.983215        2.272638
BFGS:  778 10:35:46     -457.086761        1.840138
BFGS:  779 10:35:46     -457.162109        1.627845
BFGS:  780 10:35:47     -457.223541        1.504739
BFGS:  781 10:35:48     -457.263245        8.126016
BFGS:  782 10:35:49     -456.886108       13.108059
BFGS:  783 10:35:49     -457.184753       10.140269
BFGS:  784 10:35:50     -457.088776        8.096607
BFGS:  785 10:35:50     -456.986481        7.255391
BFGS:  786 10:35:51     -456.990234        6.884407
BFGS:  787 10:35:52     -457.010925        5.541841
BFGS:  788 10:35:52     -457.035034        3.651248
BFGS:  789 10:35:53     -457.083405        4.411067
BFGS:  790 10:35:54     -457.156097        4.050461
BFGS:  791 10:35:55     -457.230072        5.290473
BFGS:  792 10:35:55     -457.256226        8.620050
BFGS:  793 10:35:56     -457.238434       10.251566
BFGS:  794 10:35:57     -457.203491        7.313985
BFGS:  795 10:35:57     -457.162689        5.094226
BFGS:  796 10:35:58     -457.204529        4.364623
BFGS:  797 10:35:59     -457.291138        4.003697
BFGS:  798 10:35:59     -457.368896        3.392405
BFGS:  799 10:36:00     -457.428833        2.830170
BFGS:  800 10:36:01     -457.435486        3.418610
      Step     Time          Energy          fmax
FIRE:    0 10:36:01     -457.435486        3.418610
FIRE:    1 10:36:01     -457.474884        2.525934
FIRE:    2 10:36:02     -457.521729        1.512879
FIRE:    3 10:36:02     -457.558380        1.874934
FIRE:    4 10:36:02     -457.576385        2.751261
FIRE:    5 10:36:03     -457.579376        1.857006
FIRE:    6 10:36:03     -457.577820        2.136683
FIRE:    7 10:36:04     -457.575684        1.462592
FIRE:    8 10:36:04     -457.568176        3.818795
FIRE:    9 10:36:05     -457.567841        2.638112
FIRE:   10 10:36:05     -457.566406        1.146103
FIRE:   11 10:36:06     -457.565125        2.204453
FIRE:   12 10:36:06     -457.564728        2.005064
FIRE:   13 10:36:07     -457.563934        1.628812
FIRE:   14 10:36:07     -457.563293        1.200373
FIRE:   15 10:36:08     -457.562744        0.965608
FIRE:   16 10:36:08     -457.561493        0.902469
FIRE:   17 10:36:09     -457.559570        0.913035
FIRE:   18 10:36:09     -457.556946        1.148759
FIRE:   19 10:36:10     -457.554077        1.162487
FIRE:   20 10:36:10     -457.550812        0.959944
FIRE:   21 10:36:11     -457.545654        0.986180
FIRE:   22 10:36:11     -457.537933        1.236304
FIRE:   23 10:36:12     -457.528687        1.560947
FIRE:   24 10:36:12     -457.515228        1.576912
FIRE:   25 10:36:13     -457.498688        1.199362
FIRE:   26 10:36:13     -457.474426        1.294859
FIRE:   27 10:36:14     -457.440033        1.617699
FIRE:   28 10:36:14     -457.396271        1.745623
FIRE:   29 10:36:14     -457.337036        1.730327
FIRE:   30 10:36:15     -457.251923        1.974400
FIRE:   31 10:36:15     -457.128662        2.469752
FIRE:   32 10:36:16     -456.949982        2.628778
FIRE:   33 10:36:16     -456.717682        3.164827
FIRE:   34 10:36:17     -456.440674        3.312181
FIRE:   35 10:36:17     -456.136475        3.867970
FIRE:   36 10:36:18     -455.795380        3.773979
FIRE:   37 10:36:18     -455.410095        4.444158
FIRE:   38 10:36:19     -455.014526        3.790482
FIRE:   39 10:36:19     -454.565460        3.564437
FIRE:   40 10:36:20     -454.082611        4.670357
FIRE:   41 10:36:20     -453.716034        4.199857
FIRE:   42 10:36:21     -453.525177        3.139849
FIRE:   43 10:36:21     -453.378693        2.890535
FIRE:   44 10:36:22     -453.059265        4.714769
FIRE:   45 10:36:22     -452.671143        5.964686
FIRE:   46 10:36:22     -452.640869        5.061420
FIRE:   47 10:36:23     -452.613403        3.545981
FIRE:   48 10:36:23     -452.489136        3.772832
FIRE:   49 10:36:24     -452.318359        3.427075
FIRE:   50 10:36:24     -452.254974        2.992109
FIRE:   51 10:36:25     -452.302612        3.450376
FIRE:   52 10:36:25     -452.421661        3.039569
FIRE:   53 10:36:26     -452.564423        2.812448
FIRE:   54 10:36:26     -452.837891        2.448255
FIRE:   55 10:36:27     -453.222290        2.961486
FIRE:   56 10:36:27     -453.720886        3.755320
FIRE:   57 10:36:28     -454.367218        2.925636
FIRE:   58 10:36:28     -454.650787        3.506897
FIRE:   59 10:36:29     -454.395233        8.071557
FIRE:   60 10:36:29     -454.719818        8.377247
FIRE:   61 10:36:30     -454.652924        7.500948
FIRE:   62 10:36:30     -454.994171        5.235106
FIRE:   63 10:36:31     -455.237305        1.941078
FIRE:   64 10:36:31     -455.241882        1.582666
FIRE:   65 10:36:32     -455.250732        0.912707
FIRE:   66 10:36:32     -455.263275        0.788823
FIRE:   67 10:36:32     -455.279022        0.815609
FIRE:   68 10:36:33     -455.297333        1.416248
FIRE:   69 10:36:33     -455.317719        1.614431
FIRE:   70 10:36:34     -455.340210        1.371812
FIRE:   71 10:36:34     -455.367950        0.676924
FIRE:   72 10:36:35     -455.402557        0.627583
FIRE:   73 10:36:35     -455.444946        1.024708
FIRE:   74 10:36:36     -455.494171        0.932983
FIRE:   75 10:36:36     -455.549225        0.531538
FIRE:   76 10:36:37     -455.608215        1.123352
FIRE:   77 10:36:37     -455.664124        0.937196
FIRE:   78 10:36:38     -455.710083        0.702292
FIRE:   79 10:36:38     -455.742218        1.083841
FIRE:   80 10:36:39     -455.755798        1.366252
FIRE:   81 10:36:39     -455.729156        1.515676
FIRE:   82 10:36:40     -455.601135        3.056637
FIRE:   83 10:36:40     -455.459320        3.625513
FIRE:   84 10:36:40     -455.330627        2.973276
FIRE:   85 10:36:41     -455.142426        3.152484
FIRE:   86 10:36:41     -454.909241        3.358411
FIRE:   87 10:36:42     -454.833282        1.992065
FIRE:   88 10:36:42     -454.639740        2.358243
FIRE:   89 10:36:43     -454.733276        2.275449
FIRE:   90 10:36:43     -454.879730        1.915471
FIRE:   91 10:36:44     -454.871246        1.923865
FIRE:   92 10:36:44     -454.852539        2.524446
FIRE:   93 10:36:45     -454.833893        2.582924
FIRE:   94 10:36:45     -454.813812        2.629101
FIRE:   95 10:36:46     -454.814514        2.856661
FIRE:   96 10:36:46     -454.825958        2.809447
FIRE:   97 10:36:47     -454.846558        2.271861
FIRE:   98 10:36:47     -454.848999        2.218292
FIRE:   99 10:36:47     -454.829956        2.603578
FIRE:  100 10:36:48     -454.803986        2.666709
FIRE:  101 10:36:48     -454.763763        3.012449
FIRE:  102 10:36:49     -454.759888        2.426560
FIRE:  103 10:36:49     -454.704712        2.755294
FIRE:  104 10:36:50     -454.724670        2.478358
FIRE:  105 10:36:50     -454.718262        2.256826
FIRE:  106 10:36:51     -454.635071        2.450590
FIRE:  107 10:36:51     -454.447845        3.043142
FIRE:  108 10:36:52     -454.445923        2.459661
FIRE:  109 10:36:52     -454.542908        1.841177
FIRE:  110 10:36:53     -454.586487        1.826351
FIRE:  111 10:36:53     -454.581573        1.598686
FIRE:  112 10:36:54     -454.516693        1.778884
FIRE:  113 10:36:54     -454.468750        2.239922
FIRE:  114 10:36:55     -454.417786        3.477711
FIRE:  115 10:36:55     -454.688965        2.914607
FIRE:  116 10:36:56     -455.043762        2.346197
FIRE:  117 10:36:56     -455.199219        3.889328
FIRE:  118 10:36:57     -455.252228        2.528716
FIRE:  119 10:36:57     -455.304047        1.457416
FIRE:  120 10:36:57     -455.327545        1.587149
FIRE:  121 10:36:58     -455.334198        1.600987
FIRE:  122 10:36:58     -455.322784        2.158918
FIRE:  123 10:36:59     -455.328491        2.123687
FIRE:  124 10:36:59     -455.339111        2.054019
FIRE:  125 10:37:00     -455.352936        1.952272
FIRE:  126 10:37:00     -455.367737        1.824018
FIRE:  127 10:37:01     -455.381104        1.366394
FIRE:  128 10:37:01     -455.387878        1.464593
FIRE:  129 10:37:02     -455.389587        1.543991
FIRE:  130 10:37:02     -455.387543        1.600615
FIRE:  131 10:37:03     -455.382568        1.622943
FIRE:  132 10:37:03     -455.374756        1.603715
FIRE:  133 10:37:04     -455.362091        1.800078
FIRE:  134 10:37:04     -455.349945        1.884124
FIRE:  135 10:37:05     -455.337280        1.873783
FIRE:  136 10:37:05     -455.316895        2.019894
FIRE:  137 10:37:05     -455.279053        2.169463
FIRE:  138 10:37:06     -455.224579        2.089376
FIRE:  139 10:37:06     -455.159180        2.123993
FIRE:  140 10:37:07     -455.079254        2.413135
FIRE:  141 10:37:07     -454.995514        1.985479
FIRE:  142 10:37:08     -454.886597        2.666777
FIRE:  143 10:37:08     -454.835968        2.467262
FIRE:  144 10:37:09     -454.827637        1.707493
FIRE:  145 10:37:09     -454.779114        1.811287
FIRE:  146 10:37:10     -454.815063        1.563437
FIRE:  147 10:37:10     -454.862701        1.283570
FIRE:  148 10:37:11     -454.901062        1.299532
FIRE:  149 10:37:11     -454.931305        1.487539
FIRE:  150 10:37:11     -454.958801        1.540467
FIRE:  151 10:37:12     -454.980042        1.441169
FIRE:  152 10:37:12     -454.995209        1.335598
FIRE:  153 10:37:13     -455.012299        1.601465
FIRE:  154 10:37:13     -455.045929        1.447677
FIRE:  155 10:37:14     -455.070435        1.697423
FIRE:  156 10:37:14     -455.046417        2.348831
FIRE:  157 10:37:15     -454.929474        2.777323
FIRE:  158 10:37:15     -454.854126        1.679755
FIRE:  159 10:37:16     -454.726715        1.916563
FIRE:  160 10:37:16     -454.654816        1.489959
FIRE:  161 10:37:17     -454.699738        1.653121
FIRE:  162 10:37:17     -454.945190        3.197703
FIRE:  163 10:37:18     -455.536102        2.669237
FIRE:  164 10:37:18     -455.951141        3.439310
FIRE:  165 10:37:18     -456.293121        2.156350
FIRE:  166 10:37:19     -456.387054        3.525346
FIRE:  167 10:37:19     -456.540619        1.447213
FIRE:  168 10:37:20     -456.560364        1.223589
FIRE:  169 10:37:20     -456.583344        1.135000
FIRE:  170 10:37:21     -456.601715        1.065824
FIRE:  171 10:37:21     -456.627869        1.211359
FIRE:  172 10:37:22     -456.667053        1.042370
FIRE:  173 10:37:22     -456.706085        1.025385
FIRE:  174 10:37:23     -456.740112        0.940542
FIRE:  175 10:37:23     -456.780945        0.704693
FIRE:  176 10:37:24     -456.816864        0.506522
FIRE:  177 10:37:24     -456.826263        0.904229
FIRE:  178 10:37:25     -456.821899        0.755657
FIRE:  179 10:37:25     -456.805939        0.954249
FIRE:  180 10:37:26     -456.804871        0.792120
FIRE:  181 10:37:26     -456.810577        0.756634
FIRE:  182 10:37:27     -456.821350        1.039969
FIRE:  183 10:37:27     -456.830109        0.670576
FIRE:  184 10:37:28     -456.826355        0.777294
FIRE:  185 10:37:28     -456.799500        1.601335
FIRE:  186 10:37:29     -456.735992        3.432867
FIRE:  187 10:37:29     -456.630981        3.142315
FIRE:  188 10:37:29     -456.444702        1.979312
FIRE:  189 10:37:30     -456.160706        2.756768
FIRE:  190 10:37:30     -455.826477        3.903385
FIRE:  191 10:37:31     -456.006500        4.770647
FIRE:  192 10:37:31     -455.996613        1.559281
FIRE:  193 10:37:32     -455.967834        2.720333
FIRE:  194 10:37:32     -455.970306        2.310099
FIRE:  195 10:37:33     -455.974731        1.974863
FIRE:  196 10:37:33     -455.980286        1.466612
FIRE:  197 10:37:34     -455.979980        1.442677
FIRE:  198 10:37:34     -455.975616        1.978148
FIRE:  199 10:37:35     -455.968567        2.373780
FIRE:  200 10:37:35     -455.959747        2.079715
FIRE:  201 10:37:36     -455.948669        1.512612
FIRE:  202 10:37:36     -455.943054        1.363847
FIRE:  203 10:37:36     -455.945007        1.673393
FIRE:  204 10:37:37     -455.954865        1.613342
FIRE:  205 10:37:37     -455.972870        0.902786
FIRE:  206 10:37:38     -456.007660        1.498227
FIRE:  207 10:37:38     -456.058533        1.581128
FIRE:  208 10:37:39     -456.104736        1.648477
FIRE:  209 10:37:39     -456.105865        1.607434
FIRE:  210 10:37:40     -456.057587        2.154145
FIRE:  211 10:37:40     -455.985016        2.349653
FIRE:  212 10:37:41     -455.728088        3.449622
FIRE:  213 10:37:41     -455.273285        4.892397
FIRE:  214 10:37:42     -454.871216        5.322997
FIRE:  215 10:37:42     -454.772247        4.594677
FIRE:  216 10:37:42     -454.997620        3.903642
FIRE:  217 10:37:43     -455.545013        4.449192
FIRE:  218 10:37:43     -455.989441        3.214574
FIRE:  219 10:37:44     -455.529785        6.339280
FIRE:  220 10:37:44     -456.094604        3.401518
FIRE:  221 10:37:45     -456.097778        3.394842
FIRE:  222 10:37:45     -456.150024        3.046805
FIRE:  223 10:37:46     -456.210419        2.417955
FIRE:  224 10:37:46     -456.225067        1.709692
FIRE:  225 10:37:47     -456.176270        2.635533
FIRE:  226 10:37:47     -456.089844        3.528777
FIRE:  227 10:37:48     -455.987793        4.027109
FIRE:  228 10:37:48     -455.857910        4.262199
FIRE:  229 10:37:49     -455.632935        4.566592
FIRE:  230 10:37:49     -455.208679        5.367088
FIRE:  231 10:37:49     -454.447418        6.789582
FIRE:  232 10:37:50     -453.474670        8.129706
FIRE:  233 10:37:50     -452.809998        8.754841
FIRE:  234 10:37:51     -452.595490        8.810525
FIRE:  235 10:37:51     -452.249756        8.669393
FIRE:  236 10:37:52     -451.883148        8.727976
FIRE:  237 10:37:52     -452.186523        8.416761
FIRE:  238 10:37:53     -453.105591        7.010592
FIRE:  239 10:37:53     -453.827087        4.704089
FIRE:  240 10:37:54     -453.631836        4.717769
FIRE:  241 10:37:54     -452.824036        5.051175
FIRE:  242 10:37:55     -452.156372        3.816550
FIRE:  243 10:37:55     -452.160706        4.264142
FIRE:  244 10:37:56     -452.427429        2.156160
FIRE:  245 10:37:56     -452.335327        6.059976
FIRE:  246 10:37:56     -452.539734        7.200903
FIRE:  247 10:37:57     -453.230591        6.074024
FIRE:  248 10:37:57     -453.780548        4.992341
FIRE:  249 10:37:58     -453.639404        3.422514
FIRE:  250 10:37:58     -453.207123        3.641597
FIRE:  251 10:37:59     -453.071991        5.319903
FIRE:  252 10:37:59     -453.444305        5.476945
FIRE:  253 10:38:00     -454.090973        4.699958
FIRE:  254 10:38:00     -454.835632        4.658290
FIRE:  255 10:38:01     -455.549957        3.058335
FIRE:  256 10:38:01     -456.020203        2.438579
FIRE:  257 10:38:02     -456.438568        2.949616
FIRE:  258 10:38:02     -456.914124        2.392986
FIRE:  259 10:38:03     -457.405945        2.569650
FIRE:  260 10:38:03     -457.736237        2.669662
FIRE:  261 10:38:04     -457.955170        2.982486
FIRE:  262 10:38:04     -458.190765        3.400696
FIRE:  263 10:38:05     -458.430511        3.691766
FIRE:  264 10:38:05     -458.638458        3.761382
FIRE:  265 10:38:05     -458.827972        3.657174
FIRE:  266 10:38:06     -459.013702        3.436158
FIRE:  267 10:38:06     -459.180054        3.123272
FIRE:  268 10:38:07     -459.310913        2.734427
FIRE:  269 10:38:07     -459.411346        2.350245
FIRE:  270 10:38:08     -459.489044        1.924212
FIRE:  271 10:38:08     -459.540894        1.451690
FIRE:  272 10:38:09     -459.566315        0.957005
FIRE:  273 10:38:09     -459.575104        0.583873
FIRE:  274 10:38:10     -459.575989        0.468953
FIRE:  275 10:38:10     -459.568115        0.536929
FIRE:  276 10:38:11     -458.838562        3.625813
FIRE:  277 10:38:11     -459.320099        2.051940
FIRE:  278 10:38:11     -459.509521        1.124944
FIRE:  279 10:38:12     -459.584747        0.624059
FIRE:  280 10:38:12     -459.621826        0.215195
FIRE:  281 10:38:13     -459.622284        0.202442
FIRE:  282 10:38:13     -459.623047        0.198643
FIRE:  283 10:38:14     -459.623932        0.192949
FIRE:  284 10:38:14     -459.624756        0.186853
FIRE:  285 10:38:15     -459.625397        0.186287
FIRE:  286 10:38:15     -459.625946        0.186689
FIRE:  287 10:38:16     -459.626556        0.186591
FIRE:  288 10:38:16     -459.627441        0.185988
FIRE:  289 10:38:17     -459.628601        0.186313
FIRE:  290 10:38:17     -459.629944        0.186161
FIRE:  291 10:38:17     -459.631104        0.185508
FIRE:  292 10:38:18     -459.632263        0.185257
FIRE:  293 10:38:18     -459.633759        0.185399
FIRE:  294 10:38:19     -459.634064        0.320566
FIRE:  295 10:38:19     -459.634064        0.352894
FIRE:  296 10:38:20     -459.634064        0.419976
FIRE:  297 10:38:20     -459.634094        0.526438
FIRE:  298 10:38:21     -459.632599        0.708597
FIRE:  299 10:38:21     -459.629364        0.828873
FIRE:  300 10:38:22     -459.623718        0.959145
FIRE:  301 10:38:22     -459.616058        1.090559
FIRE:  302 10:38:23     -459.605652        1.218552
FIRE:  303 10:38:23     -459.595917        1.312709
FIRE:  304 10:38:23     -459.588593        1.369633
FIRE:  305 10:38:24     -459.583618        1.396513
FIRE:  306 10:38:24     -459.581512        1.405430
FIRE:  307 10:38:25     -459.581635        1.411411
FIRE:  308 10:38:25     -459.583527        1.396750
FIRE:  309 10:38:26     -459.586670        1.364952
FIRE:  310 10:38:26     -459.590393        1.320468
FIRE:  311 10:38:27     -459.594421        1.265494
FIRE:  312 10:38:27     -459.598450        1.203518
FIRE:  313 10:38:28     -459.602448        1.136533
FIRE:  314 10:38:28     -459.606262        1.066182
FIRE:  315 10:38:29     -459.609863        0.994903
FIRE:  316 10:38:29     -459.613190        0.923335
FIRE:  317 10:38:30     -459.616241        0.853264
FIRE:  318 10:38:30     -459.618958        0.785760
FIRE:  319 10:38:31     -459.621399        0.879043
FIRE:  320 10:38:31     -459.633240        0.331806
FIRE:  321 10:38:32     -459.629822        0.516926
FIRE:  322 10:38:32     -459.623535        0.809565
FIRE:  323 10:38:32     -459.629150        0.763841
FIRE:  324 10:38:33     -459.634003        1.613299
FIRE:  325 10:38:33     -459.627991        0.985698
FIRE:  326 10:38:34     -459.625458        0.792541
FIRE:  327 10:38:34     -459.632050        0.472189
FIRE:  328 10:38:35     -459.633636        0.818630
FIRE:  329 10:38:35     -459.628540        1.470904
FIRE:  330 10:38:36     -459.626984        0.674620
FIRE:  331 10:38:36     -459.632019        0.594409
FIRE:  332 10:38:37     -459.633820        1.302320
FIRE:  333 10:38:37     -459.630524        0.562994
FIRE:  334 10:38:38     -459.629242        0.668332
FIRE:  335 10:38:38     -459.632782        1.071260
FIRE:  336 10:38:39     -459.633881        0.406889
FIRE:  337 10:38:39     -459.521698        3.121196
FIRE:  338 10:38:40     -459.212982        4.322354
FIRE:  339 10:38:40     -458.848969        2.965897
FIRE:  340 10:38:40     -458.707611        3.633096
FIRE:  341 10:38:41     -458.691589        3.790068
FIRE:  342 10:38:41     -458.771210        3.819397
FIRE:  343 10:38:42     -459.006226        3.259651
FIRE:  344 10:38:42     -459.261719        1.931457
FIRE:  345 10:38:43     -459.291382        2.014353
FIRE:  346 10:38:43     -459.144806        3.252847
FIRE:  347 10:38:44     -459.046021        4.354582
FIRE:  348 10:38:44     -459.434753        1.186483
FIRE:  349 10:38:45     -459.478516        0.807475
FIRE:  350 10:38:45     -459.507416        0.543535
FIRE:  351 10:38:46     -459.490479        0.597938
FIRE:  352 10:38:46     -459.494507        0.556691
FIRE:  353 10:38:46     -459.501007        0.559454
FIRE:  354 10:38:47     -459.507507        0.562748
FIRE:  355 10:38:47     -459.511658        0.565881
FIRE:  356 10:38:48     -459.512238        0.568457
FIRE:  357 10:38:48     -459.510284        0.570403
FIRE:  358 10:38:49     -459.508026        0.571940
FIRE:  359 10:38:49     -459.507385        0.573328
FIRE:  360 10:38:50     -459.509460        0.574198
FIRE:  361 10:38:50     -459.513153        0.573401
FIRE:  362 10:38:51     -459.515320        0.568801
FIRE:  363 10:38:51     -459.514191        0.557821
FIRE:  364 10:38:52     -459.513458        0.538596
FIRE:  365 10:38:52     -459.517700        0.508411
FIRE:  366 10:38:52     -459.524902        0.461153
FIRE:  367 10:38:53     -459.534973        0.482531
FIRE:  368 10:38:53     -459.557068        0.528529
FIRE:  369 10:38:54     -459.587555        0.432241
FIRE:  370 10:38:54     -459.615967        0.342812
FIRE:  371 10:38:55     -459.627380        0.514741
FIRE:  372 10:38:55     -459.615540        0.652381
FIRE:  373 10:38:56     -459.589569        0.866159
FIRE:  374 10:38:56     -459.577179        0.937491
FIRE:  375 10:38:57     -459.607056        1.102958
FIRE:  376 10:38:57     -459.633942        0.922265
FIRE:  377 10:38:58     -459.633911        1.116857
FIRE:  378 10:38:58     -459.633942        1.308320
FIRE:  379 10:38:59     -459.633942        0.873624
FIRE:  380 10:38:59     -459.633972        0.623719
FIRE:  381 10:39:00     -459.633972        0.590814
FIRE:  382 10:39:00     -459.633972        0.527345
FIRE:  383 10:39:00     -459.633972        0.437385
FIRE:  384 10:39:01     -459.633972        0.434708
FIRE:  385 10:39:01     -459.633972        0.429366
FIRE:  386 10:39:02     -459.633972        0.421571
FIRE:  387 10:39:02     -459.633972        0.411445
FIRE:  388 10:39:03     -459.633972        0.399301
FIRE:  389 10:39:03     -459.633972        0.385615
FIRE:  390 10:39:04     -459.633972        0.371099
FIRE:  391 10:39:04     -459.633972        0.374416
FIRE:  392 10:39:05     -459.634003        0.382630
FIRE:  393 10:39:05     -459.633972        0.390182
FIRE:  394 10:39:06     -459.634003        0.395791
FIRE:  395 10:39:06     -459.634003        0.397659
FIRE:  396 10:39:07     -459.634003        0.393924
FIRE:  397 10:39:07     -459.634033        0.383776
FIRE:  398 10:39:07     -459.634033        0.367904
FIRE:  399 10:39:08     -459.634064        0.348661
FIRE:  400 10:39:08     -459.634064        0.332192
FIRE:  401 10:39:09     -459.634094        0.338498
FIRE:  402 10:39:10     -459.634094        0.330838
FIRE:  403 10:39:10     -459.634094        0.337916
FIRE:  404 10:39:10     -459.633850        0.347573
FIRE:  405 10:39:11     -459.633179        0.339122
FIRE:  406 10:39:11     -459.618530        0.475713
FIRE:  407 10:39:12     -459.569397        0.456659
FIRE:  408 10:39:12     -459.509430        0.425195
FIRE:  409 10:39:13     -459.449097        0.342158
FIRE:  410 10:39:13     -459.411072        0.409628
FIRE:  411 10:39:14     -459.375397        0.872999
FIRE:  412 10:39:14     -459.436371        0.333292
FIRE:  413 10:39:15     -459.436951        0.333020
FIRE:  414 10:39:15     -459.437958        0.332683
FIRE:  415 10:39:15     -459.439240        0.332589
FIRE:  416 10:39:16     -459.440735        0.332964
FIRE:  417 10:39:16     -459.442505        0.333779
FIRE:  418 10:39:17     -459.444489        0.334694
FIRE:  419 10:39:17     -459.446533        0.335189
FIRE:  420 10:39:18     -459.448730        0.334728
FIRE:  421 10:39:18     -459.451080        0.332911
FIRE:  422 10:39:19     -459.453552        0.329958
FIRE:  423 10:39:19     -459.455780        0.326693
FIRE:  424 10:39:20     -459.457550        0.323783
FIRE:  425 10:39:20     -459.458862        0.321121
FIRE:  426 10:39:21     -459.459442        0.318832
FIRE:  427 10:39:21     -459.459412        0.317368
FIRE:  428 10:39:21     -459.458954        0.314035
FIRE:  429 10:39:22     -459.458557        0.305944
FIRE:  430 10:39:22     -459.458771        0.296992
FIRE:  431 10:39:23     -459.459961        0.290348
FIRE:  432 10:39:23     -459.459106        0.285639
FIRE:  433 10:39:24     -459.429352        0.718020
FIRE:  434 10:39:24     -459.468872        0.272999
FIRE:  435 10:39:25     -459.438385        0.633752
FIRE:  436 10:39:25     -459.451660        0.483338
FIRE:  437 10:39:26     -459.466248        0.272157
FIRE:  438 10:39:26     -459.469025        0.272087
FIRE:  439 10:39:27     -459.469147        0.272083
FIRE:  440 10:39:27     -459.469360        0.272071
FIRE:  441 10:39:28     -459.469604        0.272053
FIRE:  442 10:39:28     -459.469879        0.272030
FIRE:  443 10:39:29     -459.470062        0.271994
FIRE:  444 10:39:29     -459.470184        0.271955
FIRE:  445 10:39:30     -459.470245        0.271904
FIRE:  446 10:39:30     -459.470276        0.271842
FIRE:  447 10:39:30     -459.470337        0.271761
FIRE:  448 10:39:31     -459.470520        0.271662
FIRE:  449 10:39:31     -459.470795        0.271539
FIRE:  450 10:39:32     -459.471191        0.271381
FIRE:  451 10:39:32     -459.471558        0.271189
FIRE:  452 10:39:33     -459.471893        0.270944
FIRE:  453 10:39:33     -459.472321        0.270641
FIRE:  454 10:39:34     -459.472961        0.270266
FIRE:  455 10:39:34     -459.473724        0.269806
FIRE:  456 10:39:35     -459.474426        0.269232
FIRE:  457 10:39:35     -459.475464        0.268537
FIRE:  458 10:39:36     -459.476685        0.267688
FIRE:  459 10:39:36     -459.478058        0.266640
FIRE:  460 10:39:36     -459.479980        0.265355
FIRE:  461 10:39:37     -459.482239        0.263753
FIRE:  462 10:39:37     -459.485321        0.261754
FIRE:  463 10:39:38     -459.489410        0.259278
FIRE:  464 10:39:38     -459.494751        0.256179
FIRE:  465 10:39:39     -459.501404        0.252328
FIRE:  466 10:39:39     -459.506897        0.247531
FIRE:  467 10:39:40     -459.490906        0.577712
FIRE:  468 10:39:40     -459.519409        0.241683
FIRE:  469 10:39:41     -459.497101        0.510346
FIRE:  470 10:39:41     -459.507141        0.383142
FIRE:  471 10:39:42     -459.517822        0.241422
FIRE:  472 10:39:42     -459.519287        0.241276
FIRE:  473 10:39:42     -459.519409        0.241269
FIRE:  474 10:39:43     -459.519653        0.241251
FIRE:  475 10:39:43     -459.519897        0.241219
FIRE:  476 10:39:44     -459.520142        0.241174
FIRE:  477 10:39:44     -459.520325        0.241125
FIRE:  478 10:39:45     -459.520416        0.241063
FIRE:  479 10:39:45     -459.520477        0.240983
FIRE:  480 10:39:46     -459.520477        0.240883
FIRE:  481 10:39:46     -459.520508        0.240761
FIRE:  482 10:39:47     -459.520630        0.240610
FIRE:  483 10:39:47     -459.520905        0.240427
FIRE:  484 10:39:48     -459.521271        0.240202
FIRE:  485 10:39:48     -459.521576        0.239925
FIRE:  486 10:39:49     -459.521820        0.239587
FIRE:  487 10:39:49     -459.522156        0.239169
FIRE:  488 10:39:49     -459.522736        0.238664
FIRE:  489 10:39:50     -459.523346        0.238039
FIRE:  490 10:39:50     -459.523895        0.237268
FIRE:  491 10:39:51     -459.524719        0.236336
FIRE:  492 10:39:51     -459.525604        0.235202
FIRE:  493 10:39:52     -459.526520        0.233820
FIRE:  494 10:39:52     -459.527618        0.232153
FIRE:  495 10:39:53     -459.528625        0.230136
FIRE:  496 10:39:53     -459.529602        0.227710
FIRE:  497 10:39:54     -459.530640        0.224818
FIRE:  498 10:39:54     -459.531433        0.221375
FIRE:  499 10:39:55     -459.531860        0.217175
FIRE:  500 10:39:55     -459.531097        0.212321
FIRE:  501 10:39:56     -459.517670        0.405901
FIRE:  502 10:39:56     -459.365875        1.407974
FIRE:  503 10:39:56     -459.520203        0.386858
FIRE:  504 10:39:57     -459.526245        0.269482
FIRE:  505 10:39:57     -459.531372        0.199968
FIRE:  506 10:39:58     -459.529877        0.199923
FIRE:  507 10:39:58     -459.530151        0.199915
FIRE:  508 10:39:59     -459.530609        0.199912
FIRE:  509 10:39:59     -459.531097        0.199901
FIRE:  510 10:40:00     -459.531494        0.199874
FIRE:  511 10:40:00     -459.531677        0.199852
FIRE:  512 10:40:01     -459.531616        0.199810
FIRE:  513 10:40:01     -459.531403        0.199768
FIRE:  514 10:40:02     -459.531189        0.199712
FIRE:  515 10:40:02     -459.531128        0.199630
FIRE:  516 10:40:02     -459.531281        0.199538
FIRE:  517 10:40:03     -459.531555        0.199408
FIRE:  518 10:40:03     -459.531708        0.199237
FIRE:  519 10:40:04     -459.531555        0.198996
FIRE:  520 10:40:04     -459.531372        0.198698
FIRE:  521 10:40:05     -459.531525        0.198325
FIRE:  522 10:40:05     -459.531738        0.197862
FIRE:  523 10:40:06     -459.531525        0.197301
FIRE:  524 10:40:06     -459.531555        0.196644
FIRE:  525 10:40:07     -459.531738        0.195887
FIRE:  526 10:40:07     -459.531525        0.194995
FIRE:  527 10:40:08     -459.531769        0.193966
FIRE:  528 10:40:08     -459.531555        0.192666
FIRE:  529 10:40:08     -459.531647        0.191059
FIRE:  530 10:40:09     -459.531738        0.189133
FIRE:  531 10:40:09     -459.531494        0.186897
FIRE:  532 10:40:10     -459.530457        0.184181
FIRE:  533 10:40:10     -459.524933        0.281154
FIRE:  534 10:40:11     -459.488983        0.711332
FIRE:  535 10:40:11     -459.531036        0.176679
FIRE:  536 10:40:12     -459.531128        0.176660
FIRE:  537 10:40:12     -459.531250        0.176651
FIRE:  538 10:40:13     -459.531250        0.176630
FIRE:  539 10:40:13     -459.531158        0.176578
FIRE:  540 10:40:14     -459.531097        0.176516
FIRE:  541 10:40:14     -459.531158        0.176410
FIRE:  542 10:40:14     -459.531189        0.176252
FIRE:  543 10:40:15     -459.531158        0.176021
FIRE:  544 10:40:15     -459.531067        0.175685
FIRE:  545 10:40:16     -459.531067        0.175259
FIRE:  546 10:40:16     -459.531067        0.174736
FIRE:  547 10:40:17     -459.530945        0.174107
FIRE:  548 10:40:17     -459.530945        0.173368
FIRE:  549 10:40:18     -459.530762        0.172488
FIRE:  550 10:40:18     -459.530701        0.171484
FIRE:  551 10:40:19     -459.530426        0.170231
FIRE:  552 10:40:19     -459.530212        0.168550
FIRE:  553 10:40:20     -459.529907        0.166378
FIRE:  554 10:40:20     -459.529419        0.163902
FIRE:  555 10:40:21     -459.528564        0.161038
FIRE:  556 10:40:21     -459.525513        0.178191
FIRE:  557 10:40:21     -459.497803        0.643141
FIRE:  558 10:40:22     -459.525177        0.152520
FIRE:  559 10:40:22     -459.525543        0.152515
FIRE:  560 10:40:23     -459.525848        0.152495
FIRE:  561 10:40:23     -459.525757        0.152443
FIRE:  562 10:40:24     -459.525421        0.152356
FIRE:  563 10:40:24     -459.525269        0.152234
FIRE:  564 10:40:25     -459.525360        0.152060
FIRE:  565 10:40:25     -459.525391        0.151846
FIRE:  566 10:40:26     -459.525116        0.151543
FIRE:  567 10:40:26     -459.524750        0.151143
FIRE:  568 10:40:27     -459.524628        0.150647
FIRE:  569 10:40:27     -459.524292        0.150002
FIRE:  570 10:40:28     -459.523682        0.149200
FIRE:  571 10:40:28     -459.523254        0.148264
FIRE:  572 10:40:29     -459.522278        0.147166
FIRE:  573 10:40:29     -459.521393        0.145850
FIRE:  574 10:40:30     -459.519806        0.147579
FIRE:  575 10:40:30     -459.517822        0.157598
FIRE:  576 10:40:30     -459.515228        0.169848
FIRE:  577 10:40:31     -459.511322        0.183919
FIRE:  578 10:40:31     -459.504181        0.199957
FIRE:  579 10:40:32     -459.479065        0.539097
FIRE:  580 10:40:32     -459.498840        0.217459
FIRE:  581 10:40:33     -459.498810        0.217155
FIRE:  582 10:40:33     -459.498688        0.216652
FIRE:  583 10:40:34     -459.498444        0.216039
FIRE:  584 10:40:34     -459.498108        0.215420
FIRE:  585 10:40:35     -459.497711        0.215004
FIRE:  586 10:40:35     -459.497253        0.214911
FIRE:  587 10:40:36     -459.496735        0.215288
FIRE:  588 10:40:36     -459.496033        0.216340
FIRE:  589 10:40:36     -459.495148        0.218236
FIRE:  590 10:40:37     -459.494019        0.220991
FIRE:  591 10:40:37     -459.492615        0.224414
FIRE:  592 10:40:38     -459.490845        0.227967
FIRE:  593 10:40:38     -459.488647        0.230916
FIRE:  594 10:40:39     -459.485870        0.232858
FIRE:  595 10:40:39     -459.482483        0.234047
FIRE:  596 10:40:40     -459.478271        0.235202
FIRE:  597 10:40:40     -459.473206        0.236194
FIRE:  598 10:40:41     -459.467010        0.234839
FIRE:  599 10:40:41     -459.459320        0.227099
FIRE:  600 10:40:41     -459.448792        0.212484
FIRE:  601 10:40:42     -459.431091        0.198493
FIRE:  602 10:40:42     -459.376556        0.745242
FIRE:  603 10:40:43     -459.409363        0.239527
FIRE:  604 10:40:43     -459.409576        0.239172
FIRE:  605 10:40:44     -459.409607        0.238635
FIRE:  606 10:40:44     -459.409058        0.238161
FIRE:  607 10:40:45     -459.408142        0.237959
FIRE:  608 10:40:45     -459.407257        0.238136
FIRE:  609 10:40:46     -459.406525        0.238778
FIRE:  610 10:40:46     -459.405609        0.240007
FIRE:  611 10:40:47     -459.404175        0.242185
FIRE:  612 10:40:47     -459.402435        0.245523
FIRE:  613 10:40:47     -459.400726        0.250185
FIRE:  614 10:40:48     -459.398529        0.256267
FIRE:  615 10:40:48     -459.395966        0.262993
FIRE:  616 10:40:49     -459.393646        0.268757
FIRE:  617 10:40:49     -459.391235        0.272076
FIRE:  618 10:40:50     -459.389984        0.272212
FIRE:  619 10:40:50     -459.390045        0.268744
FIRE:  620 10:40:51     -459.392609        0.259142
FIRE:  621 10:40:51     -459.397949        0.237655
FIRE:  622 10:40:52     -459.404816        0.197075
FIRE:  623 10:40:52     -459.410400        0.211256
FIRE:  624 10:40:53     -459.403046        0.613797
FIRE:  625 10:40:53     -459.426910        0.233693
FIRE:  626 10:40:54     -459.427063        0.230180
FIRE:  627 10:40:54     -459.427307        0.223546
FIRE:  628 10:40:55     -459.427643        0.214565
FIRE:  629 10:40:55     -459.427979        0.204369
FIRE:  630 10:40:55     -459.428375        0.199336
FIRE:  631 10:40:56     -459.428772        0.214550
FIRE:  632 10:40:56     -459.429199        0.226828
FIRE:  633 10:40:57     -459.429626        0.235242
FIRE:  634 10:40:57     -459.430084        0.237220
FIRE:  635 10:40:58     -459.430573        0.230702
FIRE:  636 10:40:58     -459.431030        0.214843
FIRE:  637 10:40:59     -459.431396        0.193399
FIRE:  638 10:40:59     -459.431671        0.196076
FIRE:  639 10:41:00     -459.431885        0.185335
FIRE:  640 10:41:00     -459.432159        0.155115
FIRE:  641 10:41:01     -459.432587        0.109839
FIRE:  642 10:41:01     -459.433411        0.106689
FIRE:  643 10:41:01     -459.434692        0.105536
FIRE:  644 10:41:02     -459.436096        0.115832
FIRE:  645 10:41:02     -459.436707        0.119598
FIRE:  646 10:41:03     -459.431549        0.331225
FIRE:  647 10:41:03     -459.438965        0.098939
FIRE:  648 10:41:04     -459.433868        0.293630
FIRE:  649 10:41:04     -459.436218        0.224042
FIRE:  650 10:41:05     -459.438843        0.102131
FIRE:  651 10:41:05     -459.439484        0.086535
FIRE:  652 10:41:06     -459.439514        0.086271
FIRE:  653 10:41:06     -459.439545        0.085757
FIRE:  654 10:41:07     -459.439606        0.085015
FIRE:  655 10:41:07     -459.439667        0.084531
FIRE:  656 10:41:07     -459.439728        0.084071
FIRE:  657 10:41:08     -459.439789        0.083780
FIRE:  658 10:41:08     -459.439850        0.083644
FIRE:  659 10:41:09     -459.439911        0.084298
FIRE:  660 10:41:09     -459.439972        0.083556
FIRE:  661 10:41:10     -459.440094        0.083534
FIRE:  662 10:41:10     -459.440247        0.083581
FIRE:  663 10:41:11     -459.440399        0.084941
FIRE:  664 10:41:11     -459.440582        0.083469
FIRE:  665 10:41:12     -459.440796        0.083438
FIRE:  666 10:41:12     -459.441010        0.085392
FIRE:  667 10:41:13     -459.441254        0.083938
FIRE:  668 10:41:13     -459.441589        0.083587
FIRE:  669 10:41:14     -459.441895        0.084825
FIRE:  670 10:41:14     -459.442230        0.083076
FIRE:  671 10:41:14     -459.442596        0.084504
FIRE:  672 10:41:15     -459.442932        0.084963
FIRE:  673 10:41:15     -459.443298        0.084708
FIRE:  674 10:41:16     -459.443573        0.084098
FIRE:  675 10:41:16     -459.443848        0.085928
FIRE:  676 10:41:17     -459.444000        0.084048
FIRE:  677 10:41:17     -459.444031        0.086296
FIRE:  678 10:41:18     -459.443909        0.084170
FIRE:  679 10:41:18     -459.443420        0.103093
FIRE:  680 10:41:19     -459.440155        0.239515
FIRE:  681 10:41:19     -459.443939        0.096877
FIRE:  682 10:41:20     -459.441040        0.216433
FIRE:  683 10:41:20     -459.442322        0.163469
FIRE:  684 10:41:21     -459.443726        0.088483
FIRE:  685 10:41:21     -459.443939        0.089573
FIRE:  686 10:41:21     -459.443970        0.089473
FIRE:  687 10:41:22     -459.444000        0.089272
FIRE:  688 10:41:22     -459.444031        0.088981
FIRE:  689 10:41:23     -459.444031        0.088610
FIRE:  690 10:41:23     -459.444061        0.089037
FIRE:  691 10:41:24     -459.444061        0.089339
FIRE:  692 10:41:24     -459.444092        0.089246
FIRE:  693 10:41:25     -459.444092        0.089116
FIRE:  694 10:41:25     -459.444092        0.088953
FIRE:  695 10:41:26     -459.444092        0.087054
FIRE:  696 10:41:26     -459.444122        0.086050
FIRE:  697 10:41:27     -459.444153        0.089961
FIRE:  698 10:41:27     -459.444214        0.090679
FIRE:  699 10:41:28     -459.444244        0.090675
FIRE:  700 10:41:28     -459.444275        0.086359
FIRE:  701 10:41:29     -459.444336        0.085805
FIRE:  702 10:41:29     -459.444427        0.088782
FIRE:  703 10:41:30     -459.444519        0.088869
FIRE:  704 10:41:30     -459.444580        0.088121
FIRE:  705 10:41:31     -459.444702        0.089767
FIRE:  706 10:41:31     -459.444794        0.088864
FIRE:  707 10:41:32     -459.444916        0.089350
FIRE:  708 10:41:32     -459.445068        0.088539
FIRE:  709 10:41:32     -459.445221        0.096385
FIRE:  710 10:41:33     -459.445404        0.095489
FIRE:  711 10:41:33     -459.445587        0.098401
FIRE:  712 10:41:34     -459.445770        0.100189
FIRE:  713 10:41:34     -459.445587        0.131000
FIRE:  714 10:41:35     -459.442322        0.246732
FIRE:  715 10:41:35     -459.406830        0.790251
FIRE:  716 10:41:36     -459.444275        0.187295
FIRE:  717 10:41:36     -459.445465        0.130094
FIRE:  718 10:41:37     -459.446503        0.101701
FIRE:  719 10:41:37     -459.446289        0.095793
FIRE:  720 10:41:38     -459.446320        0.095718
FIRE:  721 10:41:38     -459.446381        0.095573
FIRE:  722 10:41:38     -459.446472        0.095066
FIRE:  723 10:41:39     -459.446533        0.094242
FIRE:  724 10:41:39     -459.446594        0.093053
FIRE:  725 10:41:40     -459.446594        0.091580
FIRE:  726 10:41:40     -459.446564        0.093186
FIRE:  727 10:41:41     -459.446503        0.092763
FIRE:  728 10:41:41     -459.446503        0.097147
FIRE:  729 10:41:42     -459.446533        0.099595
FIRE:  730 10:41:42     -459.446564        0.099549
FIRE:  731 10:41:43     -459.446594        0.096886
FIRE:  732 10:41:43     -459.446594        0.095034
FIRE:  733 10:41:44     -459.446564        0.094270
FIRE:  734 10:41:44     -459.446594        0.095126
FIRE:  735 10:41:45     -459.446655        0.095487
FIRE:  736 10:41:45     -459.446625        0.093103
FIRE:  737 10:41:45     -459.446655        0.094233
FIRE:  738 10:41:46     -459.446716        0.095865
FIRE:  739 10:41:46     -459.446686        0.095763
FIRE:  740 10:41:47     -459.446777        0.095858
FIRE:  741 10:41:47     -459.446777        0.095259
FIRE:  742 10:41:48     -459.446869        0.106524
FIRE:  743 10:41:48     -459.446899        0.090945
FIRE:  744 10:41:49     -459.446899        0.225122
FIRE:  745 10:41:49     -459.446869        0.148385
FIRE:  746 10:41:50     -459.446289        0.111929
FIRE:  747 10:41:50     -459.440674        0.317834
FIRE:  748 10:41:51     -459.447174        0.093612
FIRE:  749 10:41:51     -459.447205        0.094638
FIRE:  750 10:41:51     -459.447205        0.096999
FIRE:  751 10:41:52     -459.447205        0.101044
FIRE:  752 10:41:52     -459.447205        0.106789
FIRE:  753 10:41:53     -459.447205        0.113640
FIRE:  754 10:41:53     -459.447205        0.120517
FIRE:  755 10:41:54     -459.447205        0.102268
FIRE:  756 10:41:54     -459.447235        0.106540
FIRE:  757 10:41:55     -459.447235        0.111507
FIRE:  758 10:41:55     -459.447235        0.131391
FIRE:  759 10:41:56     -459.447266        0.133479
FIRE:  760 10:41:56     -459.447235        0.131012
FIRE:  761 10:41:57     -459.447266        0.137958
FIRE:  762 10:41:57     -459.447296        0.116642
FIRE:  763 10:41:58     -459.447296        0.090142
FIRE:  764 10:41:58     -459.447296        0.091018
FIRE:  765 10:41:58     -459.447357        0.135085
FIRE:  766 10:41:59     -459.447388        0.174973
FIRE:  767 10:41:59     -459.447418        0.113110
FIRE:  768 10:42:00     -459.447388        0.163973
FIRE:  769 10:42:00     -459.446869        0.191061
FIRE:  770 10:42:01     -459.439209        0.355551
FIRE:  771 10:42:01     -459.447357        0.112804
FIRE:  772 10:42:02     -459.447449        0.138687
FIRE:  773 10:42:02     -459.447510        0.110488
FIRE:  774 10:42:03     -459.447510        0.132912
FIRE:  775 10:42:03     -459.447449        0.105595
FIRE:  776 10:42:04     -459.447449        0.153355
FIRE:  777 10:42:04     -459.447479        0.141432
FIRE:  778 10:42:05     -459.447510        0.104121
FIRE:  779 10:42:05     -459.447510        0.097922
FIRE:  780 10:42:05     -459.447479        0.098736
FIRE:  781 10:42:06     -459.447510        0.098644
FIRE:  782 10:42:06     -459.447510        0.094320
FIRE:  783 10:42:07     -459.447479        0.154597
FIRE:  784 10:42:07     -459.447540        0.103713
FIRE:  785 10:42:08     -459.447510        0.127398
FIRE:  786 10:42:08     -459.447540        0.122580
FIRE:  787 10:42:09     -459.447510        0.139696
FIRE:  788 10:42:09     -459.447540        0.116536
FIRE:  789 10:42:10     -459.447571        0.100010
FIRE:  790 10:42:10     -459.447601        0.224596
FIRE:  791 10:42:11     -459.447601        0.117765
FIRE:  792 10:42:11     -459.447357        0.120751
FIRE:  793 10:42:11     -459.441284        0.314459
FIRE:  794 10:42:12     -459.447296        0.149401
FIRE:  795 10:42:12     -459.447479        0.144095
FIRE:  796 10:42:13     -459.447662        0.134549
FIRE:  797 10:42:13     -459.447632        0.102038
FIRE:  798 10:42:14     -459.447479        0.104744
FIRE:  799 10:42:14     -459.447479        0.104479
FIRE:  800 10:42:15     -459.447601        0.101571
FIRE:  801 10:42:15     -459.447662        0.107556
FIRE:  802 10:42:16     -459.447571        0.116572
FIRE:  803 10:42:16     -459.447540        0.128028
FIRE:  804 10:42:17     -459.447632        0.137709
FIRE:  805 10:42:17     -459.447632        0.140024
FIRE:  806 10:42:17     -459.447571        0.112160
FIRE:  807 10:42:18     -459.447662        0.159961
FIRE:  808 10:42:18     -459.447571        0.108767
FIRE:  809 10:42:19     -459.447662        0.108010
FIRE:  810 10:42:19     -459.447632        0.119248
FIRE:  811 10:42:20     -459.447510        0.116141
FIRE:  812 10:42:20     -459.447449        0.158287
FIRE:  813 10:42:21     -459.447174        0.222138
FIRE:  814 10:42:21     -459.444855        0.232103
FIRE:  815 10:42:22     -459.447693        0.170723
FIRE:  816 10:42:22     -459.445648        0.176571
FIRE:  817 10:42:23     -459.446503        0.135440
FIRE:  818 10:42:23     -459.447449        0.136851
FIRE:  819 10:42:23     -459.447662        0.105170
FIRE:  820 10:42:24     -459.447174        0.104611
FIRE:  821 10:42:24     -459.447235        0.104486
FIRE:  822 10:42:25     -459.447327        0.104253
FIRE:  823 10:42:25     -459.447449        0.103930
FIRE:  824 10:42:26     -459.447571        0.109310
FIRE:  825 10:42:26     -459.447662        0.145938
FIRE:  826 10:42:27     -459.447693        0.146275
FIRE:  827 10:42:27     -459.447693        0.109819
FIRE:  828 10:42:28     -459.447632        0.109325
FIRE:  829 10:42:28     -459.447571        0.103792
FIRE:  830 10:42:29     -459.447540        0.103714
FIRE:  831 10:42:29     -459.447571        0.103450
FIRE:  832 10:42:30     -459.447632        0.103126
FIRE:  833 10:42:30     -459.447693        0.151184
FIRE:  834 10:42:31     -459.447662        0.149714
FIRE:  835 10:42:31     -459.447632        0.109890
FIRE:  836 10:42:31     -459.447632        0.105521
FIRE:  837 10:42:32     -459.447693        0.106032
FIRE:  838 10:42:32     -459.447693        0.104848
FIRE:  839 10:42:33     -459.447632        0.116022
FIRE:  840 10:42:33     -459.447693        0.167196
FIRE:  841 10:42:34     -459.447662        0.152396
FIRE:  842 10:42:34     -459.447662        0.122693
FIRE:  843 10:42:35     -459.447662        0.129744
FIRE:  844 10:42:35     -459.447693        0.108350
FIRE:  845 10:42:36     -459.447632        0.231953
FIRE:  846 10:42:36     -459.447693        0.112376
FIRE:  847 10:42:37     -459.447723        0.128393
FIRE:  848 10:42:37     -459.447723        0.141019
FIRE:  849 10:42:38     -459.447662        0.117058
FIRE:  850 10:42:38     -459.446442        0.218341
FIRE:  851 10:42:39     -459.418732        0.658695
FIRE:  852 10:42:39     -459.443268        0.262183
FIRE:  853 10:42:39     -459.445892        0.169460
FIRE:  854 10:42:40     -459.447723        0.123415
FIRE:  855 10:42:40     -459.446655        0.127962
FIRE:  856 10:42:41     -459.446838        0.116790
FIRE:  857 10:42:41     -459.447144        0.115378
FIRE:  858 10:42:42     -459.447479        0.115101
FIRE:  859 10:42:42     -459.447693        0.114825
FIRE:  860 10:42:43     -459.447754        0.114612
FIRE:  861 10:42:43     -459.447662        0.114536
FIRE:  862 10:42:44     -459.447510        0.157633
FIRE:  863 10:42:44     -459.447418        0.157888
FIRE:  864 10:42:45     -459.447418        0.154139
FIRE:  865 10:42:45     -459.447571        0.115060
FIRE:  866 10:42:45     -459.447723        0.117301
FIRE:  867 10:42:46     -459.447723        0.117722
FIRE:  868 10:42:46     -459.447571        0.117450
FIRE:  869 10:42:47     -459.447540        0.117151
FIRE:  870 10:42:47     -459.447693        0.118509
FIRE:  871 10:42:48     -459.447723        0.184345
FIRE:  872 10:42:48     -459.447571        0.166772
FIRE:  873 10:42:49     -459.447723        0.136315
FIRE:  874 10:42:49     -459.447662        0.139173
FIRE:  875 10:42:50     -459.447662        0.144707
FIRE:  876 10:42:50     -459.447693        0.121880
FIRE:  877 10:42:50     -459.447723        0.141034
FIRE:  878 10:42:51     -459.447571        0.294553
FIRE:  879 10:42:51     -459.447693        0.127451
FIRE:  880 10:42:52     -459.447754        0.267545
FIRE:  881 10:42:52     -459.447754        0.125281
FIRE:  882 10:42:53     -459.447754        0.265030
FIRE:  883 10:42:53     -459.447571        0.197270
FIRE:  884 10:42:54     -459.442322        0.308074
FIRE:  885 10:42:54     -459.446686        0.135170
FIRE:  886 10:42:55     -459.447327        0.134234
FIRE:  887 10:42:55     -459.447784        0.134266
FIRE:  888 10:42:56     -459.447479        0.134334
FIRE:  889 10:42:56     -459.447540        0.134345
FIRE:  890 10:42:57     -459.447632        0.134348
FIRE:  891 10:42:57     -459.447693        0.134350
FIRE:  892 10:42:57     -459.447754        0.134365
FIRE:  893 10:42:58     -459.447784        0.134374
FIRE:  894 10:42:58     -459.447754        0.179614
FIRE:  895 10:42:59     -459.447693        0.173707
FIRE:  896 10:42:59     -459.447662        0.129321
FIRE:  897 10:43:00     -459.447693        0.128133
FIRE:  898 10:43:00     -459.447723        0.127622
FIRE:  899 10:43:01     -459.447784        0.127588
FIRE:  900 10:43:01     -459.447754        0.127703
FIRE:  901 10:43:02     -459.447723        0.149051
FIRE:  902 10:43:02     -459.447723        0.144727
FIRE:  903 10:43:03     -459.447754        0.129860
FIRE:  904 10:43:03     -459.447754        0.129843
FIRE:  905 10:43:03     -459.447723        0.128652
FIRE:  906 10:43:04     -459.447784        0.132918
FIRE:  907 10:43:04     -459.447723        0.196851
FIRE:  908 10:43:05     -459.447784        0.162800
FIRE:  909 10:43:05     -459.447754        0.139985
FIRE:  910 10:43:06     -459.447784        0.142050
FIRE:  911 10:43:06     -459.447754        0.136095
FIRE:  912 10:43:07     -459.447693        0.204861
FIRE:  913 10:43:07     -459.447601        0.138693
FIRE:  914 10:43:08     -459.446960        0.136079
FIRE:  915 10:43:08     -459.441223        0.310460
FIRE:  916 10:43:09     -459.447784        0.138969
FIRE:  917 10:43:09     -459.442322        0.284239
FIRE:  918 10:43:10     -459.444794        0.210573
FIRE:  919 10:43:10     -459.447327        0.138548
FIRE:  920 10:43:11     -459.447510        0.137070
FIRE:  921 10:43:11     -459.447540        0.136932
FIRE:  922 10:43:11     -459.447601        0.136703
FIRE:  923 10:43:12     -459.447693        0.136503
FIRE:  924 10:43:12     -459.447754        0.136225
FIRE:  925 10:43:13     -459.447784        0.136155
FIRE:  926 10:43:13     -459.447784        0.147802
FIRE:  927 10:43:14     -459.447784        0.151718
FIRE:  928 10:43:14     -459.447754        0.153861
FIRE:  929 10:43:15     -459.447723        0.138087
FIRE:  930 10:43:15     -459.447693        0.137569
FIRE:  931 10:43:16     -459.447723        0.138205
FIRE:  932 10:43:16     -459.447784        0.140482
FIRE:  933 10:43:17     -459.447784        0.168761
FIRE:  934 10:43:17     -459.447754        0.140618
FIRE:  935 10:43:17     -459.447754        0.165208
FIRE:  936 10:43:18     -459.447754        0.153479
FIRE:  937 10:43:18     -459.447784        0.139277
FIRE:  938 10:43:19     -459.447754        0.140011
FIRE:  939 10:43:19     -459.447784        0.140428
FIRE:  940 10:43:20     -459.447784        0.137721
FIRE:  941 10:43:20     -459.447754        0.176603
FIRE:  942 10:43:21     -459.447784        0.152214
FIRE:  943 10:43:21     -459.447754        0.176041
FIRE:  944 10:43:22     -459.447784        0.140477
FIRE:  945 10:43:22     -459.447784        0.181297
FIRE:  946 10:43:23     -459.447754        0.142269
FIRE:  947 10:43:23     -459.447601        0.217281
FIRE:  948 10:43:23     -459.446594        0.191494
FIRE:  949 10:43:24     -459.437195        0.399975
FIRE:  950 10:43:24     -459.447754        0.238820
FIRE:  951 10:43:25     -459.447784        0.226440
FIRE:  952 10:43:25     -459.447815        0.203555
FIRE:  953 10:43:26     -459.447815        0.174089
FIRE:  954 10:43:26     -459.447784        0.144710
FIRE:  955 10:43:27     -459.447784        0.152983
FIRE:  956 10:43:27     -459.447784        0.173099
FIRE:  957 10:43:28     -459.447784        0.185510
FIRE:  958 10:43:28     -459.447784        0.183240
FIRE:  959 10:43:29     -459.447784        0.154507
FIRE:  960 10:43:29     -459.447784        0.148734
FIRE:  961 10:43:30     -459.447815        0.145848
FIRE:  962 10:43:30     -459.447815        0.145461
FIRE:  963 10:43:31     -459.447815        0.148511
FIRE:  964 10:43:31     -459.447815        0.172605
FIRE:  965 10:43:32     -459.447815        0.160321
FIRE:  966 10:43:32     -459.447815        0.145317
FIRE:  967 10:43:32     -459.447815        0.145916
FIRE:  968 10:43:33     -459.447815        0.146241
FIRE:  969 10:43:33     -459.447784        0.176123
FIRE:  970 10:43:34     -459.447723        0.195305
FIRE:  971 10:43:34     -459.446594        0.243217
FIRE:  972 10:43:35     -459.431091        0.508181
FIRE:  973 10:43:35     -459.447327        0.166294
FIRE:  974 10:43:36     -459.447571        0.163338
FIRE:  975 10:43:36     -459.447815        0.157959
FIRE:  976 10:43:37     -459.447754        0.151008
FIRE:  977 10:43:37     -459.447601        0.148861
FIRE:  978 10:43:38     -459.447571        0.151743
FIRE:  979 10:43:38     -459.447723        0.156664
FIRE:  980 10:43:38     -459.447815        0.163533
FIRE:  981 10:43:39     -459.447754        0.170428
FIRE:  982 10:43:39     -459.447662        0.190996
FIRE:  983 10:43:40     -459.447784        0.182170
FIRE:  984 10:43:40     -459.447784        0.159588
FIRE:  985 10:43:41     -459.447693        0.154666
FIRE:  986 10:43:41     -459.447815        0.171993
FIRE:  987 10:43:42     -459.447693        0.159354
FIRE:  988 10:43:42     -459.447815        0.166112
FIRE:  989 10:43:43     -459.447693        0.181148
FIRE:  990 10:43:43     -459.447723        0.178250
FIRE:  991 10:43:44     -459.447784        0.152078
FIRE:  992 10:43:44     -459.447815        0.198654
FIRE:  993 10:43:45     -459.447784        0.159178
FIRE:  994 10:43:45     -459.447449        0.180909
FIRE:  995 10:43:46     -459.440247        0.337915
FIRE:  996 10:43:46     -459.447266        0.163733
FIRE:  997 10:43:47     -459.447571        0.163456
FIRE:  998 10:43:47     -459.447815        0.162916
FIRE:  999 10:43:47     -459.447754        0.162214
FIRE:  1000 10:43:48     -459.447571        0.161395
FIRE:  1001 10:43:48     -459.447571        0.160507
FIRE:  1002 10:43:49     -459.447723        0.160297
FIRE:  1003 10:43:49     -459.447815        0.158401
FIRE:  1004 10:43:50     -459.447693        0.155795
FIRE:  1005 10:43:50     -459.447662        0.152263
FIRE:  1006 10:43:51     -459.447815        0.151574
FIRE:  1007 10:43:51     -459.447754        0.153903
FIRE:  1008 10:43:52     -459.447693        0.150825
FIRE:  1009 10:43:52     -459.447815        0.155942
FIRE:  1010 10:43:53     -459.447693        0.162677
FIRE:  1011 10:43:53     -459.447784        0.166240
FIRE:  1012 10:43:53     -459.447784        0.151348
FIRE:  1013 10:43:54     -459.447632        0.168024
FIRE:  1014 10:43:54     -459.447540        0.158849
FIRE:  1015 10:43:55     -459.447113        0.149011
FIRE:  1016 10:43:55     -459.447784        0.163569
FIRE:  1017 10:43:56     -459.447479        0.147216
FIRE:  1018 10:43:56     -459.447632        0.159568
FIRE:  1019 10:43:57     -459.447754        0.159249
FIRE:  1020 10:43:57     -459.447815        0.158533
FIRE:  1021 10:43:58     -459.447784        0.157458
FIRE:  1022 10:43:58     -459.447693        0.120325
FIRE:  1023 10:43:59     -459.447693        0.153475
FIRE:  1024 10:43:59     -459.447754        0.153863
FIRE:  1025 10:43:59     -459.447815        0.120029
FIRE:  1026 10:44:00     -459.447815        0.151546
FIRE:  1027 10:44:00     -459.447754        0.148795
FIRE:  1028 10:44:01     -459.447754        0.145422
FIRE:  1029 10:44:01     -459.447815        0.147578
FIRE:  1030 10:44:02     -459.447815        0.149634
FIRE:  1031 10:44:02     -459.447754        0.148584
FIRE:  1032 10:44:03     -459.447845        0.146232
FIRE:  1033 10:44:03     -459.447754        0.153506
FIRE:  1034 10:44:04     -459.447845        0.160226
FIRE:  1035 10:44:04     -459.447784        0.161653
FIRE:  1036 10:44:05     -459.447754        0.159435
FIRE:  1037 10:44:05     -459.447815        0.161719
FIRE:  1038 10:44:06     -459.447784        0.178447
FIRE:  1039 10:44:06     -459.447449        0.196231
FIRE:  1040 10:44:07     -459.441956        0.297013
FIRE:  1041 10:44:07     -459.368103        1.080176
FIRE:  1042 10:44:08     -459.443817        0.249141
FIRE:  1043 10:44:08     -459.445953        0.189626
FIRE:  1044 10:44:08     -459.447723        0.185883
FIRE:  1045 10:44:09     -459.447266        0.176798
FIRE:  1046 10:44:09     -459.447327        0.176541
FIRE:  1047 10:44:10     -459.447479        0.177756
FIRE:  1048 10:44:10     -459.447662        0.176981
FIRE:  1049 10:44:11     -459.447784        0.174568
FIRE:  1050 10:44:11     -459.447845        0.173560
FIRE:  1051 10:44:12     -459.447815        0.172447
FIRE:  1052 10:44:12     -459.447754        0.171295
FIRE:  1053 10:44:13     -459.447693        0.170064
FIRE:  1054 10:44:13     -459.447662        0.168789
FIRE:  1055 10:44:14     -459.447723        0.167632
FIRE:  1056 10:44:14     -459.447815        0.166671
FIRE:  1057 10:44:15     -459.447845        0.164773
FIRE:  1058 10:44:15     -459.447784        0.164912
FIRE:  1059 10:44:15     -459.447723        0.167249
FIRE:  1060 10:44:16     -459.447784        0.169022
FIRE:  1061 10:44:16     -459.447845        0.171497
FIRE:  1062 10:44:17     -459.447754        0.175690
FIRE:  1063 10:44:17     -459.447815        0.177983
FIRE:  1064 10:44:18     -459.447815        0.178950
FIRE:  1065 10:44:18     -459.447784        0.178301
FIRE:  1066 10:44:19     -459.447845        0.177253
FIRE:  1067 10:44:19     -459.447784        0.178934
FIRE:  1068 10:44:20     -459.447754        0.182725
FIRE:  1069 10:44:20     -459.447815        0.189754
FIRE:  1070 10:44:21     -459.447815        0.193327
FIRE:  1071 10:44:21     -459.447754        0.192053
FIRE:  1072 10:44:21     -459.446777        0.195423
FIRE:  1073 10:44:22     -459.433044        0.484874
FIRE:  1074 10:44:22     -459.262451        1.674739
FIRE:  1075 10:44:23     -459.435608        0.439507
FIRE:  1076 10:44:23     -459.442261        0.297316
FIRE:  1077 10:44:24     -459.447632        0.186749
FIRE:  1078 10:44:24     -459.445587        0.185053
FIRE:  1079 10:44:25     -459.445953        0.175101
FIRE:  1080 10:44:25     -459.446533        0.173777
FIRE:  1081 10:44:26     -459.447174        0.172895
FIRE:  1082 10:44:26     -459.447662        0.171744
FIRE:  1083 10:44:27     -459.447845        0.170349
FIRE:  1084 10:44:27     -459.447723        0.168778
FIRE:  1085 10:44:28     -459.447449        0.166419
FIRE:  1086 10:44:28     -459.447205        0.164629
FIRE:  1087 10:44:29     -459.447144        0.162155
FIRE:  1088 10:44:29     -459.447357        0.160390
FIRE:  1089 10:44:29     -459.447693        0.158838
FIRE:  1090 10:44:30     -459.447845        0.157689
FIRE:  1091 10:44:30     -459.447601        0.157223
FIRE:  1092 10:44:31     -459.447418        0.157483
FIRE:  1093 10:44:31     -459.447632        0.158569
FIRE:  1094 10:44:32     -459.447845        0.160356
FIRE:  1095 10:44:32     -459.447571        0.163109
FIRE:  1096 10:44:33     -459.447662        0.165375
FIRE:  1097 10:44:33     -459.447815        0.165443
FIRE:  1098 10:44:34     -459.447571        0.162476
FIRE:  1099 10:44:34     -459.447815        0.158624
FIRE:  1100 10:44:35     -459.447632        0.154939
FIRE:  1101 10:44:35     -459.447632        0.153755
FIRE:  1102 10:44:35     -459.447845        0.155747
FIRE:  1103 10:44:36     -459.447784        0.156060
FIRE:  1104 10:44:36     -459.447235        0.149602
FIRE:  1105 10:44:37     -459.442505        0.289896
FIRE:  1106 10:44:37     -459.404755        0.818009
FIRE:  1107 10:44:38     -459.447479        0.138894
FIRE:  1108 10:44:38     -459.447662        0.138281
FIRE:  1109 10:44:39     -459.447815        0.136709
FIRE:  1110 10:44:39     -459.447815        0.135142
FIRE:  1111 10:44:40     -459.447693        0.133336
FIRE:  1112 10:44:40     -459.447662        0.131152
FIRE:  1113 10:44:41     -459.447754        0.129568
FIRE:  1114 10:44:41     -459.447845        0.127950
FIRE:  1115 10:44:42     -459.447815        0.127474
FIRE:  1116 10:44:42     -459.447754        0.127179
FIRE:  1117 10:44:42     -459.447815        0.127492
FIRE:  1118 10:44:43     -459.447845        0.128365
FIRE:  1119 10:44:43     -459.447754        0.129401
FIRE:  1120 10:44:44     -459.447845        0.130188
FIRE:  1121 10:44:44     -459.447754        0.128960
FIRE:  1122 10:44:45     -459.447845        0.125550
FIRE:  1123 10:44:45     -459.447754        0.121596
FIRE:  1124 10:44:46     -459.447754        0.118670
FIRE:  1125 10:44:46     -459.447815        0.117704
FIRE:  1126 10:44:47     -459.447754        0.116720
FIRE:  1127 10:44:47     -459.447083        0.111743
FIRE:  1128 10:44:48     -459.439667        0.353364
FIRE:  1129 10:44:48     -459.364410        1.120193
FIRE:  1130 10:44:48     -459.444916        0.218673
FIRE:  1131 10:44:49     -459.446411        0.153371
FIRE:  1132 10:44:49     -459.447754        0.098834
FIRE:  1133 10:44:50     -459.447479        0.098538
FIRE:  1134 10:44:50     -459.447540        0.098517
FIRE:  1135 10:44:51     -459.447632        0.098487
FIRE:  1136 10:44:51     -459.447723        0.098438
FIRE:  1137 10:44:52     -459.447815        0.098372
FIRE:  1138 10:44:52     -459.447845        0.098290
FIRE:  1139 10:44:53     -459.447845        0.098196
FIRE:  1140 10:44:53     -459.447815        0.098087
FIRE:  1141 10:44:54     -459.447754        0.097954
FIRE:  1142 10:44:54     -459.447754        0.097798
FIRE:  1143 10:44:55     -459.447784        0.097615
FIRE:  1144 10:44:55     -459.447815        0.097405
FIRE:  1145 10:44:56     -459.447845        0.097157
FIRE:  1146 10:44:56     -459.447815        0.096885
FIRE:  1147 10:44:56     -459.447784        0.096570
FIRE:  1148 10:44:57     -459.447815        0.096221
FIRE:  1149 10:44:57     -459.447876        0.095815
FIRE:  1150 10:44:58     -459.447815        0.095327
FIRE:  1151 10:44:58     -459.447815        0.094718
FIRE:  1152 10:44:59     -459.447876        0.093939
FIRE:  1153 10:44:59     -459.447815        0.092913
FIRE:  1154 10:45:00     -459.447845        0.091604
FIRE:  1155 10:45:00     -459.447815        0.089989
FIRE:  1156 10:45:01     -459.447815        0.088110
FIRE:  1157 10:45:01     -459.447876        0.086098
FIRE:  1158 10:45:02     -459.447845        0.083339
FIRE:  1159 10:45:02     -459.447784        0.079948
FIRE:  1160 10:45:02     -459.446838        0.123113
FIRE:  1161 10:45:03     -459.437469        0.396878
FIRE:  1162 10:45:03     -459.447845        0.077508
FIRE:  1163 10:45:04     -459.447876        0.077536
FIRE:  1164 10:45:04     -459.447876        0.077560
FIRE:  1165 10:45:05     -459.447876        0.077609
FIRE:  1166 10:45:05     -459.447845        0.077668
FIRE:  1167 10:45:06     -459.447876        0.077745
FIRE:  1168 10:45:06     -459.447845        0.077820
FIRE:  1169 10:45:07     -459.447876        0.077909
FIRE:  1170 10:45:07     -459.447845        0.078009
FIRE:  1171 10:45:08     -459.447876        0.078148
FIRE:  1172 10:45:08     -459.447845        0.078308
FIRE:  1173 10:45:08     -459.447876        0.078490
FIRE:  1174 10:45:09     -459.447876        0.078753
FIRE:  1175 10:45:09     -459.447876        0.079069
FIRE:  1176 10:45:10     -459.447876        0.079460
FIRE:  1177 10:45:10     -459.447876        0.079956
FIRE:  1178 10:45:11     -459.447876        0.080516
FIRE:  1179 10:45:11     -459.447876        0.081187
FIRE:  1180 10:45:12     -459.447876        0.082001
FIRE:  1181 10:45:12     -459.447876        0.082975
FIRE:  1182 10:45:13     -459.447845        0.084131
FIRE:  1183 10:45:13     -459.447845        0.085339
FIRE:  1184 10:45:14     -459.446930        0.110000
FIRE:  1185 10:45:14     -459.425842        0.540079
FIRE:  1186 10:45:14     -459.444916        0.202118
FIRE:  1187 10:45:15     -459.446564        0.133088
FIRE:  1188 10:45:15     -459.447845        0.088372
FIRE:  1189 10:45:16     -459.447235        0.095831
FIRE:  1190 10:45:16     -459.447327        0.088388
FIRE:  1191 10:45:17     -459.447510        0.088389
FIRE:  1192 10:45:17     -459.447693        0.088398
FIRE:  1193 10:45:18     -459.447815        0.088399
FIRE:  1194 10:45:18     -459.447845        0.088405
FIRE:  1195 10:45:19     -459.447815        0.088410
FIRE:  1196 10:45:19     -459.447754        0.088405
FIRE:  1197 10:45:20     -459.447662        0.088420
FIRE:  1198 10:45:20     -459.447662        0.088420
FIRE:  1199 10:45:20     -459.447754        0.088432
FIRE:  1200 10:45:21     -459.447845        0.088429
FIRE:  1201 10:45:21     -459.447876        0.088450
FIRE:  1202 10:45:22     -459.447784        0.088464
FIRE:  1203 10:45:22     -459.447754        0.088480
FIRE:  1204 10:45:23     -459.447815        0.088493
FIRE:  1205 10:45:23     -459.447845        0.088522
FIRE:  1206 10:45:24     -459.447784        0.088542
FIRE:  1207 10:45:24     -459.447845        0.088585
FIRE:  1208 10:45:25     -459.447815        0.088621
FIRE:  1209 10:45:25     -459.447815        0.088656
FIRE:  1210 10:45:26     -459.447815        0.088681
FIRE:  1211 10:45:26     -459.447845        0.088719
FIRE:  1212 10:45:27     -459.447754        0.088746
FIRE:  1213 10:45:27     -459.447754        0.088799
FIRE:  1214 10:45:28     -459.447754        0.088788
FIRE:  1215 10:45:28     -459.447479        0.088712
FIRE:  1216 10:45:29     -459.445007        0.226649
FIRE:  1217 10:45:29     -459.422577        0.662894
FIRE:  1218 10:45:30     -459.447266        0.102396
FIRE:  1219 10:45:30     -459.447571        0.088415
FIRE:  1220 10:45:30     -459.447845        0.088405
FIRE:  1221 10:45:31     -459.447815        0.088395
FIRE:  1222 10:45:31     -459.447601        0.088361
FIRE:  1223 10:45:32     -459.447540        0.088356
FIRE:  1224 10:45:32     -459.447723        0.088323
FIRE:  1225 10:45:33     -459.447876        0.088280
FIRE:  1226 10:45:33     -459.447784        0.088234
FIRE:  1227 10:45:34     -459.447662        0.088169
FIRE:  1228 10:45:34     -459.447784        0.088095
FIRE:  1229 10:45:35     -459.447845        0.087996
FIRE:  1230 10:45:35     -459.447723        0.087890
FIRE:  1231 10:45:36     -459.447845        0.087769
FIRE:  1232 10:45:36     -459.447723        0.087592
FIRE:  1233 10:45:37     -459.447845        0.087363
FIRE:  1234 10:45:37     -459.447662        0.087073
FIRE:  1235 10:45:37     -459.447845        0.086728
FIRE:  1236 10:45:38     -459.447845        0.086321
FIRE:  1237 10:45:38     -459.447662        0.085750
FIRE:  1238 10:45:39     -459.446350        0.165285
FIRE:  1239 10:45:39     -459.437927        0.419435
FIRE:  1240 10:45:40     -459.447845        0.084168
FIRE:  1241 10:45:40     -459.447876        0.084150
FIRE:  1242 10:45:41     -459.447876        0.084136
FIRE:  1243 10:45:41     -459.447876        0.084108
FIRE:  1244 10:45:42     -459.447876        0.084082
FIRE:  1245 10:45:42     -459.447876        0.084053
FIRE:  1246 10:45:43     -459.447876        0.084003
FIRE:  1247 10:45:43     -459.447876        0.083948
FIRE:  1248 10:45:43     -459.447876        0.083866
FIRE:  1249 10:45:44     -459.447876        0.083782
FIRE:  1250 10:45:44     -459.447876        0.083650
FIRE:  1251 10:45:45     -459.447876        0.083497
FIRE:  1252 10:45:45     -459.447876        0.083314
FIRE:  1253 10:45:46     -459.447876        0.083074
FIRE:  1254 10:45:46     -459.447876        0.082794
FIRE:  1255 10:45:47     -459.447876        0.082445
FIRE:  1256 10:45:47     -459.447845        0.081996
FIRE:  1257 10:45:48     -459.447876        0.081421
FIRE:  1258 10:45:48     -459.447876        0.080716
FIRE:  1259 10:45:49     -459.447876        0.079871
FIRE:  1260 10:45:49     -459.447845        0.078777
FIRE:  1261 10:45:49     -459.447449        0.083264
FIRE:  1262 10:45:50     -459.441772        0.316609
FIRE:  1263 10:45:50     -459.447754        0.075784
FIRE:  1264 10:45:51     -459.447815        0.075780
FIRE:  1265 10:45:51     -459.447876        0.075744
FIRE:  1266 10:45:52     -459.447876        0.075722
FIRE:  1267 10:45:52     -459.447815        0.075670
FIRE:  1268 10:45:53     -459.447815        0.075614
FIRE:  1269 10:45:53     -459.447845        0.075547
FIRE:  1270 10:45:54     -459.447876        0.075467
FIRE:  1271 10:45:54     -459.447845        0.075374
FIRE:  1272 10:45:55     -459.447815        0.075238
FIRE:  1273 10:45:55     -459.447845        0.075064
FIRE:  1274 10:45:56     -459.447876        0.074852
FIRE:  1275 10:45:56     -459.447845        0.074588
FIRE:  1276 10:45:57     -459.447876        0.074279
FIRE:  1277 10:45:57     -459.447845        0.073884
FIRE:  1278 10:45:58     -459.447876        0.073420
FIRE:  1279 10:45:58     -459.447845        0.072822
FIRE:  1280 10:45:58     -459.447815        0.072073
FIRE:  1281 10:45:59     -459.447845        0.071134
FIRE:  1282 10:45:59     -459.447815        0.070039
FIRE:  1283 10:46:00     -459.447388        0.087686
FIRE:  1284 10:46:00     -459.444092        0.247183
FIRE:  1285 10:46:01     -459.447876        0.067071
FIRE:  1286 10:46:01     -459.447876        0.067051
FIRE:  1287 10:46:02     -459.447876        0.067027
FIRE:  1288 10:46:02     -459.447876        0.067001
FIRE:  1289 10:46:03     -459.447876        0.066949
FIRE:  1290 10:46:03     -459.447876        0.066888
FIRE:  1291 10:46:04     -459.447876        0.066812
FIRE:  1292 10:46:04     -459.447876        0.066726
FIRE:  1293 10:46:04     -459.447876        0.066625
FIRE:  1294 10:46:05     -459.447876        0.066484
FIRE:  1295 10:46:05     -459.447876        0.066295
FIRE:  1296 10:46:06     -459.447876        0.066103
FIRE:  1297 10:46:06     -459.447876        0.065835
FIRE:  1298 10:46:07     -459.447876        0.065517
FIRE:  1299 10:46:07     -459.447876        0.065099
FIRE:  1300 10:46:08     -459.447876        0.064603
FIRE:  1301 10:46:08     -459.447876        0.063967
FIRE:  1302 10:46:09     -459.447876        0.063179
FIRE:  1303 10:46:09     -459.447876        0.062224
FIRE:  1304 10:46:10     -459.447876        0.061068
FIRE:  1305 10:46:10     -459.447876        0.059661
FIRE:  1306 10:46:11     -459.447876        0.057811
FIRE:  1307 10:46:11     -459.447601        0.078618
FIRE:  1308 10:46:12     -459.441742        0.364339
FIRE:  1309 10:46:12     -459.447144        0.121582
FIRE:  1310 10:46:12     -459.447540        0.080719
FIRE:  1311 10:46:13     -459.447876        0.053065
FIRE:  1312 10:46:13     -459.447723        0.055431
FIRE:  1313 10:46:14     -459.447723        0.052981
FIRE:  1314 10:46:14     -459.447784        0.052973
FIRE:  1315 10:46:15     -459.447845        0.052971
FIRE:  1316 10:46:15     -459.447876        0.052949
FIRE:  1317 10:46:16     -459.447876        0.052929
FIRE:  1318 10:46:16     -459.447876        0.052891
FIRE:  1319 10:46:17     -459.447845        0.052856
FIRE:  1320 10:46:17     -459.447815        0.052807
FIRE:  1321 10:46:18     -459.447815        0.052760
FIRE:  1322 10:46:18     -459.447845        0.052693
FIRE:  1323 10:46:19     -459.447876        0.052618
FIRE:  1324 10:46:19     -459.447876        0.052537
FIRE:  1325 10:46:19     -459.447845        0.052424
FIRE:  1326 10:46:20     -459.447845        0.052277
FIRE:  1327 10:46:20     -459.447876        0.052122
FIRE:  1328 10:46:21     -459.447876        0.051911
FIRE:  1329 10:46:21     -459.447845        0.051656
FIRE:  1330 10:46:22     -459.447876        0.051344
FIRE:  1331 10:46:22     -459.447876        0.050955
FIRE:  1332 10:46:23     -459.447876        0.050482
FIRE:  1333 10:46:23     -459.447876        0.049921
