      Step     Time          Energy          fmax
BFGS:    0 03:59:51     -419.595642        6.335410
BFGS:    1 03:59:51     -426.620392        5.927566
BFGS:    2 03:59:52     -432.576782        4.004669
BFGS:    3 03:59:52     -434.060211        3.163601
BFGS:    4 03:59:53     -435.626892        2.360465
BFGS:    5 03:59:53     -436.290771        2.253388
BFGS:    6 03:59:54     -437.054016        1.712019
BFGS:    7 03:59:54     -437.303192        1.409621
BFGS:    8 03:59:55     -437.708801        1.156703
BFGS:    9 03:59:55     -437.830078        1.167302
BFGS:   10 03:59:56     -438.164185        1.280874
BFGS:   11 03:59:56     -438.353088        1.167729
BFGS:   12 03:59:57     -438.589203        1.148741
BFGS:   13 03:59:57     -438.688293        1.103162
BFGS:   14 03:59:58     -438.806183        1.019810
BFGS:   15 03:59:58     -438.908081        0.705326
BFGS:   16 03:59:59     -439.003967        0.896566
BFGS:   17 03:59:59     -439.095154        1.135768
BFGS:   18 04:00:00     -439.201660        1.154666
BFGS:   19 04:00:00     -439.357788        0.896880
BFGS:   20 04:00:01     -439.504822        1.004613
BFGS:   21 04:00:01     -439.683899        1.218600
BFGS:   22 04:00:02     -439.874695        1.399422
BFGS:   23 04:00:02     -440.176361        1.256820
BFGS:   24 04:00:02     -440.433746        1.453315
BFGS:   25 04:00:03     -440.674683        1.303945
BFGS:   26 04:00:03     -440.870880        1.072309
BFGS:   27 04:00:04     -441.020721        1.128106
BFGS:   28 04:00:04     -441.180664        1.068280
BFGS:   29 04:00:05     -441.348572        0.926581
BFGS:   30 04:00:05     -441.445068        0.905546
BFGS:   31 04:00:06     -441.535278        0.971267
BFGS:   32 04:00:06     -441.571045        0.825537
BFGS:   33 04:00:07     -441.586548        0.637456
BFGS:   34 04:00:07     -441.601349        0.440553
BFGS:   35 04:00:07     -441.613342        0.509202
BFGS:   36 04:00:08     -441.627655        0.641654
BFGS:   37 04:00:08     -441.644348        0.676415
BFGS:   38 04:00:09     -441.661133        0.559522
BFGS:   39 04:00:09     -441.674591        0.575900
BFGS:   40 04:00:10     -441.689911        0.771420
BFGS:   41 04:00:10     -441.710358        1.131625
BFGS:   42 04:00:11     -441.719330        1.592955
BFGS:   43 04:00:11     -441.706390        1.191788
BFGS:   44 04:00:12     -441.735901        0.494454
BFGS:   45 04:00:12     -441.749329        0.681211
BFGS:   46 04:00:13     -441.754700        0.647952
BFGS:   47 04:00:13     -441.759064        0.427392
BFGS:   48 04:00:14     -441.767090        0.469010
BFGS:   49 04:00:14     -441.778290        0.378240
BFGS:   50 04:00:15     -441.788361        0.726472
BFGS:   51 04:00:15     -441.789001        1.158139
BFGS:   52 04:00:16     -441.797028        1.403623
BFGS:   53 04:00:16     -441.809021        0.737272
BFGS:   54 04:00:17     -441.812225        0.715122
BFGS:   55 04:00:17     -441.823364        1.805317
BFGS:   56 04:00:18     -441.837799        1.344625
BFGS:   57 04:00:18     -441.862762        0.864460
BFGS:   58 04:00:19     -441.861816        0.879664
BFGS:   59 04:00:19     -441.815552        0.774869
BFGS:   60 04:00:19     -441.828644        0.721070
BFGS:   61 04:00:20     -441.843292        0.792072
BFGS:   62 04:00:20     -441.854492        0.798104
BFGS:   63 04:00:21     -441.855591        0.742590
BFGS:   64 04:00:21     -441.851288        0.665578
BFGS:   65 04:00:22     -441.852112        0.598147
BFGS:   66 04:00:22     -441.848602        0.437302
BFGS:   67 04:00:23     -441.842041        0.359264
BFGS:   68 04:00:23     -441.830627        0.559003
BFGS:   69 04:00:24     -441.821350        0.585834
BFGS:   70 04:00:24     -441.806763        0.454439
BFGS:   71 04:00:25     -441.766724        0.499091
BFGS:   72 04:00:25     -441.705475        0.687748
BFGS:   73 04:00:26     -441.674194        3.359257
BFGS:   74 04:00:26     -441.697083        0.908792
BFGS:   75 04:00:26     -441.731201        0.650107
BFGS:   76 04:00:27     -441.728149        0.442379
BFGS:   77 04:00:27     -441.682983        0.822680
BFGS:   78 04:00:28     -441.591278        1.006566
BFGS:   79 04:00:29     -441.491394        1.212366
BFGS:   80 04:00:30     -441.389984        1.365464
BFGS:   81 04:00:30     -441.294891        1.431273
BFGS:   82 04:00:31     -441.216095        1.356137
BFGS:   83 04:00:31     -441.160614        1.057089
BFGS:   84 04:00:32     -441.162994        0.848675
BFGS:   85 04:00:32     -441.197784        0.726510
BFGS:   86 04:00:32     -441.248779        1.162418
BFGS:   87 04:00:33     -441.285278        1.303999
BFGS:   88 04:00:33     -441.284363        0.715603
BFGS:   89 04:00:34     -441.252808        0.713456
BFGS:   90 04:00:34     -441.243225        1.097527
BFGS:   91 04:00:35     -441.251465        1.463165
BFGS:   92 04:00:35     -441.244080        1.329011
BFGS:   93 04:00:35     -441.186432        1.077572
BFGS:   94 04:00:36     -441.079895        1.096060
BFGS:   95 04:00:36     -440.919189        1.182318
BFGS:   96 04:00:37     -440.715088        1.284906
BFGS:   97 04:00:37     -440.478729        1.393198
BFGS:   98 04:00:38     -440.209290        1.536812
BFGS:   99 04:00:38     -439.887482        1.675839
BFGS:  100 04:00:39     -439.480438        1.755482
BFGS:  101 04:00:39     -438.964935        1.923791
BFGS:  102 04:00:40     -438.350952        2.379212
BFGS:  103 04:00:40     -437.693604        2.841076
BFGS:  104 04:00:41     -437.084991        3.266847
BFGS:  105 04:00:41     -436.545013        3.716645
BFGS:  106 04:00:41     -435.960541        4.159548
BFGS:  107 04:00:42     -435.280579        4.683762
BFGS:  108 04:00:42     -434.540131        5.159940
BFGS:  109 04:00:43     -433.725861        5.596573
BFGS:  110 04:00:43     -432.814301        5.977950
BFGS:  111 04:00:44     -431.805084        6.354335
BFGS:  112 04:00:44     -430.741547        6.738755
BFGS:  113 04:00:45     -429.561707        7.305529
BFGS:  114 04:00:45     -429.003662        5.249320
BFGS:  115 04:00:45     -427.903503        5.390479
BFGS:  116 04:00:46     -426.854950        5.603264
BFGS:  117 04:00:46     -427.539459        5.612567
BFGS:  118 04:00:47     -428.090240        5.126238
BFGS:  119 04:00:47     -428.961578        3.595830
BFGS:  120 04:00:48     -429.650269        3.626569
BFGS:  121 04:00:48     -430.517151        3.354349
BFGS:  122 04:00:48     -431.691620        3.037781
BFGS:  123 04:00:49     -432.587860        2.627868
BFGS:  124 04:00:49     -433.374115        2.050715
BFGS:  125 04:00:50     -434.098999        2.087035
BFGS:  126 04:00:50     -434.925720        1.787683
BFGS:  127 04:00:50     -435.509918        1.591562
BFGS:  128 04:00:51     -435.892578        1.819459
BFGS:  129 04:00:51     -436.030212        2.015866
BFGS:  130 04:00:52     -436.208496        1.619432
BFGS:  131 04:00:52     -436.313629        1.784166
BFGS:  132 04:00:53     -436.186707        1.792982
BFGS:  133 04:00:53     -436.064850        3.180241
BFGS:  134 04:00:54     -435.884674        3.240486
BFGS:  135 04:00:54     -435.716034        4.221723
BFGS:  136 04:00:54     -435.417633        4.815553
BFGS:  137 04:00:55     -434.855072        5.784384
BFGS:  138 04:00:55     -433.873749        7.503120
BFGS:  139 04:00:56     -432.390320       10.354591
BFGS:  140 04:00:56     -430.539612       12.658485
BFGS:  141 04:00:57     -428.718781       13.577673
BFGS:  142 04:00:57     -427.175690       13.676948
BFGS:  143 04:00:58     -425.809631       14.437655
BFGS:  144 04:00:58     -424.093262       16.149809
BFGS:  145 04:00:59     -421.361847       24.087175
BFGS:  146 04:00:59     -417.257965       38.103657
BFGS:  147 04:00:59     -412.363861       50.643175
BFGS:  148 04:01:00     -408.338348       49.939590
BFGS:  149 04:01:00     -406.982056       36.189977
BFGS:  150 04:01:01     -408.245392       15.822683
BFGS:  151 04:01:01     -410.162079        9.060139
BFGS:  152 04:01:02     -411.561981        7.190062
BFGS:  153 04:01:02     -412.762299        6.356089
BFGS:  154 04:01:03     -413.761444        5.556374
BFGS:  155 04:01:03     -413.905304        5.970923
BFGS:  156 04:01:04     -413.230591        6.618821
BFGS:  157 04:01:04     -414.432587        5.817381
BFGS:  158 04:01:05     -415.749878        5.909823
BFGS:  159 04:01:05     -417.493164        6.188818
BFGS:  160 04:01:05     -418.783813        5.606178
BFGS:  161 04:01:06     -420.394501        3.905669
BFGS:  162 04:01:06     -421.648590        2.570586
BFGS:  163 04:01:07     -422.707703        1.856555
BFGS:  164 04:01:07     -423.186005        1.735471
BFGS:  165 04:01:08     -423.710022        1.534220
BFGS:  166 04:01:09     -424.170319        2.377132
BFGS:  167 04:01:09     -424.478973        3.313635
BFGS:  168 04:01:09     -424.623596        3.142886
BFGS:  169 04:01:10     -424.856537        2.256375
BFGS:  170 04:01:10     -425.159027        1.867405
BFGS:  171 04:01:11     -425.473602        1.448365
BFGS:  172 04:01:11     -425.664886        2.031276
BFGS:  173 04:01:12     -425.743622        2.139559
BFGS:  174 04:01:12     -426.047516        1.438186
BFGS:  175 04:01:13     -426.286957        1.781652
BFGS:  176 04:01:13     -426.696106        1.585124
BFGS:  177 04:01:13     -426.893951        1.216445
BFGS:  178 04:01:14     -427.063110        1.337137
BFGS:  179 04:01:14     -427.190948        1.677623
BFGS:  180 04:01:15     -427.269562        1.747941
BFGS:  181 04:01:15     -427.411438        1.706627
BFGS:  182 04:01:16     -427.471375        1.403362
BFGS:  183 04:01:16     -427.645477        1.721114
BFGS:  184 04:01:16     -427.730438        1.785949
BFGS:  185 04:01:17     -427.966339        1.217708
BFGS:  186 04:01:17     -428.076996        1.139658
BFGS:  187 04:01:18     -428.180481        1.384287
BFGS:  188 04:01:18     -428.285706        1.282878
BFGS:  189 04:01:19     -428.375153        1.043274
BFGS:  190 04:01:19     -428.480164        1.300378
BFGS:  191 04:01:20     -428.480377        1.212437
BFGS:  192 04:01:20     -428.530457        1.525284
BFGS:  193 04:01:20     -428.593597        1.549257
BFGS:  194 04:01:21     -428.737274        1.322074
BFGS:  195 04:01:21     -428.861633        1.170217
BFGS:  196 04:01:22     -429.004791        1.028897
BFGS:  197 04:01:22     -429.087128        0.973910
BFGS:  198 04:01:22     -429.178101        0.886703
BFGS:  199 04:01:23     -429.256470        0.783236
BFGS:  200 04:01:23     -429.326508        0.794978
BFGS:  201 04:01:24     -429.387787        0.680379
BFGS:  202 04:01:24     -429.413849        0.700999
BFGS:  203 04:01:25     -429.448029        0.518700
BFGS:  204 04:01:25     -429.455017        0.641228
BFGS:  205 04:01:25     -429.480988        0.648269
BFGS:  206 04:01:26     -429.531128        0.666053
BFGS:  207 04:01:26     -429.606506        0.594967
BFGS:  208 04:01:27     -429.678162        0.694580
BFGS:  209 04:01:27     -429.747986        0.705646
BFGS:  210 04:01:28     -429.820526        0.700754
BFGS:  211 04:01:29     -429.897552        0.614105
BFGS:  212 04:01:30     -429.951416        0.655040
BFGS:  213 04:01:30     -430.012970        0.636942
BFGS:  214 04:01:31     -430.048004        0.732334
BFGS:  215 04:01:31     -430.122559        0.626631
BFGS:  216 04:01:32     -430.184601        0.622667
BFGS:  217 04:01:32     -430.237823        0.614310
BFGS:  218 04:01:32     -430.273163        0.625047
BFGS:  219 04:01:33     -430.311523        0.576421
BFGS:  220 04:01:33     -430.336060        0.569871
BFGS:  221 04:01:34     -430.364136        0.514134
BFGS:  222 04:01:34     -430.377686        0.604451
BFGS:  223 04:01:34     -430.415375        0.771337
BFGS:  224 04:01:35     -430.436188        0.745537
BFGS:  225 04:01:35     -430.458618        0.612380
BFGS:  226 04:01:36     -430.506012        0.452616
BFGS:  227 04:01:36     -430.527130        0.411964
BFGS:  228 04:01:37     -430.559021        0.420160
BFGS:  229 04:01:37     -430.581482        0.414454
BFGS:  230 04:01:38     -430.592896        0.480142
BFGS:  231 04:01:38     -430.597443        0.554233
BFGS:  232 04:01:39     -430.598022        0.489747
BFGS:  233 04:01:39     -430.598846        0.488642
BFGS:  234 04:01:40     -430.610931        0.423563
BFGS:  235 04:01:40     -430.635162        0.429190
BFGS:  236 04:01:40     -430.661133        0.477329
BFGS:  237 04:01:41     -430.673706        0.437912
BFGS:  238 04:01:41     -430.677582        0.413857
BFGS:  239 04:01:42     -430.677551        0.383159
BFGS:  240 04:01:42     -430.683044        0.362971
BFGS:  241 04:01:43     -430.701263        0.397593
BFGS:  242 04:01:43     -430.727814        0.412118
BFGS:  243 04:01:43     -430.749908        0.406611
BFGS:  244 04:01:44     -430.762817        0.495978
BFGS:  245 04:01:44     -430.768829        0.538846
BFGS:  246 04:01:45     -430.771515        0.560053
BFGS:  247 04:01:45     -430.771912        0.489267
BFGS:  248 04:01:46     -430.787262        0.409659
BFGS:  249 04:01:46     -430.787506        0.439658
BFGS:  250 04:01:46     -430.794830        0.458588
BFGS:  251 04:01:47     -430.814606        0.333736
BFGS:  252 04:01:47     -430.832916        0.345441
BFGS:  253 04:01:48     -430.846649        0.367378
BFGS:  254 04:01:48     -430.858093        0.313938
BFGS:  255 04:01:49     -430.868439        0.269433
BFGS:  256 04:01:49     -430.880310        0.280046
BFGS:  257 04:01:49     -430.891418        0.250460
BFGS:  258 04:01:50     -430.901093        0.218914
BFGS:  259 04:01:50     -430.908783        0.273540
BFGS:  260 04:01:51     -430.915192        0.263919
BFGS:  261 04:01:51     -430.924133        0.320458
BFGS:  262 04:01:52     -430.936340        0.323513
BFGS:  263 04:01:52     -430.949310        0.349285
BFGS:  264 04:01:53     -430.960114        0.363020
BFGS:  265 04:01:53     -430.970093        0.377707
BFGS:  266 04:01:53     -430.983643        0.385501
BFGS:  267 04:01:54     -431.002075        0.410981
BFGS:  268 04:01:54     -431.024261        0.438557
BFGS:  269 04:01:55     -431.048218        0.471806
BFGS:  270 04:01:55     -431.075836        0.455357
BFGS:  271 04:01:56     -431.104279        0.417334
BFGS:  272 04:01:56     -431.133331        0.368028
BFGS:  273 04:01:56     -431.160004        0.355866
BFGS:  274 04:01:57     -431.193024        0.444824
BFGS:  275 04:01:57     -431.236206        0.428365
BFGS:  276 04:01:58     -431.286774        0.382892
BFGS:  277 04:01:58     -431.328003        0.402175
BFGS:  278 04:01:59     -431.371765        0.458286
BFGS:  279 04:01:59     -431.436310        0.584661
BFGS:  280 04:02:00     -431.540192        0.821077
BFGS:  281 04:02:00     -431.638000        3.010583
BFGS:  282 04:02:00     -431.700195        0.958115
BFGS:  283 04:02:01     -431.779114        0.859077
BFGS:  284 04:02:01     -431.766968        4.844072
BFGS:  285 04:02:02     -431.957977        0.991848
BFGS:  286 04:02:02     -431.998810        1.079235
BFGS:  287 04:02:03     -432.199310        1.575820
BFGS:  288 04:02:03     -432.273254        1.594613
BFGS:  289 04:02:03     -432.443115        1.494737
BFGS:  290 04:02:04     -432.716370        2.196370
BFGS:  291 04:02:04     -432.720032        1.836156
BFGS:  292 04:02:05     -432.942688        1.247430
BFGS:  293 04:02:05     -433.011353        1.118861
BFGS:  294 04:02:06     -433.094666        0.810785
BFGS:  295 04:02:06     -433.164520        0.772917
BFGS:  296 04:02:06     -433.204651        0.810141
BFGS:  297 04:02:07     -433.257172        0.651115
BFGS:  298 04:02:07     -433.296631        0.581341
BFGS:  299 04:02:08     -433.338867        0.581804
BFGS:  300 04:02:08     -433.374451        0.626105
BFGS:  301 04:02:09     -433.413239        0.664007
BFGS:  302 04:02:09     -433.449463        0.684545
BFGS:  303 04:02:09     -433.481903        0.713812
BFGS:  304 04:02:10     -433.508423        0.708422
BFGS:  305 04:02:10     -433.531799        0.656278
BFGS:  306 04:02:11     -433.553955        0.569287
BFGS:  307 04:02:11     -433.572235        0.534357
BFGS:  308 04:02:12     -433.591248        0.545373
BFGS:  309 04:02:12     -433.611023        0.554436
BFGS:  310 04:02:13     -433.630768        0.544866
BFGS:  311 04:02:13     -433.647247        0.543544
BFGS:  312 04:02:13     -433.660706        0.540486
BFGS:  313 04:02:14     -433.673187        0.492193
BFGS:  314 04:02:14     -433.687805        0.419110
BFGS:  315 04:02:15     -433.703339        0.377657
BFGS:  316 04:02:15     -433.720703        0.407545
BFGS:  317 04:02:16     -433.737885        0.445850
BFGS:  318 04:02:16     -433.757446        0.425203
BFGS:  319 04:02:16     -433.779266        0.388489
BFGS:  320 04:02:17     -433.800110        0.396301
BFGS:  321 04:02:17     -433.819336        0.448128
BFGS:  322 04:02:18     -433.836395        0.391145
BFGS:  323 04:02:18     -433.856445        0.370003
BFGS:  324 04:02:19     -433.878540        0.276024
BFGS:  325 04:02:19     -433.900543        0.324510
BFGS:  326 04:02:20     -433.917938        0.350933
BFGS:  327 04:02:20     -433.929596        0.594195
BFGS:  328 04:02:20     -433.869507        1.026956
BFGS:  329 04:02:21     -433.921753        1.072015
BFGS:  330 04:02:21     -433.931946        0.529897
BFGS:  331 04:02:22     -433.954468        0.459640
BFGS:  332 04:02:22     -433.971924        0.511421
BFGS:  333 04:02:23     -433.981903        0.413602
BFGS:  334 04:02:23     -433.989716        0.431337
BFGS:  335 04:02:23     -433.999603        0.432097
BFGS:  336 04:02:24     -434.003998        0.423001
BFGS:  337 04:02:24     -434.010803        0.423705
BFGS:  338 04:02:25     -434.019928        0.413646
BFGS:  339 04:02:25     -434.026276        0.387637
BFGS:  340 04:02:26     -434.033447        0.372763
BFGS:  341 04:02:26     -434.038086        0.380015
BFGS:  342 04:02:26     -434.043396        0.408272
BFGS:  343 04:02:27     -434.049194        0.429919
BFGS:  344 04:02:27     -434.054504        0.466901
BFGS:  345 04:02:28     -434.058411        0.486647
BFGS:  346 04:02:28     -434.062195        0.502189
BFGS:  347 04:02:29     -434.066589        0.480207
BFGS:  348 04:02:29     -434.071106        0.452871
BFGS:  349 04:02:30     -434.074493        0.425510
BFGS:  350 04:02:31     -434.076813        0.427137
BFGS:  351 04:02:31     -434.079102        0.437306
BFGS:  352 04:02:32     -434.081329        0.451840
BFGS:  353 04:02:32     -434.083008        0.470530
BFGS:  354 04:02:33     -434.084503        0.482903
BFGS:  355 04:02:33     -434.085602        0.495038
BFGS:  356 04:02:33     -434.087708        0.485054
BFGS:  357 04:02:34     -434.089508        0.475987
BFGS:  358 04:02:34     -434.091919        0.455572
BFGS:  359 04:02:35     -434.093658        0.439573
BFGS:  360 04:02:35     -434.095428        0.421325
BFGS:  361 04:02:36     -434.096466        0.406021
BFGS:  362 04:02:36     -434.098053        0.397846
BFGS:  363 04:02:36     -434.100342        0.395811
BFGS:  364 04:02:37     -434.103302        0.396474
BFGS:  365 04:02:37     -434.105713        0.402017
BFGS:  366 04:02:38     -434.108398        0.409381
BFGS:  367 04:02:38     -434.110291        0.412623
BFGS:  368 04:02:39     -434.113007        0.415116
BFGS:  369 04:02:39     -434.115112        0.417519
BFGS:  370 04:02:40     -434.117676        0.419966
BFGS:  371 04:02:40     -434.119720        0.422710
BFGS:  372 04:02:40     -434.121399        0.426170
BFGS:  373 04:02:41     -434.122864        0.430755
BFGS:  374 04:02:41     -434.124451        0.437045
BFGS:  375 04:02:42     -434.126404        0.444203
BFGS:  376 04:02:42     -434.128143        0.450352
BFGS:  377 04:02:43     -434.129578        0.452664
BFGS:  378 04:02:43     -434.130920        0.449405
BFGS:  379 04:02:43     -434.132721        0.439328
BFGS:  380 04:02:44     -434.134308        0.429031
BFGS:  381 04:02:44     -434.135925        0.418339
BFGS:  382 04:02:45     -434.136932        0.411989
BFGS:  383 04:02:45     -434.137665        0.406322
BFGS:  384 04:02:46     -434.137329        0.401313
BFGS:  385 04:02:46     -434.134644        0.391650
BFGS:  386 04:02:46     -434.132385        0.405861
BFGS:  387 04:02:47     -434.128296        0.413296
BFGS:  388 04:02:47     -434.139709        0.418745
BFGS:  389 04:02:48     -434.143158        0.401694
BFGS:  390 04:02:48     -434.143463        0.395689
BFGS:  391 04:02:49     -434.142242        0.390366
BFGS:  392 04:02:49     -434.142792        0.406586
BFGS:  393 04:02:50     -434.144775        0.416923
BFGS:  394 04:02:50     -434.146973        0.415146
BFGS:  395 04:02:50     -434.147797        0.399365
BFGS:  396 04:02:51     -434.148834        0.390569
BFGS:  397 04:02:51     -434.150055        0.387469
BFGS:  398 04:02:52     -434.151276        0.384711
BFGS:  399 04:02:52     -434.152222        0.394871
BFGS:  400 04:02:53     -434.152924        0.407505
BFGS:  401 04:02:53     -434.153534        0.424510
BFGS:  402 04:02:53     -434.153534        0.427046
BFGS:  403 04:02:54     -434.153900        0.419128
BFGS:  404 04:02:54     -434.154236        0.408977
BFGS:  405 04:02:55     -434.154633        0.411007
BFGS:  406 04:02:55     -434.153961        0.422284
BFGS:  407 04:02:56     -434.153168        0.433406
BFGS:  408 04:02:56     -434.151794        0.441914
BFGS:  409 04:02:56     -434.151733        0.438800
BFGS:  410 04:02:57     -434.151154        0.426649
BFGS:  411 04:02:57     -434.152039        0.409726
BFGS:  412 04:02:58     -434.153748        0.396976
BFGS:  413 04:02:58     -434.153748        0.394245
BFGS:  414 04:02:59     -434.156097        0.395259
BFGS:  415 04:02:59     -434.157196        0.401750
BFGS:  416 04:02:59     -434.157257        0.403385
BFGS:  417 04:03:00     -434.156006        0.404240
BFGS:  418 04:03:00     -434.155243        0.398305
BFGS:  419 04:03:01     -434.154419        0.388190
BFGS:  420 04:03:01     -434.155090        0.380893
BFGS:  421 04:03:01     -434.156097        0.375918
BFGS:  422 04:03:02     -434.157166        0.376520
BFGS:  423 04:03:02     -434.158264        0.376781
BFGS:  424 04:03:03     -434.159210        0.374213
BFGS:  425 04:03:03     -434.159424        0.366891
BFGS:  426 04:03:04     -434.158813        0.358142
BFGS:  427 04:03:04     -434.157990        0.354556
BFGS:  428 04:03:04     -434.157593        0.359884
BFGS:  429 04:03:05     -434.157898        0.373124
BFGS:  430 04:03:05     -434.158600        0.391441
BFGS:  431 04:03:06     -434.159149        0.407037
BFGS:  432 04:03:06     -434.159943        0.417358
BFGS:  433 04:03:07     -434.160126        0.413150
BFGS:  434 04:03:07     -434.160065        0.398732
BFGS:  435 04:03:08     -434.159576        0.383675
BFGS:  436 04:03:08     -434.158691        0.375563
BFGS:  437 04:03:08     -434.158691        0.380153
BFGS:  438 04:03:09     -434.158813        0.394760
BFGS:  439 04:03:09     -434.159454        0.413105
BFGS:  440 04:03:10     -434.159576        0.433802
BFGS:  441 04:03:10     -434.160126        0.443559
BFGS:  442 04:03:10     -434.159790        0.443914
BFGS:  443 04:03:11     -434.158752        0.422397
BFGS:  444 04:03:11     -434.157410        0.409888
BFGS:  445 04:03:12     -434.155365        0.404870
BFGS:  446 04:03:12     -434.155457        0.407438
BFGS:  447 04:03:13     -434.153168        0.414015
BFGS:  448 04:03:13     -434.150818        0.465495
BFGS:  449 04:03:14     -434.154907        0.437260
BFGS:  450 04:03:14     -434.156311        0.422177
BFGS:  451 04:03:15     -434.156708        0.397847
BFGS:  452 04:03:15     -434.149078        0.594313
BFGS:  453 04:03:15     -434.144135        0.466248
BFGS:  454 04:03:16     -434.145081        0.496841
BFGS:  455 04:03:16     -434.151611        0.536707
BFGS:  456 04:03:17     -434.155029        0.476217
BFGS:  457 04:03:17     -434.157379        0.475558
BFGS:  458 04:03:18     -434.155640        0.508478
BFGS:  459 04:03:18     -434.156281        0.551175
BFGS:  460 04:03:18     -434.161469        0.517315
BFGS:  461 04:03:19     -434.165924        0.449373
BFGS:  462 04:03:20     -434.168427        0.380935
BFGS:  463 04:03:20     -434.170959        0.362877
BFGS:  464 04:03:20     -434.175323        0.369315
BFGS:  465 04:03:21     -434.179138        0.380686
BFGS:  466 04:03:21     -434.184235        0.421946
BFGS:  467 04:03:22     -434.188416        0.438895
BFGS:  468 04:03:22     -434.194824        0.411725
BFGS:  469 04:03:23     -434.202148        0.352503
BFGS:  470 04:03:23     -434.212036        0.300962
BFGS:  471 04:03:23     -434.225952        0.288867
BFGS:  472 04:03:24     -434.227692        0.304445
BFGS:  473 04:03:24     -434.234711        0.310948
BFGS:  474 04:03:25     -434.249603        0.314318
BFGS:  475 04:03:26     -434.265869        0.321233
BFGS:  476 04:03:26     -434.279877        0.346218
BFGS:  477 04:03:27     -434.300476        0.339997
BFGS:  478 04:03:27     -434.329102        0.307438
BFGS:  479 04:03:27     -434.348450        0.293770
BFGS:  480 04:03:28     -434.378204        0.285002
BFGS:  481 04:03:28     -434.386169        0.404669
BFGS:  482 04:03:29     -434.399261        0.329995
BFGS:  483 04:03:29     -434.411041        0.293912
BFGS:  484 04:03:30     -434.424530        0.280924
BFGS:  485 04:03:30     -434.440155        0.264285
BFGS:  486 04:03:31     -434.453156        0.245768
BFGS:  487 04:03:32     -434.462280        0.228324
BFGS:  488 04:03:32     -434.472260        0.202796
BFGS:  489 04:03:33     -434.478973        0.193053
      Step     Time          Energy          fmax
BFGS:    0 12:01:54     -453.928497        2.800478
BFGS:    1 12:01:55     -454.051483        2.694848
BFGS:    2 12:01:56     -454.113770        2.829275
BFGS:    3 12:01:57     -454.154846        1.828699
BFGS:    4 12:01:57     -454.203156        1.349491
BFGS:    5 12:01:58     -454.213562        1.102364
BFGS:    6 12:01:59     -454.238586        1.159260
BFGS:    7 12:02:00     -454.246185        1.346136
BFGS:    8 12:02:01     -454.229187        1.141606
BFGS:    9 12:02:01     -454.244995        0.649299
BFGS:   10 12:02:02     -454.250061        0.504290
BFGS:   11 12:02:03     -454.247711        0.438380
BFGS:   12 12:02:04     -454.240845        0.404068
BFGS:   13 12:02:05     -454.235168        0.394334
BFGS:   14 12:02:06     -454.231750        0.380602
BFGS:   15 12:02:07     -454.234711        0.392785
BFGS:   16 12:02:08     -454.240265        0.304017
BFGS:   17 12:02:08     -454.242157        0.231070
BFGS:   18 12:02:09     -454.241241        0.232791
BFGS:   19 12:02:10     -454.241882        0.199232
BFGS:   20 12:02:11     -454.244171        0.167404
BFGS:   21 12:02:11     -454.247589        0.228767
BFGS:   22 12:02:12     -454.250885        0.203960
BFGS:   23 12:02:13     -454.251740        0.159394
BFGS:   24 12:02:13     -454.250549        0.114229
BFGS:   25 12:02:15     -454.249725        0.121893
BFGS:   26 12:02:15     -454.249756        0.097672
BFGS:   27 12:02:16     -454.250122        0.079488
BFGS:   28 12:02:17     -454.250336        0.063364
BFGS:   29 12:02:17     -454.250519        0.061700
BFGS:   30 12:02:18     -454.250793        0.057983
BFGS:   31 12:02:19     -454.251099        0.053380
BFGS:   32 12:02:19     -454.251373        0.053927
BFGS:   33 12:02:20     -454.251709        0.070286
BFGS:   34 12:02:21     -454.252167        0.072132
BFGS:   35 12:02:22     -454.252594        0.079645
BFGS:   36 12:02:22     -454.252716        0.067979
BFGS:   37 12:02:23     -454.252533        0.077814
BFGS:   38 12:02:24     -454.252441        0.056310
BFGS:   39 12:02:24     -454.252502        0.048767
      Step     Time          Energy          fmax
BFGS:    0 18:29:36     -453.459808        3.250012
BFGS:    1 18:29:38     -453.791779        3.315242
BFGS:    2 18:29:40     -454.395996        4.264157
BFGS:    3 18:29:41     -454.533661        2.536128
BFGS:    4 18:29:41     -454.611481        2.417634
BFGS:    5 18:29:42     -454.609619        1.464558
BFGS:    6 18:29:43     -454.602936        1.647965
BFGS:    7 18:29:44     -454.597961        1.715925
BFGS:    8 18:29:44     -454.595245        1.122469
BFGS:    9 18:29:45     -454.591492        0.671120
BFGS:   10 18:29:46     -454.587006        0.537892
BFGS:   11 18:29:46     -454.580200        0.670670
BFGS:   12 18:29:47     -454.575378        0.638058
BFGS:   13 18:29:48     -454.572815        0.369330
BFGS:   14 18:29:49     -454.573975        0.261691
BFGS:   15 18:29:49     -454.577820        0.413574
BFGS:   16 18:29:50     -454.584137        0.424254
BFGS:   17 18:29:51     -454.590485        0.259160
BFGS:   18 18:29:52     -454.595734        0.267528
BFGS:   19 18:29:53     -454.600067        0.337346
BFGS:   20 18:29:54     -454.603607        0.358756
BFGS:   21 18:29:55     -454.606659        0.248859
BFGS:   22 18:29:55     -454.609344        0.221144
BFGS:   23 18:29:56     -454.611481        0.217221
BFGS:   24 18:29:57     -454.612335        0.236439
BFGS:   25 18:29:57     -454.611206        0.204749
BFGS:   26 18:29:58     -454.608978        0.168208
BFGS:   27 18:29:59     -454.607513        0.145713
BFGS:   28 18:30:00     -454.607483        0.136473
BFGS:   29 18:30:00     -454.608063        0.117068
BFGS:   30 18:30:02     -454.608765        0.115366
BFGS:   31 18:30:02     -454.609344        0.118416
BFGS:   32 18:30:03     -454.609711        0.096443
BFGS:   33 18:30:04     -454.609985        0.087623
BFGS:   34 18:30:05     -454.610291        0.089630
BFGS:   35 18:30:06     -454.610657        0.111175
BFGS:   36 18:30:07     -454.611053        0.115282
BFGS:   37 18:30:07     -454.611298        0.094128
BFGS:   38 18:30:08     -454.611420        0.068464
BFGS:   39 18:30:09     -454.611450        0.095759
BFGS:   40 18:30:10     -454.611359        0.102301
BFGS:   41 18:30:11     -454.611298        0.107756
BFGS:   42 18:30:11     -454.611328        0.071634
BFGS:   43 18:30:12     -454.611542        0.109819
BFGS:   44 18:30:13     -454.611786        0.105043
BFGS:   45 18:30:14     -454.611938        0.059443
BFGS:   46 18:30:15     -454.612000        0.038121
      Step     Time          Energy          fmax
BFGS:    0 23:55:09     -453.407959        3.409185
BFGS:    1 23:55:11     -453.764801        3.383035
BFGS:    2 23:55:12     -454.410553        3.887629
BFGS:    3 23:55:13     -454.546387        2.450108
BFGS:    4 23:55:14     -454.571472        1.534995
BFGS:    5 23:55:14     -454.573700        1.413757
BFGS:    6 23:55:15     -454.578613        0.821052
BFGS:    7 23:55:16     -454.581787        0.587433
BFGS:    8 23:55:17     -454.582184        0.463838
BFGS:    9 23:55:17     -454.581726        0.479304
BFGS:   10 23:55:18     -454.580261        0.462260
BFGS:   11 23:55:19     -454.577606        0.638268
BFGS:   12 23:55:19     -454.574066        0.705392
BFGS:   13 23:55:20     -454.574432        0.549117
BFGS:   14 23:55:21     -454.579620        0.370200
BFGS:   15 23:55:22     -454.581635        0.342704
BFGS:   16 23:55:23     -454.582611        0.290851
BFGS:   17 23:55:24     -454.583466        0.235025
BFGS:   18 23:55:25     -454.585846        0.438144
BFGS:   19 23:55:25     -454.586334        0.323089
BFGS:   20 23:55:26     -454.587097        0.196656
BFGS:   21 23:55:27     -454.587738        0.147326
BFGS:   22 23:55:27     -454.588165        0.141848
BFGS:   23 23:55:28     -454.588257        0.139154
BFGS:   24 23:55:29     -454.588196        0.156943
BFGS:   25 23:55:29     -454.587769        0.177459
BFGS:   26 23:55:30     -454.587402        0.085342
BFGS:   27 23:55:31     -454.587189        0.068331
BFGS:   28 23:55:31     -454.587189        0.096777
BFGS:   29 23:55:32     -454.587280        0.110187
BFGS:   30 23:55:33     -454.587524        0.069193
BFGS:   31 23:55:33     -454.587708        0.077535
BFGS:   32 23:55:34     -454.587952        0.077390
BFGS:   33 23:55:35     -454.588135        0.070418
BFGS:   34 23:55:35     -454.588287        0.068377
BFGS:   35 23:55:36     -454.588379        0.069909
BFGS:   36 23:55:37     -454.588409        0.072773
BFGS:   37 23:55:37     -454.588409        0.073575
BFGS:   38 23:55:38     -454.588257        0.060950
BFGS:   39 23:55:39     -454.587982        0.050167
BFGS:   40 23:55:39     -454.587769        0.046920
      Step     Time          Energy          fmax
BFGS:    0 06:57:59     -454.015472        2.665526
BFGS:    1 06:58:00     -454.079041        2.393646
BFGS:    2 06:58:01     -454.128296        1.553176
BFGS:    3 06:58:01     -454.133667        1.230007
BFGS:    4 06:58:02     -454.137268        0.981489
BFGS:    5 06:58:03     -454.135132        0.930322
BFGS:    6 06:58:03     -454.129974        0.675350
BFGS:    7 06:58:04     -454.129272        0.460806
BFGS:    8 06:58:05     -454.128479        0.416765
BFGS:    9 06:58:05     -454.127472        0.434481
BFGS:   10 06:58:06     -454.126678        0.367055
BFGS:   11 06:58:07     -454.127411        0.316022
BFGS:   12 06:58:07     -454.129456        0.326033
BFGS:   13 06:58:08     -454.131561        0.303278
BFGS:   14 06:58:09     -454.133301        0.216448
BFGS:   15 06:58:10     -454.135040        0.179653
BFGS:   16 06:58:10     -454.136230        0.176752
BFGS:   17 06:58:11     -454.137573        0.157148
BFGS:   18 06:58:12     -454.138428        0.149860
BFGS:   19 06:58:13     -454.139008        0.139695
BFGS:   20 06:58:13     -454.139099        0.149620
BFGS:   21 06:58:14     -454.139221        0.122043
BFGS:   22 06:58:15     -454.139008        0.143319
BFGS:   23 06:58:15     -454.139221        0.145747
BFGS:   24 06:58:16     -454.138458        0.158790
BFGS:   25 06:58:17     -454.138092        0.160356
BFGS:   26 06:58:18     -454.137085        0.157279
BFGS:   27 06:58:19     -454.137207        0.180801
BFGS:   28 06:58:19     -454.137512        0.139909
BFGS:   29 06:58:20     -454.138000        0.099538
BFGS:   30 06:58:21     -454.138641        0.100857
BFGS:   31 06:58:21     -454.139404        0.121894
BFGS:   32 06:58:22     -454.140076        0.100661
BFGS:   33 06:58:23     -454.140717        0.064904
BFGS:   34 06:58:23     -454.140961        0.036745
      Step     Time          Energy          fmax
BFGS:    0 19:09:50     -453.366364        3.973237
BFGS:    1 19:09:50     -453.684753        3.247288
BFGS:    2 19:09:51     -453.925720        4.218498
BFGS:    3 19:09:52     -454.077148        2.959524
BFGS:    4 19:09:53     -454.111725        1.448835
BFGS:    5 19:09:53     -454.119415        1.631779
BFGS:    6 19:09:54     -454.124207        2.332835
BFGS:    7 19:09:55     -454.122009        1.839281
BFGS:    8 19:09:56     -454.131012        1.026869
BFGS:    9 19:09:57     -454.136963        0.755925
BFGS:   10 19:09:57     -454.138275        0.827850
BFGS:   11 19:09:58     -454.139771        0.541962
BFGS:   12 19:09:59     -454.140991        0.438435
BFGS:   13 19:10:00     -454.141602        0.458885
BFGS:   14 19:10:00     -454.141907        0.380277
BFGS:   15 19:10:01     -454.141846        0.264390
BFGS:   16 19:10:02     -454.141754        0.189451
BFGS:   17 19:10:02     -454.141724        0.151521
BFGS:   18 19:10:03     -454.141541        0.164657
BFGS:   19 19:10:04     -454.141205        0.171079
BFGS:   20 19:10:04     -454.140747        0.164232
BFGS:   21 19:10:05     -454.140594        0.125047
BFGS:   22 19:10:06     -454.140594        0.125090
BFGS:   23 19:10:07     -454.140656        0.127035
BFGS:   24 19:10:08     -454.140839        0.130396
BFGS:   25 19:10:09     -454.141083        0.115010
BFGS:   26 19:10:09     -454.141266        0.094879
BFGS:   27 19:10:10     -454.141296        0.092111
BFGS:   28 19:10:11     -454.141235        0.092142
BFGS:   29 19:10:11     -454.141205        0.089400
BFGS:   30 19:10:12     -454.141205        0.061326
BFGS:   31 19:10:13     -454.141235        0.059391
BFGS:   32 19:10:14     -454.141266        0.092923
BFGS:   33 19:10:14     -454.141357        0.117962
BFGS:   34 19:10:15     -454.141602        0.088395
BFGS:   35 19:10:16     -454.141876        0.063229
BFGS:   36 19:10:17     -454.141968        0.049125
      Step     Time          Energy          fmax
BFGS:    0 08:33:41     -453.084137        3.766310
BFGS:    1 08:33:42     -453.392242        3.551055
BFGS:    2 08:33:43     -453.747528        3.992513
BFGS:    3 08:33:44     -453.863342        2.253519
BFGS:    4 08:33:45     -453.897400        2.863497
BFGS:    5 08:33:45     -453.898865        1.685830
BFGS:    6 08:33:46     -453.904877        1.469584
BFGS:    7 08:33:47     -453.911194        1.169782
BFGS:    8 08:33:48     -453.913635        0.814686
BFGS:    9 08:33:48     -453.915497        0.417642
BFGS:   10 08:33:49     -453.915710        0.337239
BFGS:   11 08:33:50     -453.915894        0.325512
BFGS:   12 08:33:50     -453.915680        0.368619
BFGS:   13 08:33:51     -453.915070        0.371788
BFGS:   14 08:33:52     -453.914337        0.291592
BFGS:   15 08:33:53     -453.913879        0.235212
BFGS:   16 08:33:53     -453.913727        0.193361
BFGS:   17 08:33:54     -453.913513        0.163236
BFGS:   18 08:33:55     -453.913269        0.181052
BFGS:   19 08:33:55     -453.913269        0.179689
BFGS:   20 08:33:56     -453.913452        0.140101
BFGS:   21 08:33:57     -453.913635        0.101737
BFGS:   22 08:33:58     -453.913757        0.088824
BFGS:   23 08:33:58     -453.913818        0.126128
BFGS:   24 08:33:59     -453.913910        0.109298
BFGS:   25 08:34:00     -453.913940        0.078339
BFGS:   26 08:34:00     -453.913849        0.068647
BFGS:   27 08:34:01     -453.913788        0.068809
BFGS:   28 08:34:02     -453.913788        0.069317
BFGS:   29 08:34:03     -453.913818        0.055419
BFGS:   30 08:34:03     -453.913910        0.059787
BFGS:   31 08:34:04     -453.914001        0.063863
BFGS:   32 08:34:05     -453.914154        0.063073
BFGS:   33 08:34:06     -453.914246        0.056756
BFGS:   34 08:34:06     -453.914337        0.052089
BFGS:   35 08:34:07     -453.914337        0.056880
BFGS:   36 08:34:08     -453.914276        0.058903
BFGS:   37 08:34:08     -453.914154        0.068693
BFGS:   38 08:34:09     -453.914062        0.053690
BFGS:   39 08:34:10     -453.914001        0.046203
      Step     Time          Energy          fmax
BFGS:    0 09:49:09     -453.084137        3.766310
BFGS:    1 09:49:10     -453.392242        3.551055
BFGS:    2 09:49:11     -453.747528        3.992513
BFGS:    3 09:49:12     -453.863342        2.253519
BFGS:    4 09:49:13     -453.897400        2.863497
BFGS:    5 09:49:13     -453.898865        1.685830
BFGS:    6 09:49:14     -453.904877        1.469584
BFGS:    7 09:49:15     -453.911194        1.169782
BFGS:    8 09:49:16     -453.913635        0.814686
BFGS:    9 09:49:17     -453.915497        0.417642
BFGS:   10 09:49:18     -453.915710        0.337239
BFGS:   11 09:49:19     -453.915894        0.325512
BFGS:   12 09:49:19     -453.915680        0.368619
BFGS:   13 09:49:20     -453.915070        0.371788
BFGS:   14 09:49:21     -453.914337        0.291592
BFGS:   15 09:49:21     -453.913879        0.235212
BFGS:   16 09:49:22     -453.913727        0.193361
BFGS:   17 09:49:23     -453.913513        0.163236
BFGS:   18 09:49:24     -453.913269        0.181052
BFGS:   19 09:49:25     -453.913269        0.179689
BFGS:   20 09:49:25     -453.913452        0.140101
BFGS:   21 09:49:26     -453.913635        0.101737
BFGS:   22 09:49:27     -453.913757        0.088824
BFGS:   23 09:49:27     -453.913818        0.126128
BFGS:   24 09:49:28     -453.913910        0.109298
BFGS:   25 09:49:29     -453.913940        0.078339
BFGS:   26 09:49:29     -453.913849        0.068647
BFGS:   27 09:49:30     -453.913788        0.068809
BFGS:   28 09:49:31     -453.913788        0.069317
BFGS:   29 09:49:32     -453.913818        0.055419
BFGS:   30 09:49:32     -453.913910        0.059787
BFGS:   31 09:49:33     -453.914001        0.063863
BFGS:   32 09:49:34     -453.914154        0.063073
BFGS:   33 09:49:34     -453.914246        0.056756
BFGS:   34 09:49:35     -453.914337        0.052089
BFGS:   35 09:49:36     -453.914337        0.056880
BFGS:   36 09:49:37     -453.914276        0.058903
BFGS:   37 09:49:37     -453.914154        0.068693
BFGS:   38 09:49:38     -453.914062        0.053690
BFGS:   39 09:49:39     -453.914001        0.046203
      Step     Time          Energy          fmax
BFGS:    0 11:04:54     -453.084137        3.766310
BFGS:    1 11:04:55     -453.392242        3.551055
BFGS:    2 11:04:56     -453.747528        3.992513
BFGS:    3 11:04:56     -453.863342        2.253519
BFGS:    4 11:04:57     -453.897400        2.863497
BFGS:    5 11:04:58     -453.898865        1.685830
BFGS:    6 11:04:58     -453.904877        1.469584
BFGS:    7 11:04:59     -453.911194        1.169782
BFGS:    8 11:05:00     -453.913635        0.814686
BFGS:    9 11:05:01     -453.915497        0.417642
BFGS:   10 11:05:01     -453.915710        0.337239
BFGS:   11 11:05:02     -453.915894        0.325512
BFGS:   12 11:05:03     -453.915680        0.368619
BFGS:   13 11:05:03     -453.915070        0.371788
BFGS:   14 11:05:04     -453.914337        0.291592
BFGS:   15 11:05:05     -453.913879        0.235212
BFGS:   16 11:05:06     -453.913727        0.193361
BFGS:   17 11:05:06     -453.913513        0.163236
BFGS:   18 11:05:07     -453.913269        0.181052
BFGS:   19 11:05:08     -453.913269        0.179689
BFGS:   20 11:05:08     -453.913452        0.140101
BFGS:   21 11:05:09     -453.913635        0.101737
BFGS:   22 11:05:10     -453.913757        0.088824
BFGS:   23 11:05:11     -453.913818        0.126128
BFGS:   24 11:05:11     -453.913910        0.109298
BFGS:   25 11:05:12     -453.913940        0.078339
BFGS:   26 11:05:13     -453.913849        0.068647
BFGS:   27 11:05:13     -453.913788        0.068809
BFGS:   28 11:05:14     -453.913788        0.069317
BFGS:   29 11:05:15     -453.913818        0.055419
BFGS:   30 11:05:16     -453.913910        0.059787
BFGS:   31 11:05:16     -453.914001        0.063863
BFGS:   32 11:05:17     -453.914154        0.063073
BFGS:   33 11:05:18     -453.914246        0.056756
BFGS:   34 11:05:18     -453.914337        0.052089
BFGS:   35 11:05:19     -453.914337        0.056880
BFGS:   36 11:05:20     -453.914276        0.058903
BFGS:   37 11:05:20     -453.914154        0.068693
BFGS:   38 11:05:21     -453.914062        0.053690
BFGS:   39 11:05:22     -453.914001        0.046203
      Step     Time          Energy          fmax
BFGS:    0 12:20:04     -453.084137        3.766310
BFGS:    1 12:20:05     -453.392242        3.551055
BFGS:    2 12:20:06     -453.747528        3.992513
BFGS:    3 12:20:06     -453.863342        2.253519
BFGS:    4 12:20:07     -453.897400        2.863497
BFGS:    5 12:20:08     -453.898865        1.685830
BFGS:    6 12:20:09     -453.904877        1.469584
BFGS:    7 12:20:10     -453.911194        1.169782
BFGS:    8 12:20:10     -453.913635        0.814686
BFGS:    9 12:20:11     -453.915497        0.417642
BFGS:   10 12:20:12     -453.915710        0.337239
BFGS:   11 12:20:13     -453.915894        0.325512
BFGS:   12 12:20:13     -453.915680        0.368619
BFGS:   13 12:20:14     -453.915070        0.371788
BFGS:   14 12:20:15     -453.914337        0.291592
BFGS:   15 12:20:15     -453.913879        0.235212
BFGS:   16 12:20:16     -453.913727        0.193361
BFGS:   17 12:20:17     -453.913513        0.163236
BFGS:   18 12:20:17     -453.913269        0.181052
BFGS:   19 12:20:18     -453.913269        0.179689
BFGS:   20 12:20:19     -453.913452        0.140101
BFGS:   21 12:20:20     -453.913635        0.101737
BFGS:   22 12:20:20     -453.913757        0.088824
BFGS:   23 12:20:21     -453.913818        0.126128
BFGS:   24 12:20:22     -453.913910        0.109298
BFGS:   25 12:20:23     -453.913940        0.078339
BFGS:   26 12:20:23     -453.913849        0.068647
BFGS:   27 12:20:24     -453.913788        0.068809
BFGS:   28 12:20:25     -453.913788        0.069317
BFGS:   29 12:20:25     -453.913818        0.055419
BFGS:   30 12:20:26     -453.913910        0.059787
BFGS:   31 12:20:27     -453.914001        0.063863
BFGS:   32 12:20:28     -453.914154        0.063073
BFGS:   33 12:20:28     -453.914246        0.056756
BFGS:   34 12:20:29     -453.914337        0.052089
BFGS:   35 12:20:30     -453.914337        0.056880
BFGS:   36 12:20:31     -453.914276        0.058903
BFGS:   37 12:20:31     -453.914154        0.068693
BFGS:   38 12:20:32     -453.914062        0.053690
BFGS:   39 12:20:33     -453.914001        0.046203
      Step     Time          Energy          fmax
BFGS:    0 13:35:58     -453.084137        3.766310
BFGS:    1 13:35:59     -453.392242        3.551055
BFGS:    2 13:36:00     -453.747528        3.992513
BFGS:    3 13:36:01     -453.863342        2.253519
BFGS:    4 13:36:02     -453.897400        2.863497
BFGS:    5 13:36:02     -453.898865        1.685830
BFGS:    6 13:36:03     -453.904877        1.469584
BFGS:    7 13:36:04     -453.911194        1.169782
BFGS:    8 13:36:04     -453.913635        0.814686
BFGS:    9 13:36:05     -453.915497        0.417642
BFGS:   10 13:36:06     -453.915710        0.337239
BFGS:   11 13:36:07     -453.915894        0.325512
BFGS:   12 13:36:07     -453.915680        0.368619
BFGS:   13 13:36:08     -453.915070        0.371788
BFGS:   14 13:36:09     -453.914337        0.291592
BFGS:   15 13:36:10     -453.913879        0.235212
BFGS:   16 13:36:11     -453.913727        0.193361
BFGS:   17 13:36:12     -453.913513        0.163236
BFGS:   18 13:36:12     -453.913269        0.181052
BFGS:   19 13:36:13     -453.913269        0.179689
BFGS:   20 13:36:14     -453.913452        0.140101
BFGS:   21 13:36:15     -453.913635        0.101737
BFGS:   22 13:36:15     -453.913757        0.088824
BFGS:   23 13:36:16     -453.913818        0.126128
BFGS:   24 13:36:17     -453.913910        0.109298
BFGS:   25 13:36:17     -453.913940        0.078339
BFGS:   26 13:36:18     -453.913849        0.068647
BFGS:   27 13:36:19     -453.913788        0.068809
BFGS:   28 13:36:20     -453.913788        0.069317
BFGS:   29 13:36:20     -453.913818        0.055419
BFGS:   30 13:36:21     -453.913910        0.059787
BFGS:   31 13:36:22     -453.914001        0.063863
BFGS:   32 13:36:23     -453.914154        0.063073
BFGS:   33 13:36:23     -453.914246        0.056756
BFGS:   34 13:36:24     -453.914337        0.052089
BFGS:   35 13:36:25     -453.914337        0.056880
BFGS:   36 13:36:26     -453.914276        0.058903
BFGS:   37 13:36:27     -453.914154        0.068693
BFGS:   38 13:36:27     -453.914062        0.053690
BFGS:   39 13:36:28     -453.914001        0.046203
      Step     Time          Energy          fmax
BFGS:    0 16:23:50     -453.084137        3.766310
BFGS:    1 16:23:51     -453.392242        3.551055
BFGS:    2 16:23:52     -453.747528        3.992513
BFGS:    3 16:23:52     -453.863342        2.253519
BFGS:    4 16:23:53     -453.897400        2.863497
BFGS:    5 16:23:54     -453.898865        1.685830
BFGS:    6 16:23:54     -453.904877        1.469584
BFGS:    7 16:23:55     -453.911194        1.169782
BFGS:    8 16:23:56     -453.913635        0.814686
BFGS:    9 16:23:56     -453.915497        0.417642
BFGS:   10 16:23:57     -453.915710        0.337239
BFGS:   11 16:23:58     -453.915894        0.325512
BFGS:   12 16:23:58     -453.915680        0.368619
BFGS:   13 16:23:59     -453.915070        0.371788
BFGS:   14 16:24:00     -453.914337        0.291592
BFGS:   15 16:24:00     -453.913879        0.235212
BFGS:   16 16:24:01     -453.913727        0.193361
BFGS:   17 16:24:01     -453.913513        0.163236
BFGS:   18 16:24:02     -453.913269        0.181052
BFGS:   19 16:24:03     -453.913269        0.179689
BFGS:   20 16:24:03     -453.913452        0.140101
BFGS:   21 16:24:04     -453.913635        0.101737
BFGS:   22 16:24:05     -453.913757        0.088824
BFGS:   23 16:24:05     -453.913818        0.126128
BFGS:   24 16:24:06     -453.913910        0.109298
BFGS:   25 16:24:07     -453.913940        0.078339
BFGS:   26 16:24:07     -453.913849        0.068647
BFGS:   27 16:24:08     -453.913788        0.068809
BFGS:   28 16:24:08     -453.913788        0.069317
BFGS:   29 16:24:09     -453.913818        0.055419
BFGS:   30 16:24:10     -453.913910        0.059787
BFGS:   31 16:24:11     -453.914001        0.063863
BFGS:   32 16:24:11     -453.914154        0.063073
BFGS:   33 16:24:12     -453.914246        0.056756
BFGS:   34 16:24:12     -453.914337        0.052089
BFGS:   35 16:24:13     -453.914337        0.056880
BFGS:   36 16:24:14     -453.914276        0.058903
BFGS:   37 16:24:14     -453.914154        0.068693
BFGS:   38 16:24:15     -453.914062        0.053690
BFGS:   39 16:24:15     -453.914001        0.046203
      Step     Time          Energy          fmax
BFGS:    0 17:38:18     -453.084137        3.766310
BFGS:    1 17:38:19     -453.392242        3.551055
BFGS:    2 17:38:19     -453.747528        3.992513
BFGS:    3 17:38:20     -453.863342        2.253519
BFGS:    4 17:38:21     -453.897400        2.863497
BFGS:    5 17:38:21     -453.898865        1.685830
BFGS:    6 17:38:22     -453.904877        1.469584
BFGS:    7 17:38:23     -453.911194        1.169782
BFGS:    8 17:38:24     -453.913635        0.814686
BFGS:    9 17:38:24     -453.915497        0.417642
BFGS:   10 17:38:25     -453.915710        0.337239
BFGS:   11 17:38:26     -453.915894        0.325512
BFGS:   12 17:38:26     -453.915680        0.368619
BFGS:   13 17:38:27     -453.915070        0.371788
BFGS:   14 17:38:28     -453.914337        0.291592
BFGS:   15 17:38:29     -453.913879        0.235212
BFGS:   16 17:38:30     -453.913727        0.193361
BFGS:   17 17:38:31     -453.913513        0.163236
BFGS:   18 17:38:32     -453.913269        0.181052
BFGS:   19 17:38:33     -453.913269        0.179689
BFGS:   20 17:38:34     -453.913452        0.140101
BFGS:   21 17:38:34     -453.913635        0.101737
BFGS:   22 17:38:35     -453.913757        0.088824
BFGS:   23 17:38:36     -453.913818        0.126128
BFGS:   24 17:38:36     -453.913910        0.109298
BFGS:   25 17:38:37     -453.913940        0.078339
BFGS:   26 17:38:38     -453.913849        0.068647
BFGS:   27 17:38:38     -453.913788        0.068809
BFGS:   28 17:38:39     -453.913788        0.069317
BFGS:   29 17:38:40     -453.913818        0.055419
BFGS:   30 17:38:40     -453.913910        0.059787
BFGS:   31 17:38:41     -453.914001        0.063863
BFGS:   32 17:38:42     -453.914154        0.063073
BFGS:   33 17:38:43     -453.914246        0.056756
BFGS:   34 17:38:43     -453.914337        0.052089
BFGS:   35 17:38:44     -453.914337        0.056880
BFGS:   36 17:38:45     -453.914276        0.058903
BFGS:   37 17:38:46     -453.914154        0.068693
BFGS:   38 17:38:46     -453.914062        0.053690
BFGS:   39 17:38:47     -453.914001        0.046203
      Step     Time          Energy          fmax
BFGS:    0 19:17:13     -453.084137        3.766310
BFGS:    1 19:17:14     -453.392242        3.551055
BFGS:    2 19:17:15     -453.747528        3.992513
BFGS:    3 19:17:16     -453.863342        2.253519
BFGS:    4 19:17:16     -453.897400        2.863497
BFGS:    5 19:17:17     -453.898865        1.685830
BFGS:    6 19:17:18     -453.904877        1.469584
BFGS:    7 19:17:18     -453.911194        1.169782
BFGS:    8 19:17:19     -453.913635        0.814686
BFGS:    9 19:17:20     -453.915497        0.417642
BFGS:   10 19:17:21     -453.915710        0.337239
BFGS:   11 19:17:22     -453.915894        0.325512
BFGS:   12 19:17:22     -453.915680        0.368619
BFGS:   13 19:17:23     -453.915070        0.371788
BFGS:   14 19:17:23     -453.914337        0.291592
BFGS:   15 19:17:24     -453.913879        0.235212
BFGS:   16 19:17:25     -453.913727        0.193361
BFGS:   17 19:17:26     -453.913513        0.163236
BFGS:   18 19:17:27     -453.913269        0.181052
BFGS:   19 19:17:27     -453.913269        0.179689
BFGS:   20 19:17:28     -453.913452        0.140101
BFGS:   21 19:17:29     -453.913635        0.101737
BFGS:   22 19:17:30     -453.913757        0.088824
BFGS:   23 19:17:31     -453.913818        0.126128
BFGS:   24 19:17:31     -453.913910        0.109298
BFGS:   25 19:17:32     -453.913940        0.078339
BFGS:   26 19:17:33     -453.913849        0.068647
BFGS:   27 19:17:33     -453.913788        0.068809
BFGS:   28 19:17:34     -453.913788        0.069317
BFGS:   29 19:17:35     -453.913818        0.055419
BFGS:   30 19:17:35     -453.913910        0.059787
BFGS:   31 19:17:36     -453.914001        0.063863
BFGS:   32 19:17:37     -453.914154        0.063073
BFGS:   33 19:17:37     -453.914246        0.056756
BFGS:   34 19:17:38     -453.914337        0.052089
BFGS:   35 19:17:39     -453.914337        0.056880
BFGS:   36 19:17:39     -453.914276        0.058903
BFGS:   37 19:17:40     -453.914154        0.068693
BFGS:   38 19:17:41     -453.914062        0.053690
BFGS:   39 19:17:41     -453.914001        0.046203
      Step     Time          Energy          fmax
BFGS:    0 00:23:26     -452.528595        4.317398
BFGS:    1 00:23:27     -452.877197        2.375668
BFGS:    2 00:23:28     -453.149567        1.639013
BFGS:    3 00:23:29     -453.281952        1.772744
BFGS:    4 00:23:29     -453.562256        1.545948
BFGS:    5 00:23:30     -453.771545        0.937395
BFGS:    6 00:23:31     -453.908630        0.971855
BFGS:    7 00:23:32     -453.981293        1.032252
BFGS:    8 00:23:32     -453.992981        0.624692
BFGS:    9 00:23:33     -454.000488        0.559542
BFGS:   10 00:23:34     -454.010498        0.577406
BFGS:   11 00:23:34     -454.023315        0.630700
BFGS:   12 00:23:35     -454.022339        0.708210
BFGS:   13 00:23:36     -453.998047        0.857552
BFGS:   14 00:23:36     -453.943054        0.982906
BFGS:   15 00:23:37     -453.825775        1.030158
BFGS:   16 00:23:38     -453.659851        0.920712
BFGS:   17 00:23:39     -453.494751        0.913613
BFGS:   18 00:23:39     -453.417023        0.887498
BFGS:   19 00:23:40     -453.387421        1.069299
BFGS:   20 00:23:41     -453.433502        1.359696
BFGS:   21 00:23:42     -453.523895        1.174515
BFGS:   22 00:23:42     -453.668793        1.295403
BFGS:   23 00:23:43     -453.747009        0.729435
BFGS:   24 00:23:44     -453.795715        0.764272
BFGS:   25 00:23:44     -453.831573        0.715161
BFGS:   26 00:23:45     -453.854553        0.519115
BFGS:   27 00:23:46     -453.875916        0.541215
BFGS:   28 00:23:47     -453.910919        0.451464
BFGS:   29 00:23:48     -453.973389        0.914950
BFGS:   30 00:23:49     -453.874237        2.706043
BFGS:   31 00:23:49     -453.888916        1.331060
BFGS:   32 00:23:50     -453.930511        0.490596
BFGS:   33 00:23:51     -453.967407        0.657392
BFGS:   34 00:23:51     -453.974060        0.421234
BFGS:   35 00:23:52     -453.980011        0.394916
BFGS:   36 00:23:53     -453.912720        0.683075
BFGS:   37 00:23:54     -453.750061        1.081194
BFGS:   38 00:23:55     -453.729309        0.877729
BFGS:   39 00:23:55     -453.635986        0.474943
BFGS:   40 00:23:56     -453.646393        0.707588
BFGS:   41 00:23:57     -453.729614        1.838762
BFGS:   42 00:23:57     -453.820526        1.673179
BFGS:   43 00:23:58     -453.852509        1.159078
BFGS:   44 00:23:59     -453.612518        2.969355
BFGS:   45 00:23:59     -453.072693        4.659420
BFGS:   46 00:24:00     -452.507812        5.554253
BFGS:   47 00:24:01     -452.002960        6.040255
BFGS:   48 00:24:02     -451.689148        6.194790
BFGS:   49 00:24:02     -451.381226        6.047317
BFGS:   50 00:24:03     -450.537354        5.288722
BFGS:   51 00:24:04     -449.674103        5.108134
BFGS:   52 00:24:05     -450.587646        4.886424
BFGS:   53 00:24:06     -451.129425        4.229130
BFGS:   54 00:24:07     -451.476196        4.397924
BFGS:   55 00:24:08     -451.038086        6.427360
BFGS:   56 00:24:08     -448.987854        6.965175
BFGS:   57 00:24:09     -447.085571        6.915259
BFGS:   58 00:24:10     -447.223236        4.836396
BFGS:   59 00:24:11     -447.111206        4.364340
BFGS:   60 00:24:11     -447.031464        4.972182
BFGS:   61 00:24:12     -447.274139        5.311133
BFGS:   62 00:24:13     -447.444824        4.406341
BFGS:   63 00:24:14     -447.711761        3.604448
BFGS:   64 00:24:15     -448.338928        4.749131
BFGS:   65 00:24:16     -448.358307        4.095068
BFGS:   66 00:24:18     -448.623932        3.976229
BFGS:   67 00:24:19     -449.015045        3.627068
BFGS:   68 00:24:20     -449.225006        2.933753
BFGS:   69 00:24:20     -449.407776        2.462260
BFGS:   70 00:24:21     -449.269623        2.902121
BFGS:   71 00:24:22     -449.982697        6.105390
BFGS:   72 00:24:22     -450.398438        5.473540
BFGS:   73 00:24:23     -450.442352        4.595815
BFGS:   74 00:24:24     -450.080200        3.819408
BFGS:   75 00:24:24     -449.547668        3.217138
BFGS:   76 00:24:25     -449.866760        2.903929
BFGS:   77 00:24:26     -450.761871        6.059047
BFGS:   78 00:24:26     -451.578430        3.954835
BFGS:   79 00:24:27     -451.917969        2.255637
BFGS:   80 00:24:28     -452.609802        4.995197
BFGS:   81 00:24:29     -453.280640        3.496421
BFGS:   82 00:24:29     -453.478546        2.584018
BFGS:   83 00:24:30     -453.681396        0.961876
BFGS:   84 00:24:31     -453.706268        0.796927
BFGS:   85 00:24:32     -453.644409        1.130890
BFGS:   86 00:24:32     -453.692047        0.695715
BFGS:   87 00:24:33     -453.684204        0.884206
BFGS:   88 00:24:34     -453.705048        0.838597
BFGS:   89 00:24:34     -453.647980        1.656950
BFGS:   90 00:24:35     -453.701813        1.259437
BFGS:   91 00:24:36     -453.722778        1.249405
BFGS:   92 00:24:37     -453.774445        1.023839
BFGS:   93 00:24:37     -453.558105        1.781960
BFGS:   94 00:24:38     -453.148560        1.588549
BFGS:   95 00:24:39     -453.203979        1.520066
BFGS:   96 00:24:39     -453.301117        1.580574
BFGS:   97 00:24:40     -453.349487        1.200492
BFGS:   98 00:24:41     -453.172791        2.769621
BFGS:   99 00:24:42     -452.859436        3.620101
BFGS:  100 00:24:42     -452.180328        3.567746
BFGS:  101 00:24:43     -452.099518        3.162741
BFGS:  102 00:24:44     -452.215424        3.077661
BFGS:  103 00:24:45     -452.156555        3.198898
BFGS:  104 00:24:45     -452.070862        3.008752
BFGS:  105 00:24:46     -452.387970        2.747604
BFGS:  106 00:24:47     -452.404724        5.516396
BFGS:  107 00:24:47     -451.764954        6.744656
BFGS:  108 00:24:48     -451.276855        6.926051
BFGS:  109 00:24:49     -451.359528        4.526265
BFGS:  110 00:24:50     -451.940918        3.814743
BFGS:  111 00:24:50     -452.716095        4.197120
BFGS:  112 00:24:51     -453.071869        2.965172
BFGS:  113 00:24:52     -453.345917        2.875756
BFGS:  114 00:24:53     -453.021759        3.960194
BFGS:  115 00:24:54     -453.483582        3.268581
BFGS:  116 00:24:54     -453.723633        1.648108
BFGS:  117 00:24:55     -453.768738        1.653578
BFGS:  118 00:24:56     -453.777100        1.348824
BFGS:  119 00:24:57     -453.822510        1.358330
BFGS:  120 00:24:58     -453.835663        1.545489
BFGS:  121 00:24:58     -453.834778        1.300053
BFGS:  122 00:24:59     -453.818634        1.447153
BFGS:  123 00:25:00     -453.790283        1.351484
BFGS:  124 00:25:01     -453.429688        2.845850
BFGS:  125 00:25:01     -452.814911        4.008675
BFGS:  126 00:25:02     -452.024323        4.769323
BFGS:  127 00:25:03     -451.476776        4.017640
BFGS:  128 00:25:04     -451.851715        3.235497
BFGS:  129 00:25:05     -452.594482        3.994443
BFGS:  130 00:25:06     -453.022156        3.105057
BFGS:  131 00:25:07     -452.989136        3.380489
BFGS:  132 00:25:08     -452.847870        3.701925
BFGS:  133 00:25:08     -453.017090        1.781315
BFGS:  134 00:25:09     -453.171448        1.263634
BFGS:  135 00:25:10     -453.184082        0.991119
BFGS:  136 00:25:11     -453.240082        2.339535
BFGS:  137 00:25:13     -453.324158        1.310208
BFGS:  138 00:25:16     -453.545898        1.811754
BFGS:  139 00:25:17     -453.817413        5.528233
BFGS:  140 00:25:18     -454.013214        1.622160
BFGS:  141 00:25:19     -454.254364        2.521129
BFGS:  142 00:25:20     -454.304047        6.670504
BFGS:  143 00:25:20     -453.116028       10.974003
BFGS:  144 00:25:21     -450.804138        9.564235
BFGS:  145 00:25:22     -451.022064        8.652401
BFGS:  146 00:25:23     -453.118256       13.699538
BFGS:  147 00:25:24     -453.688416       10.260964
BFGS:  148 00:25:25     -453.834930       12.911188
BFGS:  149 00:25:27     -454.299103        6.026541
BFGS:  150 00:25:30     -454.317841        7.687420
BFGS:  151 00:25:32     -454.313599       20.927676
BFGS:  152 00:25:33     -453.742676       11.341793
BFGS:  153 00:25:34     -453.669830       10.581439
BFGS:  154 00:25:36     -453.330566       23.468534
BFGS:  155 00:25:38     -454.207611        4.282401
BFGS:  156 00:25:39     -454.199707        2.659100
BFGS:  157 00:25:40     -454.182373        8.101558
BFGS:  158 00:25:40     -454.149261        4.819246
BFGS:  159 00:25:41     -454.048920       27.374660
BFGS:  160 00:25:43     -454.008881       31.180106
BFGS:  161 00:25:45     -453.999847       37.009877
BFGS:  162 00:25:46     -453.937073       20.649971
BFGS:  163 00:25:47     -453.817841       31.381873
BFGS:  164 00:25:48     -453.003387       94.512599
BFGS:  165 00:25:49     -453.860199       17.562471
BFGS:  166 00:25:49     -453.889069       13.569076
BFGS:  167 00:25:50     -453.894501        9.814951
BFGS:  168 00:25:51     -445.019714      227.118043
BFGS:  169 00:25:51     -443.022522      108.820606
BFGS:  170 00:25:52     -446.695953       45.369260
BFGS:  171 00:25:53     -449.349915       12.540881
BFGS:  172 00:25:53     -447.629608       22.448424
BFGS:  173 00:25:54     -448.015869       12.112594
BFGS:  174 00:25:55     -449.293243       18.981562
BFGS:  175 00:25:56     -449.487854       21.163605
BFGS:  176 00:25:57     -450.022797       20.972415
BFGS:  177 00:25:57     -450.676880       35.276034
BFGS:  178 00:25:58     -450.998993       38.587484
BFGS:  179 00:25:59     -449.365753       69.499616
BFGS:  180 00:26:00     -451.657104       24.198122
BFGS:  181 00:26:01     -453.378082       21.409925
BFGS:  182 00:26:01     -453.144409       32.387444
BFGS:  183 00:26:02     -453.417572       33.047407
BFGS:  184 00:26:03     -453.118011       51.420272
BFGS:  185 00:26:03     -453.546265       33.065823
BFGS:  186 00:26:04     -452.610413       22.225417
BFGS:  187 00:26:05     -453.388275       15.353829
BFGS:  188 00:26:07     -454.135223       11.960784
BFGS:  189 00:26:07     -453.852966       28.019449
BFGS:  190 00:26:08     -454.107910       24.818281
BFGS:  191 00:26:09     -453.972015       25.750633
BFGS:  192 00:26:09     -454.124176       17.984782
BFGS:  193 00:26:10     -454.124664       21.284895
BFGS:  194 00:26:11     -454.125732       11.141997
BFGS:  195 00:26:12     -454.122772       10.861021
BFGS:  196 00:26:13     -454.102997        8.325283
BFGS:  197 00:26:13     -453.744904      104.132139
BFGS:  198 00:26:14     -454.101715       15.429945
BFGS:  199 00:26:15     -454.107117       15.421056
BFGS:  200 00:26:17     -450.798523      134.653989
BFGS:  201 00:26:17     -454.105591      178.788530
BFGS:  202 00:26:18     -450.847076        7.646044
BFGS:  203 00:26:19     -452.450714       24.612659
BFGS:  204 00:26:19     -454.114136       48.209593
BFGS:  205 00:26:20     -452.628998      115.087948
BFGS:  206 00:26:21     -454.133362       13.909613
BFGS:  207 00:26:22     -454.140259       31.925828
BFGS:  208 00:26:22     -451.922607      309.143907
BFGS:  209 00:26:23     -454.152832       99.658957
BFGS:  210 00:26:24     -454.140320       75.035956
BFGS:  211 00:26:25     -454.143463       41.141345
BFGS:  212 00:26:25     -454.156219       90.125231
BFGS:  213 00:26:26     -454.164276       48.794523
BFGS:  214 00:26:27     -454.161133       53.373926
BFGS:  215 00:26:28     -453.971008       55.080371
BFGS:  216 00:26:28     -454.135956       18.883250
BFGS:  217 00:26:29     -454.137817       15.725123
BFGS:  218 00:26:30     -454.134216       25.780389
BFGS:  219 00:26:30     -454.132080       27.472706
BFGS:  220 00:26:31     -453.290466      459.255881
BFGS:  221 00:26:32     -450.894684      227.760631
BFGS:  222 00:26:32     -454.126343      129.001365
BFGS:  223 00:26:33     -454.121826      103.810152
BFGS:  224 00:26:34     -454.138977       46.126619
BFGS:  225 00:26:35     -454.137054       23.702383
BFGS:  226 00:26:35     -454.113312      269.521125
BFGS:  227 00:26:36     -454.126129       21.890505
BFGS:  228 00:26:37     -454.123016       10.238906
BFGS:  229 00:26:37     -454.111847       75.417055
BFGS:  230 00:26:38     -454.114105       15.934734
BFGS:  231 00:26:39     -454.117523       10.483591
BFGS:  232 00:26:40     -454.118927       40.500909
BFGS:  233 00:26:40     -454.113739       35.706711
BFGS:  234 00:26:41     -454.044159       67.865342
BFGS:  235 00:26:42     -454.118683       48.553319
BFGS:  236 00:26:43     -454.128235       25.032639
BFGS:  237 00:26:43     -454.134918       11.175821
BFGS:  238 00:26:44     -454.129852       22.998512
BFGS:  239 00:26:45     -454.132904        9.041728
BFGS:  240 00:26:46     -454.133240        6.271450
BFGS:  241 00:26:46     -454.104706       19.961895
BFGS:  242 00:26:47     -454.009949       21.448678
BFGS:  243 00:26:48     -453.775940      118.993251
BFGS:  244 00:26:49     -453.992615      395.166668
BFGS:  245 00:26:50     -453.946716      320.178160
BFGS:  246 00:26:50     -454.027924       87.016015
BFGS:  247 00:26:51     -454.040283      127.484394
BFGS:  248 00:26:52     -454.084717       76.253151
BFGS:  249 00:26:54     -454.104279       20.752972
BFGS:  250 00:26:55     -454.099030       17.530201
BFGS:  251 00:26:56     -454.094696        6.407734
BFGS:  252 00:26:57     -454.059662      107.160192
BFGS:  253 00:26:57     -454.078979      141.297032
BFGS:  254 00:26:58     -454.074860      447.000771
BFGS:  255 00:26:59     -454.121704      360.811736
BFGS:  256 00:27:00     -451.855286      115.974181
BFGS:  257 00:27:01     -451.762573       77.367031
BFGS:  258 00:27:01     -452.064758       50.114762
BFGS:  259 00:27:02     -452.411499       35.619130
BFGS:  260 00:27:03     -452.735443       36.929717
BFGS:  261 00:27:04     -453.012085       35.871165
BFGS:  262 00:27:05     -452.650055       20.457924
BFGS:  263 00:27:07     -452.988403       21.007739
BFGS:  264 00:27:08     -453.460938       16.607772
BFGS:  265 00:27:10     -453.620544       10.786659
BFGS:  266 00:27:11     -453.835480        9.281756
BFGS:  267 00:27:12     -453.996826        5.783598
BFGS:  268 00:27:13     -454.290710        5.720361
BFGS:  269 00:27:14     -454.347137        4.924286
BFGS:  270 00:27:15     -454.255554        5.441031
BFGS:  271 00:27:16     -453.961365        3.040016
BFGS:  272 00:27:17     -454.026581        2.223348
BFGS:  273 00:27:18     -454.033813        3.278164
BFGS:  274 00:27:18     -454.101471        9.296341
BFGS:  275 00:27:19     -454.128387       12.840909
BFGS:  276 00:27:20     -454.127960       15.841766
BFGS:  277 00:27:21     -454.059845       17.340528
BFGS:  278 00:27:22     -454.008545       20.641158
BFGS:  279 00:27:23     -454.044952       19.751697
BFGS:  280 00:27:28     -454.114380       20.364043
BFGS:  281 00:27:30     -454.158478       24.003078
BFGS:  282 00:27:37     -454.149689       32.893089
BFGS:  283 00:27:38     -454.144867       35.155388
BFGS:  284 00:27:39     -454.006042       35.847258
BFGS:  285 00:27:40     -453.739502       36.224988
BFGS:  286 00:27:45     -453.437744       36.828626
BFGS:  287 00:27:49     -453.461304       30.879477
BFGS:  288 00:27:50     -453.730927        9.122537
BFGS:  289 00:27:52     -453.753296       18.599453
BFGS:  290 00:27:53     -453.996857       65.750672
BFGS:  291 00:27:54     -454.165863       59.869142
BFGS:  292 00:27:54     -454.223969       27.974564
BFGS:  293 00:27:55     -454.240234       24.054490
BFGS:  294 00:27:56     -454.236511       34.238418
BFGS:  295 00:27:57     -454.054077      186.112631
BFGS:  296 00:27:57     -448.287811      155.082009
BFGS:  297 00:27:58     -448.383820       74.159528
BFGS:  298 00:27:59     -450.094391       34.791154
BFGS:  299 00:27:59     -449.799866       29.698728
BFGS:  300 00:28:00     -449.428436       18.775876
BFGS:  301 00:28:01     -449.359283       19.162912
BFGS:  302 00:28:02     -449.500122       20.227977
BFGS:  303 00:28:02     -450.117493       15.909422
BFGS:  304 00:28:03     -450.852448       12.131392
BFGS:  305 00:28:04     -451.317719       11.276093
BFGS:  306 00:28:04     -451.507050       10.465779
BFGS:  307 00:28:05     -451.680664        8.674175
BFGS:  308 00:28:06     -451.795624        7.062608
BFGS:  309 00:28:08     -451.891998        6.009454
BFGS:  310 00:28:09     -451.966553        5.936336
BFGS:  311 00:28:10     -452.028229        6.233806
BFGS:  312 00:28:10     -452.074615        6.513956
BFGS:  313 00:28:11     -452.121063        6.708417
BFGS:  314 00:28:12     -452.164734        6.891116
BFGS:  315 00:28:13     -452.192780        6.749508
BFGS:  316 00:28:13     -452.196045        6.349435
BFGS:  317 00:28:14     -452.182587        5.922011
BFGS:  318 00:28:15     -452.167114        5.623543
BFGS:  319 00:28:16     -452.149536        5.370804
BFGS:  320 00:28:17     -452.122406        5.175935
BFGS:  321 00:28:18     -452.081146        5.024009
BFGS:  322 00:28:19     -452.039276        5.089860
BFGS:  323 00:28:19     -451.993530        5.427854
BFGS:  324 00:28:20     -451.927307        5.804322
BFGS:  325 00:28:21     -451.839966        6.044893
BFGS:  326 00:28:22     -451.737427        6.110060
BFGS:  327 00:28:22     -451.661652        5.891334
BFGS:  328 00:28:23     -451.613861        5.679862
BFGS:  329 00:28:24     -451.609924        5.384536
BFGS:  330 00:28:25     -451.655273        5.126088
BFGS:  331 00:28:25     -451.740021        4.546528
BFGS:  332 00:28:26     -451.816376        4.208685
BFGS:  333 00:28:27     -451.870758        3.947360
BFGS:  334 00:28:27     -451.869537        4.432452
BFGS:  335 00:28:28     -451.774780        4.989976
BFGS:  336 00:28:29     -451.748627        4.911884
BFGS:  337 00:28:29     -451.806976        4.001610
BFGS:  338 00:28:30     -451.832428        3.182769
BFGS:  339 00:28:31     -451.873901        3.392517
BFGS:  340 00:28:32     -451.886993        3.715769
BFGS:  341 00:28:32     -451.902832        3.748510
BFGS:  342 00:28:33     -451.934387        3.479476
BFGS:  343 00:28:34     -451.942596        3.298775
BFGS:  344 00:28:35     -451.957764        3.045711
BFGS:  345 00:28:36     -451.977753        2.831743
BFGS:  346 00:28:36     -451.996582        2.620906
BFGS:  347 00:28:37     -452.011963        2.452873
BFGS:  348 00:28:38     -452.030518        2.326383
BFGS:  349 00:28:38     -452.074371        2.396102
BFGS:  350 00:28:39     -452.109833        2.429324
BFGS:  351 00:28:40     -452.145782        2.710756
BFGS:  352 00:28:41     -452.152039        2.763287
BFGS:  353 00:28:41     -452.167450        2.790645
BFGS:  354 00:28:42     -452.215607        2.809559
BFGS:  355 00:28:43     -452.250244        3.022222
BFGS:  356 00:28:43     -452.288940        3.176192
BFGS:  357 00:28:44     -452.281311        3.440600
BFGS:  358 00:28:45     -452.260834        3.392704
BFGS:  359 00:28:46     -452.257721        3.451690
BFGS:  360 00:28:46     -452.270935        3.462971
BFGS:  361 00:28:47     -452.291595        3.616701
BFGS:  362 00:28:48     -452.309174        3.718375
BFGS:  363 00:28:49     -452.311554        3.865746
BFGS:  364 00:28:49     -452.294189        3.913109
BFGS:  365 00:28:50     -452.272705        3.882910
BFGS:  366 00:28:51     -452.257660        3.717486
BFGS:  367 00:28:51     -452.259949        3.570806
BFGS:  368 00:28:52     -452.273041        3.451469
BFGS:  369 00:28:53     -452.294769        3.444363
BFGS:  370 00:28:54     -452.321289        3.524869
BFGS:  371 00:28:54     -452.335724        3.660371
BFGS:  372 00:28:55     -452.327057        3.802371
BFGS:  373 00:28:56     -452.301270        3.947730
BFGS:  374 00:28:57     -452.253082        4.102684
BFGS:  375 00:28:57     -452.200409        4.097581
BFGS:  376 00:28:58     -452.188721        3.749284
BFGS:  377 00:28:59     -452.232910        3.372323
BFGS:  378 00:28:59     -452.287292        3.276502
BFGS:  379 00:29:00     -452.289948        3.425276
BFGS:  380 00:29:01     -452.257172        3.682462
BFGS:  381 00:29:02     -452.262482        3.593404
BFGS:  382 00:29:02     -452.273712        3.349949
BFGS:  383 00:29:03     -452.273224        3.357443
BFGS:  384 00:29:04     -452.259003        3.343970
BFGS:  385 00:29:05     -452.255585        3.216412
BFGS:  386 00:29:05     -452.253510        3.086012
BFGS:  387 00:29:06     -452.258026        3.034082
BFGS:  388 00:29:08     -452.265350        3.084386
BFGS:  389 00:29:08     -452.270691        3.120256
BFGS:  390 00:29:09     -452.272095        3.099177
BFGS:  391 00:29:10     -452.271301        2.995136
BFGS:  392 00:29:11     -452.277710        2.938733
BFGS:  393 00:29:11     -452.286163        2.964799
BFGS:  394 00:29:12     -452.308838        3.068553
BFGS:  395 00:29:13     -452.301270        3.119397
BFGS:  396 00:29:13     -452.312653        3.085261
BFGS:  397 00:29:15     -452.319122        3.008476
BFGS:  398 00:29:16     -452.321533        2.932629
BFGS:  399 00:29:17     -452.323669        2.894440
BFGS:  400 00:29:17     -452.325714        2.837484
BFGS:  401 00:29:18     -452.333405        2.963794
BFGS:  402 00:29:19     -452.345978        3.031810
BFGS:  403 00:29:20     -452.361176        3.186303
BFGS:  404 00:29:20     -452.399048        3.304150
BFGS:  405 00:29:21     -452.372162        3.092542
BFGS:  406 00:29:22     -452.254547        3.065384
BFGS:  407 00:29:22     -452.263550        3.252949
BFGS:  408 00:29:23     -452.282043        3.639886
BFGS:  409 00:29:24     -452.365601        3.121211
BFGS:  410 00:29:25     -452.433136        3.060336
BFGS:  411 00:29:25     -452.445587        3.143340
BFGS:  412 00:29:26     -452.462708        3.244173
BFGS:  413 00:29:27     -452.534119        3.964372
BFGS:  414 00:29:27     -452.432983        5.033628
BFGS:  415 00:29:28     -452.479370        4.363983
BFGS:  416 00:29:29     -452.287567        3.466153
BFGS:  417 00:29:30     -452.269836        3.617172
BFGS:  418 00:29:31     -452.352356        3.543144
BFGS:  419 00:29:31     -452.154297        5.309749
BFGS:  420 00:29:32     -451.524841        6.320828
BFGS:  421 00:29:33     -450.766968        8.230835
BFGS:  422 00:29:34     -451.143738        7.549943
BFGS:  423 00:29:34     -451.535187        5.660242
BFGS:  424 00:29:35     -451.908752        3.212893
BFGS:  425 00:29:36     -452.017578        4.458480
BFGS:  426 00:29:37     -452.138214        3.332158
BFGS:  427 00:29:39     -452.041962        2.894129
BFGS:  428 00:29:39     -452.186890        2.349056
BFGS:  429 00:29:40     -452.228546        2.244419
BFGS:  430 00:29:41     -452.133270        2.571806
BFGS:  431 00:29:42     -451.831848        3.770293
BFGS:  432 00:29:43     -451.319855        5.552026
BFGS:  433 00:29:43     -451.760406        4.775912
BFGS:  434 00:29:44     -452.040588        3.507299
BFGS:  435 00:29:45     -452.042816        2.709555
BFGS:  436 00:29:46     -451.863892        3.448014
BFGS:  437 00:29:46     -451.814941        3.513365
BFGS:  438 00:29:47     -451.932098        3.161335
BFGS:  439 00:29:48     -451.983795        2.940824
BFGS:  440 00:29:49     -451.930298        3.466164
BFGS:  441 00:29:50     -451.756622        4.548106
BFGS:  442 00:29:50     -451.627014        5.176274
BFGS:  443 00:29:51     -451.562531        5.041947
BFGS:  444 00:29:52     -451.561737        4.687723
BFGS:  445 00:29:53     -451.396759        4.778015
BFGS:  446 00:29:53     -451.334930        4.871741
BFGS:  447 00:29:54     -451.225861        5.184719
BFGS:  448 00:29:55     -451.170441        5.414900
BFGS:  449 00:29:55     -451.035645        5.916930
BFGS:  450 00:29:56     -451.072021        5.876799
BFGS:  451 00:29:57     -451.013245        5.367180
BFGS:  452 00:29:58     -450.885376        5.625959
BFGS:  453 00:29:59     -450.487579        5.655129
BFGS:  454 00:29:59     -450.094177        5.232082
BFGS:  455 00:30:00     -450.221924        5.289699
BFGS:  456 00:30:01     -450.307404        5.230577
BFGS:  457 00:30:01     -450.131714        5.166183
BFGS:  458 00:30:02     -449.881775        5.237701
BFGS:  459 00:30:03     -449.152863        5.196696
BFGS:  460 00:30:04     -448.713348        4.762017
BFGS:  461 00:30:04     -447.125549        4.404490
BFGS:  462 00:30:05     -446.229187        4.297985
BFGS:  463 00:30:06     -446.834625        4.364247
BFGS:  464 00:30:07     -447.284576        4.108756
BFGS:  465 00:30:08     -446.809021        3.838135
BFGS:  466 00:30:09     -445.559113        4.365012
BFGS:  467 00:30:10     -444.825317        5.061100
BFGS:  468 00:30:10     -443.952423        5.890742
BFGS:  469 00:30:11     -443.197418        6.520944
BFGS:  470 00:30:12     -442.296478        6.975101
BFGS:  471 00:30:13     -441.647095        7.115989
BFGS:  472 00:30:13     -441.409363        6.934267
BFGS:  473 00:30:14     -442.560089        6.932840
BFGS:  474 00:30:16     -443.594635        6.677845
BFGS:  475 00:30:17     -444.098938        6.419060
BFGS:  476 00:30:18     -444.134399        7.309520
BFGS:  477 00:30:19     -443.896027        8.552862
BFGS:  478 00:30:20     -443.620178        6.318480
BFGS:  479 00:30:20     -444.733826        4.723295
BFGS:  480 00:30:21     -446.267242        4.658762
BFGS:  481 00:30:22     -447.411469        4.567862
BFGS:  482 00:30:22     -448.112335        4.573979
BFGS:  483 00:30:23     -448.454041        4.394336
BFGS:  484 00:30:24     -448.724915        4.103540
BFGS:  485 00:30:25     -448.951813        4.138752
BFGS:  486 00:30:26     -449.237518        4.248495
BFGS:  487 00:30:26     -449.509735        4.246047
BFGS:  488 00:30:27     -449.863861        4.000390
BFGS:  489 00:30:28     -450.179840        3.396304
BFGS:  490 00:30:28     -450.194611        3.024938
BFGS:  491 00:30:29     -450.011292        3.938479
BFGS:  492 00:30:30     -449.898224        3.806473
BFGS:  493 00:30:31     -449.725433        3.354301
BFGS:  494 00:30:32     -449.743317        2.174815
BFGS:  495 00:30:32     -449.926575        1.928678
BFGS:  496 00:30:33     -450.093384        4.261902
BFGS:  497 00:30:34     -450.069885        2.963810
BFGS:  498 00:30:35     -450.188568        2.252533
BFGS:  499 00:30:35     -450.243286        1.794326
BFGS:  500 00:30:36     -450.219299        1.513727
BFGS:  501 00:30:37     -450.202209        1.455156
BFGS:  502 00:30:37     -450.181183        1.918393
BFGS:  503 00:30:38     -450.119354        2.571933
BFGS:  504 00:30:39     -450.062256        2.737924
BFGS:  505 00:30:39     -449.963593        2.888994
BFGS:  506 00:30:40     -449.801819        3.051685
BFGS:  507 00:30:41     -449.578094        3.265111
BFGS:  508 00:30:42     -449.307556        3.588695
BFGS:  509 00:30:43     -449.006226        4.004837
BFGS:  510 00:30:43     -448.696808        4.460678
BFGS:  511 00:30:44     -448.403748        4.794841
BFGS:  512 00:30:45     -448.147095        4.873518
BFGS:  513 00:30:46     -447.978668        4.792455
BFGS:  514 00:30:46     -447.910614        4.723825
BFGS:  515 00:30:47     -447.825378        4.382444
BFGS:  516 00:30:48     -447.649017        4.084912
BFGS:  517 00:30:49     -447.490021        3.949173
BFGS:  518 00:30:49     -447.348175        3.605857
BFGS:  519 00:30:50     -447.304047        3.014017
BFGS:  520 00:30:51     -447.509613        3.095668
BFGS:  521 00:30:52     -447.653351        3.197482
BFGS:  522 00:30:53     -447.942841        2.580690
BFGS:  523 00:30:53     -448.357574        4.529739
BFGS:  524 00:30:54     -448.452972        3.518952
BFGS:  525 00:30:55     -448.640259        2.425708
BFGS:  526 00:30:56     -448.960876        2.087950
BFGS:  527 00:30:57     -449.273621        1.730125
BFGS:  528 00:30:57     -449.621124        1.537935
BFGS:  529 00:30:58     -449.835236        1.538143
BFGS:  530 00:30:59     -450.076843        1.907400
BFGS:  531 00:31:00     -450.333160        2.164517
BFGS:  532 00:31:00     -450.541931        2.123391
BFGS:  533 00:31:01     -450.674744        2.168886
BFGS:  534 00:31:02     -450.648041        2.119801
BFGS:  535 00:31:03     -450.600311        2.185090
BFGS:  536 00:31:03     -450.662567        2.334105
BFGS:  537 00:31:04     -450.764404        2.372994
BFGS:  538 00:31:05     -450.919464        2.647029
BFGS:  539 00:31:06     -451.019318        3.442653
BFGS:  540 00:31:07     -450.970551        3.617637
BFGS:  541 00:31:08     -451.160919        2.661394
BFGS:  542 00:31:09     -451.199432        2.670801
BFGS:  543 00:31:10     -451.170135        2.683051
BFGS:  544 00:31:11     -451.107605        2.706029
BFGS:  545 00:31:11     -451.035400        2.726642
BFGS:  546 00:31:12     -450.969208        2.755740
BFGS:  547 00:31:14     -451.018402        2.822627
BFGS:  548 00:31:15     -451.153168        2.901938
BFGS:  549 00:31:17     -451.310364        3.038321
BFGS:  550 00:31:18     -451.413116        3.146081
BFGS:  551 00:31:19     -451.489349        3.249913
BFGS:  552 00:31:19     -451.544952        3.302269
BFGS:  553 00:31:20     -451.561066        3.355238
BFGS:  554 00:31:21     -451.559570        3.385615
BFGS:  555 00:31:22     -451.567749        3.423715
BFGS:  556 00:31:23     -451.566193        3.497906
BFGS:  557 00:31:24     -451.513306        3.516511
BFGS:  558 00:31:24     -451.438141        3.462605
BFGS:  559 00:31:25     -451.349091        3.342219
BFGS:  560 00:31:26     -451.238739        3.168417
BFGS:  561 00:31:27     -451.111633        2.945350
BFGS:  562 00:31:27     -450.971313        2.681760
BFGS:  563 00:31:28     -450.819153        2.777772
BFGS:  564 00:31:29     -450.665741        2.715187
BFGS:  565 00:31:30     -450.580994        2.866960
BFGS:  566 00:31:31     -450.770905        2.060569
BFGS:  567 00:31:34     -451.080750        2.572429
BFGS:  568 00:31:35     -451.377502        2.167155
BFGS:  569 00:31:36     -451.580200        2.275108
BFGS:  570 00:31:38     -451.729095        2.343924
BFGS:  571 00:31:39     -451.872345        2.630208
BFGS:  572 00:31:40     -451.977386        2.946915
BFGS:  573 00:31:41     -452.082703        3.072177
BFGS:  574 00:31:42     -452.178467        2.938538
BFGS:  575 00:31:43     -452.276917        2.630886
BFGS:  576 00:31:46     -452.341125        2.410234
BFGS:  577 00:31:48     -452.416229        2.210642
BFGS:  578 00:32:00     -452.497772        1.957571
BFGS:  579 00:32:03     -452.557068        1.626487
BFGS:  580 00:32:07     -452.575134        1.205343
BFGS:  581 00:32:10     -452.550781        0.964458
BFGS:  582 00:32:10     -452.523773        1.116097
BFGS:  583 00:32:11     -452.496216        1.218367
BFGS:  584 00:32:12     -452.537109        1.294845
BFGS:  585 00:32:13     -452.565552        1.417047
BFGS:  586 00:32:15     -452.616333        1.415203
BFGS:  587 00:32:16     -452.640991        1.613404
BFGS:  588 00:32:18     -452.637390        1.525042
BFGS:  589 00:32:19     -452.569946        1.662536
BFGS:  590 00:32:20     -452.489288        1.741150
BFGS:  591 00:32:21     -452.496704        1.684455
BFGS:  592 00:32:22     -452.504395        1.600927
BFGS:  593 00:32:23     -452.480499        1.421590
BFGS:  594 00:32:24     -452.451477        1.085573
BFGS:  595 00:32:26     -452.423889        1.023680
BFGS:  596 00:32:27     -452.345093        1.090069
BFGS:  597 00:32:27     -452.222351        1.096793
BFGS:  598 00:32:28     -452.176056        1.191430
BFGS:  599 00:32:30     -452.096710        0.877294
BFGS:  600 00:32:31     -452.148010        0.998545
BFGS:  601 00:32:32     -452.179565        1.067698
BFGS:  602 00:32:33     -452.198944        1.133218
BFGS:  603 00:32:34     -452.236511        1.025236
BFGS:  604 00:32:35     -452.324921        0.928587
BFGS:  605 00:32:36     -452.399567        0.968266
BFGS:  606 00:32:37     -452.478546        1.030283
BFGS:  607 00:32:38     -452.523926        1.123455
BFGS:  608 00:32:39     -452.499573        1.727422
BFGS:  609 00:32:40     -452.438263        2.043778
BFGS:  610 00:32:41     -452.350922        2.187938
BFGS:  611 00:32:42     -452.266968        1.541791
BFGS:  612 00:32:43     -452.150574        1.706794
BFGS:  613 00:32:43     -452.060974        1.918596
BFGS:  614 00:32:44     -451.974915        2.022912
BFGS:  615 00:32:45     -451.887207        2.045695
BFGS:  616 00:32:47     -451.942535        1.661202
BFGS:  617 00:32:52     -451.994751        1.420134
BFGS:  618 00:32:54     -452.088806        1.134416
BFGS:  619 00:32:56     -452.189667        0.807001
BFGS:  620 00:32:57     -452.307800        0.927170
BFGS:  621 00:33:03     -452.397491        1.072610
BFGS:  622 00:33:04     -452.455627        1.096999
BFGS:  623 00:33:04     -452.547455        1.200743
BFGS:  624 00:33:05     -452.587006        1.112967
BFGS:  625 00:33:06     -452.574524        0.822390
BFGS:  626 00:33:07     -452.528381        0.796328
BFGS:  627 00:33:08     -452.471466        0.857974
BFGS:  628 00:33:09     -452.405945        0.857956
BFGS:  629 00:33:10     -452.338501        0.913021
BFGS:  630 00:33:11     -452.272583        0.807309
BFGS:  631 00:33:12     -452.279999        0.870083
BFGS:  632 00:33:12     -452.308075        0.723573
BFGS:  633 00:33:13     -452.422821        0.832804
BFGS:  634 00:33:14     -452.533173        0.790789
BFGS:  635 00:33:15     -452.616272        0.818248
BFGS:  636 00:33:16     -452.613922        0.693366
BFGS:  637 00:33:17     -452.583313        0.943397
BFGS:  638 00:33:18     -452.601318        1.323779
BFGS:  639 00:33:19     -452.614380        1.147447
BFGS:  640 00:33:19     -452.662750        1.063081
BFGS:  641 00:33:20     -452.730316        1.030906
BFGS:  642 00:33:23     -452.790497        0.939999
BFGS:  643 00:33:24     -452.815887        0.804519
BFGS:  644 00:33:24     -452.841827        0.869448
BFGS:  645 00:33:25     -452.882202        1.057149
BFGS:  646 00:33:26     -452.889038        0.928870
BFGS:  647 00:33:26     -452.880096        0.662115
BFGS:  648 00:33:27     -452.847260        0.487712
BFGS:  649 00:33:28     -452.803925        0.454603
BFGS:  650 00:33:29     -452.852478        0.493897
BFGS:  651 00:33:29     -452.904846        0.812836
BFGS:  652 00:33:30     -452.911957        0.840031
BFGS:  653 00:33:31     -452.892548        1.605248
BFGS:  654 00:33:32     -452.831024        1.046324
BFGS:  655 00:33:33     -452.888550        0.866918
BFGS:  656 00:33:33     -452.870819        1.446633
BFGS:  657 00:33:34     -452.524170        2.869143
BFGS:  658 00:33:35     -451.820129        2.316119
BFGS:  659 00:33:36     -451.065308        2.513137
BFGS:  660 00:33:37     -450.497650        2.658725
BFGS:  661 00:33:37     -450.054901        3.304409
BFGS:  662 00:33:38     -449.749603        3.860634
BFGS:  663 00:33:39     -449.480652        3.679599
BFGS:  664 00:33:40     -449.062317        3.284822
BFGS:  665 00:33:40     -448.391785        4.296702
BFGS:  666 00:33:41     -448.253937        3.322483
BFGS:  667 00:33:42     -448.080261        9.959595
BFGS:  668 00:33:43     -449.126984        2.725934
BFGS:  669 00:33:43     -449.102997        4.409599
BFGS:  670 00:33:44     -449.783386        2.264790
BFGS:  671 00:33:45     -450.269135        1.980476
BFGS:  672 00:33:46     -450.684601        1.582492
BFGS:  673 00:33:47     -450.929016        1.444221
BFGS:  674 00:33:47     -451.137268        1.477479
BFGS:  675 00:33:48     -451.293671        1.433718
BFGS:  676 00:33:49     -451.459564        1.413375
BFGS:  677 00:33:50     -451.542236        1.409123
BFGS:  678 00:33:50     -451.631378        1.382887
BFGS:  679 00:33:51     -451.677612        1.382619
BFGS:  680 00:33:52     -451.727234        1.405366
BFGS:  681 00:33:53     -451.759979        1.409051
BFGS:  682 00:33:54     -451.770599        1.423211
BFGS:  683 00:33:55     -451.744781        1.375966
BFGS:  684 00:33:56     -451.630005        1.330282
BFGS:  685 00:33:57     -451.420380        1.240437
BFGS:  686 00:33:58     -451.238159        1.219558
BFGS:  687 00:33:59     -451.115997        1.236958
BFGS:  688 00:34:00     -451.141754        1.204346
BFGS:  689 00:34:02     -451.245972        1.089871
BFGS:  690 00:34:03     -451.404114        1.546046
BFGS:  691 00:34:04     -451.420624        1.190145
BFGS:  692 00:34:05     -451.427582        1.758411
BFGS:  693 00:34:06     -451.374451        2.145580
BFGS:  694 00:34:06     -451.278595        2.522148
BFGS:  695 00:34:07     -451.142242        2.868314
BFGS:  696 00:34:08     -450.968475        3.161980
BFGS:  697 00:34:09     -450.760681        3.374362
BFGS:  698 00:34:10     -450.530640        4.501840
BFGS:  699 00:34:11     -450.402985        3.251620
BFGS:  700 00:34:12     -450.793823        2.939150
BFGS:  701 00:34:12     -451.118805        2.815606
BFGS:  702 00:34:13     -451.240356        1.871775
BFGS:  703 00:34:14     -451.455688        1.499155
BFGS:  704 00:34:15     -451.634918        2.143267
BFGS:  705 00:34:15     -451.763855        1.867996
BFGS:  706 00:34:16     -451.811646        1.620235
BFGS:  707 00:34:17     -451.782654        1.558550
BFGS:  708 00:34:18     -451.671295        1.392815
BFGS:  709 00:34:19     -451.477844        1.453225
BFGS:  710 00:34:20     -451.606476        1.127571
BFGS:  711 00:34:21     -451.587860        0.989170
BFGS:  712 00:34:21     -451.642334        1.012426
BFGS:  713 00:34:22     -451.701416        0.900197
BFGS:  714 00:34:23     -451.742920        0.835803
BFGS:  715 00:34:24     -451.745544        0.800176
BFGS:  716 00:34:24     -451.719757        0.915205
BFGS:  717 00:34:25     -451.770050        1.075687
BFGS:  718 00:34:26     -451.812958        1.025920
BFGS:  719 00:34:27     -451.850372        0.939150
BFGS:  720 00:34:27     -451.829315        0.879733
BFGS:  721 00:34:29     -451.813721        0.813426
BFGS:  722 00:34:29     -451.723602        0.952603
BFGS:  723 00:34:30     -451.579071        1.474863
BFGS:  724 00:34:31     -451.392487        1.846033
BFGS:  725 00:34:33     -451.189941        2.106557
BFGS:  726 00:34:34     -451.073090        2.194018
BFGS:  727 00:34:37     -451.051270        2.249018
BFGS:  728 00:34:39     -451.010101        2.309200
BFGS:  729 00:34:40     -451.079407        2.314246
BFGS:  730 00:34:41     -451.167542        2.313898
BFGS:  731 00:34:42     -451.344818        2.283965
BFGS:  732 00:34:42     -451.447510        2.135371
BFGS:  733 00:34:43     -451.561188        1.139492
BFGS:  734 00:34:44     -451.683472        1.230197
BFGS:  735 00:34:45     -451.774994        1.252412
BFGS:  736 00:34:48     -451.921112        0.645997
BFGS:  737 00:34:51     -451.958008        0.665105
BFGS:  738 00:34:52     -451.970428        0.754516
BFGS:  739 00:34:53     -451.967743        1.333546
BFGS:  740 00:34:58     -451.912262        1.525102
BFGS:  741 00:35:01     -451.918274        1.194774
BFGS:  742 00:35:06     -451.956787        0.811031
BFGS:  743 00:35:09     -451.988434        0.752801
BFGS:  744 00:35:12     -451.987091        0.926277
BFGS:  745 00:35:19     -451.877960        1.367585
BFGS:  746 00:35:23     -451.661133        1.869106
BFGS:  747 00:35:28     -451.366516        2.396959
BFGS:  748 00:35:30     -450.980743        2.936814
BFGS:  749 00:35:30     -450.536926        3.348524
BFGS:  750 00:35:31     -450.073029        3.629681
BFGS:  751 00:35:33     -449.674469        3.697164
BFGS:  752 00:35:35     -449.504791        3.711641
BFGS:  753 00:35:36     -449.691925        3.318988
BFGS:  754 00:35:36     -450.359894        2.919296
BFGS:  755 00:35:37     -450.858673        2.538355
BFGS:  756 00:35:38     -451.251617        2.449022
BFGS:  757 00:35:39     -451.544800        2.135456
BFGS:  758 00:35:40     -451.768646        1.861489
BFGS:  759 00:35:42     -451.957825        1.678726
BFGS:  760 00:35:42     -451.961182        1.818932
BFGS:  761 00:35:45     -451.980743        1.893014
BFGS:  762 00:35:46     -451.883331        2.000779
BFGS:  763 00:35:48     -451.900330        1.957470
BFGS:  764 00:35:49     -451.902863        1.749908
BFGS:  765 00:35:50     -451.920563        1.865477
BFGS:  766 00:35:51     -451.756775        2.300050
BFGS:  767 00:35:52     -451.552429        2.178314
BFGS:  768 00:35:53     -451.624634        1.920833
BFGS:  769 00:35:54     -451.834717        2.111368
BFGS:  770 00:35:55     -451.891937        1.336616
BFGS:  771 00:35:56     -451.949951        1.152238
BFGS:  772 00:35:57     -451.999603        1.066370
BFGS:  773 00:35:58     -452.058197        0.969784
BFGS:  774 00:35:58     -452.081146        0.946292
BFGS:  775 00:36:00     -452.092987        0.963067
BFGS:  776 00:36:00     -452.090881        0.915998
BFGS:  777 00:36:02     -452.081940        0.845220
BFGS:  778 00:36:05     -452.077789        0.854042
BFGS:  779 00:36:11     -452.024719        1.571849
BFGS:  780 00:36:12     -452.013977        1.058634
BFGS:  781 00:36:13     -452.001465        2.050342
BFGS:  782 00:36:14     -452.019867        2.154000
BFGS:  783 00:36:14     -452.077637        2.432998
BFGS:  784 00:36:15     -452.129303        2.843318
BFGS:  785 00:36:16     -452.111084        2.529406
BFGS:  786 00:36:17     -452.188019        1.918924
BFGS:  787 00:36:18     -452.493652        1.635806
BFGS:  788 00:36:20     -452.482849        1.617524
BFGS:  789 00:36:23     -452.510895        1.525112
BFGS:  790 00:36:24     -452.481415        1.478870
BFGS:  791 00:36:25     -452.471863        1.618742
BFGS:  792 00:36:25     -452.390778        1.780634
BFGS:  793 00:36:26     -452.282135        2.032746
BFGS:  794 00:36:27     -452.215820        2.193052
BFGS:  795 00:36:28     -452.282654        2.059097
BFGS:  796 00:36:28     -452.472839        1.610720
BFGS:  797 00:36:29     -452.468750        3.926777
BFGS:  798 00:36:35     -452.507324        1.756944
BFGS:  799 00:36:39     -452.618469        1.537794
BFGS:  800 00:36:43     -452.609924        1.912703
      Step     Time          Energy          fmax
FIRE:    0 00:36:43     -452.609924        1.912703
FIRE:    1 00:36:43     -452.637909        1.607850
FIRE:    2 00:36:44     -452.672668        1.035233
FIRE:    3 00:36:44     -452.709015        1.220175
FIRE:    4 00:36:45     -452.750885        1.266602
FIRE:    5 00:36:46     -452.798248        1.199151
FIRE:    6 00:36:46     -452.854797        1.141141
FIRE:    7 00:36:47     -452.918701        1.100284
FIRE:    8 00:36:47     -452.992004        0.974480
FIRE:    9 00:36:48     -453.055359        0.978505
FIRE:   10 00:36:48     -453.083435        0.924091
FIRE:   11 00:36:49     -453.083069        0.855443
FIRE:   12 00:36:49     -453.079987        0.715368
FIRE:   13 00:36:50     -453.088715        1.207739
FIRE:   14 00:36:50     -453.104401        1.147578
FIRE:   15 00:36:51     -453.124146        1.003371
FIRE:   16 00:36:51     -453.142212        0.768270
FIRE:   17 00:36:52     -453.153778        0.585369
FIRE:   18 00:36:52     -453.157104        0.345843
FIRE:   19 00:36:53     -453.158905        0.386030
FIRE:   20 00:36:53     -453.163666        0.426364
FIRE:   21 00:36:54     -453.168915        0.519063
FIRE:   22 00:36:54     -453.170013        0.910642
FIRE:   23 00:36:55     -453.146606        1.428213
FIRE:   24 00:36:55     -453.174774        0.374622
FIRE:   25 00:36:56     -453.175781        0.342842
FIRE:   26 00:36:57     -453.176727        0.340057
FIRE:   27 00:36:57     -453.176819        0.337142
FIRE:   28 00:36:58     -453.176880        0.337347
FIRE:   29 00:36:58     -453.176971        0.337736
FIRE:   30 00:36:59     -453.177094        0.338270
FIRE:   31 00:36:59     -453.177216        0.338881
FIRE:   32 00:36:59     -453.177338        0.339486
FIRE:   33 00:37:00     -453.177429        0.339992
FIRE:   34 00:37:00     -453.177521        0.340320
FIRE:   35 00:37:01     -453.177643        0.340403
FIRE:   36 00:37:01     -453.177795        0.340127
FIRE:   37 00:37:02     -453.178009        0.339412
FIRE:   38 00:37:02     -453.178253        0.338223
FIRE:   39 00:37:03     -453.178497        0.336688
FIRE:   40 00:37:03     -453.178741        0.335141
FIRE:   41 00:37:04     -453.178955        0.334065
FIRE:   42 00:37:04     -453.179260        0.333817
FIRE:   43 00:37:05     -453.179474        0.334309
FIRE:   44 00:37:05     -453.179626        0.334758
FIRE:   45 00:37:06     -453.179749        0.334323
FIRE:   46 00:37:06     -453.179749        0.333268
FIRE:   47 00:37:07     -453.179749        0.333280
FIRE:   48 00:37:07     -453.179688        0.334427
FIRE:   49 00:37:08     -453.179657        0.333617
FIRE:   50 00:37:08     -453.179626        0.332317
FIRE:   51 00:37:09     -453.179718        0.336963
FIRE:   52 00:37:09     -453.179871        0.337995
FIRE:   53 00:37:10     -453.179871        0.343752
FIRE:   54 00:37:10     -453.178955        0.330620
FIRE:   55 00:37:11     -453.174042        0.605607
FIRE:   56 00:37:11     -453.180054        0.332159
FIRE:   57 00:37:12     -453.180054        0.332334
FIRE:   58 00:37:12     -453.180084        0.332607
FIRE:   59 00:37:13     -453.180084        0.332828
FIRE:   60 00:37:13     -453.180084        0.332829
FIRE:   61 00:37:14     -453.180115        0.332471
FIRE:   62 00:37:14     -453.180115        0.331703
FIRE:   63 00:37:15     -453.180145        0.330570
FIRE:   64 00:37:15     -453.180176        0.329072
FIRE:   65 00:37:16     -453.180176        0.327402
FIRE:   66 00:37:16     -453.180206        0.325731
FIRE:   67 00:37:17     -453.180237        0.323967
FIRE:   68 00:37:17     -453.180237        0.321616
FIRE:   69 00:37:18     -453.180237        0.318288
FIRE:   70 00:37:18     -453.180206        0.314624
FIRE:   71 00:37:19     -453.180237        0.311925
FIRE:   72 00:37:20     -453.180206        0.309249
FIRE:   73 00:37:20     -453.180206        0.304695
FIRE:   74 00:37:21     -453.180206        0.301530
FIRE:   75 00:37:21     -453.180176        0.295727
FIRE:   76 00:37:22     -453.179962        0.293897
FIRE:   77 00:37:22     -453.177521        0.470134
FIRE:   78 00:37:23     -453.165619        1.082108
FIRE:   79 00:37:23     -453.179810        0.277542
FIRE:   80 00:37:24     -453.179962        0.278330
FIRE:   81 00:37:24     -453.180115        0.279635
FIRE:   82 00:37:25     -453.180084        0.280971
FIRE:   83 00:37:25     -453.179993        0.281745
FIRE:   84 00:37:26     -453.179962        0.281692
FIRE:   85 00:37:26     -453.180054        0.280828
FIRE:   86 00:37:27     -453.180115        0.279366
FIRE:   87 00:37:27     -453.180084        0.277621
FIRE:   88 00:37:28     -453.180023        0.276439
FIRE:   89 00:37:28     -453.180084        0.276370
FIRE:   90 00:37:29     -453.180115        0.277137
FIRE:   91 00:37:29     -453.180023        0.276983
FIRE:   92 00:37:30     -453.180084        0.274616
FIRE:   93 00:37:30     -453.179993        0.271284
FIRE:   94 00:37:31     -453.180084        0.270594
FIRE:   95 00:37:31     -453.179932        0.270401
FIRE:   96 00:37:32     -453.179932        0.264894
FIRE:   97 00:37:32     -453.179962        0.263170
FIRE:   98 00:37:32     -453.179932        0.259206
FIRE:   99 00:37:33     -453.179810        0.251696
FIRE:  100 00:37:33     -453.178925        0.549877
FIRE:  101 00:37:34     -453.172424        1.505988
FIRE:  102 00:37:35     -453.179199        0.430060
FIRE:  103 00:37:35     -453.179474        0.303265
FIRE:  104 00:37:36     -453.179688        0.239811
FIRE:  105 00:37:36     -453.179626        0.236519
FIRE:  106 00:37:37     -453.179626        0.236697
FIRE:  107 00:37:37     -453.179657        0.237038
FIRE:  108 00:37:38     -453.179688        0.237502
FIRE:  109 00:37:38     -453.179688        0.238040
FIRE:  110 00:37:39     -453.179688        0.238577
FIRE:  111 00:37:39     -453.179688        0.239042
FIRE:  112 00:37:40     -453.179688        0.239369
FIRE:  113 00:37:40     -453.179688        0.239516
FIRE:  114 00:37:41     -453.179688        0.239416
FIRE:  115 00:37:41     -453.179688        0.239009
FIRE:  116 00:37:42     -453.179718        0.238271
FIRE:  117 00:37:42     -453.179718        0.237261
FIRE:  118 00:37:43     -453.179688        0.236204
FIRE:  119 00:37:43     -453.179718        0.235418
FIRE:  120 00:37:44     -453.179718        0.235096
FIRE:  121 00:37:44     -453.179749        0.235077
FIRE:  122 00:37:45     -453.179718        0.234676
FIRE:  123 00:37:45     -453.179749        0.233209
FIRE:  124 00:37:46     -453.179749        0.230759
FIRE:  125 00:37:46     -453.179779        0.228779
FIRE:  126 00:37:47     -453.179810        0.227833
FIRE:  127 00:37:47     -453.179810        0.225437
FIRE:  128 00:37:48     -453.179810        0.220941
FIRE:  129 00:37:48     -453.179810        0.218608
FIRE:  130 00:37:49     -453.179810        0.212714
FIRE:  131 00:37:50     -453.179749        0.208787
FIRE:  132 00:37:50     -453.179657        0.344471
FIRE:  133 00:37:51     -453.179321        1.218163
FIRE:  134 00:37:51     -453.179596        0.190725
FIRE:  135 00:37:52     -453.179596        0.191094
FIRE:  136 00:37:52     -453.179596        0.191705
FIRE:  137 00:37:53     -453.179626        0.192326
FIRE:  138 00:37:53     -453.179626        0.192707
FIRE:  139 00:37:54     -453.179626        0.192673
FIRE:  140 00:37:54     -453.179626        0.192196
FIRE:  141 00:37:55     -453.179626        0.191383
FIRE:  142 00:37:55     -453.179626        0.190382
FIRE:  143 00:37:56     -453.179626        0.189559
FIRE:  144 00:37:56     -453.179626        0.189191
FIRE:  145 00:37:57     -453.179626        0.189031
FIRE:  146 00:37:57     -453.179596        0.188252
FIRE:  147 00:37:58     -453.179596        0.186290
FIRE:  148 00:37:58     -453.179565        0.198286
FIRE:  149 00:37:59     -453.179535        0.182797
FIRE:  150 00:38:00     -453.179504        0.222777
FIRE:  151 00:38:00     -453.179474        0.176742
FIRE:  152 00:38:01     -453.179413        0.178655
FIRE:  153 00:38:01     -453.179352        0.168963
FIRE:  154 00:38:02     -453.179260        0.165871
FIRE:  155 00:38:02     -453.179108        0.409669
FIRE:  156 00:38:03     -453.178741        1.571649
FIRE:  157 00:38:03     -453.178925        0.211017
FIRE:  158 00:38:04     -453.178925        0.159471
FIRE:  159 00:38:04     -453.178925        0.148660
FIRE:  160 00:38:05     -453.178925        0.150390
FIRE:  161 00:38:05     -453.178925        0.170572
FIRE:  162 00:38:06     -453.178925        0.179822
FIRE:  163 00:38:06     -453.178925        0.152063
FIRE:  164 00:38:07     -453.178925        0.148688
FIRE:  165 00:38:07     -453.178894        0.146782
FIRE:  166 00:38:08     -453.178894        0.145684
FIRE:  167 00:38:08     -453.178864        0.145936
FIRE:  168 00:38:09     -453.178833        0.188183
FIRE:  169 00:38:10     -453.178802        0.151860
FIRE:  170 00:38:10     -453.178741        0.185832
FIRE:  171 00:38:11     -453.178680        0.140132
FIRE:  172 00:38:11     -453.178619        0.140436
FIRE:  173 00:38:12     -453.178528        0.148389
FIRE:  174 00:38:12     -453.178406        0.217312
FIRE:  175 00:38:13     -453.178284        0.177022
FIRE:  176 00:38:13     -453.178070        0.181678
FIRE:  177 00:38:14     -453.177734        0.436691
FIRE:  178 00:38:15     -453.177307        1.275935
FIRE:  179 00:38:15     -453.177368        0.160254
FIRE:  180 00:38:16     -453.177368        0.156708
FIRE:  181 00:38:16     -453.177399        0.151646
FIRE:  182 00:38:17     -453.177368        0.148320
FIRE:  183 00:38:18     -453.177368        0.149202
FIRE:  184 00:38:18     -453.177368        0.153820
FIRE:  185 00:38:19     -453.177368        0.159275
FIRE:  186 00:38:19     -453.177368        0.162582
FIRE:  187 00:38:20     -453.177338        0.162492
FIRE:  188 00:38:20     -453.177338        0.182709
FIRE:  189 00:38:21     -453.177307        0.176685
FIRE:  190 00:38:21     -453.177246        0.157925
FIRE:  191 00:38:22     -453.177185        0.212201
FIRE:  192 00:38:22     -453.177094        0.144978
FIRE:  193 00:38:23     -453.176941        0.180319
FIRE:  194 00:38:24     -453.176819        0.200887
FIRE:  195 00:38:24     -453.176605        0.155169
FIRE:  196 00:38:25     -453.176361        0.161174
FIRE:  197 00:38:25     -453.176117        0.194372
FIRE:  198 00:38:26     -453.175720        0.279949
FIRE:  199 00:38:26     -453.175262        0.395619
FIRE:  200 00:38:27     -453.174591        0.323393
FIRE:  201 00:38:27     -453.173767        1.132094
FIRE:  202 00:38:28     -453.173737        0.171311
FIRE:  203 00:38:29     -453.173737        0.169903
FIRE:  204 00:38:29     -453.173737        0.168009
FIRE:  205 00:38:30     -453.173737        0.192888
FIRE:  206 00:38:31     -453.173676        0.192651
FIRE:  207 00:38:31     -453.173645        0.185899
FIRE:  208 00:38:32     -453.173584        0.206548
FIRE:  209 00:38:32     -453.173523        0.240994
FIRE:  210 00:38:33     -453.173462        0.265649
FIRE:  211 00:38:34     -453.173401        0.271283
FIRE:  212 00:38:34     -453.173279        0.250002
FIRE:  213 00:38:35     -453.173157        0.199478
FIRE:  214 00:38:35     -453.172974        0.182843
FIRE:  215 00:38:36     -453.172760        0.191512
FIRE:  216 00:38:37     -453.172455        0.206954
FIRE:  217 00:38:37     -453.172119        0.187279
FIRE:  218 00:38:38     -453.171722        0.233107
FIRE:  219 00:38:38     -453.171112        0.184427
FIRE:  220 00:38:39     -453.170441        0.174730
FIRE:  221 00:38:39     -453.169403        0.271150
FIRE:  222 00:38:40     -453.168213        0.290385
FIRE:  223 00:38:40     -453.166412        0.252815
FIRE:  224 00:38:41     -453.164185        0.234401
FIRE:  225 00:38:41     -453.157928        1.048785
FIRE:  226 00:38:42     -453.160767        0.537746
FIRE:  227 00:38:43     -453.161407        0.329949
FIRE:  228 00:38:43     -453.161804        0.194405
FIRE:  229 00:38:44     -453.161407        0.291564
FIRE:  230 00:38:44     -453.161469        0.263847
FIRE:  231 00:38:45     -453.161560        0.210928
FIRE:  232 00:38:45     -453.161652        0.195020
FIRE:  233 00:38:46     -453.161713        0.192673
FIRE:  234 00:38:46     -453.161682        0.190309
FIRE:  235 00:38:47     -453.161682        0.190319
FIRE:  236 00:38:47     -453.161682        0.190335
FIRE:  237 00:38:48     -453.161682        0.190371
FIRE:  238 00:38:49     -453.161682        0.190413
FIRE:  239 00:38:49     -453.161682        0.190462
FIRE:  240 00:38:50     -453.161682        0.190524
FIRE:  241 00:38:50     -453.161682        0.190580
FIRE:  242 00:38:51     -453.161682        0.190641
FIRE:  243 00:38:51     -453.161652        0.190712
FIRE:  244 00:38:52     -453.161652        0.190782
FIRE:  245 00:38:53     -453.161621        0.190841
FIRE:  246 00:38:53     -453.161591        0.190878
FIRE:  247 00:38:54     -453.161591        0.190890
FIRE:  248 00:38:54     -453.161560        0.190868
FIRE:  249 00:38:55     -453.161499        0.190815
FIRE:  250 00:38:55     -453.161469        0.213561
FIRE:  251 00:38:56     -453.161377        0.208385
FIRE:  252 00:38:56     -453.161255        0.198758
FIRE:  253 00:38:57     -453.161133        0.205868
FIRE:  254 00:38:57     -453.160950        0.208331
FIRE:  255 00:38:58     -453.160767        0.196906
FIRE:  256 00:38:58     -453.160522        0.197482
FIRE:  257 00:38:59     -453.160126        0.219129
FIRE:  258 00:39:00     -453.159698        0.214339
FIRE:  259 00:39:00     -453.159241        0.200435
FIRE:  260 00:39:01     -453.158691        0.239072
FIRE:  261 00:39:01     -453.157898        0.217191
FIRE:  262 00:39:02     -453.156769        0.266272
FIRE:  263 00:39:02     -453.155518        0.247311
FIRE:  264 00:39:03     -453.154083        0.207028
FIRE:  265 00:39:03     -453.152435        0.239373
FIRE:  266 00:39:04     -453.150513        0.255764
FIRE:  267 00:39:05     -453.148224        0.222338
FIRE:  268 00:39:05     -453.144653        0.280065
FIRE:  269 00:39:06     -453.139465        0.504310
FIRE:  270 00:39:06     -453.140289        0.217788
FIRE:  271 00:39:07     -453.140320        0.218587
FIRE:  272 00:39:07     -453.140289        0.220614
FIRE:  273 00:39:08     -453.140228        0.224154
FIRE:  274 00:39:08     -453.140106        0.228517
FIRE:  275 00:39:09     -453.140015        0.232336
FIRE:  276 00:39:10     -453.139893        0.234256
FIRE:  277 00:39:10     -453.139771        0.233495
FIRE:  278 00:39:11     -453.139587        0.229992
FIRE:  279 00:39:11     -453.139343        0.226419
FIRE:  280 00:39:12     -453.139313        0.226208
FIRE:  281 00:39:12     -453.139282        0.225886
FIRE:  282 00:39:13     -453.139191        0.231607
FIRE:  283 00:39:13     -453.139099        0.234018
FIRE:  284 00:39:14     -453.139038        0.235393
FIRE:  285 00:39:14     -453.138947        0.235555
FIRE:  286 00:39:15     -453.138824        0.234585
FIRE:  287 00:39:15     -453.138733        0.232460
FIRE:  288 00:39:16     -453.138611        0.229436
FIRE:  289 00:39:17     -453.138489        0.226020
FIRE:  290 00:39:17     -453.138336        0.222987
FIRE:  291 00:39:18     -453.138123        0.228128
FIRE:  292 00:39:18     -453.137787        0.225751
FIRE:  293 00:39:19     -453.137299        0.230986
FIRE:  294 00:39:19     -453.136749        0.240233
FIRE:  295 00:39:20     -453.136139        0.240924
FIRE:  296 00:39:20     -453.135437        0.231810
FIRE:  297 00:39:21     -453.134613        0.226410
FIRE:  298 00:39:22     -453.133667        0.227399
FIRE:  299 00:39:22     -453.132568        0.226319
FIRE:  300 00:39:23     -453.132507        0.228855
FIRE:  301 00:39:23     -453.132385        0.230367
FIRE:  302 00:39:24     -453.132263        0.231667
FIRE:  303 00:39:24     -453.132111        0.232150
FIRE:  304 00:39:25     -453.131958        0.231745
FIRE:  305 00:39:25     -453.131775        0.230696
FIRE:  306 00:39:26     -453.131561        0.230809
FIRE:  307 00:39:27     -453.131317        0.231144
FIRE:  308 00:39:27     -453.131012        0.225233
FIRE:  309 00:39:28     -453.130981        0.231603
FIRE:  310 00:39:28     -453.130951        0.231705
FIRE:  311 00:39:29     -453.130890        0.231797
FIRE:  312 00:39:29     -453.130829        0.231887
FIRE:  313 00:39:30     -453.130768        0.231974
FIRE:  314 00:39:30     -453.130707        0.232055
FIRE:  315 00:39:31     -453.130646        0.232138
FIRE:  316 00:39:31     -453.130554        0.232227
FIRE:  317 00:39:32     -453.130432        0.232333
FIRE:  318 00:39:32     -453.130310        0.232453
FIRE:  319 00:39:33     -453.130127        0.224862
FIRE:  320 00:39:33     -453.130127        0.224933
FIRE:  321 00:39:34     -453.130066        0.232787
FIRE:  322 00:39:34     -453.130035        0.232902
FIRE:  323 00:39:35     -453.130005        0.233008
FIRE:  324 00:39:35     -453.129944        0.233109
FIRE:  325 00:39:36     -453.129913        0.233202
FIRE:  326 00:39:36     -453.129852        0.233293
FIRE:  327 00:39:37     -453.129791        0.233387
FIRE:  328 00:39:37     -453.129730        0.233482
FIRE:  329 00:39:38     -453.129639        0.233587
FIRE:  330 00:39:38     -453.129547        0.233703
FIRE:  331 00:39:39     -453.129425        0.233830
FIRE:  332 00:39:39     -453.129303        0.233974
FIRE:  333 00:39:40     -453.129150        0.234139
FIRE:  334 00:39:40     -453.128937        0.223972
FIRE:  335 00:39:41     -453.128906        0.224078
FIRE:  336 00:39:41     -453.128845        0.234553
FIRE:  337 00:39:42     -453.128815        0.234687
FIRE:  338 00:39:42     -453.128754        0.234811
FIRE:  339 00:39:43     -453.128723        0.234931
FIRE:  340 00:39:44     -453.128662        0.235041
FIRE:  341 00:39:44     -453.128601        0.235145
FIRE:  342 00:39:45     -453.128540        0.235254
FIRE:  343 00:39:45     -453.128448        0.235367
FIRE:  344 00:39:46     -453.128357        0.235487
FIRE:  345 00:39:46     -453.128265        0.235615
FIRE:  346 00:39:47     -453.128143        0.235758
FIRE:  347 00:39:48     -453.127960        0.235920
FIRE:  348 00:39:48     -453.127777        0.236108
FIRE:  349 00:39:49     -453.127533        0.236335
FIRE:  350 00:39:49     -453.127228        0.223728
FIRE:  351 00:39:50     -453.127197        0.223923
FIRE:  352 00:39:50     -453.127136        0.236924
FIRE:  353 00:39:51     -453.127075        0.237118
FIRE:  354 00:39:51     -453.127014        0.237300
FIRE:  355 00:39:52     -453.126953        0.237471
FIRE:  356 00:39:53     -453.126862        0.237633
FIRE:  357 00:39:53     -453.126770        0.237780
FIRE:  358 00:39:54     -453.126709        0.237934
FIRE:  359 00:39:54     -453.126587        0.238092
FIRE:  360 00:39:55     -453.126465        0.238259
FIRE:  361 00:39:55     -453.126312        0.238437
FIRE:  362 00:39:56     -453.126129        0.238625
FIRE:  363 00:39:56     -453.125916        0.238840
FIRE:  364 00:39:57     -453.125641        0.239088
FIRE:  365 00:39:58     -453.125305        0.239388
FIRE:  366 00:39:58     -453.124908        0.239766
FIRE:  367 00:39:59     -453.124420        0.240259
FIRE:  368 00:39:59     -453.123840        0.230275
FIRE:  369 00:40:00     -453.123779        0.229946
FIRE:  370 00:40:01     -453.123657        0.241587
FIRE:  371 00:40:01     -453.123657        0.241592
FIRE:  372 00:40:02     -453.123627        0.241600
FIRE:  373 00:40:02     -453.123627        0.241613
FIRE:  374 00:40:03     -453.123596        0.241629
FIRE:  375 00:40:03     -453.123596        0.241650
FIRE:  376 00:40:04     -453.123566        0.241676
FIRE:  377 00:40:04     -453.123535        0.241706
FIRE:  378 00:40:05     -453.123505        0.241743
FIRE:  379 00:40:06     -453.123474        0.241790
FIRE:  380 00:40:06     -453.123383        0.241850
FIRE:  381 00:40:07     -453.123352        0.241926
FIRE:  382 00:40:07     -453.123260        0.225400
FIRE:  383 00:40:08     -453.123230        0.225420
FIRE:  384 00:40:08     -453.123199        0.242131
FIRE:  385 00:40:09     -453.123199        0.242132
FIRE:  386 00:40:09     -453.123230        0.242133
FIRE:  387 00:40:10     -453.123199        0.242135
FIRE:  388 00:40:11     -453.123199        0.242138
FIRE:  389 00:40:11     -453.123199        0.242140
FIRE:  390 00:40:12     -453.123199        0.242146
FIRE:  391 00:40:12     -453.123199        0.242152
FIRE:  392 00:40:13     -453.123199        0.242158
FIRE:  393 00:40:14     -453.123169        0.242164
FIRE:  394 00:40:14     -453.123169        0.242176
FIRE:  395 00:40:15     -453.123169        0.242187
FIRE:  396 00:40:15     -453.123138        0.242203
FIRE:  397 00:40:16     -453.123138        0.242221
FIRE:  398 00:40:16     -453.123108        0.242245
FIRE:  399 00:40:17     -453.123077        0.242274
FIRE:  400 00:40:17     -453.123047        0.226209
FIRE:  401 00:40:18     -453.123047        0.242322
FIRE:  402 00:40:19     -453.123047        0.242321
FIRE:  403 00:40:19     -453.123047        0.242322
FIRE:  404 00:40:20     -453.123047        0.242323
FIRE:  405 00:40:20     -453.123047        0.242324
FIRE:  406 00:40:21     -453.123047        0.226216
FIRE:  407 00:40:21     -453.123047        0.242326
FIRE:  408 00:40:22     -453.123047        0.242326
FIRE:  409 00:40:22     -453.123047        0.242326
FIRE:  410 00:40:23     -453.123047        0.242326
FIRE:  411 00:40:24     -453.123047        0.242326
FIRE:  412 00:40:24     -453.123047        0.242326
FIRE:  413 00:40:25     -453.123047        0.242326
FIRE:  414 00:40:25     -453.123047        0.242328
FIRE:  415 00:40:26     -453.123047        0.242327
FIRE:  416 00:40:26     -453.123047        0.242327
FIRE:  417 00:40:27     -453.123047        0.242328
FIRE:  418 00:40:27     -453.123047        0.226224
FIRE:  419 00:40:28     -453.123047        0.226224
FIRE:  420 00:40:29     -453.123047        0.242328
FIRE:  421 00:40:29     -453.123047        0.242328
FIRE:  422 00:40:30     -453.123047        0.242328
FIRE:  423 00:40:30     -453.123047        0.242328
FIRE:  424 00:40:31     -453.123047        0.242328
FIRE:  425 00:40:31     -453.123047        0.242328
FIRE:  426 00:40:32     -453.123047        0.242328
FIRE:  427 00:40:32     -453.123047        0.242328
FIRE:  428 00:40:33     -453.123047        0.242328
FIRE:  429 00:40:33     -453.123047        0.242328
FIRE:  430 00:40:34     -453.123047        0.242328
FIRE:  431 00:40:35     -453.123047        0.242328
FIRE:  432 00:40:35     -453.123047        0.242327
FIRE:  433 00:40:36     -453.123047        0.242327
FIRE:  434 00:40:36     -453.123047        0.242327
FIRE:  435 00:40:37     -453.123047        0.226215
FIRE:  436 00:40:37     -453.123047        0.242328
FIRE:  437 00:40:38     -453.123047        0.242328
FIRE:  438 00:40:38     -453.123047        0.242328
FIRE:  439 00:40:39     -453.123047        0.226215
FIRE:  440 00:40:40     -453.123047        0.242328
FIRE:  441 00:40:40     -453.123047        0.242328
FIRE:  442 00:40:41     -453.123047        0.242328
FIRE:  443 00:40:42     -453.123047        0.242328
FIRE:  444 00:40:42     -453.123047        0.242328
FIRE:  445 00:40:43     -453.123047        0.242328
FIRE:  446 00:40:43     -453.123047        0.242328
FIRE:  447 00:40:44     -453.123047        0.242328
FIRE:  448 00:40:45     -453.123047        0.242328
FIRE:  449 00:40:45     -453.123047        0.242328
FIRE:  450 00:40:46     -453.123047        0.242328
FIRE:  451 00:40:46     -453.123047        0.226215
FIRE:  452 00:40:47     -453.123047        0.242328
FIRE:  453 00:40:48     -453.123047        0.242328
FIRE:  454 00:40:48     -453.123047        0.242328
FIRE:  455 00:40:49     -453.123047        0.226215
FIRE:  456 00:40:49     -453.123047        0.242328
FIRE:  457 00:40:50     -453.123047        0.242328
FIRE:  458 00:40:51     -453.123047        0.242328
FIRE:  459 00:40:51     -453.123047        0.242328
FIRE:  460 00:40:52     -453.123047        0.242328
FIRE:  461 00:40:52     -453.123047        0.242328
FIRE:  462 00:40:53     -453.123047        0.242328
FIRE:  463 00:40:53     -453.123047        0.242328
FIRE:  464 00:40:54     -453.123047        0.242328
FIRE:  465 00:40:54     -453.123047        0.242328
FIRE:  466 00:40:55     -453.123047        0.242328
FIRE:  467 00:40:55     -453.123047        0.242328
FIRE:  468 00:40:56     -453.123047        0.226215
FIRE:  469 00:40:56     -453.123047        0.242328
FIRE:  470 00:40:57     -453.123047        0.242328
FIRE:  471 00:40:58     -453.123047        0.242328
FIRE:  472 00:40:58     -453.123047        0.242328
FIRE:  473 00:40:59     -453.123047        0.242328
FIRE:  474 00:40:59     -453.123047        0.242328
FIRE:  475 00:41:00     -453.123047        0.242328
FIRE:  476 00:41:00     -453.123047        0.242328
FIRE:  477 00:41:01     -453.123047        0.226215
FIRE:  478 00:41:01     -453.123047        0.242328
FIRE:  479 00:41:02     -453.123047        0.242328
FIRE:  480 00:41:02     -453.123047        0.242328
FIRE:  481 00:41:03     -453.123047        0.242328
FIRE:  482 00:41:03     -453.123047        0.242328
FIRE:  483 00:41:04     -453.123047        0.242328
FIRE:  484 00:41:04     -453.123047        0.242328
FIRE:  485 00:41:05     -453.123047        0.242328
FIRE:  486 00:41:05     -453.123047        0.226215
FIRE:  487 00:41:06     -453.123047        0.226215
FIRE:  488 00:41:07     -453.123047        0.242328
FIRE:  489 00:41:07     -453.123047        0.242328
FIRE:  490 00:41:08     -453.123047        0.242328
FIRE:  491 00:41:08     -453.123047        0.242328
FIRE:  492 00:41:09     -453.123047        0.242328
FIRE:  493 00:41:09     -453.123047        0.242328
FIRE:  494 00:41:10     -453.123047        0.242328
FIRE:  495 00:41:10     -453.123047        0.242328
FIRE:  496 00:41:11     -453.123047        0.242328
FIRE:  497 00:41:12     -453.123047        0.242328
FIRE:  498 00:41:12     -453.123047        0.242328
FIRE:  499 00:41:13     -453.123047        0.242328
FIRE:  500 00:41:13     -453.123047        0.242328
FIRE:  501 00:41:14     -453.123047        0.242328
FIRE:  502 00:41:15     -453.123047        0.242328
FIRE:  503 00:41:15     -453.123047        0.226215
FIRE:  504 00:41:16     -453.123047        0.242328
FIRE:  505 00:41:16     -453.123047        0.242328
FIRE:  506 00:41:16     -453.123047        0.242328
FIRE:  507 00:41:17     -453.123047        0.242328
FIRE:  508 00:41:17     -453.123047        0.242328
FIRE:  509 00:41:18     -453.123047        0.242328
FIRE:  510 00:41:19     -453.123047        0.242328
FIRE:  511 00:41:19     -453.123047        0.242328
FIRE:  512 00:41:20     -453.123047        0.242328
FIRE:  513 00:41:20     -453.123047        0.242328
FIRE:  514 00:41:21     -453.123047        0.242328
FIRE:  515 00:41:21     -453.123047        0.242328
FIRE:  516 00:41:22     -453.123047        0.242328
FIRE:  517 00:41:23     -453.123047        0.242328
FIRE:  518 00:41:23     -453.123047        0.226215
FIRE:  519 00:41:24     -453.123047        0.226215
FIRE:  520 00:41:24     -453.123047        0.226215
FIRE:  521 00:41:25     -453.123047        0.242328
FIRE:  522 00:41:25     -453.123047        0.242328
FIRE:  523 00:41:25     -453.123047        0.226215
FIRE:  524 00:41:25     -453.123047        0.226215
FIRE:  525 00:41:25     -453.123047        0.226215
FIRE:  526 00:41:25     -453.123047        0.226215
FIRE:  527 00:41:25     -453.123047        0.226215
FIRE:  528 00:41:25     -453.123047        0.226215
FIRE:  529 00:41:25     -453.123047        0.226215
FIRE:  530 00:41:25     -453.123047        0.226215
FIRE:  531 00:41:25     -453.123047        0.226215
FIRE:  532 00:41:25     -453.123047        0.242328
FIRE:  533 00:41:25     -453.123047        0.242328
FIRE:  534 00:41:25     -453.123047        0.242328
FIRE:  535 00:41:25     -453.123047        0.242328
FIRE:  536 00:41:25     -453.123047        0.242328
FIRE:  537 00:41:25     -453.123047        0.242328
FIRE:  538 00:41:25     -453.123047        0.242328
FIRE:  539 00:41:25     -453.123047        0.242328
FIRE:  540 00:41:25     -453.123047        0.242328
FIRE:  541 00:41:25     -453.123047        0.242328
FIRE:  542 00:41:25     -453.123047        0.242328
FIRE:  543 00:41:25     -453.123047        0.242328
FIRE:  544 00:41:25     -453.123047        0.226215
FIRE:  545 00:41:26     -453.123047        0.226215
FIRE:  546 00:41:26     -453.123047        0.226215
FIRE:  547 00:41:26     -453.123047        0.226215
FIRE:  548 00:41:26     -453.123047        0.226215
FIRE:  549 00:41:26     -453.123047        0.226215
FIRE:  550 00:41:26     -453.123047        0.226215
FIRE:  551 00:41:26     -453.123047        0.226215
FIRE:  552 00:41:26     -453.123047        0.226215
FIRE:  553 00:41:26     -453.123047        0.226215
FIRE:  554 00:41:26     -453.123047        0.226215
FIRE:  555 00:41:26     -453.123047        0.226215
FIRE:  556 00:41:26     -453.123047        0.226215
FIRE:  557 00:41:26     -453.123047        0.226215
FIRE:  558 00:41:26     -453.123047        0.226215
FIRE:  559 00:41:26     -453.123047        0.242328
FIRE:  560 00:41:26     -453.123047        0.242328
FIRE:  561 00:41:26     -453.123047        0.242328
FIRE:  562 00:41:26     -453.123047        0.242328
FIRE:  563 00:41:26     -453.123047        0.242328
FIRE:  564 00:41:26     -453.123047        0.242328
FIRE:  565 00:41:26     -453.123047        0.242328
FIRE:  566 00:41:26     -453.123047        0.242328
FIRE:  567 00:41:26     -453.123047        0.242328
FIRE:  568 00:41:26     -453.123047        0.242328
FIRE:  569 00:41:26     -453.123047        0.242328
FIRE:  570 00:41:26     -453.123047        0.242328
FIRE:  571 00:41:26     -453.123047        0.242328
FIRE:  572 00:41:26     -453.123047        0.242328
FIRE:  573 00:41:26     -453.123047        0.242328
FIRE:  574 00:41:27     -453.123047        0.242328
FIRE:  575 00:41:27     -453.123047        0.242328
FIRE:  576 00:41:28     -453.123047        0.242328
FIRE:  577 00:41:28     -453.123047        0.242328
FIRE:  578 00:41:29     -453.123047        0.242328
FIRE:  579 00:41:29     -453.123047        0.242328
FIRE:  580 00:41:30     -453.123047        0.226215
FIRE:  581 00:41:30     -453.123047        0.226215
FIRE:  582 00:41:30     -453.123047        0.226215
FIRE:  583 00:41:30     -453.123047        0.226215
FIRE:  584 00:41:30     -453.123047        0.226215
FIRE:  585 00:41:30     -453.123047        0.226215
FIRE:  586 00:41:30     -453.123047        0.226215
FIRE:  587 00:41:30     -453.123047        0.226215
FIRE:  588 00:41:30     -453.123047        0.226215
FIRE:  589 00:41:30     -453.123047        0.242328
FIRE:  590 00:41:30     -453.123047        0.242328
FIRE:  591 00:41:30     -453.123047        0.242328
FIRE:  592 00:41:30     -453.123047        0.242328
FIRE:  593 00:41:30     -453.123047        0.242328
FIRE:  594 00:41:30     -453.123047        0.242328
FIRE:  595 00:41:30     -453.123047        0.242328
FIRE:  596 00:41:30     -453.123047        0.242328
FIRE:  597 00:41:30     -453.123047        0.242328
FIRE:  598 00:41:30     -453.123047        0.242328
FIRE:  599 00:41:30     -453.123047        0.242328
FIRE:  600 00:41:30     -453.123047        0.242328
FIRE:  601 00:41:30     -453.123047        0.226215
FIRE:  602 00:41:30     -453.123047        0.226215
FIRE:  603 00:41:30     -453.123047        0.226215
FIRE:  604 00:41:30     -453.123047        0.226215
FIRE:  605 00:41:30     -453.123047        0.226215
FIRE:  606 00:41:30     -453.123047        0.226215
FIRE:  607 00:41:30     -453.123047        0.226215
FIRE:  608 00:41:30     -453.123047        0.226215
FIRE:  609 00:41:30     -453.123047        0.226215
FIRE:  610 00:41:30     -453.123047        0.226215
FIRE:  611 00:41:30     -453.123047        0.226215
FIRE:  612 00:41:30     -453.123047        0.226215
FIRE:  613 00:41:30     -453.123047        0.226215
FIRE:  614 00:41:31     -453.123047        0.226215
FIRE:  615 00:41:31     -453.123047        0.226215
FIRE:  616 00:41:31     -453.123047        0.242328
FIRE:  617 00:41:31     -453.123047        0.242328
FIRE:  618 00:41:31     -453.123047        0.242328
FIRE:  619 00:41:31     -453.123047        0.242328
FIRE:  620 00:41:31     -453.123047        0.242328
FIRE:  621 00:41:31     -453.123047        0.242328
FIRE:  622 00:41:31     -453.123047        0.242328
FIRE:  623 00:41:31     -453.123047        0.242328
FIRE:  624 00:41:31     -453.123047        0.242328
FIRE:  625 00:41:31     -453.123047        0.242328
FIRE:  626 00:41:31     -453.123047        0.242328
FIRE:  627 00:41:31     -453.123047        0.242328
FIRE:  628 00:41:31     -453.123047        0.242328
FIRE:  629 00:41:31     -453.123047        0.242328
FIRE:  630 00:41:31     -453.123047        0.242328
FIRE:  631 00:41:32     -453.123047        0.242328
FIRE:  632 00:41:32     -453.123047        0.242328
FIRE:  633 00:41:32     -453.123047        0.242328
FIRE:  634 00:41:33     -453.123047        0.242328
FIRE:  635 00:41:33     -453.123047        0.242328
FIRE:  636 00:41:34     -453.123047        0.242328
FIRE:  637 00:41:34     -453.123047        0.242328
FIRE:  638 00:41:35     -453.123047        0.242328
FIRE:  639 00:41:36     -453.123047        0.242328
FIRE:  640 00:41:36     -453.123047        0.242328
FIRE:  641 00:41:37     -453.123047        0.242328
FIRE:  642 00:41:37     -453.123047        0.242328
FIRE:  643 00:41:38     -453.123047        0.242328
FIRE:  644 00:41:38     -453.123047        0.242328
FIRE:  645 00:41:39     -453.123047        0.226215
FIRE:  646 00:41:39     -453.123047        0.226215
FIRE:  647 00:41:39     -453.123047        0.226215
FIRE:  648 00:41:39     -453.123047        0.226215
FIRE:  649 00:41:40     -453.123047        0.226215
FIRE:  650 00:41:40     -453.123047        0.226215
FIRE:  651 00:41:41     -453.123047        0.242328
FIRE:  652 00:41:41     -453.123047        0.242328
FIRE:  653 00:41:41     -453.123047        0.242328
FIRE:  654 00:41:41     -453.123047        0.242328
FIRE:  655 00:41:41     -453.123047        0.242328
FIRE:  656 00:41:41     -453.123047        0.242328
FIRE:  657 00:41:41     -453.123047        0.242328
FIRE:  658 00:41:41     -453.123047        0.242328
FIRE:  659 00:41:41     -453.123047        0.242328
FIRE:  660 00:41:41     -453.123047        0.242328
FIRE:  661 00:41:42     -453.123047        0.242328
FIRE:  662 00:41:42     -453.123047        0.242328
FIRE:  663 00:41:43     -453.123047        0.242328
FIRE:  664 00:41:43     -453.123047        0.242328
FIRE:  665 00:41:44     -453.123047        0.242328
FIRE:  666 00:41:44     -453.123047        0.242328
FIRE:  667 00:41:45     -453.123047        0.242328
FIRE:  668 00:41:46     -453.123047        0.242328
FIRE:  669 00:41:46     -453.123047        0.226215
FIRE:  670 00:41:46     -453.123047        0.226215
FIRE:  671 00:41:46     -453.123047        0.226215
FIRE:  672 00:41:46     -453.123047        0.226215
FIRE:  673 00:41:46     -453.123047        0.226215
FIRE:  674 00:41:46     -453.123047        0.242328
FIRE:  675 00:41:46     -453.123047        0.242328
FIRE:  676 00:41:47     -453.123047        0.242328
FIRE:  677 00:41:47     -453.123047        0.242328
FIRE:  678 00:41:47     -453.123047        0.242328
FIRE:  679 00:41:47     -453.123047        0.242328
FIRE:  680 00:41:47     -453.123047        0.242328
FIRE:  681 00:41:47     -453.123047        0.242328
FIRE:  682 00:41:47     -453.123047        0.242328
FIRE:  683 00:41:47     -453.123047        0.242328
FIRE:  684 00:41:47     -453.123047        0.226215
FIRE:  685 00:41:47     -453.123047        0.226215
FIRE:  686 00:41:47     -453.123047        0.226215
FIRE:  687 00:41:47     -453.123047        0.226215
FIRE:  688 00:41:47     -453.123047        0.226215
FIRE:  689 00:41:47     -453.123047        0.226215
FIRE:  690 00:41:47     -453.123047        0.226215
FIRE:  691 00:41:47     -453.123047        0.226215
FIRE:  692 00:41:47     -453.123047        0.226215
FIRE:  693 00:41:47     -453.123047        0.226215
FIRE:  694 00:41:47     -453.123047        0.226215
FIRE:  695 00:41:47     -453.123047        0.226215
FIRE:  696 00:41:47     -453.123047        0.226215
FIRE:  697 00:41:47     -453.123047        0.226215
FIRE:  698 00:41:47     -453.123047        0.226215
FIRE:  699 00:41:47     -453.123047        0.226215
FIRE:  700 00:41:48     -453.123047        0.242328
FIRE:  701 00:41:48     -453.123047        0.242328
FIRE:  702 00:41:48     -453.123047        0.242328
FIRE:  703 00:41:48     -453.123047        0.242328
FIRE:  704 00:41:48     -453.123047        0.242328
FIRE:  705 00:41:48     -453.123047        0.242328
FIRE:  706 00:41:48     -453.123047        0.242328
FIRE:  707 00:41:48     -453.123047        0.242328
FIRE:  708 00:41:48     -453.123047        0.242328
FIRE:  709 00:41:48     -453.123047        0.242328
FIRE:  710 00:41:48     -453.123047        0.242328
FIRE:  711 00:41:48     -453.123047        0.242328
FIRE:  712 00:41:48     -453.123047        0.242328
FIRE:  713 00:41:48     -453.123047        0.242328
FIRE:  714 00:41:48     -453.123047        0.242328
FIRE:  715 00:41:49     -453.123047        0.242328
FIRE:  716 00:41:49     -453.123047        0.242328
FIRE:  717 00:41:49     -453.123047        0.242328
FIRE:  718 00:41:50     -453.123047        0.242328
FIRE:  719 00:41:50     -453.123047        0.242328
FIRE:  720 00:41:51     -453.123047        0.242328
FIRE:  721 00:41:52     -453.123047        0.242328
FIRE:  722 00:41:52     -453.123047        0.242328
FIRE:  723 00:41:53     -453.123047        0.242328
FIRE:  724 00:41:53     -453.123047        0.242328
FIRE:  725 00:41:54     -453.123047        0.242328
FIRE:  726 00:41:55     -453.123047        0.226215
FIRE:  727 00:41:55     -453.123047        0.226215
FIRE:  728 00:41:55     -453.123047        0.226215
FIRE:  729 00:41:55     -453.123047        0.242328
FIRE:  730 00:41:55     -453.123047        0.242328
FIRE:  731 00:41:55     -453.123047        0.242328
FIRE:  732 00:41:55     -453.123047        0.242328
FIRE:  733 00:41:55     -453.123047        0.242328
FIRE:  734 00:41:55     -453.123047        0.242328
FIRE:  735 00:41:55     -453.123047        0.242328
FIRE:  736 00:41:55     -453.123047        0.242328
FIRE:  737 00:41:55     -453.123047        0.242328
FIRE:  738 00:41:55     -453.123047        0.242328
FIRE:  739 00:41:55     -453.123047        0.242328
FIRE:  740 00:41:56     -453.123047        0.242328
FIRE:  741 00:41:56     -453.123047        0.242328
FIRE:  742 00:41:57     -453.123047        0.242328
FIRE:  743 00:41:57     -453.123047        0.242328
FIRE:  744 00:41:58     -453.123047        0.242328
FIRE:  745 00:41:58     -453.123047        0.242328
FIRE:  746 00:41:59     -453.123047        0.242328
FIRE:  747 00:41:59     -453.123047        0.242328
FIRE:  748 00:42:00     -453.123047        0.242328
FIRE:  749 00:42:01     -453.123047        0.242328
FIRE:  750 00:42:01     -453.123047        0.242328
FIRE:  751 00:42:02     -453.123047        0.242328
FIRE:  752 00:42:03     -453.123047        0.242328
FIRE:  753 00:42:03     -453.123047        0.242328
FIRE:  754 00:42:04     -453.123047        0.242328
FIRE:  755 00:42:04     -453.123047        0.242328
FIRE:  756 00:42:05     -453.123047        0.242328
FIRE:  757 00:42:06     -453.123047        0.242328
FIRE:  758 00:42:06     -453.123047        0.242328
FIRE:  759 00:42:07     -453.123047        0.242328
FIRE:  760 00:42:07     -453.123047        0.226215
FIRE:  761 00:42:08     -453.123047        0.226215
FIRE:  762 00:42:08     -453.123047        0.242328
FIRE:  763 00:42:08     -453.123047        0.242328
FIRE:  764 00:42:08     -453.123047        0.242328
FIRE:  765 00:42:09     -453.123047        0.242328
FIRE:  766 00:42:09     -453.123047        0.242328
FIRE:  767 00:42:10     -453.123047        0.226215
FIRE:  768 00:42:10     -453.123047        0.226215
FIRE:  769 00:42:10     -453.123047        0.226215
FIRE:  770 00:42:10     -453.123047        0.226215
FIRE:  771 00:42:10     -453.123047        0.226215
FIRE:  772 00:42:10     -453.123047        0.226215
FIRE:  773 00:42:10     -453.123047        0.226215
FIRE:  774 00:42:10     -453.123047        0.226215
FIRE:  775 00:42:10     -453.123047        0.242328
FIRE:  776 00:42:10     -453.123047        0.242328
FIRE:  777 00:42:10     -453.123047        0.242328
FIRE:  778 00:42:10     -453.123047        0.242328
FIRE:  779 00:42:10     -453.123047        0.242328
FIRE:  780 00:42:10     -453.123047        0.242328
FIRE:  781 00:42:10     -453.123047        0.242328
FIRE:  782 00:42:10     -453.123047        0.242328
FIRE:  783 00:42:10     -453.123047        0.242328
FIRE:  784 00:42:10     -453.123047        0.242328
FIRE:  785 00:42:10     -453.123047        0.242328
FIRE:  786 00:42:10     -453.123047        0.242328
FIRE:  787 00:42:10     -453.123047        0.242328
FIRE:  788 00:42:11     -453.123047        0.242328
FIRE:  789 00:42:11     -453.123047        0.242328
FIRE:  790 00:42:11     -453.123047        0.242328
FIRE:  791 00:42:12     -453.123047        0.242328
FIRE:  792 00:42:12     -453.123047        0.242328
FIRE:  793 00:42:13     -453.123047        0.242328
FIRE:  794 00:42:13     -453.123047        0.226215
FIRE:  795 00:42:13     -453.123047        0.226215
FIRE:  796 00:42:13     -453.123047        0.226215
FIRE:  797 00:42:14     -453.123047        0.226215
FIRE:  798 00:42:14     -453.123047        0.226215
FIRE:  799 00:42:14     -453.123047        0.226215
FIRE:  800 00:42:14     -453.123047        0.226215
FIRE:  801 00:42:14     -453.123047        0.226215
FIRE:  802 00:42:14     -453.123047        0.226215
FIRE:  803 00:42:14     -453.123047        0.242328
FIRE:  804 00:42:14     -453.123047        0.242328
FIRE:  805 00:42:14     -453.123047        0.242328
FIRE:  806 00:42:14     -453.123047        0.242328
FIRE:  807 00:42:14     -453.123047        0.242328
FIRE:  808 00:42:14     -453.123047        0.242328
FIRE:  809 00:42:14     -453.123047        0.242328
FIRE:  810 00:42:14     -453.123047        0.242328
FIRE:  811 00:42:14     -453.123047        0.242328
FIRE:  812 00:42:14     -453.123047        0.242328
FIRE:  813 00:42:14     -453.123047        0.242328
FIRE:  814 00:42:14     -453.123047        0.242328
FIRE:  815 00:42:14     -453.123047        0.242328
FIRE:  816 00:42:14     -453.123047        0.242328
FIRE:  817 00:42:15     -453.123047        0.242328
FIRE:  818 00:42:15     -453.123047        0.242328
FIRE:  819 00:42:15     -453.123047        0.242328
FIRE:  820 00:42:16     -453.123047        0.242328
FIRE:  821 00:42:16     -453.123047        0.242328
FIRE:  822 00:42:17     -453.123047        0.242328
FIRE:  823 00:42:17     -453.123047        0.242328
FIRE:  824 00:42:18     -453.123047        0.242328
FIRE:  825 00:42:18     -453.123047        0.242328
FIRE:  826 00:42:19     -453.123047        0.242328
FIRE:  827 00:42:20     -453.123047        0.226215
FIRE:  828 00:42:20     -453.123047        0.226215
FIRE:  829 00:42:20     -453.123047        0.226215
FIRE:  830 00:42:20     -453.123047        0.226215
FIRE:  831 00:42:20     -453.123047        0.226215
FIRE:  832 00:42:20     -453.123047        0.242328
FIRE:  833 00:42:20     -453.123047        0.242328
FIRE:  834 00:42:20     -453.123047        0.242328
FIRE:  835 00:42:20     -453.123047        0.242328
FIRE:  836 00:42:20     -453.123047        0.242328
FIRE:  837 00:42:20     -453.123047        0.242328
FIRE:  838 00:42:20     -453.123047        0.242328
FIRE:  839 00:42:20     -453.123047        0.242328
FIRE:  840 00:42:20     -453.123047        0.242328
FIRE:  841 00:42:20     -453.123047        0.242328
FIRE:  842 00:42:20     -453.123047        0.242328
FIRE:  843 00:42:20     -453.123047        0.242328
FIRE:  844 00:42:21     -453.123047        0.242328
FIRE:  845 00:42:21     -453.123047        0.242328
FIRE:  846 00:42:22     -453.123047        0.242328
FIRE:  847 00:42:22     -453.123047        0.242328
FIRE:  848 00:42:22     -453.123047        0.242328
FIRE:  849 00:42:23     -453.123047        0.242328
FIRE:  850 00:42:23     -453.123047        0.242328
FIRE:  851 00:42:24     -453.123047        0.242328
FIRE:  852 00:42:25     -453.123047        0.242328
FIRE:  853 00:42:25     -453.123047        0.242328
FIRE:  854 00:42:26     -453.123047        0.242328
FIRE:  855 00:42:26     -453.123047        0.242328
FIRE:  856 00:42:27     -453.123047        0.242328
FIRE:  857 00:42:28     -453.123047        0.242328
FIRE:  858 00:42:28     -453.123047        0.242328
FIRE:  859 00:42:29     -453.123047        0.242328
FIRE:  860 00:42:29     -453.123047        0.242328
FIRE:  861 00:42:30     -453.123047        0.242328
FIRE:  862 00:42:30     -453.123047        0.242328
FIRE:  863 00:42:31     -453.123047        0.242328
FIRE:  864 00:42:32     -453.123047        0.242328
FIRE:  865 00:42:32     -453.123047        0.226215
FIRE:  866 00:42:33     -453.123047        0.226215
FIRE:  867 00:42:33     -453.123047        0.242328
FIRE:  868 00:42:33     -453.123047        0.242328
FIRE:  869 00:42:34     -453.123047        0.242328
FIRE:  870 00:42:34     -453.123047        0.242328
FIRE:  871 00:42:34     -453.123047        0.242328
FIRE:  872 00:42:35     -453.123047        0.226215
FIRE:  873 00:42:35     -453.123047        0.226215
FIRE:  874 00:42:35     -453.123047        0.226215
FIRE:  875 00:42:35     -453.123047        0.226215
FIRE:  876 00:42:35     -453.123047        0.226215
FIRE:  877 00:42:35     -453.123047        0.226215
FIRE:  878 00:42:35     -453.123047        0.226215
FIRE:  879 00:42:35     -453.123047        0.226215
FIRE:  880 00:42:35     -453.123047        0.242328
FIRE:  881 00:42:35     -453.123047        0.242328
FIRE:  882 00:42:35     -453.123047        0.242328
FIRE:  883 00:42:35     -453.123047        0.242328
FIRE:  884 00:42:35     -453.123047        0.242328
FIRE:  885 00:42:35     -453.123047        0.242328
FIRE:  886 00:42:35     -453.123047        0.242328
FIRE:  887 00:42:35     -453.123047        0.242328
FIRE:  888 00:42:35     -453.123047        0.242328
FIRE:  889 00:42:35     -453.123047        0.242328
FIRE:  890 00:42:35     -453.123047        0.242328
FIRE:  891 00:42:35     -453.123047        0.242328
FIRE:  892 00:42:36     -453.123047        0.226215
FIRE:  893 00:42:36     -453.123047        0.226215
FIRE:  894 00:42:36     -453.123047        0.226215
FIRE:  895 00:42:36     -453.123047        0.226215
FIRE:  896 00:42:36     -453.123047        0.226215
FIRE:  897 00:42:36     -453.123047        0.226215
FIRE:  898 00:42:36     -453.123047        0.226215
FIRE:  899 00:42:36     -453.123047        0.226215
FIRE:  900 00:42:36     -453.123047        0.226215
FIRE:  901 00:42:36     -453.123047        0.226215
FIRE:  902 00:42:36     -453.123047        0.226215
FIRE:  903 00:42:36     -453.123047        0.226215
FIRE:  904 00:42:36     -453.123047        0.226215
FIRE:  905 00:42:36     -453.123047        0.226215
FIRE:  906 00:42:36     -453.123047        0.226215
FIRE:  907 00:42:36     -453.123047        0.226215
FIRE:  908 00:42:36     -453.123047        0.242328
FIRE:  909 00:42:36     -453.123047        0.242328
FIRE:  910 00:42:36     -453.123047        0.242328
FIRE:  911 00:42:36     -453.123047        0.242328
FIRE:  912 00:42:36     -453.123047        0.242328
FIRE:  913 00:42:36     -453.123047        0.242328
FIRE:  914 00:42:36     -453.123047        0.242328
FIRE:  915 00:42:36     -453.123047        0.242328
FIRE:  916 00:42:36     -453.123047        0.242328
FIRE:  917 00:42:37     -453.123047        0.242328
FIRE:  918 00:42:37     -453.123047        0.242328
FIRE:  919 00:42:37     -453.123047        0.242328
FIRE:  920 00:42:37     -453.123047        0.242328
FIRE:  921 00:42:37     -453.123047        0.242328
FIRE:  922 00:42:37     -453.123047        0.242328
FIRE:  923 00:42:37     -453.123047        0.242328
FIRE:  924 00:42:38     -453.123047        0.242328
FIRE:  925 00:42:38     -453.123047        0.242328
FIRE:  926 00:42:39     -453.123047        0.242328
FIRE:  927 00:42:39     -453.123047        0.242328
FIRE:  928 00:42:40     -453.123047        0.242328
FIRE:  929 00:42:40     -453.123047        0.242328
FIRE:  930 00:42:41     -453.123047        0.242328
FIRE:  931 00:42:42     -453.123047        0.242328
FIRE:  932 00:42:42     -453.123047        0.242328
FIRE:  933 00:42:43     -453.123047        0.242328
FIRE:  934 00:42:43     -453.123047        0.242328
FIRE:  935 00:42:44     -453.123047        0.226215
FIRE:  936 00:42:44     -453.123047        0.226215
FIRE:  937 00:42:44     -453.123047        0.226215
FIRE:  938 00:42:44     -453.123047        0.242328
FIRE:  939 00:42:44     -453.123047        0.242328
FIRE:  940 00:42:44     -453.123047        0.242328
FIRE:  941 00:42:44     -453.123047        0.242328
FIRE:  942 00:42:44     -453.123047        0.242328
FIRE:  943 00:42:44     -453.123047        0.242328
FIRE:  944 00:42:44     -453.123047        0.242328
FIRE:  945 00:42:44     -453.123047        0.242328
FIRE:  946 00:42:44     -453.123047        0.242328
FIRE:  947 00:42:45     -453.123047        0.242328
FIRE:  948 00:42:45     -453.123047        0.242328
FIRE:  949 00:42:45     -453.123047        0.242328
FIRE:  950 00:42:46     -453.123047        0.242328
FIRE:  951 00:42:46     -453.123047        0.242328
FIRE:  952 00:42:47     -453.123047        0.242328
FIRE:  953 00:42:47     -453.123047        0.242328
FIRE:  954 00:42:48     -453.123047        0.242328
FIRE:  955 00:42:48     -453.123047        0.242328
FIRE:  956 00:42:49     -453.123047        0.242328
FIRE:  957 00:42:49     -453.123047        0.242328
FIRE:  958 00:42:50     -453.123047        0.242328
FIRE:  959 00:42:51     -453.123047        0.242328
FIRE:  960 00:42:51     -453.123047        0.242328
FIRE:  961 00:42:52     -453.123047        0.242328
FIRE:  962 00:42:52     -453.123047        0.242328
FIRE:  963 00:42:53     -453.123047        0.242328
FIRE:  964 00:42:54     -453.123047        0.242328
FIRE:  965 00:42:54     -453.123047        0.242328
FIRE:  966 00:42:55     -453.123047        0.226215
FIRE:  967 00:42:55     -453.123047        0.226215
FIRE:  968 00:42:55     -453.123047        0.242328
FIRE:  969 00:42:55     -453.123047        0.242328
FIRE:  970 00:42:55     -453.123047        0.242328
FIRE:  971 00:42:56     -453.123047        0.242328
FIRE:  972 00:42:56     -453.123047        0.242328
FIRE:  973 00:42:57     -453.123047        0.242328
FIRE:  974 00:42:57     -453.123047        0.242328
FIRE:  975 00:42:57     -453.123047        0.242328
FIRE:  976 00:42:58     -453.123047        0.242328
FIRE:  977 00:42:58     -453.123047        0.242328
FIRE:  978 00:42:59     -453.123047        0.242328
FIRE:  979 00:42:59     -453.123047        0.242328
FIRE:  980 00:43:00     -453.123047        0.242328
FIRE:  981 00:43:01     -453.123047        0.226215
FIRE:  982 00:43:01     -453.123047        0.226215
FIRE:  983 00:43:01     -453.123047        0.226215
FIRE:  984 00:43:01     -453.123047        0.226215
FIRE:  985 00:43:01     -453.123047        0.242328
FIRE:  986 00:43:01     -453.123047        0.242328
FIRE:  987 00:43:01     -453.123047        0.242328
FIRE:  988 00:43:01     -453.123047        0.242328
FIRE:  989 00:43:01     -453.123047        0.242328
FIRE:  990 00:43:01     -453.123047        0.242328
FIRE:  991 00:43:01     -453.123047        0.242328
FIRE:  992 00:43:01     -453.123047        0.242328
FIRE:  993 00:43:01     -453.123047        0.242328
FIRE:  994 00:43:01     -453.123047        0.242328
FIRE:  995 00:43:01     -453.123047        0.242328
FIRE:  996 00:43:01     -453.123047        0.242328
FIRE:  997 00:43:02     -453.123047        0.242328
FIRE:  998 00:43:02     -453.123047        0.242328
FIRE:  999 00:43:03     -453.123047        0.242328
FIRE:  1000 00:43:03     -453.123047        0.242328
FIRE:  1001 00:43:04     -453.123047        0.242328
FIRE:  1002 00:43:04     -453.123047        0.226215
FIRE:  1003 00:43:04     -453.123047        0.226215
FIRE:  1004 00:43:04     -453.123047        0.226215
FIRE:  1005 00:43:04     -453.123047        0.226215
FIRE:  1006 00:43:04     -453.123047        0.226215
FIRE:  1007 00:43:04     -453.123047        0.226215
FIRE:  1008 00:43:04     -453.123047        0.226215
FIRE:  1009 00:43:04     -453.123047        0.226215
FIRE:  1010 00:43:04     -453.123047        0.226215
FIRE:  1011 00:43:04     -453.123047        0.242328
FIRE:  1012 00:43:04     -453.123047        0.242328
FIRE:  1013 00:43:04     -453.123047        0.242328
FIRE:  1014 00:43:04     -453.123047        0.242328
FIRE:  1015 00:43:04     -453.123047        0.242328
FIRE:  1016 00:43:04     -453.123047        0.242328
FIRE:  1017 00:43:05     -453.123047        0.242328
FIRE:  1018 00:43:05     -453.123047        0.242328
FIRE:  1019 00:43:05     -453.123047        0.242328
FIRE:  1020 00:43:05     -453.123047        0.242328
FIRE:  1021 00:43:05     -453.123047        0.242328
FIRE:  1022 00:43:05     -453.123047        0.242328
FIRE:  1023 00:43:05     -453.123047        0.242328
FIRE:  1024 00:43:05     -453.123047        0.242328
FIRE:  1025 00:43:05     -453.123047        0.242328
FIRE:  1026 00:43:06     -453.123047        0.242328
FIRE:  1027 00:43:06     -453.123047        0.242328
FIRE:  1028 00:43:07     -453.123047        0.242328
FIRE:  1029 00:43:07     -453.123047        0.242328
FIRE:  1030 00:43:08     -453.123047        0.242328
FIRE:  1031 00:43:08     -453.123047        0.242328
FIRE:  1032 00:43:09     -453.123047        0.242328
FIRE:  1033 00:43:09     -453.123047        0.242328
FIRE:  1034 00:43:10     -453.123047        0.242328
FIRE:  1035 00:43:11     -453.123047        0.242328
FIRE:  1036 00:43:11     -453.123047        0.226215
FIRE:  1037 00:43:11     -453.123047        0.226215
FIRE:  1038 00:43:11     -453.123047        0.226215
FIRE:  1039 00:43:11     -453.123047        0.226215
FIRE:  1040 00:43:11     -453.123047        0.242328
FIRE:  1041 00:43:11     -453.123047        0.242328
FIRE:  1042 00:43:11     -453.123047        0.242328
FIRE:  1043 00:43:11     -453.123047        0.242328
FIRE:  1044 00:43:11     -453.123047        0.242328
FIRE:  1045 00:43:11     -453.123047        0.242328
FIRE:  1046 00:43:12     -453.123047        0.242328
FIRE:  1047 00:43:12     -453.123047        0.242328
FIRE:  1048 00:43:12     -453.123047        0.242328
FIRE:  1049 00:43:12     -453.123047        0.242328
FIRE:  1050 00:43:12     -453.123047        0.242328
FIRE:  1051 00:43:12     -453.123047        0.242328
FIRE:  1052 00:43:13     -453.123047        0.242328
FIRE:  1053 00:43:13     -453.123047        0.242328
FIRE:  1054 00:43:14     -453.123047        0.242328
FIRE:  1055 00:43:14     -453.123047        0.242328
FIRE:  1056 00:43:15     -453.123047        0.242328
FIRE:  1057 00:43:15     -453.123047        0.242328
FIRE:  1058 00:43:16     -453.123047        0.242328
FIRE:  1059 00:43:16     -453.123047        0.242328
FIRE:  1060 00:43:17     -453.123047        0.226215
FIRE:  1061 00:43:17     -453.123047        0.226215
FIRE:  1062 00:43:17     -453.123047        0.226215
FIRE:  1063 00:43:17     -453.123047        0.226215
FIRE:  1064 00:43:17     -453.123047        0.226215
FIRE:  1065 00:43:17     -453.123047        0.242328
FIRE:  1066 00:43:17     -453.123047        0.242328
FIRE:  1067 00:43:17     -453.123047        0.242328
FIRE:  1068 00:43:17     -453.123047        0.242328
FIRE:  1069 00:43:17     -453.123047        0.242328
FIRE:  1070 00:43:17     -453.123047        0.242328
FIRE:  1071 00:43:17     -453.123047        0.242328
FIRE:  1072 00:43:17     -453.123047        0.242328
FIRE:  1073 00:43:17     -453.123047        0.242328
FIRE:  1074 00:43:17     -453.123047        0.242328
FIRE:  1075 00:43:17     -453.123047        0.242328
FIRE:  1076 00:43:17     -453.123047        0.242328
FIRE:  1077 00:43:18     -453.123047        0.242328
FIRE:  1078 00:43:18     -453.123047        0.242328
FIRE:  1079 00:43:19     -453.123047        0.242328
FIRE:  1080 00:43:19     -453.123047        0.242328
FIRE:  1081 00:43:19     -453.123047        0.242328
FIRE:  1082 00:43:20     -453.123047        0.242328
FIRE:  1083 00:43:20     -453.123047        0.242328
FIRE:  1084 00:43:21     -453.123047        0.242328
FIRE:  1085 00:43:22     -453.123047        0.242328
FIRE:  1086 00:43:22     -453.123047        0.242328
FIRE:  1087 00:43:23     -453.123047        0.242328
FIRE:  1088 00:43:23     -453.123047        0.242328
FIRE:  1089 00:43:24     -453.123047        0.242328
FIRE:  1090 00:43:24     -453.123047        0.242328
FIRE:  1091 00:43:25     -453.123047        0.242328
FIRE:  1092 00:43:26     -453.123047        0.242328
FIRE:  1093 00:43:26     -453.123047        0.242328
FIRE:  1094 00:43:27     -453.123047        0.242328
FIRE:  1095 00:43:27     -453.123047        0.226215
FIRE:  1096 00:43:27     -453.123047        0.226215
FIRE:  1097 00:43:28     -453.123047        0.226215
FIRE:  1098 00:43:28     -453.123047        0.242328
FIRE:  1099 00:43:28     -453.123047        0.242328
FIRE:  1100 00:43:28     -453.123047        0.242328
FIRE:  1101 00:43:29     -453.123047        0.242328
FIRE:  1102 00:43:29     -453.123047        0.242328
FIRE:  1103 00:43:29     -453.123047        0.242328
FIRE:  1104 00:43:29     -453.123047        0.242328
FIRE:  1105 00:43:30     -453.123047        0.242328
FIRE:  1106 00:43:30     -453.123047        0.242328
FIRE:  1107 00:43:31     -453.123047        0.242328
FIRE:  1108 00:43:31     -453.123047        0.242328
FIRE:  1109 00:43:32     -453.123047        0.242328
FIRE:  1110 00:43:32     -453.123047        0.242328
FIRE:  1111 00:43:33     -453.123047        0.242328
FIRE:  1112 00:43:33     -453.123047        0.242328
FIRE:  1113 00:43:34     -453.123047        0.242328
FIRE:  1114 00:43:35     -453.123047        0.242328
FIRE:  1115 00:43:35     -453.123047        0.242328
FIRE:  1116 00:43:36     -453.123047        0.242328
FIRE:  1117 00:43:36     -453.123047        0.242328
FIRE:  1118 00:43:37     -453.123047        0.242328
FIRE:  1119 00:43:37     -453.123047        0.226215
FIRE:  1120 00:43:37     -453.123047        0.242328
FIRE:  1121 00:43:38     -453.123047        0.242328
FIRE:  1122 00:43:38     -453.123047        0.242328
FIRE:  1123 00:43:38     -453.123047        0.242328
FIRE:  1124 00:43:38     -453.123047        0.242328
FIRE:  1125 00:43:38     -453.123047        0.242328
FIRE:  1126 00:43:38     -453.123047        0.242328
FIRE:  1127 00:43:39     -453.123047        0.242328
FIRE:  1128 00:43:39     -453.123047        0.242328
FIRE:  1129 00:43:40     -453.123047        0.242328
FIRE:  1130 00:43:40     -453.123047        0.242328
FIRE:  1131 00:43:41     -453.123047        0.242328
FIRE:  1132 00:43:41     -453.123047        0.242328
FIRE:  1133 00:43:42     -453.123047        0.242328
FIRE:  1134 00:43:43     -453.123047        0.242328
FIRE:  1135 00:43:43     -453.123047        0.242328
FIRE:  1136 00:43:44     -453.123047        0.242328
FIRE:  1137 00:43:44     -453.123047        0.242328
FIRE:  1138 00:43:45     -453.123047        0.242328
FIRE:  1139 00:43:45     -453.123047        0.242328
FIRE:  1140 00:43:46     -453.123047        0.242328
FIRE:  1141 00:43:46     -453.123047        0.242328
FIRE:  1142 00:43:47     -453.123047        0.242328
FIRE:  1143 00:43:48     -453.123047        0.242328
FIRE:  1144 00:43:48     -453.123047        0.226215
FIRE:  1145 00:43:49     -453.123047        0.242328
FIRE:  1146 00:43:49     -453.123047        0.242328
FIRE:  1147 00:43:49     -453.123047        0.242328
FIRE:  1148 00:43:49     -453.123047        0.242328
FIRE:  1149 00:43:49     -453.123047        0.242328
FIRE:  1150 00:43:50     -453.123047        0.242328
FIRE:  1151 00:43:50     -453.123047        0.226215
FIRE:  1152 00:43:50     -453.123047        0.226215
FIRE:  1153 00:43:50     -453.123047        0.226215
FIRE:  1154 00:43:50     -453.123047        0.226215
FIRE:  1155 00:43:50     -453.123047        0.226215
FIRE:  1156 00:43:50     -453.123047        0.226215
FIRE:  1157 00:43:50     -453.123047        0.226215
FIRE:  1158 00:43:50     -453.123047        0.226215
FIRE:  1159 00:43:50     -453.123047        0.226215
FIRE:  1160 00:43:51     -453.123047        0.242328
FIRE:  1161 00:43:51     -453.123047        0.242328
FIRE:  1162 00:43:51     -453.123047        0.242328
FIRE:  1163 00:43:51     -453.123047        0.242328
FIRE:  1164 00:43:51     -453.123047        0.242328
FIRE:  1165 00:43:51     -453.123047        0.242328
FIRE:  1166 00:43:51     -453.123047        0.242328
FIRE:  1167 00:43:51     -453.123047        0.242328
FIRE:  1168 00:43:51     -453.123047        0.242328
FIRE:  1169 00:43:51     -453.123047        0.242328
FIRE:  1170 00:43:51     -453.123047        0.242328
FIRE:  1171 00:43:51     -453.123047        0.242328
FIRE:  1172 00:43:51     -453.123047        0.226215
FIRE:  1173 00:43:51     -453.123047        0.226215
FIRE:  1174 00:43:51     -453.123047        0.226215
FIRE:  1175 00:43:51     -453.123047        0.226215
FIRE:  1176 00:43:51     -453.123047        0.226215
FIRE:  1177 00:43:51     -453.123047        0.226215
FIRE:  1178 00:43:51     -453.123047        0.226215
FIRE:  1179 00:43:51     -453.123047        0.226215
FIRE:  1180 00:43:51     -453.123047        0.226215
FIRE:  1181 00:43:51     -453.123047        0.226215
FIRE:  1182 00:43:51     -453.123047        0.226215
FIRE:  1183 00:43:51     -453.123047        0.226215
FIRE:  1184 00:43:51     -453.123047        0.226215
FIRE:  1185 00:43:51     -453.123047        0.226215
FIRE:  1186 00:43:51     -453.123047        0.226215
FIRE:  1187 00:43:51     -453.123047        0.226215
FIRE:  1188 00:43:52     -453.123047        0.226215
FIRE:  1189 00:43:52     -453.123047        0.226215
FIRE:  1190 00:43:52     -453.123047        0.226215
FIRE:  1191 00:43:53     -453.123047        0.226215
FIRE:  1192 00:43:53     -453.123047        0.226215
FIRE:  1193 00:43:54     -453.123047        0.242328
FIRE:  1194 00:43:54     -453.123047        0.242328
FIRE:  1195 00:43:54     -453.123047        0.242328
FIRE:  1196 00:43:54     -453.123047        0.242328
FIRE:  1197 00:43:54     -453.123047        0.242328
FIRE:  1198 00:43:54     -453.123047        0.242328
FIRE:  1199 00:43:54     -453.123047        0.242328
FIRE:  1200 00:43:54     -453.123047        0.242328
FIRE:  1201 00:43:54     -453.123047        0.242328
FIRE:  1202 00:43:54     -453.123047        0.242328
FIRE:  1203 00:43:54     -453.123047        0.242328
FIRE:  1204 00:43:55     -453.123047        0.242328
FIRE:  1205 00:43:55     -453.123047        0.242328
FIRE:  1206 00:43:56     -453.123047        0.242328
FIRE:  1207 00:43:56     -453.123047        0.242328
FIRE:  1208 00:43:57     -453.123047        0.242328
FIRE:  1209 00:43:57     -453.123047        0.242328
FIRE:  1210 00:43:58     -453.123047        0.242328
FIRE:  1211 00:43:58     -453.123047        0.242328
FIRE:  1212 00:43:59     -453.123047        0.242328
FIRE:  1213 00:43:59     -453.123047        0.242328
FIRE:  1214 00:44:00     -453.123047        0.242328
FIRE:  1215 00:44:00     -453.123047        0.242328
FIRE:  1216 00:44:01     -453.123047        0.242328
FIRE:  1217 00:44:02     -453.123047        0.242328
FIRE:  1218 00:44:02     -453.123047        0.242328
FIRE:  1219 00:44:03     -453.123047        0.242328
FIRE:  1220 00:44:03     -453.123047        0.242328
FIRE:  1221 00:44:04     -453.123047        0.242328
FIRE:  1222 00:44:04     -453.123047        0.226215
FIRE:  1223 00:44:05     -453.123047        0.242328
FIRE:  1224 00:44:05     -453.123047        0.242328
FIRE:  1225 00:44:05     -453.123047        0.242328
FIRE:  1226 00:44:05     -453.123047        0.242328
FIRE:  1227 00:44:05     -453.123047        0.242328
FIRE:  1228 00:44:06     -453.123047        0.242328
FIRE:  1229 00:44:06     -453.123047        0.242328
FIRE:  1230 00:44:06     -453.123047        0.242328
FIRE:  1231 00:44:07     -453.123047        0.242328
FIRE:  1232 00:44:07     -453.123047        0.226215
FIRE:  1233 00:44:07     -453.123047        0.226215
FIRE:  1234 00:44:07     -453.123047        0.226215
FIRE:  1235 00:44:07     -453.123047        0.226215
FIRE:  1236 00:44:07     -453.123047        0.226215
FIRE:  1237 00:44:07     -453.123047        0.226215
FIRE:  1238 00:44:08     -453.123047        0.226215
FIRE:  1239 00:44:08     -453.123047        0.226215
FIRE:  1240 00:44:08     -453.123047        0.226215
FIRE:  1241 00:44:08     -453.123047        0.226215
FIRE:  1242 00:44:09     -453.123047        0.242328
FIRE:  1243 00:44:09     -453.123047        0.242328
FIRE:  1244 00:44:09     -453.123047        0.242328
FIRE:  1245 00:44:09     -453.123047        0.242328
FIRE:  1246 00:44:09     -453.123047        0.242328
FIRE:  1247 00:44:09     -453.123047        0.242328
FIRE:  1248 00:44:09     -453.123047        0.242328
FIRE:  1249 00:44:09     -453.123047        0.242328
FIRE:  1250 00:44:09     -453.123047        0.242328
FIRE:  1251 00:44:09     -453.123047        0.242328
FIRE:  1252 00:44:09     -453.123047        0.226215
FIRE:  1253 00:44:09     -453.123047        0.226215
FIRE:  1254 00:44:09     -453.123047        0.226215
FIRE:  1255 00:44:09     -453.123047        0.226215
FIRE:  1256 00:44:09     -453.123047        0.226215
FIRE:  1257 00:44:09     -453.123047        0.226215
FIRE:  1258 00:44:09     -453.123047        0.226215
FIRE:  1259 00:44:09     -453.123047        0.226215
FIRE:  1260 00:44:09     -453.123047        0.226215
FIRE:  1261 00:44:09     -453.123047        0.226215
FIRE:  1262 00:44:09     -453.123047        0.226215
FIRE:  1263 00:44:09     -453.123047        0.226215
FIRE:  1264 00:44:09     -453.123047        0.226215
FIRE:  1265 00:44:09     -453.123047        0.226215
FIRE:  1266 00:44:09     -453.123047        0.226215
FIRE:  1267 00:44:09     -453.123047        0.226215
FIRE:  1268 00:44:10     -453.123047        0.242328
FIRE:  1269 00:44:10     -453.123047        0.242328
FIRE:  1270 00:44:10     -453.123047        0.242328
FIRE:  1271 00:44:10     -453.123047        0.242328
FIRE:  1272 00:44:10     -453.123047        0.242328
FIRE:  1273 00:44:10     -453.123047        0.242328
FIRE:  1274 00:44:10     -453.123047        0.242328
FIRE:  1275 00:44:10     -453.123047        0.242328
FIRE:  1276 00:44:10     -453.123047        0.242328
FIRE:  1277 00:44:10     -453.123047        0.242328
FIRE:  1278 00:44:10     -453.123047        0.242328
FIRE:  1279 00:44:10     -453.123047        0.242328
FIRE:  1280 00:44:10     -453.123047        0.242328
FIRE:  1281 00:44:10     -453.123047        0.242328
FIRE:  1282 00:44:10     -453.123047        0.242328
FIRE:  1283 00:44:11     -453.123047        0.242328
FIRE:  1284 00:44:11     -453.123047        0.242328
FIRE:  1285 00:44:12     -453.123047        0.242328
FIRE:  1286 00:44:12     -453.123047        0.242328
FIRE:  1287 00:44:13     -453.123047        0.242328
FIRE:  1288 00:44:13     -453.123047        0.242328
FIRE:  1289 00:44:14     -453.123047        0.242328
FIRE:  1290 00:44:14     -453.123047        0.242328
FIRE:  1291 00:44:15     -453.123047        0.242328
FIRE:  1292 00:44:15     -453.123047        0.242328
FIRE:  1293 00:44:16     -453.123047        0.242328
FIRE:  1294 00:44:17     -453.123047        0.226215
FIRE:  1295 00:44:17     -453.123047        0.226215
FIRE:  1296 00:44:17     -453.123047        0.226215
FIRE:  1297 00:44:17     -453.123047        0.242328
FIRE:  1298 00:44:17     -453.123047        0.242328
FIRE:  1299 00:44:17     -453.123047        0.242328
FIRE:  1300 00:44:17     -453.123047        0.242328
FIRE:  1301 00:44:17     -453.123047        0.242328
FIRE:  1302 00:44:17     -453.123047        0.242328
FIRE:  1303 00:44:17     -453.123047        0.242328
FIRE:  1304 00:44:17     -453.123047        0.242328
FIRE:  1305 00:44:17     -453.123047        0.242328
FIRE:  1306 00:44:17     -453.123047        0.242328
FIRE:  1307 00:44:17     -453.123047        0.242328
FIRE:  1308 00:44:18     -453.123047        0.242328
FIRE:  1309 00:44:18     -453.123047        0.242328
FIRE:  1310 00:44:19     -453.123047        0.242328
FIRE:  1311 00:44:19     -453.123047        0.242328
FIRE:  1312 00:44:19     -453.123047        0.242328
FIRE:  1313 00:44:20     -453.123047        0.242328
FIRE:  1314 00:44:21     -453.123047        0.242328
FIRE:  1315 00:44:21     -453.123047        0.242328
FIRE:  1316 00:44:22     -453.123047        0.242328
FIRE:  1317 00:44:22     -453.123047        0.242328
FIRE:  1318 00:44:23     -453.123047        0.242328
FIRE:  1319 00:44:24     -453.123047        0.242328
FIRE:  1320 00:44:24     -453.123047        0.242328
FIRE:  1321 00:44:25     -453.123047        0.242328
FIRE:  1322 00:44:25     -453.123047        0.242328
FIRE:  1323 00:44:26     -453.123047        0.242328
FIRE:  1324 00:44:26     -453.123047        0.242328
FIRE:  1325 00:44:27     -453.123047        0.242328
FIRE:  1326 00:44:27     -453.123047        0.242328
FIRE:  1327 00:44:28     -453.123047        0.242328
FIRE:  1328 00:44:29     -453.123047        0.226215
FIRE:  1329 00:44:29     -453.123047        0.226215
FIRE:  1330 00:44:29     -453.123047        0.242328
FIRE:  1331 00:44:29     -453.123047        0.242328
FIRE:  1332 00:44:30     -453.123047        0.242328
FIRE:  1333 00:44:30     -453.123047        0.242328
FIRE:  1334 00:44:30     -453.123047        0.242328
FIRE:  1335 00:44:31     -453.123047        0.226215
FIRE:  1336 00:44:31     -453.123047        0.226215
FIRE:  1337 00:44:31     -453.123047        0.226215
FIRE:  1338 00:44:31     -453.123047        0.226215
FIRE:  1339 00:44:31     -453.123047        0.226215
FIRE:  1340 00:44:31     -453.123047        0.226215
FIRE:  1341 00:44:31     -453.123047        0.226215
FIRE:  1342 00:44:31     -453.123047        0.226215
FIRE:  1343 00:44:31     -453.123047        0.242328
FIRE:  1344 00:44:31     -453.123047        0.242328
FIRE:  1345 00:44:31     -453.123047        0.242328
FIRE:  1346 00:44:31     -453.123047        0.242328
FIRE:  1347 00:44:31     -453.123047        0.242328
FIRE:  1348 00:44:31     -453.123047        0.242328
FIRE:  1349 00:44:31     -453.123047        0.242328
FIRE:  1350 00:44:31     -453.123047        0.242328
FIRE:  1351 00:44:31     -453.123047        0.242328
FIRE:  1352 00:44:31     -453.123047        0.242328
FIRE:  1353 00:44:31     -453.123047        0.242328
FIRE:  1354 00:44:31     -453.123047        0.242328
FIRE:  1355 00:44:32     -453.123047        0.242328
FIRE:  1356 00:44:32     -453.123047        0.242328
FIRE:  1357 00:44:32     -453.123047        0.242328
FIRE:  1358 00:44:33     -453.123047        0.242328
FIRE:  1359 00:44:33     -453.123047        0.242328
FIRE:  1360 00:44:33     -453.123047        0.242328
FIRE:  1361 00:44:34     -453.123047        0.242328
FIRE:  1362 00:44:34     -453.123047        0.242328
FIRE:  1363 00:44:35     -453.123047        0.242328
FIRE:  1364 00:44:35     -453.123047        0.242328
FIRE:  1365 00:44:36     -453.123047        0.242328
FIRE:  1366 00:44:36     -453.123047        0.242328
FIRE:  1367 00:44:37     -453.123047        0.242328
FIRE:  1368 00:44:38     -453.123047        0.242328
FIRE:  1369 00:44:38     -453.123047        0.242328
FIRE:  1370 00:44:39     -453.123047        0.242328
FIRE:  1371 00:44:39     -453.123047        0.242328
FIRE:  1372 00:44:40     -453.123047        0.242328
FIRE:  1373 00:44:40     -453.123047        0.242328
FIRE:  1374 00:44:41     -453.123047        0.226215
FIRE:  1375 00:44:41     -453.123047        0.226215
FIRE:  1376 00:44:41     -453.123047        0.226215
FIRE:  1377 00:44:42     -453.123047        0.226215
FIRE:  1378 00:44:42     -453.123047        0.242328
FIRE:  1379 00:44:42     -453.123047        0.242328
FIRE:  1380 00:44:42     -453.123047        0.242328
FIRE:  1381 00:44:42     -453.123047        0.242328
FIRE:  1382 00:44:42     -453.123047        0.242328
FIRE:  1383 00:44:43     -453.123047        0.242328
FIRE:  1384 00:44:43     -453.123047        0.242328
FIRE:  1385 00:44:43     -453.123047        0.242328
FIRE:  1386 00:44:44     -453.123047        0.242328
FIRE:  1387 00:44:44     -453.123047        0.242328
FIRE:  1388 00:44:45     -453.123047        0.242328
FIRE:  1389 00:44:45     -453.123047        0.242328
FIRE:  1390 00:44:46     -453.123047        0.242328
FIRE:  1391 00:44:47     -453.123047        0.242328
FIRE:  1392 00:44:47     -453.123047        0.242328
FIRE:  1393 00:44:48     -453.123047        0.242328
FIRE:  1394 00:44:48     -453.123047        0.242328
FIRE:  1395 00:44:49     -453.123047        0.242328
FIRE:  1396 00:44:50     -453.123047        0.242328
FIRE:  1397 00:44:50     -453.123047        0.242328
FIRE:  1398 00:44:51     -453.123047        0.242328
FIRE:  1399 00:44:51     -453.123047        0.242328
FIRE:  1400 00:44:52     -453.123047        0.226215
FIRE:  1401 00:44:52     -453.123047        0.242328
FIRE:  1402 00:44:52     -453.123047        0.242328
FIRE:  1403 00:44:52     -453.123047        0.242328
FIRE:  1404 00:44:52     -453.123047        0.242328
FIRE:  1405 00:44:52     -453.123047        0.242328
FIRE:  1406 00:44:53     -453.123047        0.242328
FIRE:  1407 00:44:53     -453.123047        0.242328
FIRE:  1408 00:44:54     -453.123047        0.242328
FIRE:  1409 00:44:54     -453.123047        0.242328
FIRE:  1410 00:44:54     -453.123047        0.242328
FIRE:  1411 00:44:55     -453.123047        0.242328
FIRE:  1412 00:44:55     -453.123047        0.242328
FIRE:  1413 00:44:56     -453.123047        0.242328
FIRE:  1414 00:44:56     -453.123047        0.242328
FIRE:  1415 00:44:57     -453.123047        0.242328
FIRE:  1416 00:44:58     -453.123047        0.242328
FIRE:  1417 00:44:58     -453.123047        0.226215
FIRE:  1418 00:44:58     -453.123047        0.226215
FIRE:  1419 00:44:58     -453.123047        0.226215
FIRE:  1420 00:44:58     -453.123047        0.242328
FIRE:  1421 00:44:58     -453.123047        0.242328
FIRE:  1422 00:44:58     -453.123047        0.242328
FIRE:  1423 00:44:58     -453.123047        0.242328
FIRE:  1424 00:44:58     -453.123047        0.242328
FIRE:  1425 00:44:58     -453.123047        0.242328
FIRE:  1426 00:44:58     -453.123047        0.242328
FIRE:  1427 00:44:58     -453.123047        0.242328
FIRE:  1428 00:44:58     -453.123047        0.242328
FIRE:  1429 00:44:59     -453.123047        0.242328
FIRE:  1430 00:44:59     -453.123047        0.242328
FIRE:  1431 00:45:00     -453.123047        0.242328
FIRE:  1432 00:45:00     -453.123047        0.242328
FIRE:  1433 00:45:00     -453.123047        0.226215
FIRE:  1434 00:45:00     -453.123047        0.226215
FIRE:  1435 00:45:00     -453.123047        0.226215
FIRE:  1436 00:45:00     -453.123047        0.226215
FIRE:  1437 00:45:00     -453.123047        0.226215
FIRE:  1438 00:45:00     -453.123047        0.226215
FIRE:  1439 00:45:00     -453.123047        0.226215
FIRE:  1440 00:45:01     -453.123047        0.226215
FIRE:  1441 00:45:01     -453.123047        0.226215
FIRE:  1442 00:45:01     -453.123047        0.226215
FIRE:  1443 00:45:01     -453.123047        0.242328
FIRE:  1444 00:45:01     -453.123047        0.242328
FIRE:  1445 00:45:01     -453.123047        0.242328
FIRE:  1446 00:45:01     -453.123047        0.242328
FIRE:  1447 00:45:01     -453.123047        0.242328
FIRE:  1448 00:45:01     -453.123047        0.242328
FIRE:  1449 00:45:01     -453.123047        0.242328
FIRE:  1450 00:45:01     -453.123047        0.242328
FIRE:  1451 00:45:01     -453.123047        0.242328
FIRE:  1452 00:45:01     -453.123047        0.242328
FIRE:  1453 00:45:01     -453.123047        0.242328
FIRE:  1454 00:45:01     -453.123047        0.242328
FIRE:  1455 00:45:01     -453.123047        0.242328
FIRE:  1456 00:45:01     -453.123047        0.242328
FIRE:  1457 00:45:01     -453.123047        0.242328
FIRE:  1458 00:45:02     -453.123047        0.242328
FIRE:  1459 00:45:02     -453.123047        0.242328
FIRE:  1460 00:45:03     -453.123047        0.242328
FIRE:  1461 00:45:03     -453.123047        0.242328
FIRE:  1462 00:45:03     -453.123047        0.242328
FIRE:  1463 00:45:04     -453.123047        0.242328
FIRE:  1464 00:45:04     -453.123047        0.242328
FIRE:  1465 00:45:05     -453.123047        0.242328
FIRE:  1466 00:45:05     -453.123047        0.242328
FIRE:  1467 00:45:06     -453.123047        0.242328
FIRE:  1468 00:45:07     -453.123047        0.242328
FIRE:  1469 00:45:07     -453.123047        0.242328
FIRE:  1470 00:45:08     -453.123047        0.242328
FIRE:  1471 00:45:08     -453.123047        0.242328
FIRE:  1472 00:45:09     -453.123047        0.242328
FIRE:  1473 00:45:09     -453.123047        0.242328
FIRE:  1474 00:45:10     -453.123047        0.242328
FIRE:  1475 00:45:11     -453.123047        0.242328
FIRE:  1476 00:45:11     -453.123047        0.242328
FIRE:  1477 00:45:12     -453.123047        0.242328
FIRE:  1478 00:45:12     -453.123047        0.226215
FIRE:  1479 00:45:13     -453.123047        0.226215
FIRE:  1480 00:45:13     -453.123047        0.242328
FIRE:  1481 00:45:13     -453.123047        0.242328
FIRE:  1482 00:45:13     -453.123047        0.242328
FIRE:  1483 00:45:13     -453.123047        0.242328
FIRE:  1484 00:45:14     -453.123047        0.242328
FIRE:  1485 00:45:14     -453.123047        0.242328
FIRE:  1486 00:45:15     -453.123047        0.242328
FIRE:  1487 00:45:15     -453.123047        0.242328
FIRE:  1488 00:45:16     -453.123047        0.242328
FIRE:  1489 00:45:16     -453.123047        0.242328
FIRE:  1490 00:45:17     -453.123047        0.226215
FIRE:  1491 00:45:17     -453.123047        0.226215
FIRE:  1492 00:45:17     -453.123047        0.226215
FIRE:  1493 00:45:17     -453.123047        0.226215
FIRE:  1494 00:45:17     -453.123047        0.226215
FIRE:  1495 00:45:17     -453.123047        0.226215
FIRE:  1496 00:45:17     -453.123047        0.242328
FIRE:  1497 00:45:17     -453.123047        0.242328
FIRE:  1498 00:45:17     -453.123047        0.242328
FIRE:  1499 00:45:17     -453.123047        0.242328
FIRE:  1500 00:45:17     -453.123047        0.242328
FIRE:  1501 00:45:17     -453.123047        0.242328
FIRE:  1502 00:45:17     -453.123047        0.242328
FIRE:  1503 00:45:17     -453.123047        0.242328
FIRE:  1504 00:45:17     -453.123047        0.242328
FIRE:  1505 00:45:17     -453.123047        0.242328
FIRE:  1506 00:45:17     -453.123047        0.242328
FIRE:  1507 00:45:17     -453.123047        0.242328
FIRE:  1508 00:45:18     -453.123047        0.242328
FIRE:  1509 00:45:18     -453.123047        0.242328
FIRE:  1510 00:45:18     -453.123047        0.242328
FIRE:  1511 00:45:19     -453.123047        0.242328
FIRE:  1512 00:45:19     -453.123047        0.242328
FIRE:  1513 00:45:19     -453.123047        0.242328
FIRE:  1514 00:45:20     -453.123047        0.242328
FIRE:  1515 00:45:20     -453.123047        0.242328
FIRE:  1516 00:45:21     -453.123047        0.242328
FIRE:  1517 00:45:21     -453.123047        0.242328
FIRE:  1518 00:45:22     -453.123047        0.242328
FIRE:  1519 00:45:23     -453.123047        0.242328
FIRE:  1520 00:45:23     -453.123047        0.242328
FIRE:  1521 00:45:24     -453.123047        0.242328
FIRE:  1522 00:45:24     -453.123047        0.242328
FIRE:  1523 00:45:25     -453.123047        0.226215
FIRE:  1524 00:45:25     -453.123047        0.226215
FIRE:  1525 00:45:25     -453.123047        0.242328
FIRE:  1526 00:45:25     -453.123047        0.242328
FIRE:  1527 00:45:25     -453.123047        0.242328
FIRE:  1528 00:45:25     -453.123047        0.242328
FIRE:  1529 00:45:25     -453.123047        0.242328
FIRE:  1530 00:45:25     -453.123047        0.242328
FIRE:  1531 00:45:25     -453.123047        0.242328
FIRE:  1532 00:45:25     -453.123047        0.242328
FIRE:  1533 00:45:26     -453.123047        0.242328
FIRE:  1534 00:45:26     -453.123047        0.242328
FIRE:  1535 00:45:26     -453.123047        0.242328
FIRE:  1536 00:45:27     -453.123047        0.242328
FIRE:  1537 00:45:27     -453.123047        0.242328
FIRE:  1538 00:45:28     -453.123047        0.242328
FIRE:  1539 00:45:28     -453.123047        0.242328
FIRE:  1540 00:45:29     -453.123047        0.242328
FIRE:  1541 00:45:29     -453.123047        0.242328
FIRE:  1542 00:45:30     -453.123047        0.242328
FIRE:  1543 00:45:30     -453.123047        0.242328
FIRE:  1544 00:45:31     -453.123047        0.242328
FIRE:  1545 00:45:32     -453.123047        0.242328
FIRE:  1546 00:45:32     -453.123047        0.242328
FIRE:  1547 00:45:33     -453.123047        0.242328
FIRE:  1548 00:45:33     -453.123047        0.242328
FIRE:  1549 00:45:34     -453.123047        0.242328
FIRE:  1550 00:45:34     -453.123047        0.242328
FIRE:  1551 00:45:35     -453.123047        0.242328
FIRE:  1552 00:45:35     -453.123047        0.226215
FIRE:  1553 00:45:36     -453.123047        0.242328
FIRE:  1554 00:45:36     -453.123047        0.242328
FIRE:  1555 00:45:36     -453.123047        0.242328
FIRE:  1556 00:45:36     -453.123047        0.242328
FIRE:  1557 00:45:36     -453.123047        0.242328
FIRE:  1558 00:45:37     -453.123047        0.242328
FIRE:  1559 00:45:37     -453.123047        0.242328
FIRE:  1560 00:45:38     -453.123047        0.226215
FIRE:  1561 00:45:38     -453.123047        0.226215
FIRE:  1562 00:45:38     -453.123047        0.226215
FIRE:  1563 00:45:38     -453.123047        0.226215
FIRE:  1564 00:45:38     -453.123047        0.226215
FIRE:  1565 00:45:38     -453.123047        0.226215
FIRE:  1566 00:45:38     -453.123047        0.226215
FIRE:  1567 00:45:38     -453.123047        0.226215
FIRE:  1568 00:45:38     -453.123047        0.226215
FIRE:  1569 00:45:38     -453.123047        0.242328
FIRE:  1570 00:45:38     -453.123047        0.242328
FIRE:  1571 00:45:38     -453.123047        0.242328
FIRE:  1572 00:45:38     -453.123047        0.242328
FIRE:  1573 00:45:38     -453.123047        0.242328
FIRE:  1574 00:45:38     -453.123047        0.242328
FIRE:  1575 00:45:38     -453.123047        0.242328
FIRE:  1576 00:45:38     -453.123047        0.242328
FIRE:  1577 00:45:38     -453.123047        0.242328
FIRE:  1578 00:45:38     -453.123047        0.242328
FIRE:  1579 00:45:38     -453.123047        0.242328
FIRE:  1580 00:45:38     -453.123047        0.242328
FIRE:  1581 00:45:38     -453.123047        0.242328
FIRE:  1582 00:45:38     -453.123047        0.242328
FIRE:  1583 00:45:39     -453.123047        0.242328
FIRE:  1584 00:45:39     -453.123047        0.242328
FIRE:  1585 00:45:39     -453.123047        0.242328
FIRE:  1586 00:45:40     -453.123047        0.242328
FIRE:  1587 00:45:40     -453.123047        0.242328
FIRE:  1588 00:45:40     -453.123047        0.242328
FIRE:  1589 00:45:41     -453.123047        0.242328
FIRE:  1590 00:45:41     -453.123047        0.242328
FIRE:  1591 00:45:42     -453.123047        0.242328
FIRE:  1592 00:45:43     -453.123047        0.242328
FIRE:  1593 00:45:43     -453.123047        0.242328
FIRE:  1594 00:45:44     -453.123047        0.242328
FIRE:  1595 00:45:44     -453.123047        0.242328
FIRE:  1596 00:45:45     -453.123047        0.242328
FIRE:  1597 00:45:46     -453.123047        0.226215
FIRE:  1598 00:45:46     -453.123047        0.226215
FIRE:  1599 00:45:46     -453.123047        0.226215
FIRE:  1600 00:45:46     -453.123047        0.226215
FIRE:  1601 00:45:46     -453.123047        0.242328
FIRE:  1602 00:45:46     -453.123047        0.242328
FIRE:  1603 00:45:46     -453.123047        0.242328
FIRE:  1604 00:45:46     -453.123047        0.242328
FIRE:  1605 00:45:46     -453.123047        0.242328
FIRE:  1606 00:45:46     -453.123047        0.242328
FIRE:  1607 00:45:46     -453.123047        0.242328
FIRE:  1608 00:45:46     -453.123047        0.242328
FIRE:  1609 00:45:47     -453.123047        0.242328
FIRE:  1610 00:45:47     -453.123047        0.242328
FIRE:  1611 00:45:48     -453.123047        0.242328
FIRE:  1612 00:45:48     -453.123047        0.242328
FIRE:  1613 00:45:48     -453.123047        0.226215
FIRE:  1614 00:45:48     -453.123047        0.226215
FIRE:  1615 00:45:48     -453.123047        0.226215
FIRE:  1616 00:45:48     -453.123047        0.226215
FIRE:  1617 00:45:49     -453.123047        0.226215
FIRE:  1618 00:45:49     -453.123047        0.226215
FIRE:  1619 00:45:49     -453.123047        0.226215
FIRE:  1620 00:45:49     -453.123047        0.226215
FIRE:  1621 00:45:49     -453.123047        0.226215
FIRE:  1622 00:45:49     -453.123047        0.226215
FIRE:  1623 00:45:49     -453.123047        0.242328
FIRE:  1624 00:45:49     -453.123047        0.242328
FIRE:  1625 00:45:49     -453.123047        0.242328
FIRE:  1626 00:45:49     -453.123047        0.242328
FIRE:  1627 00:45:49     -453.123047        0.242328
FIRE:  1628 00:45:49     -453.123047        0.242328
FIRE:  1629 00:45:49     -453.123047        0.242328
FIRE:  1630 00:45:49     -453.123047        0.242328
FIRE:  1631 00:45:49     -453.123047        0.242328
FIRE:  1632 00:45:49     -453.123047        0.242328
FIRE:  1633 00:45:49     -453.123047        0.242328
FIRE:  1634 00:45:49     -453.123047        0.242328
FIRE:  1635 00:45:49     -453.123047        0.242328
FIRE:  1636 00:45:49     -453.123047        0.242328
FIRE:  1637 00:45:49     -453.123047        0.242328
FIRE:  1638 00:45:50     -453.123047        0.242328
FIRE:  1639 00:45:50     -453.123047        0.242328
FIRE:  1640 00:45:51     -453.123047        0.242328
FIRE:  1641 00:45:51     -453.123047        0.226215
FIRE:  1642 00:45:51     -453.123047        0.226215
FIRE:  1643 00:45:51     -453.123047        0.226215
FIRE:  1644 00:45:51     -453.123047        0.226215
FIRE:  1645 00:45:51     -453.123047        0.226215
FIRE:  1646 00:45:51     -453.123047        0.226215
FIRE:  1647 00:45:51     -453.123047        0.226215
FIRE:  1648 00:45:51     -453.123047        0.226215
FIRE:  1649 00:45:51     -453.123047        0.226215
FIRE:  1650 00:45:51     -453.123047        0.226215
FIRE:  1651 00:45:51     -453.123047        0.226215
FIRE:  1652 00:45:51     -453.123047        0.242328
FIRE:  1653 00:45:51     -453.123047        0.242328
FIRE:  1654 00:45:51     -453.123047        0.242328
FIRE:  1655 00:45:51     -453.123047        0.242328
FIRE:  1656 00:45:51     -453.123047        0.242328
FIRE:  1657 00:45:51     -453.123047        0.242328
FIRE:  1658 00:45:51     -453.123047        0.242328
FIRE:  1659 00:45:52     -453.123047        0.242328
FIRE:  1660 00:45:52     -453.123047        0.242328
FIRE:  1661 00:45:52     -453.123047        0.242328
FIRE:  1662 00:45:52     -453.123047        0.242328
FIRE:  1663 00:45:52     -453.123047        0.242328
FIRE:  1664 00:45:52     -453.123047        0.242328
FIRE:  1665 00:45:52     -453.123047        0.242328
FIRE:  1666 00:45:52     -453.123047        0.242328
FIRE:  1667 00:45:53     -453.123047        0.242328
FIRE:  1668 00:45:53     -453.123047        0.242328
FIRE:  1669 00:45:53     -453.123047        0.242328
FIRE:  1670 00:45:54     -453.123047        0.242328
FIRE:  1671 00:45:54     -453.123047        0.242328
FIRE:  1672 00:45:55     -453.123047        0.242328
FIRE:  1673 00:45:55     -453.123047        0.242328
FIRE:  1674 00:45:56     -453.123047        0.242328
FIRE:  1675 00:45:57     -453.123047        0.242328
FIRE:  1676 00:45:57     -453.123047        0.226215
FIRE:  1677 00:45:57     -453.123047        0.226215
FIRE:  1678 00:45:57     -453.123047        0.226215
FIRE:  1679 00:45:57     -453.123047        0.226215
FIRE:  1680 00:45:57     -453.123047        0.226215
FIRE:  1681 00:45:57     -453.123047        0.242328
FIRE:  1682 00:45:57     -453.123047        0.242328
FIRE:  1683 00:45:57     -453.123047        0.242328
FIRE:  1684 00:45:57     -453.123047        0.242328
FIRE:  1685 00:45:57     -453.123047        0.242328
FIRE:  1686 00:45:57     -453.123047        0.242328
FIRE:  1687 00:45:57     -453.123047        0.242328
FIRE:  1688 00:45:57     -453.123047        0.242328
FIRE:  1689 00:45:57     -453.123047        0.242328
FIRE:  1690 00:45:57     -453.123047        0.242328
FIRE:  1691 00:45:57     -453.123047        0.242328
FIRE:  1692 00:45:58     -453.123047        0.242328
FIRE:  1693 00:45:58     -453.123047        0.242328
FIRE:  1694 00:45:58     -453.123047        0.242328
FIRE:  1695 00:45:59     -453.123047        0.242328
FIRE:  1696 00:45:59     -453.123047        0.242328
FIRE:  1697 00:46:00     -453.123047        0.242328
FIRE:  1698 00:46:00     -453.123047        0.242328
FIRE:  1699 00:46:01     -453.123047        0.242328
FIRE:  1700 00:46:01     -453.123047        0.242328
FIRE:  1701 00:46:02     -453.123047        0.242328
FIRE:  1702 00:46:02     -453.123047        0.242328
FIRE:  1703 00:46:03     -453.123047        0.242328
FIRE:  1704 00:46:03     -453.123047        0.242328
FIRE:  1705 00:46:04     -453.123047        0.242328
FIRE:  1706 00:46:04     -453.123047        0.242328
FIRE:  1707 00:46:05     -453.123047        0.242328
FIRE:  1708 00:46:06     -453.123047        0.242328
FIRE:  1709 00:46:06     -453.123047        0.242328
FIRE:  1710 00:46:07     -453.123047        0.242328
FIRE:  1711 00:46:07     -453.123047        0.242328
FIRE:  1712 00:46:08     -453.123047        0.242328
FIRE:  1713 00:46:08     -453.123047        0.242328
FIRE:  1714 00:46:09     -453.123047        0.226215
FIRE:  1715 00:46:09     -453.123047        0.226215
FIRE:  1716 00:46:10     -453.123047        0.242328
FIRE:  1717 00:46:10     -453.123047        0.242328
FIRE:  1718 00:46:10     -453.123047        0.242328
FIRE:  1719 00:46:10     -453.123047        0.242328
FIRE:  1720 00:46:11     -453.123047        0.242328
FIRE:  1721 00:46:11     -453.123047        0.226215
FIRE:  1722 00:46:11     -453.123047        0.226215
FIRE:  1723 00:46:11     -453.123047        0.226215
FIRE:  1724 00:46:11     -453.123047        0.226215
FIRE:  1725 00:46:11     -453.123047        0.226215
FIRE:  1726 00:46:11     -453.123047        0.226215
FIRE:  1727 00:46:11     -453.123047        0.226215
FIRE:  1728 00:46:11     -453.123047        0.226215
FIRE:  1729 00:46:12     -453.123047        0.226215
FIRE:  1730 00:46:12     -453.123047        0.242328
FIRE:  1731 00:46:12     -453.123047        0.242328
FIRE:  1732 00:46:12     -453.123047        0.242328
FIRE:  1733 00:46:12     -453.123047        0.242328
FIRE:  1734 00:46:12     -453.123047        0.242328
FIRE:  1735 00:46:12     -453.123047        0.242328
FIRE:  1736 00:46:12     -453.123047        0.242328
FIRE:  1737 00:46:12     -453.123047        0.242328
FIRE:  1738 00:46:12     -453.123047        0.242328
FIRE:  1739 00:46:12     -453.123047        0.242328
FIRE:  1740 00:46:12     -453.123047        0.242328
FIRE:  1741 00:46:12     -453.123047        0.242328
FIRE:  1742 00:46:12     -453.123047        0.242328
FIRE:  1743 00:46:13     -453.123047        0.242328
FIRE:  1744 00:46:13     -453.123047        0.242328
FIRE:  1745 00:46:14     -453.123047        0.242328
FIRE:  1746 00:46:14     -453.123047        0.242328
FIRE:  1747 00:46:15     -453.123047        0.242328
FIRE:  1748 00:46:15     -453.123047        0.242328
FIRE:  1749 00:46:15     -453.123047        0.242328
FIRE:  1750 00:46:16     -453.123047        0.242328
FIRE:  1751 00:46:16     -453.123047        0.242328
FIRE:  1752 00:46:17     -453.123047        0.242328
FIRE:  1753 00:46:18     -453.123047        0.242328
FIRE:  1754 00:46:18     -453.123047        0.242328
FIRE:  1755 00:46:19     -453.123047        0.242328
FIRE:  1756 00:46:19     -453.123047        0.242328
FIRE:  1757 00:46:20     -453.123047        0.242328
FIRE:  1758 00:46:21     -453.123047        0.242328
FIRE:  1759 00:46:21     -453.123047        0.242328
FIRE:  1760 00:46:22     -453.123047        0.242328
FIRE:  1761 00:46:22     -453.123047        0.242328
FIRE:  1762 00:46:23     -453.123047        0.226215
FIRE:  1763 00:46:23     -453.123047        0.226215
FIRE:  1764 00:46:24     -453.123047        0.226215
FIRE:  1765 00:46:24     -453.123047        0.242328
FIRE:  1766 00:46:24     -453.123047        0.242328
FIRE:  1767 00:46:24     -453.123047        0.242328
FIRE:  1768 00:46:25     -453.123047        0.242328
FIRE:  1769 00:46:25     -453.123047        0.242328
FIRE:  1770 00:46:25     -453.123047        0.242328
FIRE:  1771 00:46:26     -453.123047        0.242328
FIRE:  1772 00:46:26     -453.123047        0.242328
FIRE:  1773 00:46:27     -453.123047        0.242328
FIRE:  1774 00:46:27     -453.123047        0.242328
FIRE:  1775 00:46:28     -453.123047        0.242328
FIRE:  1776 00:46:28     -453.123047        0.242328
FIRE:  1777 00:46:29     -453.123047        0.226215
FIRE:  1778 00:46:29     -453.123047        0.226215
FIRE:  1779 00:46:29     -453.123047        0.226215
FIRE:  1780 00:46:29     -453.123047        0.226215
FIRE:  1781 00:46:29     -453.123047        0.226215
FIRE:  1782 00:46:29     -453.123047        0.226215
FIRE:  1783 00:46:29     -453.123047        0.242328
FIRE:  1784 00:46:29     -453.123047        0.242328
FIRE:  1785 00:46:29     -453.123047        0.242328
FIRE:  1786 00:46:29     -453.123047        0.242328
FIRE:  1787 00:46:29     -453.123047        0.242328
FIRE:  1788 00:46:29     -453.123047        0.242328
FIRE:  1789 00:46:29     -453.123047        0.242328
FIRE:  1790 00:46:29     -453.123047        0.242328
FIRE:  1791 00:46:29     -453.123047        0.242328
FIRE:  1792 00:46:29     -453.123047        0.242328
FIRE:  1793 00:46:29     -453.123047        0.242328
FIRE:  1794 00:46:30     -453.123047        0.242328
FIRE:  1795 00:46:30     -453.123047        0.242328
FIRE:  1796 00:46:30     -453.123047        0.242328
FIRE:  1797 00:46:31     -453.123047        0.242328
FIRE:  1798 00:46:31     -453.123047        0.242328
FIRE:  1799 00:46:31     -453.123047        0.242328
FIRE:  1800 00:46:32     -453.123047        0.242328
FIRE:  1801 00:46:32     -453.123047        0.242328
FIRE:  1802 00:46:33     -453.123047        0.242328
FIRE:  1803 00:46:34     -453.123047        0.242328
FIRE:  1804 00:46:34     -453.123047        0.242328
FIRE:  1805 00:46:35     -453.123047        0.242328
FIRE:  1806 00:46:35     -453.123047        0.242328
FIRE:  1807 00:46:36     -453.123047        0.242328
FIRE:  1808 00:46:36     -453.123047        0.242328
FIRE:  1809 00:46:37     -453.123047        0.226215
FIRE:  1810 00:46:37     -453.123047        0.226215
FIRE:  1811 00:46:37     -453.123047        0.242328
FIRE:  1812 00:46:37     -453.123047        0.242328
FIRE:  1813 00:46:37     -453.123047        0.242328
FIRE:  1814 00:46:37     -453.123047        0.242328
FIRE:  1815 00:46:37     -453.123047        0.242328
FIRE:  1816 00:46:37     -453.123047        0.242328
FIRE:  1817 00:46:37     -453.123047        0.242328
FIRE:  1818 00:46:37     -453.123047        0.242328
FIRE:  1819 00:46:38     -453.123047        0.242328
FIRE:  1820 00:46:38     -453.123047        0.242328
FIRE:  1821 00:46:38     -453.123047        0.242328
FIRE:  1822 00:46:39     -453.123047        0.242328
FIRE:  1823 00:46:39     -453.123047        0.242328
FIRE:  1824 00:46:40     -453.123047        0.242328
FIRE:  1825 00:46:40     -453.123047        0.242328
FIRE:  1826 00:46:41     -453.123047        0.242328
FIRE:  1827 00:46:41     -453.123047        0.242328
FIRE:  1828 00:46:42     -453.123047        0.242328
FIRE:  1829 00:46:42     -453.123047        0.242328
FIRE:  1830 00:46:43     -453.123047        0.242328
FIRE:  1831 00:46:44     -453.123047        0.242328
FIRE:  1832 00:46:44     -453.123047        0.242328
FIRE:  1833 00:46:45     -453.123047        0.242328
FIRE:  1834 00:46:45     -453.123047        0.242328
FIRE:  1835 00:46:46     -453.123047        0.242328
FIRE:  1836 00:46:46     -453.123047        0.242328
FIRE:  1837 00:46:47     -453.123047        0.242328
FIRE:  1838 00:46:47     -453.123047        0.226215
FIRE:  1839 00:46:48     -453.123047        0.226215
FIRE:  1840 00:46:48     -453.123047        0.226215
FIRE:  1841 00:46:49     -453.123047        0.242328
FIRE:  1842 00:46:49     -453.123047        0.242328
FIRE:  1843 00:46:49     -453.123047        0.242328
FIRE:  1844 00:46:49     -453.123047        0.242328
FIRE:  1845 00:46:49     -453.123047        0.242328
FIRE:  1846 00:46:50     -453.123047        0.242328
FIRE:  1847 00:46:50     -453.123047        0.242328
FIRE:  1848 00:46:51     -453.123047        0.226215
FIRE:  1849 00:46:51     -453.123047        0.226215
FIRE:  1850 00:46:51     -453.123047        0.226215
FIRE:  1851 00:46:51     -453.123047        0.226215
FIRE:  1852 00:46:51     -453.123047        0.226215
FIRE:  1853 00:46:51     -453.123047        0.226215
FIRE:  1854 00:46:51     -453.123047        0.226215
FIRE:  1855 00:46:51     -453.123047        0.226215
FIRE:  1856 00:46:51     -453.123047        0.226215
FIRE:  1857 00:46:51     -453.123047        0.242328
FIRE:  1858 00:46:51     -453.123047        0.242328
FIRE:  1859 00:46:51     -453.123047        0.242328
FIRE:  1860 00:46:51     -453.123047        0.242328
FIRE:  1861 00:46:51     -453.123047        0.242328
FIRE:  1862 00:46:51     -453.123047        0.242328
FIRE:  1863 00:46:51     -453.123047        0.242328
FIRE:  1864 00:46:51     -453.123047        0.242328
FIRE:  1865 00:46:51     -453.123047        0.242328
FIRE:  1866 00:46:51     -453.123047        0.242328
FIRE:  1867 00:46:51     -453.123047        0.242328
FIRE:  1868 00:46:51     -453.123047        0.242328
FIRE:  1869 00:46:51     -453.123047        0.242328
FIRE:  1870 00:46:51     -453.123047        0.242328
FIRE:  1871 00:46:52     -453.123047        0.242328
FIRE:  1872 00:46:52     -453.123047        0.242328
FIRE:  1873 00:46:52     -453.123047        0.242328
FIRE:  1874 00:46:53     -453.123047        0.242328
FIRE:  1875 00:46:53     -453.123047        0.242328
FIRE:  1876 00:46:54     -453.123047        0.242328
FIRE:  1877 00:46:54     -453.123047        0.242328
FIRE:  1878 00:46:55     -453.123047        0.242328
FIRE:  1879 00:46:55     -453.123047        0.242328
FIRE:  1880 00:46:56     -453.123047        0.242328
FIRE:  1881 00:46:56     -453.123047        0.242328
FIRE:  1882 00:46:57     -453.123047        0.242328
FIRE:  1883 00:46:58     -453.123047        0.242328
FIRE:  1884 00:46:58     -453.123047        0.226215
FIRE:  1885 00:46:58     -453.123047        0.226215
FIRE:  1886 00:46:58     -453.123047        0.226215
FIRE:  1887 00:46:58     -453.123047        0.242328
FIRE:  1888 00:46:58     -453.123047        0.242328
FIRE:  1889 00:46:58     -453.123047        0.242328
FIRE:  1890 00:46:58     -453.123047        0.242328
FIRE:  1891 00:46:58     -453.123047        0.242328
FIRE:  1892 00:46:58     -453.123047        0.242328
FIRE:  1893 00:46:58     -453.123047        0.242328
FIRE:  1894 00:46:58     -453.123047        0.242328
FIRE:  1895 00:46:59     -453.123047        0.226215
FIRE:  1896 00:46:59     -453.123047        0.226215
FIRE:  1897 00:46:59     -453.123047        0.226215
FIRE:  1898 00:46:59     -453.123047        0.226215
FIRE:  1899 00:46:59     -453.123047        0.226215
FIRE:  1900 00:46:59     -453.123047        0.226215
FIRE:  1901 00:46:59     -453.123047        0.226215
FIRE:  1902 00:46:59     -453.123047        0.226215
FIRE:  1903 00:46:59     -453.123047        0.226215
FIRE:  1904 00:46:59     -453.123047        0.226215
FIRE:  1905 00:46:59     -453.123047        0.226215
FIRE:  1906 00:46:59     -453.123047        0.226215
FIRE:  1907 00:46:59     -453.123047        0.226215
FIRE:  1908 00:46:59     -453.123047        0.226215
FIRE:  1909 00:46:59     -453.123047        0.226215
FIRE:  1910 00:46:59     -453.123047        0.226215
FIRE:  1911 00:46:59     -453.123047        0.226215
FIRE:  1912 00:47:00     -453.123047        0.242328
FIRE:  1913 00:47:00     -453.123047        0.242328
FIRE:  1914 00:47:00     -453.123047        0.242328
FIRE:  1915 00:47:00     -453.123047        0.242328
FIRE:  1916 00:47:00     -453.123047        0.242328
FIRE:  1917 00:47:00     -453.123047        0.242328
FIRE:  1918 00:47:00     -453.123047        0.242328
FIRE:  1919 00:47:00     -453.123047        0.242328
FIRE:  1920 00:47:00     -453.123047        0.242328
FIRE:  1921 00:47:00     -453.123047        0.242328
FIRE:  1922 00:47:00     -453.123047        0.242328
FIRE:  1923 00:47:00     -453.123047        0.226215
FIRE:  1924 00:47:00     -453.123047        0.226215
FIRE:  1925 00:47:00     -453.123047        0.226215
FIRE:  1926 00:47:00     -453.123047        0.226215
FIRE:  1927 00:47:00     -453.123047        0.226215
FIRE:  1928 00:47:00     -453.123047        0.226215
FIRE:  1929 00:47:00     -453.123047        0.226215
FIRE:  1930 00:47:00     -453.123047        0.226215
FIRE:  1931 00:47:00     -453.123047        0.226215
FIRE:  1932 00:47:00     -453.123047        0.226215
FIRE:  1933 00:47:00     -453.123047        0.226215
FIRE:  1934 00:47:00     -453.123047        0.226215
FIRE:  1935 00:47:00     -453.123047        0.226215
FIRE:  1936 00:47:00     -453.123047        0.226215
FIRE:  1937 00:47:00     -453.123047        0.226215
FIRE:  1938 00:47:00     -453.123047        0.242328
FIRE:  1939 00:47:00     -453.123047        0.242328
FIRE:  1940 00:47:00     -453.123047        0.242328
FIRE:  1941 00:47:00     -453.123047        0.242328
FIRE:  1942 00:47:00     -453.123047        0.242328
FIRE:  1943 00:47:01     -453.123047        0.242328
FIRE:  1944 00:47:01     -453.123047        0.242328
FIRE:  1945 00:47:01     -453.123047        0.242328
FIRE:  1946 00:47:01     -453.123047        0.242328
FIRE:  1947 00:47:01     -453.123047        0.242328
FIRE:  1948 00:47:01     -453.123047        0.242328
FIRE:  1949 00:47:01     -453.123047        0.242328
FIRE:  1950 00:47:01     -453.123047        0.242328
FIRE:  1951 00:47:01     -453.123047        0.242328
FIRE:  1952 00:47:01     -453.123047        0.242328
FIRE:  1953 00:47:01     -453.123047        0.242328
FIRE:  1954 00:47:02     -453.123047        0.242328
FIRE:  1955 00:47:02     -453.123047        0.242328
FIRE:  1956 00:47:02     -453.123047        0.242328
FIRE:  1957 00:47:03     -453.123047        0.242328
FIRE:  1958 00:47:03     -453.123047        0.242328
FIRE:  1959 00:47:04     -453.123047        0.242328
FIRE:  1960 00:47:04     -453.123047        0.242328
FIRE:  1961 00:47:05     -453.123047        0.242328
FIRE:  1962 00:47:05     -453.123047        0.242328
FIRE:  1963 00:47:06     -453.123047        0.226215
FIRE:  1964 00:47:06     -453.123047        0.226215
FIRE:  1965 00:47:06     -453.123047        0.226215
FIRE:  1966 00:47:06     -453.123047        0.226215
FIRE:  1967 00:47:06     -453.123047        0.226215
FIRE:  1968 00:47:06     -453.123047        0.226215
FIRE:  1969 00:47:06     -453.123047        0.226215
FIRE:  1970 00:47:07     -453.123047        0.242328
FIRE:  1971 00:47:07     -453.123047        0.242328
FIRE:  1972 00:47:07     -453.123047        0.242328
FIRE:  1973 00:47:07     -453.123047        0.242328
FIRE:  1974 00:47:07     -453.123047        0.242328
FIRE:  1975 00:47:07     -453.123047        0.242328
FIRE:  1976 00:47:07     -453.123047        0.242328
FIRE:  1977 00:47:07     -453.123047        0.242328
FIRE:  1978 00:47:07     -453.123047        0.242328
FIRE:  1979 00:47:07     -453.123047        0.242328
FIRE:  1980 00:47:07     -453.123047        0.242328
FIRE:  1981 00:47:07     -453.123047        0.242328
FIRE:  1982 00:47:07     -453.123047        0.242328
FIRE:  1983 00:47:08     -453.123047        0.242328
FIRE:  1984 00:47:08     -453.123047        0.242328
FIRE:  1985 00:47:09     -453.123047        0.242328
FIRE:  1986 00:47:09     -453.123047        0.242328
FIRE:  1987 00:47:10     -453.123047        0.242328
FIRE:  1988 00:47:10     -453.123047        0.242328
FIRE:  1989 00:47:10     -453.123047        0.242328
FIRE:  1990 00:47:11     -453.123047        0.242328
FIRE:  1991 00:47:12     -453.123047        0.242328
FIRE:  1992 00:47:12     -453.123047        0.242328
FIRE:  1993 00:47:13     -453.123047        0.242328
FIRE:  1994 00:47:13     -453.123047        0.242328
FIRE:  1995 00:47:14     -453.123047        0.242328
FIRE:  1996 00:47:15     -453.123047        0.242328
FIRE:  1997 00:47:15     -453.123047        0.242328
FIRE:  1998 00:47:16     -453.123047        0.242328
FIRE:  1999 00:47:16     -453.123047        0.242328
FIRE:  2000 00:47:17     -453.123047        0.242328
FIRE:  2001 00:47:17     -453.123047        0.242328
FIRE:  2002 00:47:18     -453.123047        0.242328
FIRE:  2003 00:47:19     -453.123047        0.242328
FIRE:  2004 00:47:19     -453.123047        0.226215
FIRE:  2005 00:47:19     -453.123047        0.226215
FIRE:  2006 00:47:20     -453.123047        0.226215
FIRE:  2007 00:47:21     -453.123047        0.242328
FIRE:  2008 00:47:21     -453.123047        0.242328
FIRE:  2009 00:47:21     -453.123047        0.242328
FIRE:  2010 00:47:21     -453.123047        0.242328
FIRE:  2011 00:47:22     -453.123047        0.242328
FIRE:  2012 00:47:22     -453.123047        0.242328
FIRE:  2013 00:47:23     -453.123047        0.242328
FIRE:  2014 00:47:23     -453.123047        0.242328
FIRE:  2015 00:47:24     -453.123047        0.242328
FIRE:  2016 00:47:24     -453.123047        0.242328
FIRE:  2017 00:47:25     -453.123047        0.242328
FIRE:  2018 00:47:26     -453.123047        0.242328
FIRE:  2019 00:47:26     -453.123047        0.242328
FIRE:  2020 00:47:27     -453.123047        0.242328
FIRE:  2021 00:47:27     -453.123047        0.242328
FIRE:  2022 00:47:28     -453.123047        0.242328
FIRE:  2023 00:47:28     -453.123047        0.226215
FIRE:  2024 00:47:28     -453.123047        0.226215
FIRE:  2025 00:47:29     -453.123047        0.242328
FIRE:  2026 00:47:29     -453.123047        0.242328
FIRE:  2027 00:47:29     -453.123047        0.242328
FIRE:  2028 00:47:29     -453.123047        0.242328
FIRE:  2029 00:47:29     -453.123047        0.226215
FIRE:  2030 00:47:29     -453.123047        0.226215
FIRE:  2031 00:47:29     -453.123047        0.226215
FIRE:  2032 00:47:29     -453.123047        0.226215
FIRE:  2033 00:47:29     -453.123047        0.226215
FIRE:  2034 00:47:29     -453.123047        0.226215
FIRE:  2035 00:47:29     -453.123047        0.226215
FIRE:  2036 00:47:29     -453.123047        0.226215
FIRE:  2037 00:47:29     -453.123047        0.226215
FIRE:  2038 00:47:29     -453.123047        0.226215
FIRE:  2039 00:47:29     -453.123047        0.226215
FIRE:  2040 00:47:29     -453.123047        0.226215
FIRE:  2041 00:47:29     -453.123047        0.226215
FIRE:  2042 00:47:30     -453.123047        0.242328
FIRE:  2043 00:47:30     -453.123047        0.242328
FIRE:  2044 00:47:30     -453.123047        0.242328
FIRE:  2045 00:47:30     -453.123047        0.242328
FIRE:  2046 00:47:30     -453.123047        0.242328
FIRE:  2047 00:47:30     -453.123047        0.242328
FIRE:  2048 00:47:30     -453.123047        0.242328
FIRE:  2049 00:47:30     -453.123047        0.242328
FIRE:  2050 00:47:30     -453.123047        0.242328
FIRE:  2051 00:47:30     -453.123047        0.242328
FIRE:  2052 00:47:30     -453.123047        0.242328
FIRE:  2053 00:47:30     -453.123047        0.242328
FIRE:  2054 00:47:30     -453.123047        0.242328
FIRE:  2055 00:47:30     -453.123047        0.242328
FIRE:  2056 00:47:31     -453.123047        0.242328
FIRE:  2057 00:47:31     -453.123047        0.242328
FIRE:  2058 00:47:31     -453.123047        0.242328
FIRE:  2059 00:47:32     -453.123047        0.242328
FIRE:  2060 00:47:32     -453.123047        0.242328
FIRE:  2061 00:47:33     -453.123047        0.242328
FIRE:  2062 00:47:33     -453.123047        0.242328
FIRE:  2063 00:47:34     -453.123047        0.242328
FIRE:  2064 00:47:34     -453.123047        0.242328
FIRE:  2065 00:47:35     -453.123047        0.242328
FIRE:  2066 00:47:36     -453.123047        0.226215
FIRE:  2067 00:47:36     -453.123047        0.226215
FIRE:  2068 00:47:36     -453.123047        0.226215
FIRE:  2069 00:47:36     -453.123047        0.226215
FIRE:  2070 00:47:36     -453.123047        0.242328
FIRE:  2071 00:47:36     -453.123047        0.242328
FIRE:  2072 00:47:36     -453.123047        0.242328
FIRE:  2073 00:47:36     -453.123047        0.242328
FIRE:  2074 00:47:36     -453.123047        0.242328
FIRE:  2075 00:47:36     -453.123047        0.242328
FIRE:  2076 00:47:36     -453.123047        0.242328
FIRE:  2077 00:47:36     -453.123047        0.242328
FIRE:  2078 00:47:36     -453.123047        0.242328
FIRE:  2079 00:47:36     -453.123047        0.242328
FIRE:  2080 00:47:36     -453.123047        0.242328
FIRE:  2081 00:47:36     -453.123047        0.242328
FIRE:  2082 00:47:37     -453.123047        0.242328
FIRE:  2083 00:47:37     -453.123047        0.242328
FIRE:  2084 00:47:38     -453.123047        0.242328
FIRE:  2085 00:47:38     -453.123047        0.242328
FIRE:  2086 00:47:38     -453.123047        0.242328
FIRE:  2087 00:47:39     -453.123047        0.242328
FIRE:  2088 00:47:39     -453.123047        0.242328
FIRE:  2089 00:47:40     -453.123047        0.242328
FIRE:  2090 00:47:40     -453.123047        0.242328
FIRE:  2091 00:47:41     -453.123047        0.242328
FIRE:  2092 00:47:42     -453.123047        0.242328
FIRE:  2093 00:47:42     -453.123047        0.242328
FIRE:  2094 00:47:43     -453.123047        0.226215
FIRE:  2095 00:47:43     -453.123047        0.226215
FIRE:  2096 00:47:43     -453.123047        0.226215
FIRE:  2097 00:47:43     -453.123047        0.242328
FIRE:  2098 00:47:43     -453.123047        0.242328
FIRE:  2099 00:47:43     -453.123047        0.242328
FIRE:  2100 00:47:43     -453.123047        0.242328
FIRE:  2101 00:47:43     -453.123047        0.242328
FIRE:  2102 00:47:43     -453.123047        0.242328
FIRE:  2103 00:47:43     -453.123047        0.242328
FIRE:  2104 00:47:43     -453.123047        0.242328
FIRE:  2105 00:47:43     -453.123047        0.242328
FIRE:  2106 00:47:44     -453.123047        0.242328
FIRE:  2107 00:47:44     -453.123047        0.242328
FIRE:  2108 00:47:44     -453.123047        0.242328
FIRE:  2109 00:47:45     -453.123047        0.242328
FIRE:  2110 00:47:45     -453.123047        0.242328
FIRE:  2111 00:47:46     -453.123047        0.242328
FIRE:  2112 00:47:46     -453.123047        0.242328
FIRE:  2113 00:47:47     -453.123047        0.242328
FIRE:  2114 00:47:47     -453.123047        0.242328
FIRE:  2115 00:47:48     -453.123047        0.242328
FIRE:  2116 00:47:48     -453.123047        0.242328
FIRE:  2117 00:47:49     -453.123047        0.242328
FIRE:  2118 00:47:49     -453.123047        0.242328
FIRE:  2119 00:47:50     -453.123047        0.242328
FIRE:  2120 00:47:51     -453.123047        0.242328
FIRE:  2121 00:47:51     -453.123047        0.242328
FIRE:  2122 00:47:52     -453.123047        0.242328
FIRE:  2123 00:47:52     -453.123047        0.242328
FIRE:  2124 00:47:53     -453.123047        0.242328
FIRE:  2125 00:47:53     -453.123047        0.226215
FIRE:  2126 00:47:54     -453.123047        0.226215
FIRE:  2127 00:47:54     -453.123047        0.242328
FIRE:  2128 00:47:54     -453.123047        0.242328
FIRE:  2129 00:47:54     -453.123047        0.242328
FIRE:  2130 00:47:54     -453.123047        0.242328
FIRE:  2131 00:47:55     -453.123047        0.242328
FIRE:  2132 00:47:55     -453.123047        0.242328
FIRE:  2133 00:47:56     -453.123047        0.242328
FIRE:  2134 00:47:56     -453.123047        0.226215
FIRE:  2135 00:47:56     -453.123047        0.226215
FIRE:  2136 00:47:56     -453.123047        0.226215
FIRE:  2137 00:47:56     -453.123047        0.226215
FIRE:  2138 00:47:56     -453.123047        0.226215
FIRE:  2139 00:47:56     -453.123047        0.226215
FIRE:  2140 00:47:56     -453.123047        0.226215
FIRE:  2141 00:47:56     -453.123047        0.226215
FIRE:  2142 00:47:56     -453.123047        0.226215
FIRE:  2143 00:47:56     -453.123047        0.242328
FIRE:  2144 00:47:56     -453.123047        0.242328
FIRE:  2145 00:47:56     -453.123047        0.242328
FIRE:  2146 00:47:56     -453.123047        0.242328
FIRE:  2147 00:47:56     -453.123047        0.242328
FIRE:  2148 00:47:56     -453.123047        0.242328
FIRE:  2149 00:47:56     -453.123047        0.242328
FIRE:  2150 00:47:56     -453.123047        0.242328
FIRE:  2151 00:47:57     -453.123047        0.242328
FIRE:  2152 00:47:57     -453.123047        0.242328
FIRE:  2153 00:47:57     -453.123047        0.242328
FIRE:  2154 00:47:57     -453.123047        0.242328
FIRE:  2155 00:47:57     -453.123047        0.242328
FIRE:  2156 00:47:57     -453.123047        0.242328
FIRE:  2157 00:47:57     -453.123047        0.242328
FIRE:  2158 00:47:57     -453.123047        0.242328
FIRE:  2159 00:47:58     -453.123047        0.242328
FIRE:  2160 00:47:58     -453.123047        0.242328
FIRE:  2161 00:47:59     -453.123047        0.242328
FIRE:  2162 00:47:59     -453.123047        0.242328
FIRE:  2163 00:48:00     -453.123047        0.242328
FIRE:  2164 00:48:00     -453.123047        0.242328
FIRE:  2165 00:48:01     -453.123047        0.242328
FIRE:  2166 00:48:01     -453.123047        0.242328
FIRE:  2167 00:48:02     -453.123047        0.242328
FIRE:  2168 00:48:02     -453.123047        0.242328
FIRE:  2169 00:48:03     -453.123047        0.242328
FIRE:  2170 00:48:04     -453.123047        0.226215
FIRE:  2171 00:48:04     -453.123047        0.226215
FIRE:  2172 00:48:04     -453.123047        0.226215
FIRE:  2173 00:48:04     -453.123047        0.242328
FIRE:  2174 00:48:04     -453.123047        0.242328
FIRE:  2175 00:48:04     -453.123047        0.242328
FIRE:  2176 00:48:04     -453.123047        0.242328
FIRE:  2177 00:48:04     -453.123047        0.242328
FIRE:  2178 00:48:04     -453.123047        0.242328
FIRE:  2179 00:48:04     -453.123047        0.242328
FIRE:  2180 00:48:04     -453.123047        0.242328
FIRE:  2181 00:48:04     -453.123047        0.226215
FIRE:  2182 00:48:04     -453.123047        0.226215
FIRE:  2183 00:48:04     -453.123047        0.226215
FIRE:  2184 00:48:04     -453.123047        0.226215
FIRE:  2185 00:48:04     -453.123047        0.226215
FIRE:  2186 00:48:04     -453.123047        0.226215
FIRE:  2187 00:48:04     -453.123047        0.226215
FIRE:  2188 00:48:04     -453.123047        0.226215
FIRE:  2189 00:48:04     -453.123047        0.226215
FIRE:  2190 00:48:04     -453.123047        0.226215
FIRE:  2191 00:48:04     -453.123047        0.226215
FIRE:  2192 00:48:04     -453.123047        0.226215
FIRE:  2193 00:48:04     -453.123047        0.226215
FIRE:  2194 00:48:04     -453.123047        0.226215
FIRE:  2195 00:48:04     -453.123047        0.226215
FIRE:  2196 00:48:04     -453.123047        0.226215
FIRE:  2197 00:48:05     -453.123047        0.226215
FIRE:  2198 00:48:05     -453.123047        0.242328
FIRE:  2199 00:48:05     -453.123047        0.242328
FIRE:  2200 00:48:05     -453.123047        0.242328
FIRE:  2201 00:48:05     -453.123047        0.242328
FIRE:  2202 00:48:05     -453.123047        0.242328
FIRE:  2203 00:48:05     -453.123047        0.242328
FIRE:  2204 00:48:05     -453.123047        0.242328
FIRE:  2205 00:48:05     -453.123047        0.242328
FIRE:  2206 00:48:05     -453.123047        0.242328
FIRE:  2207 00:48:05     -453.123047        0.242328
FIRE:  2208 00:48:05     -453.123047        0.242328
FIRE:  2209 00:48:05     -453.123047        0.226215
FIRE:  2210 00:48:05     -453.123047        0.226215
FIRE:  2211 00:48:05     -453.123047        0.226215
FIRE:  2212 00:48:05     -453.123047        0.226215
FIRE:  2213 00:48:06     -453.123047        0.226215
FIRE:  2214 00:48:06     -453.123047        0.226215
FIRE:  2215 00:48:06     -453.123047        0.226215
FIRE:  2216 00:48:06     -453.123047        0.226215
FIRE:  2217 00:48:06     -453.123047        0.226215
FIRE:  2218 00:48:06     -453.123047        0.226215
FIRE:  2219 00:48:06     -453.123047        0.226215
FIRE:  2220 00:48:06     -453.123047        0.226215
FIRE:  2221 00:48:06     -453.123047        0.226215
FIRE:  2222 00:48:06     -453.123047        0.226215
FIRE:  2223 00:48:06     -453.123047        0.226215
FIRE:  2224 00:48:06     -453.123047        0.242328
FIRE:  2225 00:48:06     -453.123047        0.242328
FIRE:  2226 00:48:06     -453.123047        0.242328
FIRE:  2227 00:48:06     -453.123047        0.242328
FIRE:  2228 00:48:06     -453.123047        0.242328
FIRE:  2229 00:48:06     -453.123047        0.242328
FIRE:  2230 00:48:06     -453.123047        0.242328
FIRE:  2231 00:48:06     -453.123047        0.242328
FIRE:  2232 00:48:06     -453.123047        0.242328
FIRE:  2233 00:48:06     -453.123047        0.242328
FIRE:  2234 00:48:06     -453.123047        0.242328
FIRE:  2235 00:48:06     -453.123047        0.242328
FIRE:  2236 00:48:06     -453.123047        0.242328
FIRE:  2237 00:48:06     -453.123047        0.242328
FIRE:  2238 00:48:06     -453.123047        0.242328
FIRE:  2239 00:48:07     -453.123047        0.242328
FIRE:  2240 00:48:07     -453.123047        0.242328
FIRE:  2241 00:48:07     -453.123047        0.242328
FIRE:  2242 00:48:08     -453.123047        0.242328
FIRE:  2243 00:48:08     -453.123047        0.242328
FIRE:  2244 00:48:09     -453.123047        0.242328
FIRE:  2245 00:48:09     -453.123047        0.226215
FIRE:  2246 00:48:09     -453.123047        0.226215
FIRE:  2247 00:48:09     -453.123047        0.226215
FIRE:  2248 00:48:09     -453.123047        0.226215
FIRE:  2249 00:48:09     -453.123047        0.226215
FIRE:  2250 00:48:09     -453.123047        0.226215
FIRE:  2251 00:48:09     -453.123047        0.226215
FIRE:  2252 00:48:09     -453.123047        0.226215
FIRE:  2253 00:48:09     -453.123047        0.226215
FIRE:  2254 00:48:09     -453.123047        0.242328
FIRE:  2255 00:48:09     -453.123047        0.242328
FIRE:  2256 00:48:09     -453.123047        0.242328
FIRE:  2257 00:48:09     -453.123047        0.242328
FIRE:  2258 00:48:09     -453.123047        0.242328
FIRE:  2259 00:48:09     -453.123047        0.242328
FIRE:  2260 00:48:10     -453.123047        0.242328
FIRE:  2261 00:48:10     -453.123047        0.242328
FIRE:  2262 00:48:10     -453.123047        0.242328
FIRE:  2263 00:48:10     -453.123047        0.242328
FIRE:  2264 00:48:10     -453.123047        0.242328
FIRE:  2265 00:48:10     -453.123047        0.242328
FIRE:  2266 00:48:10     -453.123047        0.226215
FIRE:  2267 00:48:10     -453.123047        0.226215
FIRE:  2268 00:48:10     -453.123047        0.226215
FIRE:  2269 00:48:10     -453.123047        0.226215
FIRE:  2270 00:48:10     -453.123047        0.226215
FIRE:  2271 00:48:10     -453.123047        0.226215
FIRE:  2272 00:48:10     -453.123047        0.226215
FIRE:  2273 00:48:10     -453.123047        0.226215
FIRE:  2274 00:48:10     -453.123047        0.226215
FIRE:  2275 00:48:10     -453.123047        0.226215
FIRE:  2276 00:48:10     -453.123047        0.226215
FIRE:  2277 00:48:10     -453.123047        0.226215
FIRE:  2278 00:48:10     -453.123047        0.226215
FIRE:  2279 00:48:10     -453.123047        0.226215
FIRE:  2280 00:48:10     -453.123047        0.226215
FIRE:  2281 00:48:10     -453.123047        0.242328
FIRE:  2282 00:48:10     -453.123047        0.242328
FIRE:  2283 00:48:10     -453.123047        0.242328
FIRE:  2284 00:48:10     -453.123047        0.242328
FIRE:  2285 00:48:10     -453.123047        0.242328
FIRE:  2286 00:48:10     -453.123047        0.242328
FIRE:  2287 00:48:10     -453.123047        0.242328
FIRE:  2288 00:48:10     -453.123047        0.242328
FIRE:  2289 00:48:10     -453.123047        0.242328
FIRE:  2290 00:48:10     -453.123047        0.242328
FIRE:  2291 00:48:10     -453.123047        0.242328
FIRE:  2292 00:48:10     -453.123047        0.242328
FIRE:  2293 00:48:10     -453.123047        0.242328
FIRE:  2294 00:48:10     -453.123047        0.242328
FIRE:  2295 00:48:11     -453.123047        0.242328
FIRE:  2296 00:48:11     -453.123047        0.242328
FIRE:  2297 00:48:11     -453.123047        0.242328
FIRE:  2298 00:48:12     -453.123047        0.242328
FIRE:  2299 00:48:12     -453.123047        0.242328
FIRE:  2300 00:48:13     -453.123047        0.242328
FIRE:  2301 00:48:13     -453.123047        0.242328
FIRE:  2302 00:48:14     -453.123047        0.226215
FIRE:  2303 00:48:14     -453.123047        0.226215
FIRE:  2304 00:48:14     -453.123047        0.226215
FIRE:  2305 00:48:14     -453.123047        0.226215
FIRE:  2306 00:48:14     -453.123047        0.226215
FIRE:  2307 00:48:14     -453.123047        0.226215
FIRE:  2308 00:48:14     -453.123047        0.226215
FIRE:  2309 00:48:14     -453.123047        0.226215
FIRE:  2310 00:48:14     -453.123047        0.226215
FIRE:  2311 00:48:14     -453.123047        0.242328
FIRE:  2312 00:48:14     -453.123047        0.242328
FIRE:  2313 00:48:14     -453.123047        0.242328
FIRE:  2314 00:48:14     -453.123047        0.242328
FIRE:  2315 00:48:14     -453.123047        0.242328
FIRE:  2316 00:48:14     -453.123047        0.242328
FIRE:  2317 00:48:14     -453.123047        0.242328
FIRE:  2318 00:48:14     -453.123047        0.242328
FIRE:  2319 00:48:14     -453.123047        0.242328
FIRE:  2320 00:48:14     -453.123047        0.242328
FIRE:  2321 00:48:14     -453.123047        0.242328
FIRE:  2322 00:48:14     -453.123047        0.242328
FIRE:  2323 00:48:14     -453.123047        0.226215
FIRE:  2324 00:48:14     -453.123047        0.226215
FIRE:  2325 00:48:14     -453.123047        0.226215
FIRE:  2326 00:48:14     -453.123047        0.226215
FIRE:  2327 00:48:14     -453.123047        0.226215
FIRE:  2328 00:48:15     -453.123047        0.226215
FIRE:  2329 00:48:15     -453.123047        0.226215
FIRE:  2330 00:48:15     -453.123047        0.226215
FIRE:  2331 00:48:15     -453.123047        0.226215
FIRE:  2332 00:48:15     -453.123047        0.226215
FIRE:  2333 00:48:15     -453.123047        0.226215
FIRE:  2334 00:48:15     -453.123047        0.226215
FIRE:  2335 00:48:15     -453.123047        0.226215
FIRE:  2336 00:48:15     -453.123047        0.226215
FIRE:  2337 00:48:15     -453.123047        0.226215
FIRE:  2338 00:48:15     -453.123047        0.242328
FIRE:  2339 00:48:15     -453.123047        0.242328
FIRE:  2340 00:48:15     -453.123047        0.242328
FIRE:  2341 00:48:15     -453.123047        0.242328
FIRE:  2342 00:48:15     -453.123047        0.242328
FIRE:  2343 00:48:15     -453.123047        0.242328
FIRE:  2344 00:48:15     -453.123047        0.242328
FIRE:  2345 00:48:15     -453.123047        0.242328
FIRE:  2346 00:48:15     -453.123047        0.242328
FIRE:  2347 00:48:15     -453.123047        0.242328
FIRE:  2348 00:48:15     -453.123047        0.242328
FIRE:  2349 00:48:15     -453.123047        0.242328
FIRE:  2350 00:48:15     -453.123047        0.242328
FIRE:  2351 00:48:15     -453.123047        0.242328
FIRE:  2352 00:48:15     -453.123047        0.242328
FIRE:  2353 00:48:16     -453.123047        0.242328
FIRE:  2354 00:48:16     -453.123047        0.242328
FIRE:  2355 00:48:16     -453.123047        0.242328
FIRE:  2356 00:48:17     -453.123047        0.242328
FIRE:  2357 00:48:17     -453.123047        0.242328
FIRE:  2358 00:48:18     -453.123047        0.242328
FIRE:  2359 00:48:18     -453.123047        0.242328
FIRE:  2360 00:48:19     -453.123047        0.242328
FIRE:  2361 00:48:19     -453.123047        0.242328
FIRE:  2362 00:48:20     -453.123047        0.242328
FIRE:  2363 00:48:20     -453.123047        0.242328
FIRE:  2364 00:48:21     -453.123047        0.242328
FIRE:  2365 00:48:21     -453.123047        0.242328
FIRE:  2366 00:48:22     -453.123047        0.226215
FIRE:  2367 00:48:22     -453.123047        0.226215
FIRE:  2368 00:48:22     -453.123047        0.226215
FIRE:  2369 00:48:22     -453.123047        0.242328
FIRE:  2370 00:48:22     -453.123047        0.242328
FIRE:  2371 00:48:22     -453.123047        0.242328
FIRE:  2372 00:48:22     -453.123047        0.242328
FIRE:  2373 00:48:22     -453.123047        0.242328
FIRE:  2374 00:48:22     -453.123047        0.242328
FIRE:  2375 00:48:22     -453.123047        0.242328
FIRE:  2376 00:48:22     -453.123047        0.242328
FIRE:  2377 00:48:23     -453.123047        0.242328
FIRE:  2378 00:48:23     -453.123047        0.242328
FIRE:  2379 00:48:23     -453.123047        0.242328
FIRE:  2380 00:48:24     -453.123047        0.242328
FIRE:  2381 00:48:24     -453.123047        0.242328
FIRE:  2382 00:48:24     -453.123047        0.242328
FIRE:  2383 00:48:25     -453.123047        0.242328
FIRE:  2384 00:48:25     -453.123047        0.242328
FIRE:  2385 00:48:26     -453.123047        0.242328
FIRE:  2386 00:48:26     -453.123047        0.242328
FIRE:  2387 00:48:27     -453.123047        0.242328
FIRE:  2388 00:48:28     -453.123047        0.226215
FIRE:  2389 00:48:28     -453.123047        0.226215
FIRE:  2390 00:48:28     -453.123047        0.226215
FIRE:  2391 00:48:28     -453.123047        0.226215
FIRE:  2392 00:48:28     -453.123047        0.226215
FIRE:  2393 00:48:28     -453.123047        0.242328
FIRE:  2394 00:48:28     -453.123047        0.242328
FIRE:  2395 00:48:28     -453.123047        0.242328
FIRE:  2396 00:48:28     -453.123047        0.242328
FIRE:  2397 00:48:28     -453.123047        0.242328
FIRE:  2398 00:48:28     -453.123047        0.242328
FIRE:  2399 00:48:28     -453.123047        0.242328
FIRE:  2400 00:48:28     -453.123047        0.242328
FIRE:  2401 00:48:28     -453.123047        0.242328
FIRE:  2402 00:48:28     -453.123047        0.242328
FIRE:  2403 00:48:28     -453.123047        0.226215
FIRE:  2404 00:48:28     -453.123047        0.226215
FIRE:  2405 00:48:28     -453.123047        0.226215
FIRE:  2406 00:48:28     -453.123047        0.226215
FIRE:  2407 00:48:28     -453.123047        0.226215
FIRE:  2408 00:48:28     -453.123047        0.226215
FIRE:  2409 00:48:28     -453.123047        0.226215
FIRE:  2410 00:48:28     -453.123047        0.226215
FIRE:  2411 00:48:28     -453.123047        0.226215
FIRE:  2412 00:48:28     -453.123047        0.226215
FIRE:  2413 00:48:28     -453.123047        0.226215
FIRE:  2414 00:48:28     -453.123047        0.226215
FIRE:  2415 00:48:28     -453.123047        0.226215
FIRE:  2416 00:48:28     -453.123047        0.226215
FIRE:  2417 00:48:28     -453.123047        0.226215
FIRE:  2418 00:48:29     -453.123047        0.242328
FIRE:  2419 00:48:29     -453.123047        0.242328
FIRE:  2420 00:48:29     -453.123047        0.242328
FIRE:  2421 00:48:29     -453.123047        0.242328
FIRE:  2422 00:48:29     -453.123047        0.242328
FIRE:  2423 00:48:29     -453.123047        0.242328
FIRE:  2424 00:48:29     -453.123047        0.242328
FIRE:  2425 00:48:29     -453.123047        0.242328
FIRE:  2426 00:48:29     -453.123047        0.242328
FIRE:  2427 00:48:29     -453.123047        0.242328
FIRE:  2428 00:48:29     -453.123047        0.242328
FIRE:  2429 00:48:29     -453.123047        0.242328
FIRE:  2430 00:48:29     -453.123047        0.242328
FIRE:  2431 00:48:29     -453.123047        0.226215
FIRE:  2432 00:48:29     -453.123047        0.226215
FIRE:  2433 00:48:29     -453.123047        0.226215
FIRE:  2434 00:48:29     -453.123047        0.226215
FIRE:  2435 00:48:29     -453.123047        0.226215
FIRE:  2436 00:48:29     -453.123047        0.226215
FIRE:  2437 00:48:29     -453.123047        0.226215
FIRE:  2438 00:48:29     -453.123047        0.226215
FIRE:  2439 00:48:29     -453.123047        0.226215
FIRE:  2440 00:48:29     -453.123047        0.226215
FIRE:  2441 00:48:29     -453.123047        0.226215
FIRE:  2442 00:48:29     -453.123047        0.226215
FIRE:  2443 00:48:29     -453.123047        0.226215
FIRE:  2444 00:48:29     -453.123047        0.226215
FIRE:  2445 00:48:29     -453.123047        0.226215
FIRE:  2446 00:48:29     -453.123047        0.242328
FIRE:  2447 00:48:29     -453.123047        0.242328
FIRE:  2448 00:48:29     -453.123047        0.242328
FIRE:  2449 00:48:29     -453.123047        0.242328
FIRE:  2450 00:48:29     -453.123047        0.242328
FIRE:  2451 00:48:29     -453.123047        0.242328
FIRE:  2452 00:48:30     -453.123047        0.242328
FIRE:  2453 00:48:30     -453.123047        0.242328
FIRE:  2454 00:48:30     -453.123047        0.242328
FIRE:  2455 00:48:30     -453.123047        0.242328
FIRE:  2456 00:48:30     -453.123047        0.242328
FIRE:  2457 00:48:30     -453.123047        0.242328
FIRE:  2458 00:48:30     -453.123047        0.242328
FIRE:  2459 00:48:30     -453.123047        0.242328
FIRE:  2460 00:48:30     -453.123047        0.242328
FIRE:  2461 00:48:30     -453.123047        0.242328
FIRE:  2462 00:48:31     -453.123047        0.242328
FIRE:  2463 00:48:31     -453.123047        0.242328
FIRE:  2464 00:48:31     -453.123047        0.242328
FIRE:  2465 00:48:32     -453.123047        0.242328
FIRE:  2466 00:48:32     -453.123047        0.242328
FIRE:  2467 00:48:33     -453.123047        0.242328
FIRE:  2468 00:48:33     -453.123047        0.242328
FIRE:  2469 00:48:34     -453.123047        0.226215
FIRE:  2470 00:48:34     -453.123047        0.226215
FIRE:  2471 00:48:34     -453.123047        0.226215
FIRE:  2472 00:48:34     -453.123047        0.226215
FIRE:  2473 00:48:34     -453.123047        0.226215
FIRE:  2474 00:48:34     -453.123047        0.226215
FIRE:  2475 00:48:34     -453.123047        0.226215
FIRE:  2476 00:48:34     -453.123047        0.242328
FIRE:  2477 00:48:34     -453.123047        0.242328
FIRE:  2478 00:48:34     -453.123047        0.242328
FIRE:  2479 00:48:34     -453.123047        0.242328
FIRE:  2480 00:48:34     -453.123047        0.242328
FIRE:  2481 00:48:34     -453.123047        0.242328
FIRE:  2482 00:48:34     -453.123047        0.242328
FIRE:  2483 00:48:34     -453.123047        0.242328
FIRE:  2484 00:48:34     -453.123047        0.242328
FIRE:  2485 00:48:34     -453.123047        0.242328
FIRE:  2486 00:48:34     -453.123047        0.242328
FIRE:  2487 00:48:34     -453.123047        0.242328
FIRE:  2488 00:48:34     -453.123047        0.242328
FIRE:  2489 00:48:34     -453.123047        0.242328
FIRE:  2490 00:48:35     -453.123047        0.242328
FIRE:  2491 00:48:35     -453.123047        0.242328
FIRE:  2492 00:48:35     -453.123047        0.242328
FIRE:  2493 00:48:36     -453.123047        0.242328
FIRE:  2494 00:48:36     -453.123047        0.242328
FIRE:  2495 00:48:37     -453.123047        0.242328
FIRE:  2496 00:48:37     -453.123047        0.242328
FIRE:  2497 00:48:38     -453.123047        0.242328
FIRE:  2498 00:48:38     -453.123047        0.242328
FIRE:  2499 00:48:39     -453.123047        0.242328
FIRE:  2500 00:48:39     -453.123047        0.242328
      Step     Time          Energy          fmax
BFGS:    0 13:53:43     -452.526215        3.822997
BFGS:    1 13:53:45     -452.840363        2.218376
BFGS:    2 13:53:47     -453.123535        1.553505
BFGS:    3 13:53:48     -453.268127        1.657260
BFGS:    4 13:53:51     -453.554535        1.404558
BFGS:    5 13:53:53     -453.759399        0.855719
BFGS:    6 13:53:55     -453.890350        0.871839
BFGS:    7 13:53:56     -453.963959        0.978009
BFGS:    8 13:53:57     -454.013550        0.719837
BFGS:    9 13:53:59     -454.040131        0.720091
BFGS:   10 13:54:01     -454.066071        0.940138
BFGS:   11 13:54:03     -454.083710        0.940620
BFGS:   12 13:54:06     -454.082153        1.029338
BFGS:   13 13:54:08     -454.042816        1.164914
BFGS:   14 13:54:09     -453.885834        1.272687
BFGS:   15 13:54:10     -453.680023        1.226151
BFGS:   16 13:54:12     -453.491852        1.223475
BFGS:   17 13:54:14     -453.408264        0.927044
BFGS:   18 13:54:16     -453.408356        0.670366
BFGS:   19 13:54:17     -453.413513        0.697708
BFGS:   20 13:54:19     -453.442841        0.754918
BFGS:   21 13:54:21     -453.503387        0.800164
BFGS:   22 13:54:24     -453.581177        0.630716
BFGS:   23 13:54:29     -453.636871        0.517091
BFGS:   24 13:54:33     -453.693665        0.805028
BFGS:   25 13:54:36     -453.781128        1.226818
BFGS:   26 13:54:38     -453.821503        1.376217
BFGS:   27 13:54:40     -453.832703        1.054730
BFGS:   28 13:54:41     -453.874329        0.602683
BFGS:   29 13:54:44     -453.876648        0.502589
BFGS:   30 13:54:46     -453.882629        0.508251
BFGS:   31 13:54:48     -453.902954        0.485271
BFGS:   32 13:54:50     -453.930145        0.648262
BFGS:   33 13:54:51     -453.919891        1.008820
BFGS:   34 13:54:52     -453.896912        1.380328
BFGS:   35 13:54:55     -453.866028        1.809339
BFGS:   36 13:54:56     -453.831421        2.563514
BFGS:   37 13:54:58     -453.995880        2.217587
BFGS:   38 13:54:59     -454.009949        3.038086
BFGS:   39 13:55:01     -453.918457        1.600544
BFGS:   40 13:55:03     -453.611694        1.721315
BFGS:   41 13:55:05     -453.089020        2.441671
BFGS:   42 13:55:07     -452.660187        2.469275
BFGS:   43 13:55:08     -452.115295        2.952956
BFGS:   44 13:55:11     -451.338287        4.782639
BFGS:   45 13:55:13     -450.469543        5.235129
BFGS:   46 13:55:14     -449.768341        4.426225
BFGS:   47 13:55:15     -449.006500        4.106405
BFGS:   48 13:55:16     -448.188995        3.858910
BFGS:   49 13:55:17     -447.375122        4.212999
BFGS:   50 13:55:18     -446.810059        5.130148
BFGS:   51 13:55:19     -446.394043        5.564862
BFGS:   52 13:55:21     -445.860657        6.134906
BFGS:   53 13:55:22     -445.031952        6.502078
BFGS:   54 13:55:23     -444.277557        7.536840
BFGS:   55 13:55:24     -443.397766        8.761584
BFGS:   56 13:55:25     -442.940521        9.296206
BFGS:   57 13:55:27     -443.228973        8.823369
BFGS:   58 13:55:28     -443.251526        7.029051
BFGS:   59 13:55:30     -442.943420        6.742777
BFGS:   60 13:55:32     -442.730469        6.433317
BFGS:   61 13:55:34     -442.690765        5.672634
BFGS:   62 13:55:36     -443.572388        5.436559
BFGS:   63 13:55:39     -445.289185        6.647817
BFGS:   64 13:55:40     -446.538391        6.761011
BFGS:   65 13:55:42     -447.153778        6.533285
BFGS:   66 13:55:45     -448.480988        3.665687
BFGS:   67 13:55:47     -449.040253        2.520975
BFGS:   68 13:55:48     -449.378815        2.119676
BFGS:   69 13:55:54     -449.587921        1.276546
BFGS:   70 13:55:57     -449.665375        1.297852
BFGS:   71 13:56:01     -449.684113        1.591372
BFGS:   72 13:56:03     -449.618713        1.348573
BFGS:   73 13:56:04     -449.556183        1.186395
BFGS:   74 13:56:07     -449.453461        1.422279
BFGS:   75 13:56:09     -449.293488        1.540456
BFGS:   76 13:56:11     -449.056061        1.719482
BFGS:   77 13:56:14     -448.686401        2.541853
BFGS:   78 13:56:16     -448.360870        2.816783
BFGS:   79 13:56:17     -448.096680        3.015963
BFGS:   80 13:56:19     -447.990234        2.657398
BFGS:   81 13:56:20     -447.963562        2.013906
BFGS:   82 13:56:25     -448.107483        1.830841
BFGS:   83 13:56:26     -448.449097        2.330033
BFGS:   84 13:56:28     -448.932220        2.846218
BFGS:   85 13:56:29     -449.211548        4.304997
BFGS:   86 13:56:32     -448.821716        5.286673
BFGS:   87 13:56:33     -447.987976        4.698421
BFGS:   88 13:56:35     -447.263336        4.216877
BFGS:   89 13:56:37     -447.169983        4.212943
BFGS:   90 13:56:45     -447.999237        4.427816
BFGS:   91 13:56:50     -448.282135        2.480059
BFGS:   92 13:56:53     -448.671631        1.849439
BFGS:   93 13:56:57     -448.917969        2.181949
BFGS:   94 13:57:01     -449.374695        3.361799
BFGS:   95 13:57:04     -450.298340        2.979254
BFGS:   96 13:57:07     -450.477356        2.463288
BFGS:   97 13:57:08     -449.821594        5.155806
BFGS:   98 13:57:10     -450.220642        3.084435
BFGS:   99 13:57:12     -450.595490        1.939763
BFGS:  100 13:57:15     -450.277863        4.332426
BFGS:  101 13:57:16     -450.320099        5.166960
BFGS:  102 13:57:17     -450.731537        4.031066
BFGS:  103 13:57:19     -451.040680        3.571200
BFGS:  104 13:57:21     -451.236450        2.836946
BFGS:  105 13:57:22     -451.582001        4.211855
BFGS:  106 13:57:23     -451.913208        3.868800
BFGS:  107 13:57:24     -452.328674        2.776797
BFGS:  108 13:57:27     -452.697815        3.625369
BFGS:  109 13:57:29     -453.090179        3.852303
BFGS:  110 13:57:30     -453.376801        3.065965
BFGS:  111 13:57:31     -453.688873        2.680564
BFGS:  112 13:57:33     -454.050659        2.075434
BFGS:  113 13:57:39     -454.081299        1.825600
BFGS:  114 13:57:41     -454.094269        1.818599
BFGS:  115 13:57:42     -454.105743        1.101368
BFGS:  116 13:57:43     -454.099792        1.135594
BFGS:  117 13:57:45     -454.098816        1.102566
BFGS:  118 13:57:45     -454.089905        1.450509
BFGS:  119 13:57:46     -454.047943        2.271940
BFGS:  120 13:57:47     -453.922852        3.124115
BFGS:  121 13:57:48     -454.002258        1.830661
BFGS:  122 13:57:50     -454.030396        1.613656
BFGS:  123 13:57:51     -454.041565        1.630438
BFGS:  124 13:57:53     -454.048370        1.692313
BFGS:  125 13:57:57     -454.065704        1.477568
BFGS:  126 13:57:58     -454.087738        1.121415
BFGS:  127 13:58:01     -454.103943        0.903928
BFGS:  128 13:58:02     -454.117188        0.828374
BFGS:  129 13:58:07     -454.132111        0.540316
BFGS:  130 13:58:10     -454.144867        0.493932
BFGS:  131 13:58:12     -454.159241        0.410766
BFGS:  132 13:58:13     -454.170319        0.377802
BFGS:  133 13:58:15     -454.180084        0.498541
BFGS:  134 13:58:16     -454.187561        0.515017
BFGS:  135 13:58:19     -454.193451        0.451965
BFGS:  136 13:58:21     -454.197510        0.343073
BFGS:  137 13:58:22     -454.198029        0.275854
BFGS:  138 13:58:23     -454.192688        0.309094
BFGS:  139 13:58:25     -454.178009        0.436262
BFGS:  140 13:58:26     -454.136108        0.642209
BFGS:  141 13:58:29     -453.996948        0.960392
BFGS:  142 13:58:30     -453.666382        1.525909
BFGS:  143 13:58:32     -453.548492        1.481136
BFGS:  144 13:58:35     -453.787048        1.409201
BFGS:  145 13:58:39     -454.026794        1.122515
BFGS:  146 13:58:43     -454.082275        0.516679
BFGS:  147 13:58:47     -454.037720        0.839595
BFGS:  148 13:58:48     -453.739685        1.581442
BFGS:  149 13:58:50     -453.513855        1.390290
BFGS:  150 13:58:51     -453.454712        2.214593
BFGS:  151 13:58:54     -453.449615        2.268985
BFGS:  152 13:58:55     -453.492249        2.335898
BFGS:  153 13:58:56     -453.000793        3.084242
BFGS:  154 13:58:59     -452.284973        4.494681
BFGS:  155 13:59:00     -451.319550        6.269953
BFGS:  156 13:59:01     -450.081360        5.297193
BFGS:  157 13:59:02     -450.105560        4.995460
BFGS:  158 13:59:03     -449.081665        6.327604
BFGS:  159 13:59:07     -449.008881        4.966495
BFGS:  160 13:59:09     -448.820374        3.847799
BFGS:  161 13:59:12     -448.018585        4.216765
BFGS:  162 13:59:13     -447.676361        3.143027
BFGS:  163 13:59:14     -447.915527        2.937371
BFGS:  164 13:59:17     -448.339050        2.038153
BFGS:  165 13:59:20     -448.424377        2.167539
BFGS:  166 13:59:21     -448.531372        1.741736
BFGS:  167 13:59:23     -448.494507        2.942778
BFGS:  168 13:59:24     -449.253662        3.662139
BFGS:  169 13:59:26     -449.954254        3.019368
BFGS:  170 13:59:29     -450.930786        2.456664
BFGS:  171 13:59:29     -451.033234        1.985306
BFGS:  172 13:59:31     -450.317535        5.103879
BFGS:  173 13:59:32     -449.206268        5.377445
BFGS:  174 13:59:33     -449.561279        4.788083
BFGS:  175 13:59:36     -450.411346        2.381478
BFGS:  176 13:59:37     -450.759064        1.953689
BFGS:  177 13:59:42     -450.954163        1.959381
BFGS:  178 13:59:45     -451.201019        2.275383
BFGS:  179 13:59:50     -451.294128        1.047974
BFGS:  180 13:59:52     -451.426788        1.093074
BFGS:  181 13:59:52     -451.479126        1.044826
BFGS:  182 13:59:53     -451.466949        1.351447
BFGS:  183 13:59:56     -451.345184        2.052243
BFGS:  184 13:59:58     -451.411102        3.227881
BFGS:  185 13:59:59     -451.590424        3.084579
BFGS:  186 14:00:00     -451.676971        3.334212
BFGS:  187 14:00:02     -451.730225        2.105879
BFGS:  188 14:00:04     -451.710052        2.139094
BFGS:  189 14:00:05     -451.294067        3.069172
BFGS:  190 14:00:08     -450.895050        4.055944
BFGS:  191 14:00:11     -450.994995        5.156302
BFGS:  192 14:00:14     -451.296539        4.015210
BFGS:  193 14:00:15     -451.877716        3.411164
BFGS:  194 14:00:16     -452.228546        4.577770
BFGS:  195 14:00:20     -451.657806        9.247006
BFGS:  196 14:00:21     -451.807220        3.559246
BFGS:  197 14:00:22     -451.606354        2.932647
BFGS:  198 14:00:23     -451.771851        1.851537
BFGS:  199 14:00:26     -451.958344        2.070498
BFGS:  200 14:00:30     -452.114166        2.283500
BFGS:  201 14:00:33     -452.199371        2.262619
BFGS:  202 14:00:36     -452.248413        2.480409
BFGS:  203 14:00:37     -452.224670        2.231677
BFGS:  204 14:00:38     -452.150818        2.047324
BFGS:  205 14:00:40     -452.186920        1.255155
BFGS:  206 14:00:43     -452.232758        1.000001
BFGS:  207 14:00:47     -452.212769        1.211955
BFGS:  208 14:00:48     -451.914001        1.703198
BFGS:  209 14:00:50     -451.465668        2.402260
BFGS:  210 14:00:51     -450.984009        2.435771
BFGS:  211 14:00:54     -450.762421        2.733498
BFGS:  212 14:00:57     -450.893707        2.019938
BFGS:  213 14:00:58     -450.918732        2.164284
BFGS:  214 14:01:00     -450.508728        2.537914
BFGS:  215 14:01:01     -449.721771        3.427639
BFGS:  216 14:01:05     -448.507996        4.681832
BFGS:  217 14:01:07     -446.576294        5.763751
BFGS:  218 14:01:11     -445.781738        6.560345
BFGS:  219 14:01:14     -444.704987        5.694457
BFGS:  220 14:01:17     -443.892273        7.526009
BFGS:  221 14:01:19     -444.850800        7.661019
BFGS:  222 14:01:21     -445.863434        5.513077
BFGS:  223 14:01:22     -447.137695        5.689478
BFGS:  224 14:01:23     -448.446686        7.338170
BFGS:  225 14:01:24     -448.520386        9.104143
BFGS:  226 14:01:26     -448.057831       10.960477
BFGS:  227 14:01:31     -447.520172       10.580533
BFGS:  228 14:01:35     -447.314789        8.973969
BFGS:  229 14:01:38     -447.390320        6.368563
BFGS:  230 14:01:39     -447.385315        5.820302
BFGS:  231 14:01:43     -448.343140        9.280178
BFGS:  232 14:01:44     -449.363129        4.204549
BFGS:  233 14:01:46     -449.162628        5.507512
BFGS:  234 14:01:48     -449.634125        4.164562
BFGS:  235 14:01:51     -450.241943        2.263829
BFGS:  236 14:01:53     -450.623322        4.286148
BFGS:  237 14:01:56     -450.803925        4.135384
BFGS:  238 14:01:57     -450.870270        4.874195
BFGS:  239 14:01:58     -450.802856        3.941736
BFGS:  240 14:01:59     -451.057373        3.511804
BFGS:  241 14:02:00     -451.191925        3.529600
BFGS:  242 14:02:01     -451.527893        3.179086
BFGS:  243 14:02:02     -451.770966        2.143886
BFGS:  244 14:02:04     -451.969696        1.097837
BFGS:  245 14:02:05     -452.005493        1.155037
BFGS:  246 14:02:06     -452.045197        1.482344
BFGS:  247 14:02:07     -452.111877        0.724300
BFGS:  248 14:02:08     -452.159576        0.680006
BFGS:  249 14:02:09     -452.193512        0.842962
BFGS:  250 14:02:11     -452.213684        0.799437
BFGS:  251 14:02:13     -452.233765        0.654702
BFGS:  252 14:02:14     -452.239258        0.587725
BFGS:  253 14:02:16     -452.248566        0.571955
BFGS:  254 14:02:18     -452.268799        0.592700
BFGS:  255 14:02:20     -452.289978        0.625151
BFGS:  256 14:02:21     -452.298553        0.451629
BFGS:  257 14:02:28     -452.298187        0.511612
BFGS:  258 14:02:30     -452.297150        0.599366
BFGS:  259 14:02:32     -452.300049        0.691902
BFGS:  260 14:02:33     -452.307251        0.659620
BFGS:  261 14:02:36     -452.312622        0.567517
BFGS:  262 14:02:38     -452.313507        0.498673
BFGS:  263 14:02:40     -452.307800        0.472019
BFGS:  264 14:02:42     -452.297089        0.556517
BFGS:  265 14:02:45     -452.284454        0.688360
BFGS:  266 14:02:49     -452.274994        0.704789
BFGS:  267 14:02:50     -452.270935        0.586609
BFGS:  268 14:02:52     -452.267242        0.547223
BFGS:  269 14:02:53     -452.256989        0.516085
BFGS:  270 14:02:55     -452.236023        0.624575
BFGS:  271 14:02:56     -452.211273        1.634787
BFGS:  272 14:02:59     -452.194916        1.018746
BFGS:  273 14:03:02     -452.251801        0.606565
BFGS:  274 14:03:04     -452.276611        0.454430
BFGS:  275 14:03:06     -452.273102        0.778131
BFGS:  276 14:03:10     -452.273163        0.782008
BFGS:  277 14:03:11     -452.302277        0.599402
BFGS:  278 14:03:16     -452.288605        0.878969
BFGS:  279 14:03:20     -452.237823        1.014865
BFGS:  280 14:03:21     -452.275818        0.614708
BFGS:  281 14:03:23     -452.166962        2.159724
BFGS:  282 14:03:24     -452.184814        1.637834
BFGS:  283 14:03:25     -452.255859        1.817579
BFGS:  284 14:03:28     -452.308777        0.955212
BFGS:  285 14:03:29     -452.319061        0.564365
BFGS:  286 14:03:30     -452.326050        0.430167
BFGS:  287 14:03:32     -452.330200        0.394944
BFGS:  288 14:03:33     -452.325928        0.447888
BFGS:  289 14:03:34     -452.301453        0.543880
BFGS:  290 14:03:36     -452.301483        0.484123
BFGS:  291 14:03:37     -452.320801        0.538734
BFGS:  292 14:03:39     -452.289825        1.046017
BFGS:  293 14:03:43     -452.124573        1.332348
BFGS:  294 14:03:44     -452.012329        1.822373
BFGS:  295 14:03:46     -452.172668        1.527276
BFGS:  296 14:03:48     -452.304138        1.137829
BFGS:  297 14:03:53     -452.226868        0.962993
BFGS:  298 14:03:55     -451.950378        2.267692
BFGS:  299 14:03:56     -451.697083        2.635458
BFGS:  300 14:03:57     -451.976562        3.404073
BFGS:  301 14:03:59     -452.202850        1.435664
BFGS:  302 14:04:02     -452.311615        0.976065
BFGS:  303 14:04:04     -452.116638        3.643611
BFGS:  304 14:04:08     -451.786530        3.396666
BFGS:  305 14:04:12     -451.512299        3.502160
BFGS:  306 14:04:17     -451.497711        3.985450
BFGS:  307 14:04:19     -451.962921        1.895645
BFGS:  308 14:04:20     -452.200653        2.309717
BFGS:  309 14:04:22     -452.284485        1.479507
BFGS:  310 14:04:25     -452.279877        1.433256
BFGS:  311 14:04:28     -451.844360        6.088310
BFGS:  312 14:04:29     -450.750824       10.712193
BFGS:  313 14:04:30     -450.322021        5.907904
BFGS:  314 14:04:33     -450.673584       11.686229
BFGS:  315 14:04:35     -451.138641        3.841820
BFGS:  316 14:04:37     -451.554810        2.888214
BFGS:  317 14:04:39     -451.866211        2.787527
BFGS:  318 14:04:42     -451.796143        3.598040
BFGS:  319 14:04:47     -451.986938        2.461129
BFGS:  320 14:04:49     -452.150299        1.377420
BFGS:  321 14:04:51     -452.152405        1.308733
BFGS:  322 14:04:53     -452.188904        1.197144
BFGS:  323 14:04:54     -452.171173        1.706073
BFGS:  324 14:04:56     -451.763275        3.158713
BFGS:  325 14:04:58     -451.520569        4.191442
BFGS:  326 14:04:59     -451.373352        4.309247
BFGS:  327 14:05:00     -451.596710        2.694752
BFGS:  328 14:05:03     -451.768921        2.831779
BFGS:  329 14:05:05     -452.101318        2.618937
BFGS:  330 14:05:06     -452.171814        1.723081
BFGS:  331 14:05:08     -452.145294        2.329421
BFGS:  332 14:05:09     -452.240265        1.276030
BFGS:  333 14:05:11     -451.849426        3.343030
BFGS:  334 14:05:12     -451.764709        2.633332
BFGS:  335 14:05:14     -451.921967        2.331023
BFGS:  336 14:05:15     -452.060364        2.254692
BFGS:  337 14:05:18     -452.238617        1.479453
BFGS:  338 14:05:20     -452.236023        1.662481
BFGS:  339 14:05:21     -452.047729        2.319378
BFGS:  340 14:05:24     -451.695679        2.263761
BFGS:  341 14:05:27     -451.736633        2.198481
BFGS:  342 14:05:28     -451.883118        2.575190
BFGS:  343 14:05:30     -452.011383        2.040496
BFGS:  344 14:05:31     -452.041443        1.731232
BFGS:  345 14:05:35     -451.914673        1.814484
BFGS:  346 14:05:36     -451.571899        3.108681
BFGS:  347 14:05:38     -451.334320        4.045697
BFGS:  348 14:05:39     -451.143982        5.560318
BFGS:  349 14:05:40     -450.814423        5.884547
BFGS:  350 14:05:41     -450.390900        4.500514
BFGS:  351 14:05:45     -450.673584        3.385335
BFGS:  352 14:05:46     -450.956970        3.586886
BFGS:  353 14:05:48     -451.409058        5.953586
BFGS:  354 14:05:49     -452.004242        3.327374
BFGS:  355 14:05:50     -452.068878        2.002798
BFGS:  356 14:05:51     -451.743927        3.137135
BFGS:  357 14:05:52     -451.517120        4.022228
BFGS:  358 14:05:54     -451.679047        4.520474
BFGS:  359 14:05:55     -451.929230        3.354469
BFGS:  360 14:05:58     -452.003479        2.456330
BFGS:  361 14:05:58     -452.088257        0.958214
BFGS:  362 14:05:59     -452.107025        0.876132
BFGS:  363 14:06:03     -452.128418        1.009125
BFGS:  364 14:06:07     -452.146942        1.092869
BFGS:  365 14:06:09     -452.168823        1.108147
BFGS:  366 14:06:10     -452.174713        1.075003
BFGS:  367 14:06:10     -452.098145        1.508417
BFGS:  368 14:06:16     -451.770660        3.124156
BFGS:  369 14:06:17     -451.771393        3.624522
BFGS:  370 14:06:19     -451.956055        3.403184
BFGS:  371 14:06:20     -451.864655        3.540550
BFGS:  372 14:06:23     -451.430450        3.985826
BFGS:  373 14:06:25     -450.703033        4.335623
BFGS:  374 14:06:27     -450.527435        4.598511
BFGS:  375 14:06:29     -451.648743        5.381192
BFGS:  376 14:06:30     -452.153442        5.855335
BFGS:  377 14:06:31     -452.689209        5.051413
BFGS:  378 14:06:34     -452.818939        3.821698
BFGS:  379 14:06:36     -452.627960        3.409337
BFGS:  380 14:06:37     -452.240540        2.641302
BFGS:  381 14:06:39     -451.855469        2.324883
BFGS:  382 14:06:40     -452.053986        3.213870
BFGS:  383 14:06:41     -451.419647        9.552209
BFGS:  384 14:06:42     -452.475281        2.642441
BFGS:  385 14:06:44     -452.554688        1.615865
BFGS:  386 14:06:47     -452.372314        2.253631
BFGS:  387 14:06:49     -451.596527        3.133704
BFGS:  388 14:06:50     -451.145233        3.262333
BFGS:  389 14:06:53     -450.849640        3.569733
BFGS:  390 14:06:56     -451.117401        3.068168
BFGS:  391 14:06:58     -451.478027        2.549991
BFGS:  392 14:07:00     -451.683136        2.991495
BFGS:  393 14:07:02     -451.884399        2.820503
BFGS:  394 14:07:04     -452.153595        1.667853
BFGS:  395 14:07:06     -452.240051        1.477112
BFGS:  396 14:07:09     -452.274139        1.372381
BFGS:  397 14:07:10     -451.681091        4.445024
BFGS:  398 14:07:13     -451.113037        7.867728
BFGS:  399 14:07:17     -451.441132        4.707560
BFGS:  400 14:07:18     -452.040375        3.899939
BFGS:  401 14:07:20     -452.199524        2.793654
BFGS:  402 14:07:22     -452.271484        1.759743
BFGS:  403 14:07:24     -452.306305        2.004524
BFGS:  404 14:07:27     -452.351044        1.209557
BFGS:  405 14:07:28     -452.303314        2.151027
BFGS:  406 14:07:30     -451.717926        4.776925
BFGS:  407 14:07:31     -451.828186        3.479483
BFGS:  408 14:07:35     -452.150879        2.735539
BFGS:  409 14:07:37     -452.326019        1.001120
BFGS:  410 14:07:38     -452.314362        0.776875
BFGS:  411 14:07:42     -452.072021        2.732393
BFGS:  412 14:07:43     -452.189880        1.738978
BFGS:  413 14:07:45     -452.305420        0.537542
BFGS:  414 14:07:46     -452.314178        0.808892
BFGS:  415 14:07:48     -452.309509        1.167975
BFGS:  416 14:07:49     -452.030945        4.777920
BFGS:  417 14:07:50     -451.396576        8.318136
BFGS:  418 14:07:52     -451.244812        8.508876
BFGS:  419 14:07:54     -451.610443        6.371966
BFGS:  420 14:07:56     -451.924530        5.072687
BFGS:  421 14:07:57     -452.362091        3.190048
BFGS:  422 14:07:59     -452.336700        2.800116
BFGS:  423 14:08:00     -452.081390        2.872184
BFGS:  424 14:08:03     -451.880524        2.199056
BFGS:  425 14:08:05     -451.559082        4.068726
BFGS:  426 14:08:06     -451.001221        8.186950
BFGS:  427 14:08:07     -451.692657        4.534240
BFGS:  428 14:08:08     -452.061920        2.875323
BFGS:  429 14:08:09     -452.131927        2.819761
BFGS:  430 14:08:11     -452.131989        3.303635
BFGS:  431 14:08:12     -452.010712        3.846759
BFGS:  432 14:08:17     -451.701538        6.744117
BFGS:  433 14:08:18     -451.868134        6.676310
BFGS:  434 14:08:19     -452.074341        5.297186
BFGS:  435 14:08:21     -451.841553        3.500482
BFGS:  436 14:08:23     -452.309326        2.245144
BFGS:  437 14:08:24     -452.566986        2.246655
BFGS:  438 14:08:25     -452.444000        2.275501
BFGS:  439 14:08:26     -452.359161        2.228251
BFGS:  440 14:08:27     -452.352478        2.063396
BFGS:  441 14:08:28     -452.248749        1.437469
BFGS:  442 14:08:30     -452.240204        1.057355
BFGS:  443 14:08:32     -452.258179        2.436746
BFGS:  444 14:08:32     -452.377747        3.404393
BFGS:  445 14:08:34     -452.845917        3.627231
BFGS:  446 14:08:36     -452.653809        3.401939
BFGS:  447 14:08:37     -452.216888        5.150542
BFGS:  448 14:08:40     -452.727997        3.307392
BFGS:  449 14:08:43     -453.153107        2.156624
BFGS:  450 14:08:46     -453.080719        2.056818
BFGS:  451 14:08:47     -452.099640        7.845737
BFGS:  452 14:08:48     -450.286469        9.848228
BFGS:  453 14:08:53     -451.005951        3.576359
BFGS:  454 14:08:55     -451.489227        2.765841
BFGS:  455 14:08:57     -451.490845        3.913624
BFGS:  456 14:08:58     -450.977783        4.129654
BFGS:  457 14:08:59     -450.952454        3.453406
BFGS:  458 14:09:03     -451.154907        2.908450
BFGS:  459 14:09:06     -451.357117        2.493535
BFGS:  460 14:09:08     -451.414978        2.016967
BFGS:  461 14:09:09     -451.455353        1.852039
BFGS:  462 14:09:11     -451.470276        2.124128
BFGS:  463 14:09:15     -451.516479        1.851558
BFGS:  464 14:09:18     -451.582886        1.441759
BFGS:  465 14:09:23     -451.601807        1.218770
BFGS:  466 14:09:27     -451.632111        1.015916
BFGS:  467 14:09:28     -451.601990        1.794713
BFGS:  468 14:09:30     -451.637146        0.983798
BFGS:  469 14:09:33     -451.697418        0.697796
BFGS:  470 14:09:35     -451.745148        0.861143
BFGS:  471 14:09:36     -451.759888        1.554387
BFGS:  472 14:09:41     -451.789642        1.153039
BFGS:  473 14:09:42     -451.819855        0.733583
BFGS:  474 14:09:43     -451.840759        0.748767
BFGS:  475 14:09:45     -451.856262        0.790048
BFGS:  476 14:09:48     -451.868500        0.702459
BFGS:  477 14:09:49     -451.874268        0.698351
BFGS:  478 14:09:51     -451.867920        0.786425
BFGS:  479 14:09:51     -451.892914        0.788800
BFGS:  480 14:09:54     -451.899078        0.690470
BFGS:  481 14:09:55     -451.900940        0.710013
BFGS:  482 14:09:56     -451.894989        0.995708
BFGS:  483 14:10:01     -451.907593        0.742937
BFGS:  484 14:10:02     -451.912872        0.784542
BFGS:  485 14:10:03     -451.904633        0.793612
BFGS:  486 14:10:04     -451.890656        0.838743
BFGS:  487 14:10:05     -451.871002        0.876055
BFGS:  488 14:10:06     -451.873199        0.884700
BFGS:  489 14:10:09     -451.861633        0.963880
BFGS:  490 14:10:10     -451.881958        0.937117
BFGS:  491 14:10:13     -451.891876        1.023341
BFGS:  492 14:10:14     -451.905457        1.089067
BFGS:  493 14:10:17     -451.906891        1.062785
BFGS:  494 14:10:18     -451.894562        0.990724
BFGS:  495 14:10:19     -451.858917        0.897893
BFGS:  496 14:10:21     -451.814575        0.769026
BFGS:  497 14:10:22     -451.781464        0.701039
BFGS:  498 14:10:23     -451.738220        0.616818
BFGS:  499 14:10:24     -451.722809        0.753147
BFGS:  500 14:10:33     -451.707214        0.766538
BFGS:  501 14:10:36     -451.691772        0.835006
BFGS:  502 14:10:39     -451.679230        0.846950
BFGS:  503 14:10:40     -451.685608        0.919583
BFGS:  504 14:10:41     -451.704285        0.765033
BFGS:  505 14:10:43     -451.728210        0.563538
BFGS:  506 14:10:44     -451.745392        0.728108
BFGS:  507 14:10:46     -451.762238        0.585612
BFGS:  508 14:10:49     -451.784241        0.781800
BFGS:  509 14:10:51     -451.815613        0.945965
BFGS:  510 14:10:54     -451.835876        0.647043
BFGS:  511 14:10:57     -451.865509        0.857536
BFGS:  512 14:10:58     -451.848419        1.011276
BFGS:  513 14:11:00     -451.816101        1.063269
BFGS:  514 14:11:01     -451.815704        1.973342
BFGS:  515 14:11:03     -451.210480        2.881418
BFGS:  516 14:11:04     -451.501984        2.326259
BFGS:  517 14:11:10     -451.484772        1.901854
BFGS:  518 14:11:12     -451.250092        2.254690
BFGS:  519 14:11:14     -450.929626        1.948792
BFGS:  520 14:11:17     -450.359467        3.361357
BFGS:  521 14:11:18     -449.593781        2.426430
BFGS:  522 14:11:20     -449.670715        2.231940
BFGS:  523 14:11:25     -450.117493        3.298330
BFGS:  524 14:11:27     -450.253693        3.427807
BFGS:  525 14:11:31     -450.556824        2.904542
BFGS:  526 14:11:32     -450.927582        2.458647
BFGS:  527 14:11:33     -450.330719        5.468691
BFGS:  528 14:11:36     -449.008789        5.775726
BFGS:  529 14:11:37     -448.165771        5.174980
BFGS:  530 14:11:38     -449.010956        2.604353
BFGS:  531 14:11:40     -449.221558        2.691585
BFGS:  532 14:11:41     -449.379822        2.212840
BFGS:  533 14:11:42     -449.981995        2.908139
BFGS:  534 14:11:43     -450.108612        4.773399
BFGS:  535 14:11:45     -449.817596        3.150985
BFGS:  536 14:11:48     -450.060120        2.190160
BFGS:  537 14:11:49     -450.304352        1.459972
BFGS:  538 14:11:50     -450.363708        0.904972
BFGS:  539 14:11:51     -450.366211        1.016156
BFGS:  540 14:11:52     -450.263672        2.656993
BFGS:  541 14:11:54     -450.388367        1.088066
BFGS:  542 14:11:55     -450.269928        4.132355
BFGS:  543 14:11:56     -450.372559        1.974925
BFGS:  544 14:11:59     -450.314362        3.959706
BFGS:  545 14:12:01     -450.479004        4.086260
BFGS:  546 14:12:02     -450.681366        2.856974
BFGS:  547 14:12:03     -450.617432        4.714268
BFGS:  548 14:12:05     -450.664795        2.077338
BFGS:  549 14:12:06     -450.813690        0.842564
BFGS:  550 14:12:07     -450.863403        1.034160
BFGS:  551 14:12:09     -450.909637        0.754295
BFGS:  552 14:12:11     -450.921448        1.095931
BFGS:  553 14:12:12     -450.812775        3.219051
BFGS:  554 14:12:14     -450.913605        1.757881
BFGS:  555 14:12:18     -450.988525        1.027598
BFGS:  556 14:12:23     -451.001129        0.915695
BFGS:  557 14:12:24     -451.030182        1.583688
BFGS:  558 14:12:25     -451.060303        1.037732
BFGS:  559 14:12:26     -451.078552        0.873587
BFGS:  560 14:12:27     -451.033905        1.807411
BFGS:  561 14:12:29     -450.864655        1.880127
BFGS:  562 14:12:31     -451.006744        0.803747
BFGS:  563 14:12:32     -451.057587        0.567905
BFGS:  564 14:12:33     -451.087372        0.523139
BFGS:  565 14:12:37     -451.080688        0.627831
BFGS:  566 14:12:39     -451.015259        1.311704
BFGS:  567 14:12:47     -451.028687        0.953043
BFGS:  568 14:12:49     -451.027496        1.295188
BFGS:  569 14:12:50     -450.991943        1.189372
BFGS:  570 14:12:52     -451.031036        1.186285
BFGS:  571 14:12:53     -451.042694        1.015622
BFGS:  572 14:12:54     -451.044464        1.962407
BFGS:  573 14:12:55     -450.893250        4.462289
BFGS:  574 14:12:57     -450.412292        6.909984
BFGS:  575 14:13:01     -449.756897        7.853693
BFGS:  576 14:13:02     -450.694336        4.954179
BFGS:  577 14:13:04     -450.925903        3.927180
BFGS:  578 14:13:05     -450.399048        9.078920
BFGS:  579 14:13:06     -449.971649       10.542249
BFGS:  580 14:13:10     -450.157623        6.043680
BFGS:  581 14:13:11     -450.659393        2.870388
BFGS:  582 14:13:12     -450.913147        3.429016
BFGS:  583 14:13:13     -450.665619        6.431672
BFGS:  584 14:13:14     -449.931274        8.230947
BFGS:  585 14:13:18     -449.187592        7.581004
BFGS:  586 14:13:19     -449.396912        6.886827
BFGS:  587 14:13:21     -450.196289        4.032528
BFGS:  588 14:13:22     -450.600616        2.944773
BFGS:  589 14:13:25     -451.080597        1.852784
BFGS:  590 14:13:29     -451.059082        2.174894
BFGS:  591 14:13:31     -450.343811        4.345455
BFGS:  592 14:13:32     -449.404663        3.983088
BFGS:  593 14:13:34     -449.515808        4.037478
BFGS:  594 14:13:35     -450.015717        4.632029
BFGS:  595 14:13:37     -450.282715        4.077584
BFGS:  596 14:13:39     -450.245361        4.086912
BFGS:  597 14:13:41     -450.540741        3.891141
BFGS:  598 14:13:43     -451.255402        3.033190
BFGS:  599 14:13:45     -451.288727        5.177533
BFGS:  600 14:13:48     -450.649292        7.536595
BFGS:  601 14:13:49     -449.693359        7.837697
BFGS:  602 14:13:51     -449.276947        6.933044
BFGS:  603 14:13:55     -449.965729        4.747097
BFGS:  604 14:13:56     -450.659546        4.599912
BFGS:  605 14:13:58     -450.038727        5.495154
BFGS:  606 14:14:02     -449.473419        5.294968
BFGS:  607 14:14:04     -449.650543        5.850046
BFGS:  608 14:14:05     -450.011749        2.790366
BFGS:  609 14:14:08     -450.207367        3.159899
BFGS:  610 14:14:09     -450.282288        3.059908
BFGS:  611 14:14:13     -450.447601        1.303284
BFGS:  612 14:14:14     -450.600861        1.346685
BFGS:  613 14:14:15     -450.708344        1.340939
BFGS:  614 14:14:18     -450.770935        1.952713
BFGS:  615 14:14:22     -450.787689        2.285422
BFGS:  616 14:14:24     -450.709656        5.140651
BFGS:  617 14:14:26     -450.907349        1.830680
BFGS:  618 14:14:29     -450.937775        1.614418
BFGS:  619 14:14:31     -450.999756        1.255366
BFGS:  620 14:14:32     -451.037933        1.287813
BFGS:  621 14:14:32     -451.046082        1.329940
BFGS:  622 14:14:35     -451.046753        0.994497
BFGS:  623 14:14:36     -451.058502        0.907254
BFGS:  624 14:14:40     -451.064789        0.878128
BFGS:  625 14:14:43     -451.061462        1.129457
BFGS:  626 14:14:44     -451.066772        1.057254
BFGS:  627 14:14:45     -451.084290        0.823818
BFGS:  628 14:14:46     -451.098053        0.776772
BFGS:  629 14:14:47     -451.103363        0.763314
BFGS:  630 14:14:49     -451.112488        0.754921
BFGS:  631 14:14:51     -451.123444        0.747382
BFGS:  632 14:14:53     -451.132599        0.665158
BFGS:  633 14:14:56     -451.143585        0.558623
BFGS:  634 14:14:57     -451.152527        0.415907
BFGS:  635 14:14:59     -451.153534        0.343749
BFGS:  636 14:15:01     -451.154083        0.342026
BFGS:  637 14:15:03     -451.151184        0.394070
BFGS:  638 14:15:04     -451.150970        0.429566
BFGS:  639 14:15:06     -451.154236        0.357816
BFGS:  640 14:15:07     -451.158997        0.342733
BFGS:  641 14:15:08     -451.161407        0.329644
BFGS:  642 14:15:12     -451.160278        0.283622
BFGS:  643 14:15:13     -451.155670        0.254827
BFGS:  644 14:15:14     -451.150482        0.227542
BFGS:  645 14:15:15     -451.146240        0.246138
BFGS:  646 14:15:17     -451.144196        0.287955
BFGS:  647 14:15:18     -451.144196        0.282886
BFGS:  648 14:15:21     -451.145477        0.289717
BFGS:  649 14:15:23     -451.147278        0.272484
BFGS:  650 14:15:29     -451.148407        0.262825
BFGS:  651 14:15:30     -451.148773        0.242295
BFGS:  652 14:15:31     -451.148865        0.298867
BFGS:  653 14:15:33     -451.148773        0.360378
BFGS:  654 14:15:36     -451.147491        0.360436
BFGS:  655 14:15:37     -451.146332        0.358507
BFGS:  656 14:15:39     -451.150970        0.257458
BFGS:  657 14:15:40     -451.154907        0.289088
BFGS:  658 14:15:41     -451.156128        0.318336
BFGS:  659 14:15:44     -451.117859        1.585015
BFGS:  660 14:15:46     -451.152649        0.468285
BFGS:  661 14:15:49     -451.148834        0.468649
BFGS:  662 14:15:50     -451.035065        1.739833
BFGS:  663 14:15:52     -451.137024        0.468302
BFGS:  664 14:15:55     -451.126953        0.480574
BFGS:  665 14:15:56     -451.069092        0.860291
BFGS:  666 14:15:57     -451.088409        0.711822
BFGS:  667 14:15:58     -451.101685        0.524272
BFGS:  668 14:15:59     -451.098358        0.522390
BFGS:  669 14:16:02     -451.107330        0.502861
BFGS:  670 14:16:05     -451.117737        0.448107
BFGS:  671 14:16:07     -451.132812        0.343354
BFGS:  672 14:16:08     -451.144928        0.434496
BFGS:  673 14:16:09     -451.152283        0.401193
BFGS:  674 14:16:10     -451.160095        0.321725
BFGS:  675 14:16:12     -451.163635        0.451184
BFGS:  676 14:16:14     -451.123352        0.986526
BFGS:  677 14:16:17     -451.126709        1.386372
BFGS:  678 14:16:18     -451.157898        0.951907
BFGS:  679 14:16:20     -451.173920        0.380177
BFGS:  680 14:16:21     -451.175873        0.619115
BFGS:  681 14:16:22     -451.179169        0.673667
BFGS:  682 14:16:24     -451.178833        0.344130
BFGS:  683 14:16:25     -451.182556        0.344980
BFGS:  684 14:16:26     -451.182007        0.403326
BFGS:  685 14:16:27     -451.179260        0.469077
BFGS:  686 14:16:30     -451.155579        0.684196
BFGS:  687 14:16:32     -451.166504        0.995957
BFGS:  688 14:16:34     -451.182098        0.340217
BFGS:  689 14:16:41     -451.185425        0.337782
BFGS:  690 14:16:47     -451.183502        0.452927
BFGS:  691 14:16:49     -451.148010        0.764057
BFGS:  692 14:16:53     -451.160828        0.516671
BFGS:  693 14:16:55     -451.183411        0.394806
BFGS:  694 14:16:56     -451.185547        0.310698
BFGS:  695 14:17:01     -451.177094        0.378684
BFGS:  696 14:17:05     -451.136597        1.026287
BFGS:  697 14:17:07     -451.168091        0.500795
BFGS:  698 14:17:08     -451.167419        0.465292
BFGS:  699 14:17:10     -451.151520        0.554978
BFGS:  700 14:17:12     -451.161560        0.466401
BFGS:  701 14:17:13     -451.175140        0.430767
BFGS:  702 14:17:19     -451.170441        0.436033
BFGS:  703 14:17:20     -451.109009        0.717984
BFGS:  704 14:17:21     -451.121613        0.568269
BFGS:  705 14:17:24     -451.113861        0.506762
BFGS:  706 14:17:25     -451.104645        0.611678
BFGS:  707 14:17:28     -451.120361        0.741828
BFGS:  708 14:17:29     -451.134430        0.585940
BFGS:  709 14:17:34     -451.126984        0.492142
BFGS:  710 14:17:36     -451.110016        0.483555
BFGS:  711 14:17:38     -451.061798        1.028772
BFGS:  712 14:17:42     -451.082886        0.931246
BFGS:  713 14:17:42     -451.089111        0.978956
BFGS:  714 14:17:44     -451.100159        0.577081
BFGS:  715 14:17:45     -451.100525        0.807059
BFGS:  716 14:17:46     -451.096252        1.423567
BFGS:  717 14:17:52     -451.119141        1.231237
BFGS:  718 14:17:57     -451.146057        0.536197
BFGS:  719 14:18:01     -451.154724        0.584358
BFGS:  720 14:18:02     -451.155792        0.763637
BFGS:  721 14:18:03     -451.107269        1.140367
BFGS:  722 14:18:05     -451.138062        0.723715
BFGS:  723 14:18:08     -451.155334        0.426502
BFGS:  724 14:18:09     -451.155823        0.622123
BFGS:  725 14:18:14     -451.136383        2.209827
BFGS:  726 14:18:17     -451.155670        1.088164
BFGS:  727 14:18:19     -451.162201        1.279041
BFGS:  728 14:18:20     -451.159302        0.642595
BFGS:  729 14:18:21     -451.170868        0.384203
BFGS:  730 14:18:22     -451.170319        0.415045
BFGS:  731 14:18:29     -451.161621        0.753845
BFGS:  732 14:18:31     -451.162079        0.640481
BFGS:  733 14:18:32     -451.144775        0.621481
BFGS:  734 14:18:35     -451.154663        0.579814
BFGS:  735 14:18:36     -451.144287        0.745340
BFGS:  736 14:18:38     -451.094147        1.417380
BFGS:  737 14:18:39     -451.036072        1.718358
BFGS:  738 14:18:40     -451.059265        1.810864
BFGS:  739 14:18:41     -451.126160        1.039159
BFGS:  740 14:18:42     -451.157745        0.874526
BFGS:  741 14:18:43     -451.174530        0.970895
BFGS:  742 14:18:45     -451.063416        2.601941
BFGS:  743 14:18:45     -450.836029        3.332496
BFGS:  744 14:18:46     -450.711517        2.733731
BFGS:  745 14:18:48     -450.563782        3.295759
BFGS:  746 14:18:51     -450.652161        3.517556
BFGS:  747 14:18:54     -450.837463        2.245283
BFGS:  748 14:18:56     -450.911469        1.914538
BFGS:  749 14:18:59     -450.945312        2.138293
BFGS:  750 14:19:00     -450.974579        2.132538
BFGS:  751 14:19:04     -450.996185        2.088098
BFGS:  752 14:19:05     -450.963501        2.535799
BFGS:  753 14:19:08     -450.975128        2.670416
BFGS:  754 14:19:09     -451.070312        1.268196
BFGS:  755 14:19:10     -451.117462        1.237085
BFGS:  756 14:19:11     -451.170898        1.435443
BFGS:  757 14:19:14     -451.227448        0.962573
BFGS:  758 14:19:16     -451.230103        0.663629
BFGS:  759 14:19:18     -451.181854        0.970273
BFGS:  760 14:19:21     -451.123993        1.037741
BFGS:  761 14:19:23     -451.126495        0.860784
BFGS:  762 14:19:25     -451.151398        0.640426
BFGS:  763 14:19:28     -451.164886        0.563506
BFGS:  764 14:19:32     -451.153351        0.761145
BFGS:  765 14:19:38     -451.094788        1.364617
BFGS:  766 14:19:40     -450.972412        1.928006
BFGS:  767 14:19:41     -450.861115        2.462308
BFGS:  768 14:19:43     -450.801849        2.770024
BFGS:  769 14:19:46     -450.625305        3.965991
BFGS:  770 14:19:48     -450.691742        3.152883
BFGS:  771 14:19:51     -450.841370        1.294887
BFGS:  772 14:19:52     -450.941620        1.199896
BFGS:  773 14:19:52     -450.960541        2.550757
BFGS:  774 14:19:56     -450.960663        2.745250
BFGS:  775 14:19:59     -450.984467        2.043748
BFGS:  776 14:19:59     -451.038513        1.754968
BFGS:  777 14:20:01     -451.030457        1.550942
BFGS:  778 14:20:02     -450.910095        2.233203
BFGS:  779 14:20:03     -450.874237        1.854062
BFGS:  780 14:20:05     -450.928864        1.320608
BFGS:  781 14:20:09     -450.967041        0.985770
BFGS:  782 14:20:11     -450.979370        0.739536
BFGS:  783 14:20:12     -450.996338        0.702871
BFGS:  784 14:20:13     -450.996887        0.477477
BFGS:  785 14:20:19     -451.002747        0.522581
BFGS:  786 14:20:20     -451.011200        0.720292
BFGS:  787 14:20:23     -451.045013        1.507852
BFGS:  788 14:20:26     -451.088165        1.670436
BFGS:  789 14:20:26     -450.998138        2.524722
BFGS:  790 14:20:28     -450.998352        2.343866
BFGS:  791 14:20:29     -450.949768        1.696973
BFGS:  792 14:20:32     -451.023102        1.872753
BFGS:  793 14:20:33     -451.119843        2.327257
BFGS:  794 14:20:34     -451.043182        1.739202
BFGS:  795 14:20:37     -450.907410        1.752238
BFGS:  796 14:20:39     -450.976257        1.441685
BFGS:  797 14:20:41     -450.975098        1.618284
BFGS:  798 14:20:42     -451.027466        2.692645
BFGS:  799 14:20:43     -450.880035        2.716475
BFGS:  800 14:20:45     -450.740540        2.614398
      Step     Time          Energy          fmax
FIRE:    0 14:20:45     -450.740540        2.614398
FIRE:    1 14:20:46     -450.852905        1.612650
FIRE:    2 14:20:46     -450.954895        1.259960
FIRE:    3 14:20:47     -450.997467        1.626546
FIRE:    4 14:20:47     -451.013092        1.174220
FIRE:    5 14:20:48     -451.019745        1.418276
FIRE:    6 14:20:48     -451.033966        1.253934
FIRE:    7 14:20:49     -451.053131        0.995475
FIRE:    8 14:20:50     -451.070007        0.827225
FIRE:    9 14:20:50     -451.086090        0.944528
FIRE:   10 14:20:51     -451.102081        1.134220
FIRE:   11 14:20:51     -451.112457        1.323226
FIRE:   12 14:20:52     -451.115570        1.439261
FIRE:   13 14:20:52     -451.117767        1.459483
FIRE:   14 14:20:53     -451.120575        1.257256
FIRE:   15 14:20:53     -451.122406        1.314178
FIRE:   16 14:20:54     -451.131836        1.237338
FIRE:   17 14:20:54     -451.140503        1.471055
FIRE:   18 14:20:55     -451.141937        1.355807
FIRE:   19 14:20:55     -451.143921        1.223087
FIRE:   20 14:20:56     -451.145660        1.055122
FIRE:   21 14:20:56     -451.147034        0.876572
FIRE:   22 14:20:57     -451.148621        0.702502
FIRE:   23 14:20:57     -451.150421        0.537650
FIRE:   24 14:20:58     -451.151550        0.732524
FIRE:   25 14:20:58     -451.151764        0.951577
FIRE:   26 14:20:59     -451.151611        1.069492
FIRE:   27 14:20:59     -451.151276        1.050753
FIRE:   28 14:21:00     -451.150116        0.849919
FIRE:   29 14:21:00     -451.149109        0.446256
FIRE:   30 14:21:01     -451.148560        0.389014
FIRE:   31 14:21:01     -451.147461        0.814735
FIRE:   32 14:21:02     -451.146545        0.972511
FIRE:   33 14:21:02     -451.144623        0.602162
FIRE:   34 14:21:03     -451.144165        0.401328
FIRE:   35 14:21:03     -451.150208        0.573236
FIRE:   36 14:21:04     -451.170593        0.536469
FIRE:   37 14:21:05     -451.218018        0.808278
FIRE:   38 14:21:05     -451.296936        0.956903
FIRE:   39 14:21:06     -451.342010        1.434506
FIRE:   40 14:21:06     -451.359833        0.494025
FIRE:   41 14:21:07     -451.348480        1.614061
FIRE:   42 14:21:07     -451.354706        1.201124
FIRE:   43 14:21:08     -451.360931        0.675723
FIRE:   44 14:21:08     -451.361023        0.504669
FIRE:   45 14:21:09     -451.356537        0.864212
FIRE:   46 14:21:09     -451.357117        0.800296
FIRE:   47 14:21:10     -451.358154        0.676875
FIRE:   48 14:21:10     -451.359314        0.538884
FIRE:   49 14:21:11     -451.360260        0.525700
FIRE:   50 14:21:11     -451.360687        0.536602
FIRE:   51 14:21:12     -451.360474        0.572795
FIRE:   52 14:21:12     -451.359741        0.623100
FIRE:   53 14:21:13     -451.358673        0.676894
FIRE:   54 14:21:13     -451.357544        0.717690
FIRE:   55 14:21:14     -451.356628        0.730956
FIRE:   56 14:21:15     -451.355927        0.710130
FIRE:   57 14:21:15     -451.354858        0.665211
FIRE:   58 14:21:16     -451.352448        0.627530
FIRE:   59 14:21:16     -451.348358        0.626570
FIRE:   60 14:21:17     -451.343170        0.654194
FIRE:   61 14:21:17     -451.336792        0.701625
FIRE:   62 14:21:18     -451.326965        0.791770
FIRE:   63 14:21:19     -451.312653        0.892036
FIRE:   64 14:21:19     -451.294281        0.926694
FIRE:   65 14:21:20     -451.268677        0.936909
FIRE:   66 14:21:20     -451.235352        0.994046
FIRE:   67 14:21:21     -451.195557        1.069284
FIRE:   68 14:21:21     -451.150909        1.059269
FIRE:   69 14:21:22     -451.101532        1.067945
FIRE:   70 14:21:22     -451.043579        1.071433
FIRE:   71 14:21:23     -450.959595        1.374916
FIRE:   72 14:21:23     -450.888519        1.604680
FIRE:   73 14:21:24     -450.877380        1.985206
FIRE:   74 14:21:24     -450.877808        2.179624
FIRE:   75 14:21:25     -450.824554        2.643204
FIRE:   76 14:21:25     -450.790466        4.054717
FIRE:   77 14:21:26     -450.940918        3.554809
FIRE:   78 14:21:26     -451.109619        2.742749
FIRE:   79 14:21:27     -451.269409        2.192033
FIRE:   80 14:21:28     -451.547852        3.549499
FIRE:   81 14:21:28     -452.103119        2.956327
FIRE:   82 14:21:29     -452.495117        2.602797
FIRE:   83 14:21:29     -452.379608        5.525137
FIRE:   84 14:21:30     -452.723450        1.467617
FIRE:   85 14:21:30     -452.633911        3.660781
FIRE:   86 14:21:31     -452.695374        2.933287
FIRE:   87 14:21:31     -452.771484        1.638674
FIRE:   88 14:21:32     -452.807861        0.565378
FIRE:   89 14:21:32     -452.793701        1.585911
FIRE:   90 14:21:33     -452.797211        1.505408
FIRE:   91 14:21:33     -452.803589        1.349694
FIRE:   92 14:21:34     -452.811737        1.129746
FIRE:   93 14:21:34     -452.820282        0.863669
FIRE:   94 14:21:35     -452.827911        0.649876
FIRE:   95 14:21:35     -452.833740        0.576539
FIRE:   96 14:21:36     -452.837708        0.519880
FIRE:   97 14:21:36     -452.840668        0.552250
FIRE:   98 14:21:37     -452.843964        0.728031
FIRE:   99 14:21:37     -452.849274        0.812299
FIRE:  100 14:21:38     -452.857910        0.761185
FIRE:  101 14:21:38     -452.869507        0.557957
FIRE:  102 14:21:39     -452.881561        0.446322
FIRE:  103 14:21:39     -452.891174        0.451959
FIRE:  104 14:21:40     -452.898712        0.601718
FIRE:  105 14:21:40     -452.907410        0.661205
FIRE:  106 14:21:41     -452.916565        0.668809
FIRE:  107 14:21:41     -452.919678        0.584277
FIRE:  108 14:21:42     -452.914764        0.678343
FIRE:  109 14:21:42     -452.900787        0.909263
FIRE:  110 14:21:43     -452.863525        1.091733
FIRE:  111 14:21:43     -452.783936        1.711916
FIRE:  112 14:21:44     -452.613434        2.313316
FIRE:  113 14:21:44     -452.238373        2.946187
FIRE:  114 14:21:45     -451.720673        3.599232
FIRE:  115 14:21:45     -451.157043        3.606191
FIRE:  116 14:21:46     -450.716064        3.038270
FIRE:  117 14:21:46     -450.593384        2.974112
FIRE:  118 14:21:47     -450.665649        3.880562
FIRE:  119 14:21:47     -450.352966        4.447539
FIRE:  120 14:21:48     -449.907806        3.474882
FIRE:  121 14:21:48     -449.437531        4.195025
FIRE:  122 14:21:49     -449.111237        4.656630
FIRE:  123 14:21:49     -448.994263        4.832208
FIRE:  124 14:21:50     -449.122467        4.813022
FIRE:  125 14:21:50     -449.365265        3.619347
FIRE:  126 14:21:51     -449.272614        4.643204
FIRE:  127 14:21:51     -449.319824        4.053780
FIRE:  128 14:21:52     -449.797333        3.536892
FIRE:  129 14:21:52     -450.274170        5.145543
FIRE:  130 14:21:53     -450.509888        5.372491
FIRE:  131 14:21:53     -450.671570        2.800056
FIRE:  132 14:21:54     -450.760376        2.484405
FIRE:  133 14:21:54     -450.744751        3.560879
FIRE:  134 14:21:55     -450.811798        3.628267
FIRE:  135 14:21:55     -450.952484        2.299624
FIRE:  136 14:21:56     -450.989899        1.773009
FIRE:  137 14:21:56     -450.941254        3.010178
FIRE:  138 14:21:57     -450.921417        2.070829
FIRE:  139 14:21:57     -450.851349        1.831182
FIRE:  140 14:21:58     -450.700531        2.104745
FIRE:  141 14:21:58     -450.649536        1.472716
FIRE:  142 14:21:59     -450.606537        1.692426
FIRE:  143 14:21:59     -450.547455        2.201076
FIRE:  144 14:22:00     -450.350861        2.576179
FIRE:  145 14:22:00     -450.145416        3.220512
FIRE:  146 14:22:01     -449.982513        3.838838
FIRE:  147 14:22:01     -449.907990        3.656063
FIRE:  148 14:22:02     -449.940643        2.936112
FIRE:  149 14:22:02     -450.079468        2.586691
FIRE:  150 14:22:03     -450.314270        2.919164
FIRE:  151 14:22:03     -450.589294        2.351091
FIRE:  152 14:22:04     -450.917450        2.997614
FIRE:  153 14:22:04     -451.171753        2.590036
FIRE:  154 14:22:05     -451.307831        1.877475
FIRE:  155 14:22:05     -451.534546        1.023174
FIRE:  156 14:22:06     -451.591827        2.584781
FIRE:  157 14:22:06     -451.678223        1.838000
FIRE:  158 14:22:07     -451.752228        1.149901
FIRE:  159 14:22:07     -451.775391        1.908816
FIRE:  160 14:22:08     -451.794586        2.419313
FIRE:  161 14:22:08     -451.839325        2.556681
FIRE:  162 14:22:09     -451.893555        2.410174
FIRE:  163 14:22:09     -451.910065        2.102539
FIRE:  164 14:22:10     -451.826538        2.397279
FIRE:  165 14:22:10     -451.608002        3.222656
FIRE:  166 14:22:11     -451.287445        3.168776
FIRE:  167 14:22:11     -451.079254        2.516326
FIRE:  168 14:22:12     -451.192017        2.670332
FIRE:  169 14:22:12     -451.440613        2.156161
FIRE:  170 14:22:13     -451.048615        8.193381
FIRE:  171 14:22:13     -450.777649        5.127634
FIRE:  172 14:22:14     -450.304840        4.283712
FIRE:  173 14:22:14     -449.799805        4.347250
FIRE:  174 14:22:15     -449.247711        3.938793
FIRE:  175 14:22:15     -448.746094        3.146141
FIRE:  176 14:22:16     -448.404175        3.377461
FIRE:  177 14:22:16     -448.277740        5.380427
FIRE:  178 14:22:17     -448.794830        6.276005
FIRE:  179 14:22:17     -449.535400        3.400817
FIRE:  180 14:22:18     -449.876678        7.054591
FIRE:  181 14:22:18     -450.286011        3.397385
FIRE:  182 14:22:19     -450.181885        6.330170
FIRE:  183 14:22:19     -449.754669       10.870608
FIRE:  184 14:22:20     -450.144623        8.387150
FIRE:  185 14:22:20     -450.474640        4.810365
FIRE:  186 14:22:21     -450.651947        1.813581
FIRE:  187 14:22:21     -450.657501        1.830164
FIRE:  188 14:22:22     -450.667603        1.861974
FIRE:  189 14:22:22     -450.680756        1.906434
FIRE:  190 14:22:23     -450.695770        1.959995
FIRE:  191 14:22:23     -450.712555        2.018183
FIRE:  192 14:22:24     -450.732544        2.075527
FIRE:  193 14:22:24     -450.758392        2.124809
FIRE:  194 14:22:25     -450.797058        2.157885
FIRE:  195 14:22:25     -450.854065        2.148473
FIRE:  196 14:22:26     -450.933960        2.052008
FIRE:  197 14:22:26     -451.038574        1.815283
FIRE:  198 14:22:27     -451.166718        1.705866
FIRE:  199 14:22:27     -451.314514        2.000513
FIRE:  200 14:22:28     -451.474487        2.077260
FIRE:  201 14:22:28     -451.631958        1.842048
FIRE:  202 14:22:29     -451.764893        1.621706
FIRE:  203 14:22:29     -451.856598        1.701433
FIRE:  204 14:22:30     -451.882477        1.409988
FIRE:  205 14:22:30     -451.813690        2.106301
FIRE:  206 14:22:31     -451.676300        2.181418
FIRE:  207 14:22:31     -451.460846        2.334503
FIRE:  208 14:22:32     -451.185059        2.654849
FIRE:  209 14:22:32     -450.885529        2.787188
FIRE:  210 14:22:33     -450.598236        2.722294
FIRE:  211 14:22:33     -450.417084        2.404649
FIRE:  212 14:22:34     -450.382080        2.002107
FIRE:  213 14:22:34     -450.461945        2.096521
FIRE:  214 14:22:35     -450.681580        2.110533
FIRE:  215 14:22:35     -450.828369        2.783018
FIRE:  216 14:22:36     -450.935211        1.380036
FIRE:  217 14:22:36     -450.959747        0.968623
FIRE:  218 14:22:37     -450.988190        0.743245
FIRE:  219 14:22:37     -451.010864        0.960300
FIRE:  220 14:22:38     -451.040009        1.118326
FIRE:  221 14:22:38     -451.077942        0.631899
FIRE:  222 14:22:39     -451.109924        0.617898
FIRE:  223 14:22:39     -451.134949        0.768083
FIRE:  224 14:22:40     -451.168121        0.698896
FIRE:  225 14:22:40     -451.205017        0.453939
FIRE:  226 14:22:41     -451.236755        0.790152
FIRE:  227 14:22:41     -451.271698        0.422061
FIRE:  228 14:22:42     -451.297302        0.720366
FIRE:  229 14:22:42     -451.325165        0.659944
FIRE:  230 14:22:43     -451.353119        0.547736
FIRE:  231 14:22:43     -451.391205        0.542400
FIRE:  232 14:22:44     -451.430359        0.516174
FIRE:  233 14:22:44     -451.450043        0.506211
FIRE:  234 14:22:45     -451.457977        0.294130
FIRE:  235 14:22:46     -451.464081        0.305055
FIRE:  236 14:22:46     -451.469391        0.365481
FIRE:  237 14:22:47     -451.477081        0.201324
FIRE:  238 14:22:47     -451.480591        0.269593
FIRE:  239 14:22:48     -451.480621        0.366080
FIRE:  240 14:22:48     -451.480988        0.465474
FIRE:  241 14:22:49     -451.474792        0.659974
FIRE:  242 14:22:49     -451.455322        0.897298
FIRE:  243 14:22:50     -451.407837        1.371126
FIRE:  244 14:22:50     -451.288147        2.128888
FIRE:  245 14:22:51     -451.009949        3.060579
FIRE:  246 14:22:52     -450.583984        4.434992
FIRE:  247 14:22:52     -450.433472        2.880243
FIRE:  248 14:22:53     -450.214600        3.829425
FIRE:  249 14:22:53     -450.144470        3.196198
FIRE:  250 14:22:54     -450.315216        3.264379
FIRE:  251 14:22:54     -450.558319        2.713909
FIRE:  252 14:22:55     -450.720764        2.514880
FIRE:  253 14:22:55     -450.834564        3.359420
FIRE:  254 14:22:56     -451.246185        3.101168
FIRE:  255 14:22:56     -451.727814        3.115087
FIRE:  256 14:22:57     -451.816711        3.122700
FIRE:  257 14:22:57     -451.637115        3.712296
FIRE:  258 14:22:58     -451.486572        2.954067
FIRE:  259 14:22:58     -451.231049        1.927628
FIRE:  260 14:22:59     -450.945160        2.629232
FIRE:  261 14:22:59     -450.663147        2.301146
FIRE:  262 14:23:00     -450.338013        2.906965
FIRE:  263 14:23:01     -450.043091        3.323934
FIRE:  264 14:23:01     -449.900452        2.363321
FIRE:  265 14:23:02     -449.935181        2.743721
FIRE:  266 14:23:02     -450.116760        2.410670
FIRE:  267 14:23:03     -450.339783        1.805805
FIRE:  268 14:23:03     -450.428162        1.894750
FIRE:  269 14:23:04     -450.556061        3.347381
FIRE:  270 14:23:04     -450.646149        1.216471
FIRE:  271 14:23:05     -450.675781        1.596467
FIRE:  272 14:23:05     -450.686462        1.332827
FIRE:  273 14:23:06     -450.703735        1.338304
FIRE:  274 14:23:06     -450.722321        1.357030
FIRE:  275 14:23:07     -450.739532        1.395291
FIRE:  276 14:23:07     -450.757446        1.453005
FIRE:  277 14:23:08     -450.780334        1.524553
FIRE:  278 14:23:08     -450.810791        1.603726
FIRE:  279 14:23:09     -450.851959        1.695737
FIRE:  280 14:23:09     -450.901550        1.801956
FIRE:  281 14:23:10     -450.958435        1.925513
FIRE:  282 14:23:10     -451.028748        2.063194
FIRE:  283 14:23:11     -451.118530        2.193557
FIRE:  284 14:23:11     -451.214905        2.271846
FIRE:  285 14:23:12     -451.285187        2.283248
FIRE:  286 14:23:12     -451.283661        2.407332
FIRE:  287 14:23:13     -451.141876        2.850528
FIRE:  288 14:23:13     -450.798187        3.362065
FIRE:  289 14:23:14     -450.336700        3.623277
FIRE:  290 14:23:14     -449.903625        3.716069
FIRE:  291 14:23:15     -449.811310        3.928841
FIRE:  292 14:23:16     -450.284485        3.188704
FIRE:  293 14:23:16     -450.421387        3.924047
FIRE:  294 14:23:17     -450.441864        3.079754
FIRE:  295 14:23:17     -450.557648        5.615041
FIRE:  296 14:23:18     -450.842438        1.586268
FIRE:  297 14:23:18     -450.864075        1.317754
FIRE:  298 14:23:19     -450.898132        0.992923
FIRE:  299 14:23:19     -450.934692        1.235418
FIRE:  300 14:23:20     -450.972168        1.562058
FIRE:  301 14:23:20     -451.015259        1.557776
FIRE:  302 14:23:21     -451.064117        1.246829
FIRE:  303 14:23:21     -451.113220        1.053932
FIRE:  304 14:23:22     -451.164368        1.144879
FIRE:  305 14:23:22     -451.216949        0.984758
FIRE:  306 14:23:23     -451.263336        0.695110
FIRE:  307 14:23:23     -451.297058        0.873285
FIRE:  308 14:23:24     -451.320587        0.997919
FIRE:  309 14:23:24     -451.326569        1.166651
FIRE:  310 14:23:25     -451.322540        1.036247
FIRE:  311 14:23:25     -451.297882        1.276164
FIRE:  312 14:23:26     -451.256012        1.207810
FIRE:  313 14:23:26     -451.177795        1.464940
FIRE:  314 14:23:27     -451.049988        1.399177
FIRE:  315 14:23:27     -450.925507        1.436755
FIRE:  316 14:23:28     -450.867096        2.191380
FIRE:  317 14:23:28     -450.923462        2.061950
FIRE:  318 14:23:29     -451.038910        3.056487
FIRE:  319 14:23:29     -451.177979        2.518301
FIRE:  320 14:23:30     -451.233063        1.608220
FIRE:  321 14:23:30     -451.246857        1.092119
FIRE:  322 14:23:31     -451.260010        0.837418
FIRE:  323 14:23:31     -451.264496        0.971614
FIRE:  324 14:23:32     -451.269470        1.136280
FIRE:  325 14:23:32     -451.280121        1.083937
FIRE:  326 14:23:33     -451.285309        1.036070
FIRE:  327 14:23:33     -451.274780        1.186431
FIRE:  328 14:23:34     -451.252167        1.333185
FIRE:  329 14:23:34     -451.216583        1.430849
FIRE:  330 14:23:35     -451.146790        1.768435
FIRE:  331 14:23:35     -451.041534        2.192294
FIRE:  332 14:23:36     -450.938629        2.420478
FIRE:  333 14:23:37     -450.905792        2.438976
FIRE:  334 14:23:37     -450.958679        1.989076
FIRE:  335 14:23:38     -451.134125        2.546338
FIRE:  336 14:23:38     -451.533813        2.738903
FIRE:  337 14:23:39     -451.808350        2.965093
FIRE:  338 14:23:39     -451.798157        2.291547
FIRE:  339 14:23:40     -451.876892        2.283333
FIRE:  340 14:23:40     -451.969666        2.474153
FIRE:  341 14:23:41     -452.060638        2.804166
FIRE:  342 14:23:41     -452.195526        2.663381
FIRE:  343 14:23:42     -452.354797        1.816741
FIRE:  344 14:23:42     -452.462158        1.531639
FIRE:  345 14:23:43     -452.513794        2.260793
FIRE:  346 14:23:43     -452.525970        2.136641
FIRE:  347 14:23:44     -452.547363        1.895643
FIRE:  348 14:23:44     -452.572876        1.562365
FIRE:  349 14:23:45     -452.597076        1.211760
FIRE:  350 14:23:45     -452.602173        1.019313
FIRE:  351 14:23:46     -452.603882        1.042129
FIRE:  352 14:23:46     -452.606445        1.211657
FIRE:  353 14:23:47     -452.612183        1.335033
FIRE:  354 14:23:47     -452.624939        1.270472
FIRE:  355 14:23:48     -452.651703        1.547560
FIRE:  356 14:23:48     -452.703217        1.938241
FIRE:  357 14:23:49     -452.756592        2.312064
FIRE:  358 14:23:49     -452.774292        2.482911
FIRE:  359 14:23:50     -452.798004        1.966006
FIRE:  360 14:23:50     -452.827911        1.211344
FIRE:  361 14:23:51     -452.849030        2.031285
FIRE:  362 14:23:51     -452.849579        1.830734
FIRE:  363 14:23:52     -452.850281        1.448792
FIRE:  364 14:23:52     -452.850525        0.932548
FIRE:  365 14:23:53     -452.849670        0.741612
FIRE:  366 14:23:53     -452.847565        0.666744
FIRE:  367 14:23:54     -452.844116        0.692053
FIRE:  368 14:23:54     -452.839355        0.873854
FIRE:  369 14:23:55     -452.832275        0.879748
FIRE:  370 14:23:55     -452.821320        0.786346
FIRE:  371 14:23:56     -452.804260        0.918529
FIRE:  372 14:23:56     -452.778168        1.037563
FIRE:  373 14:23:57     -452.738739        1.094765
FIRE:  374 14:23:57     -452.679749        1.080099
FIRE:  375 14:23:58     -452.595886        1.157921
FIRE:  376 14:23:58     -452.492401        1.069145
FIRE:  377 14:23:59     -452.404572        0.767803
FIRE:  378 14:24:00     -452.406799        0.974205
FIRE:  379 14:24:00     -452.521301        1.159230
FIRE:  380 14:24:01     -452.532471        1.152671
FIRE:  381 14:24:01     -452.551239        1.151456
FIRE:  382 14:24:02     -452.573944        1.164868
FIRE:  383 14:24:02     -452.599579        1.188606
FIRE:  384 14:24:03     -452.628326        1.213580
FIRE:  385 14:24:03     -452.658356        1.239872
FIRE:  386 14:24:04     -452.686035        1.277427
FIRE:  387 14:24:04     -452.710022        1.339977
FIRE:  388 14:24:05     -452.724701        1.411669
FIRE:  389 14:24:05     -452.720978        1.445009
FIRE:  390 14:24:06     -452.687866        1.668710
FIRE:  391 14:24:06     -452.623413        1.731846
FIRE:  392 14:24:07     -452.557739        1.426996
FIRE:  393 14:24:07     -452.550812        1.525823
FIRE:  394 14:24:08     -452.565521        1.730838
FIRE:  395 14:24:08     -452.428741        3.189299
FIRE:  396 14:24:09     -452.175964        3.289614
FIRE:  397 14:24:09     -451.850342        2.695581
FIRE:  398 14:24:10     -451.454742        3.189157
FIRE:  399 14:24:10     -450.998993        3.370859
FIRE:  400 14:24:11     -450.536346        3.445685
FIRE:  401 14:24:11     -450.181763        3.009880
FIRE:  402 14:24:12     -449.994354        2.421399
FIRE:  403 14:24:12     -449.831604        3.981135
FIRE:  404 14:24:13     -449.826233        3.885005
FIRE:  405 14:24:13     -449.983215        2.879777
FIRE:  406 14:24:14     -449.903290        5.154950
FIRE:  407 14:24:14     -449.575073        5.050024
FIRE:  408 14:24:15     -449.156738        4.272850
FIRE:  409 14:24:15     -448.827423        3.582370
FIRE:  410 14:24:16     -448.587982        2.611405
FIRE:  411 14:24:16     -448.318787        2.715923
FIRE:  412 14:24:17     -448.092438        4.490393
FIRE:  413 14:24:17     -448.287201        4.681967
FIRE:  414 14:24:18     -448.585083        4.160169
FIRE:  415 14:24:18     -448.975159        5.634681
FIRE:  416 14:24:19     -449.691742        3.585186
FIRE:  417 14:24:19     -450.175995        3.363985
FIRE:  418 14:24:20     -450.317352        5.293506
FIRE:  419 14:24:20     -450.551788        5.191241
FIRE:  420 14:24:21     -450.953613        4.581374
FIRE:  421 14:24:21     -451.162109        2.225899
FIRE:  422 14:24:22     -451.271820        2.304054
FIRE:  423 14:24:22     -451.243225        3.265127
FIRE:  424 14:24:23     -451.273254        2.929648
FIRE:  425 14:24:23     -451.322174        2.403384
FIRE:  426 14:24:24     -451.372009        2.266658
FIRE:  427 14:24:24     -451.406006        2.109991
FIRE:  428 14:24:25     -451.418091        1.955557
FIRE:  429 14:24:25     -451.418365        1.825322
FIRE:  430 14:24:26     -451.423309        1.857789
FIRE:  431 14:24:26     -451.444672        1.747867
FIRE:  432 14:24:27     -451.479858        1.696525
FIRE:  433 14:24:27     -451.505951        1.818003
FIRE:  434 14:24:28     -451.495026        2.024768
FIRE:  435 14:24:28     -451.451935        2.216877
FIRE:  436 14:24:29     -451.400726        2.294029
FIRE:  437 14:24:29     -451.322693        2.228412
FIRE:  438 14:24:30     -451.167664        2.112251
FIRE:  439 14:24:30     -450.996735        1.992939
FIRE:  440 14:24:31     -450.913269        1.511872
FIRE:  441 14:24:31     -450.973907        2.167161
FIRE:  442 14:24:32     -451.002716        2.118516
FIRE:  443 14:24:32     -451.055267        2.128063
FIRE:  444 14:24:33     -451.126984        2.345339
FIRE:  445 14:24:33     -451.221222        2.802220
FIRE:  446 14:24:34     -451.352203        3.359299
FIRE:  447 14:24:34     -451.537994        3.784137
FIRE:  448 14:24:35     -451.784760        3.763692
FIRE:  449 14:24:35     -452.095337        3.616670
FIRE:  450 14:24:36     -452.378906        2.825356
FIRE:  451 14:24:37     -452.535522        2.395255
FIRE:  452 14:24:37     -452.577057        2.687086
FIRE:  453 14:24:38     -452.561371        2.805429
FIRE:  454 14:24:38     -452.564667        2.691733
FIRE:  455 14:24:39     -452.573395        1.738158
FIRE:  456 14:24:39     -452.481995        2.049431
FIRE:  457 14:24:40     -452.408203        1.722303
FIRE:  458 14:24:40     -452.322357        3.078604
FIRE:  459 14:24:41     -452.155975        3.973750
FIRE:  460 14:24:41     -451.985992        3.393125
FIRE:  461 14:24:42     -451.784393        3.150416
FIRE:  462 14:24:42     -451.536041        3.683017
FIRE:  463 14:24:43     -451.217651        4.393232
FIRE:  464 14:24:43     -451.018951        4.545526
FIRE:  465 14:24:44     -451.263458        4.049778
FIRE:  466 14:24:44     -451.556091        3.051804
FIRE:  467 14:24:45     -451.026550        6.112842
FIRE:  468 14:24:45     -450.477142        5.135138
FIRE:  469 14:24:46     -450.339752        4.839849
FIRE:  470 14:24:46     -450.583252        2.719326
FIRE:  471 14:24:47     -450.148956        7.374670
FIRE:  472 14:24:47     -450.004822        4.879803
FIRE:  473 14:24:48     -449.696045        4.434221
FIRE:  474 14:24:48     -449.031708        6.337274
FIRE:  475 14:24:49     -448.648254        5.118409
FIRE:  476 14:24:49     -448.639465        4.768498
FIRE:  477 14:24:50     -448.850311        3.967044
FIRE:  478 14:24:50     -448.865204        4.223749
FIRE:  479 14:24:51     -449.137146        5.823593
FIRE:  480 14:24:52     -450.062805        3.746293
FIRE:  481 14:24:52     -450.281525        6.133640
FIRE:  482 14:24:53     -450.502258        8.140825
FIRE:  483 14:24:53     -450.449921        8.740133
FIRE:  484 14:24:54     -450.735870        6.720944
FIRE:  485 14:24:54     -451.039886        3.251619
FIRE:  486 14:24:55     -451.147095        1.745493
FIRE:  487 14:24:55     -451.152435        1.742970
FIRE:  488 14:24:56     -451.161011        1.738803
FIRE:  489 14:24:56     -451.169464        1.734652
FIRE:  490 14:24:57     -451.174652        1.732570
FIRE:  491 14:24:57     -451.175140        1.734221
FIRE:  492 14:24:58     -451.171967        1.740091
FIRE:  493 14:24:58     -451.167419        1.748475
FIRE:  494 14:24:59     -451.162354        1.755930
FIRE:  495 14:24:59     -451.155090        1.753995
FIRE:  496 14:25:00     -451.140381        1.728528
FIRE:  497 14:25:00     -451.113495        1.835609
FIRE:  498 14:25:01     -451.077545        1.912381
FIRE:  499 14:25:01     -451.042847        1.919732
FIRE:  500 14:25:02     -451.020844        1.833131
FIRE:  501 14:25:02     -451.034363        1.642074
FIRE:  502 14:25:03     -451.106873        1.370792
FIRE:  503 14:25:03     -451.186768        1.303492
FIRE:  504 14:25:04     -451.257843        2.245430
FIRE:  505 14:25:04     -451.595459        4.312960
FIRE:  506 14:25:05     -452.338135        1.868490
FIRE:  507 14:25:05     -452.283417        1.584710
FIRE:  508 14:25:06     -452.319885        1.440074
FIRE:  509 14:25:06     -452.379303        1.427732
FIRE:  510 14:25:07     -452.444489        1.371637
FIRE:  511 14:25:07     -452.505127        1.240145
FIRE:  512 14:25:08     -452.559967        1.171846
FIRE:  513 14:25:09     -452.613190        1.485441
FIRE:  514 14:25:09     -452.671448        1.548136
FIRE:  515 14:25:10     -452.746735        1.367001
FIRE:  516 14:25:10     -452.834869        1.172599
FIRE:  517 14:25:11     -452.918091        0.909890
FIRE:  518 14:25:11     -452.980957        1.009261
FIRE:  519 14:25:12     -453.025940        1.132398
FIRE:  520 14:25:12     -453.074707        1.521425
FIRE:  521 14:25:13     -453.133728        1.825570
FIRE:  522 14:25:13     -453.151611        1.253726
FIRE:  523 14:25:14     -453.067627        1.121059
FIRE:  524 14:25:14     -452.943176        1.298279
FIRE:  525 14:25:15     -452.816833        1.380016
FIRE:  526 14:25:15     -452.657288        1.193632
FIRE:  527 14:25:16     -452.451843        1.425189
FIRE:  528 14:25:16     -452.236328        1.466722
FIRE:  529 14:25:17     -452.062256        1.950956
FIRE:  530 14:25:17     -452.018707        2.336699
FIRE:  531 14:25:18     -451.983124        1.932818
FIRE:  532 14:25:18     -451.517975        4.605416
FIRE:  533 14:25:19     -451.113739        4.335732
FIRE:  534 14:25:19     -451.120148        3.192879
FIRE:  535 14:25:20     -451.591675        2.318474
FIRE:  536 14:25:20     -451.481689        4.166174
FIRE:  537 14:25:21     -450.976898        4.880335
FIRE:  538 14:25:22     -450.774841        2.932895
FIRE:  539 14:25:22     -450.758850        3.119488
FIRE:  540 14:25:23     -450.483734        5.224069
FIRE:  541 14:25:23     -450.226624        3.589823
FIRE:  542 14:25:24     -449.902740        3.835776
FIRE:  543 14:25:24     -449.711029        3.901475
FIRE:  544 14:25:25     -449.311646        8.273328
FIRE:  545 14:25:25     -448.312653       13.766052
FIRE:  546 14:25:26     -447.813477        9.383203
FIRE:  547 14:25:26     -447.500092        5.490123
FIRE:  548 14:25:27     -447.127411       10.509019
FIRE:  549 14:25:27     -448.140747        6.901996
FIRE:  550 14:25:28     -448.454956        7.672640
FIRE:  551 14:25:28     -448.513184        6.005582
FIRE:  552 14:25:29     -448.788757        4.318136
FIRE:  553 14:25:29     -448.971619        1.839703
FIRE:  554 14:25:30     -448.859711        4.348591
FIRE:  555 14:25:30     -448.900787        3.813875
FIRE:  556 14:25:31     -448.963257        2.860738
FIRE:  557 14:25:31     -449.019287        1.815454
FIRE:  558 14:25:32     -449.047821        1.649638
FIRE:  559 14:25:33     -449.047028        1.500114
FIRE:  560 14:25:33     -449.034912        2.036078
FIRE:  561 14:25:34     -449.031586        2.306614
FIRE:  562 14:25:34     -449.049500        2.239512
FIRE:  563 14:25:35     -449.090179        1.771999
FIRE:  564 14:25:35     -449.138641        1.198457
FIRE:  565 14:25:36     -449.176270        1.541398
FIRE:  566 14:25:36     -449.229706        2.619084
FIRE:  567 14:25:37     -449.402100        3.984822
FIRE:  568 14:25:37     -449.840179        5.391616
FIRE:  569 14:25:38     -450.600647        4.678552
FIRE:  570 14:25:38     -451.123627        2.150395
FIRE:  571 14:25:39     -450.949402        5.448998
FIRE:  572 14:25:39     -451.025055        5.086816
FIRE:  573 14:25:40     -451.155060        4.361067
FIRE:  574 14:25:40     -451.301361        3.298723
FIRE:  575 14:25:41     -451.419983        2.084996
FIRE:  576 14:25:42     -451.480499        1.567958
FIRE:  577 14:25:42     -451.490814        2.185873
FIRE:  578 14:25:43     -451.495300        2.162671
FIRE:  579 14:25:43     -451.503906        2.118422
FIRE:  580 14:25:44     -451.515839        2.057497
FIRE:  581 14:25:44     -451.530182        1.986723
FIRE:  582 14:25:45     -451.545959        1.915072
FIRE:  583 14:25:45     -451.562317        1.853093
FIRE:  584 14:25:46     -451.578705        1.810993
FIRE:  585 14:25:46     -451.596710        1.795622
FIRE:  586 14:25:47     -451.617004        1.817117
FIRE:  587 14:25:47     -451.641113        1.875755
FIRE:  588 14:25:48     -451.671631        1.958990
FIRE:  589 14:25:48     -451.711853        2.044677
FIRE:  590 14:25:49     -451.765076        2.107595
FIRE:  591 14:25:49     -451.833801        2.126904
FIRE:  592 14:25:50     -451.919342        2.094502
FIRE:  593 14:25:50     -452.022400        2.019682
FIRE:  594 14:25:51     -452.143799        1.911612
FIRE:  595 14:25:52     -452.282196        1.738710
FIRE:  596 14:25:52     -452.428589        1.453043
FIRE:  597 14:25:53     -452.565674        1.424664
FIRE:  598 14:25:53     -452.677460        1.721438
FIRE:  599 14:25:54     -452.751923        1.666084
FIRE:  600 14:25:54     -452.770752        1.188464
FIRE:  601 14:25:55     -452.720764        1.384951
FIRE:  602 14:25:55     -452.728394        1.345352
FIRE:  603 14:25:56     -452.740234        1.288378
FIRE:  604 14:25:56     -452.751068        1.249315
FIRE:  605 14:25:57     -452.756287        1.251284
FIRE:  606 14:25:57     -452.753113        1.282820
FIRE:  607 14:25:58     -452.739868        1.315140
FIRE:  608 14:25:58     -452.714935        1.351476
FIRE:  609 14:25:59     -452.671997        1.688596
FIRE:  610 14:25:59     -452.604645        2.027207
FIRE:  611 14:26:00     -452.503967        2.307017
FIRE:  612 14:26:00     -452.352539        2.481219
FIRE:  613 14:26:01     -452.117279        2.526546
FIRE:  614 14:26:01     -451.755127        2.505526
FIRE:  615 14:26:02     -451.318726        2.488252
FIRE:  616 14:26:02     -451.031342        2.695214
FIRE:  617 14:26:03     -451.177948        3.532891
FIRE:  618 14:26:03     -451.183289        3.857111
FIRE:  619 14:26:04     -450.656860        5.218135
FIRE:  620 14:26:04     -450.386597        4.231298
FIRE:  621 14:26:05     -450.309357        3.513905
FIRE:  622 14:26:05     -450.324768        3.376823
FIRE:  623 14:26:06     -450.362762        2.797242
FIRE:  624 14:26:06     -450.050812        3.979449
FIRE:  625 14:26:07     -449.801361        4.373496
FIRE:  626 14:26:07     -449.675598        4.359700
FIRE:  627 14:26:08     -449.735260        4.176866
FIRE:  628 14:26:08     -450.094574        2.900034
FIRE:  629 14:26:09     -450.601868        2.345335
FIRE:  630 14:26:09     -450.678101        6.519370
FIRE:  631 14:26:10     -451.080841        3.036696
FIRE:  632 14:26:11     -450.771118        5.968481
FIRE:  633 14:26:11     -450.933380        4.161815
FIRE:  634 14:26:12     -451.081482        3.154248
FIRE:  635 14:26:12     -451.068390        3.259626
FIRE:  636 14:26:13     -450.952209        4.352468
FIRE:  637 14:26:13     -450.898529        4.856395
FIRE:  638 14:26:14     -450.959564        3.739852
FIRE:  639 14:26:14     -451.034882        3.146070
FIRE:  640 14:26:15     -450.998138        2.898144
FIRE:  641 14:26:15     -450.910522        3.635885
FIRE:  642 14:26:16     -450.914978        2.511064
FIRE:  643 14:26:16     -450.806213        3.393496
FIRE:  644 14:26:17     -450.453156        3.909892
FIRE:  645 14:26:17     -450.211273        3.762191
FIRE:  646 14:26:18     -450.099060        3.138144
FIRE:  647 14:26:18     -450.109558        2.669472
FIRE:  648 14:26:19     -450.044800        3.366893
FIRE:  649 14:26:19     -449.981476        2.284236
FIRE:  650 14:26:20     -449.850891        3.603795
FIRE:  651 14:26:20     -449.975983        3.929855
FIRE:  652 14:26:21     -450.418060        3.288044
FIRE:  653 14:26:21     -450.993896        2.422053
FIRE:  654 14:26:22     -451.450623        1.923343
FIRE:  655 14:26:22     -451.735443        3.118329
FIRE:  656 14:26:23     -451.920319        1.776194
FIRE:  657 14:26:23     -451.939606        3.008659
FIRE:  658 14:26:24     -451.978607        2.381970
FIRE:  659 14:26:24     -452.016632        1.435372
FIRE:  660 14:26:25     -452.023315        1.098337
FIRE:  661 14:26:25     -452.014587        1.250504
FIRE:  662 14:26:26     -452.015137        1.477697
FIRE:  663 14:26:26     -452.020966        1.678012
FIRE:  664 14:26:27     -452.015625        1.776848
FIRE:  665 14:26:27     -451.990173        1.766685
FIRE:  666 14:26:28     -451.934204        2.153595
FIRE:  667 14:26:28     -451.818756        2.698333
FIRE:  668 14:26:29     -451.616333        2.935028
FIRE:  669 14:26:29     -451.280212        3.218202
FIRE:  670 14:26:30     -450.799042        3.801238
FIRE:  671 14:26:30     -450.381866        3.705993
FIRE:  672 14:26:31     -450.154083        3.174795
FIRE:  673 14:26:32     -450.147430        2.491568
FIRE:  674 14:26:32     -450.004852        2.731111
FIRE:  675 14:26:33     -449.599945        3.895817
FIRE:  676 14:26:33     -449.352417        4.532949
FIRE:  677 14:26:34     -449.583618        4.376518
FIRE:  678 14:26:34     -449.922180        4.538993
FIRE:  679 14:26:35     -450.267944        3.987549
FIRE:  680 14:26:35     -450.617065        2.623101
FIRE:  681 14:26:36     -450.747955        3.568470
FIRE:  682 14:26:36     -450.899597        2.713100
FIRE:  683 14:26:37     -451.231842        1.831979
FIRE:  684 14:26:37     -451.508881        1.932110
FIRE:  685 14:26:38     -451.583099        3.493693
FIRE:  686 14:26:38     -451.719238        2.333547
FIRE:  687 14:26:39     -451.818024        1.952309
FIRE:  688 14:26:39     -451.839172        3.005464
FIRE:  689 14:26:40     -451.911530        2.498555
FIRE:  690 14:26:40     -451.981293        1.221477
FIRE:  691 14:26:41     -451.969421        2.583289
FIRE:  692 14:26:41     -451.960480        2.840920
FIRE:  693 14:26:42     -451.982941        1.830493
FIRE:  694 14:26:42     -451.918152        2.439081
FIRE:  695 14:26:43     -451.734009        3.068270
FIRE:  696 14:26:43     -451.380127        3.021391
FIRE:  697 14:26:44     -450.942139        2.888851
FIRE:  698 14:26:44     -450.512482        3.087566
FIRE:  699 14:26:45     -450.049408        3.795599
FIRE:  700 14:26:45     -449.641846        4.349151
FIRE:  701 14:26:46     -449.523499        4.564997
FIRE:  702 14:26:46     -449.698517        4.005475
FIRE:  703 14:26:47     -449.770386        3.330916
FIRE:  704 14:26:47     -449.554779        4.272885
FIRE:  705 14:26:48     -449.358398        4.513244
FIRE:  706 14:26:48     -449.482086        3.709582
FIRE:  707 14:26:49     -449.999237        3.697404
FIRE:  708 14:26:49     -450.619629        3.189391
FIRE:  709 14:26:50     -450.776489        5.731692
FIRE:  710 14:26:50     -451.072174        3.208920
FIRE:  711 14:26:51     -450.966553        3.989900
FIRE:  712 14:26:51     -451.026428        3.108956
FIRE:  713 14:26:52     -451.091064        2.403318
FIRE:  714 14:26:52     -451.104706        2.479354
FIRE:  715 14:26:53     -451.068634        2.794278
FIRE:  716 14:26:54     -451.033142        3.254517
FIRE:  717 14:26:54     -451.032013        3.251315
FIRE:  718 14:26:55     -451.050446        3.123087
FIRE:  719 14:26:55     -451.047607        2.823595
FIRE:  720 14:26:56     -451.012939        2.537358
FIRE:  721 14:26:56     -450.997833        2.177846
FIRE:  722 14:26:57     -450.958466        2.351288
FIRE:  723 14:26:57     -450.791107        3.041833
FIRE:  724 14:26:58     -450.598724        3.055439
FIRE:  725 14:26:58     -450.449280        2.830133
FIRE:  726 14:26:59     -450.384308        3.631405
FIRE:  727 14:26:59     -450.301239        3.906906
FIRE:  728 14:27:00     -450.031494        3.140341
FIRE:  729 14:27:00     -449.681213        3.964955
FIRE:  730 14:27:01     -449.471405        4.455407
FIRE:  731 14:27:01     -449.494598        3.582307
FIRE:  732 14:27:02     -449.666229        2.403361
FIRE:  733 14:27:02     -450.022125        3.206455
FIRE:  734 14:27:03     -450.655212        2.713521
FIRE:  735 14:27:03     -451.118256        3.167965
FIRE:  736 14:27:04     -451.380524        3.767722
FIRE:  737 14:27:04     -451.579010        3.571615
FIRE:  738 14:27:05     -451.581726        4.739112
FIRE:  739 14:27:05     -452.016357        1.591824
FIRE:  740 14:27:06     -451.912354        5.083863
FIRE:  741 14:27:06     -452.124817        3.174144
FIRE:  742 14:27:07     -452.244293        1.421961
FIRE:  743 14:27:07     -452.248383        1.378337
FIRE:  744 14:27:08     -452.255890        1.297313
FIRE:  745 14:27:08     -452.265564        1.191879
FIRE:  746 14:27:09     -452.276367        1.081015
FIRE:  747 14:27:09     -452.287689        0.985374
FIRE:  748 14:27:10     -452.299561        0.990995
FIRE:  749 14:27:10     -452.311981        1.046916
FIRE:  750 14:27:11     -452.326080        1.042296
FIRE:  751 14:27:11     -452.340637        0.991515
FIRE:  752 14:27:12     -452.353210        1.150376
FIRE:  753 14:27:12     -452.360901        1.351197
FIRE:  754 14:27:13     -452.360962        1.527370
FIRE:  755 14:27:13     -452.349213        1.630618
FIRE:  756 14:27:14     -452.318604        1.677602
FIRE:  757 14:27:14     -452.256805        1.767669
FIRE:  758 14:27:15     -452.139069        2.033689
FIRE:  759 14:27:16     -451.916779        2.485141
FIRE:  760 14:27:16     -451.519348        2.844856
FIRE:  761 14:27:17     -451.111633        2.462000
FIRE:  762 14:27:17     -451.109741        4.270490
FIRE:  763 14:27:18     -451.567963        2.803547
FIRE:  764 14:27:18     -451.684265        2.544018
FIRE:  765 14:27:19     -451.842926        2.496009
FIRE:  766 14:27:19     -451.996216        2.453387
FIRE:  767 14:27:20     -452.142883        1.676741
FIRE:  768 14:27:20     -452.255890        1.207430
FIRE:  769 14:27:21     -452.311157        1.222156
FIRE:  770 14:27:21     -452.346130        1.622180
FIRE:  771 14:27:22     -452.392334        1.061632
FIRE:  772 14:27:22     -452.423248        0.918047
FIRE:  773 14:27:23     -452.431610        0.884818
FIRE:  774 14:27:23     -452.421661        0.754724
FIRE:  775 14:27:24     -452.380920        0.938417
FIRE:  776 14:27:24     -452.307770        1.393187
FIRE:  777 14:27:25     -452.164337        1.837874
FIRE:  778 14:27:25     -451.966339        2.142181
FIRE:  779 14:27:26     -451.741486        2.528958
FIRE:  780 14:27:26     -451.641052        2.570925
FIRE:  781 14:27:27     -451.614410        1.777834
FIRE:  782 14:27:27     -451.486206        2.292646
FIRE:  783 14:27:28     -451.516693        2.021721
FIRE:  784 14:27:28     -451.423492        1.919668
FIRE:  785 14:27:29     -451.009918        2.934238
FIRE:  786 14:27:29     -450.612122        2.891000
FIRE:  787 14:27:30     -450.400482        1.704034
FIRE:  788 14:27:30     -450.289978        1.644381
FIRE:  789 14:27:31     -450.276031        1.773795
FIRE:  790 14:27:31     -450.141998        2.674472
FIRE:  791 14:27:32     -449.965790        3.598694
FIRE:  792 14:27:32     -449.939087        3.837696
FIRE:  793 14:27:33     -450.110657        3.495434
FIRE:  794 14:27:33     -450.358459        3.130004
FIRE:  795 14:27:34     -450.553497        2.306309
FIRE:  796 14:27:34     -450.521454        2.154389
FIRE:  797 14:27:35     -450.410950        2.371743
FIRE:  798 14:27:35     -450.733307        3.813714
FIRE:  799 14:27:36     -451.525360        2.577556
FIRE:  800 14:27:36     -451.867462        2.140242
FIRE:  801 14:27:37     -451.352173        7.594745
FIRE:  802 14:27:37     -451.746429        5.372271
FIRE:  803 14:27:38     -451.976715        2.326494
FIRE:  804 14:27:38     -452.048553        1.714808
FIRE:  805 14:27:39     -452.052460        1.558799
FIRE:  806 14:27:39     -452.058624        1.265664
FIRE:  807 14:27:40     -452.064270        1.037206
FIRE:  808 14:27:40     -452.067017        0.949659
FIRE:  809 14:27:41     -452.065979        0.924588
FIRE:  810 14:27:41     -452.062561        0.977257
FIRE:  811 14:27:42     -452.059052        1.048067
FIRE:  812 14:27:42     -452.056458        1.148452
FIRE:  813 14:27:43     -452.053772        1.282428
FIRE:  814 14:27:43     -452.046814        1.442978
FIRE:  815 14:27:44     -452.030548        1.605240
FIRE:  816 14:27:44     -452.002716        1.740196
FIRE:  817 14:27:45     -451.959503        1.849647
FIRE:  818 14:27:45     -451.884338        2.248579
FIRE:  819 14:27:46     -451.745575        2.791431
FIRE:  820 14:27:46     -451.501038        3.374299
FIRE:  821 14:27:47     -451.074860        3.918025
FIRE:  822 14:27:48     -450.464294        4.222360
FIRE:  823 14:27:48     -449.885040        4.076940
FIRE:  824 14:27:49     -449.476715        3.302692
FIRE:  825 14:27:49     -449.378937        2.510227
FIRE:  826 14:27:50     -449.387909        2.846880
FIRE:  827 14:27:50     -449.199615        4.537187
FIRE:  828 14:27:51     -449.175140        3.552804
FIRE:  829 14:27:51     -449.317444        3.750862
FIRE:  830 14:27:52     -449.545166        3.244627
FIRE:  831 14:27:52     -449.653992        3.452165
FIRE:  832 14:27:53     -449.864044        4.151252
FIRE:  833 14:27:53     -450.211273        3.368725
FIRE:  834 14:27:54     -450.454437        3.007086
FIRE:  835 14:27:54     -450.629791        3.110482
FIRE:  836 14:27:55     -450.959167        4.974401
FIRE:  837 14:27:55     -451.452698        4.053309
FIRE:  838 14:27:56     -451.771698        1.999638
FIRE:  839 14:27:56     -451.787659        3.372411
FIRE:  840 14:27:57     -451.844543        2.584065
FIRE:  841 14:27:57     -451.916412        1.502105
FIRE:  842 14:27:58     -451.958557        1.148334
FIRE:  843 14:27:58     -451.965637        1.578581
FIRE:  844 14:27:59     -451.969421        1.507951
FIRE:  845 14:27:59     -451.976410        1.370033
FIRE:  846 14:28:00     -451.985718        1.171984
FIRE:  847 14:28:00     -451.996094        0.992684
FIRE:  848 14:28:01     -452.006348        0.951422
FIRE:  849 14:28:01     -452.015686        0.905822
FIRE:  850 14:28:02     -452.023773        0.859382
FIRE:  851 14:28:02     -452.031769        0.812468
FIRE:  852 14:28:03     -452.040588        0.772170
FIRE:  853 14:28:03     -452.051758        0.855584
FIRE:  854 14:28:04     -452.066345        0.812393
FIRE:  855 14:28:04     -452.083832        0.750045
FIRE:  856 14:28:05     -452.101532        0.767105
FIRE:  857 14:28:05     -452.116119        0.773324
FIRE:  858 14:28:06     -452.127869        0.759370
FIRE:  859 14:28:06     -452.139740        0.727327
FIRE:  860 14:28:07     -452.150055        0.681993
FIRE:  861 14:28:07     -452.150696        0.711622
FIRE:  862 14:28:08     -452.139648        0.875713
FIRE:  863 14:28:08     -452.116425        1.132557
FIRE:  864 14:28:09     -452.062866        1.431482
FIRE:  865 14:28:09     -451.963531        1.740790
FIRE:  866 14:28:10     -451.782837        2.091353
FIRE:  867 14:28:10     -451.444122        2.448446
FIRE:  868 14:28:11     -450.910492        2.377718
FIRE:  869 14:28:11     -450.512360        2.023934
FIRE:  870 14:28:12     -450.795502        3.474947
FIRE:  871 14:28:12     -450.904327        3.379379
FIRE:  872 14:28:13     -451.081177        3.149401
FIRE:  873 14:28:13     -451.265625        3.047252
FIRE:  874 14:28:14     -451.406097        2.966519
FIRE:  875 14:28:14     -451.475159        2.682785
FIRE:  876 14:28:15     -451.472961        2.272369
FIRE:  877 14:28:15     -451.437622        2.440690
FIRE:  878 14:28:16     -451.462830        2.550141
FIRE:  879 14:28:16     -451.663757        2.181761
FIRE:  880 14:28:17     -451.945892        1.927166
FIRE:  881 14:28:17     -451.979797        1.851352
FIRE:  882 14:28:18     -452.041290        1.718138
FIRE:  883 14:28:18     -452.120453        1.553205
FIRE:  884 14:28:19     -452.207550        1.378869
FIRE:  885 14:28:20     -452.295654        1.194955
FIRE:  886 14:28:20     -452.380219        1.121189
FIRE:  887 14:28:21     -452.456848        0.938039
FIRE:  888 14:28:21     -452.527496        0.951351
FIRE:  889 14:28:22     -452.588684        1.186115
FIRE:  890 14:28:22     -452.645782        1.235894
FIRE:  891 14:28:23     -452.703217        0.986013
FIRE:  892 14:28:23     -452.752289        0.957788
FIRE:  893 14:28:24     -452.780151        1.100584
FIRE:  894 14:28:24     -452.771820        1.077158
FIRE:  895 14:28:25     -452.774963        1.046154
FIRE:  896 14:28:25     -452.779663        1.004030
FIRE:  897 14:28:26     -452.783386        0.988337
FIRE:  898 14:28:26     -452.783691        1.033926
FIRE:  899 14:28:27     -452.779175        1.139206
FIRE:  900 14:28:27     -452.769470        1.268794
FIRE:  901 14:28:28     -452.754303        1.392139
FIRE:  902 14:28:28     -452.729919        1.516316
FIRE:  903 14:28:29     -452.690979        1.659524
FIRE:  904 14:28:29     -452.631012        1.837703
FIRE:  905 14:28:30     -452.544861        2.036724
FIRE:  906 14:28:30     -452.431335        2.223797
FIRE:  907 14:28:31     -452.301636        2.349575
FIRE:  908 14:28:31     -452.208221        2.242196
FIRE:  909 14:28:32     -452.272430        2.059280
FIRE:  910 14:28:32     -452.513275        1.636808
FIRE:  911 14:28:33     -452.755676        1.770528
FIRE:  912 14:28:33     -452.786560        1.561721
FIRE:  913 14:28:34     -452.835846        1.195394
FIRE:  914 14:28:34     -452.884735        1.096267
FIRE:  915 14:28:35     -452.920746        1.228588
FIRE:  916 14:28:35     -452.949158        1.629922
FIRE:  917 14:28:36     -452.983398        1.728815
FIRE:  918 14:28:36     -453.024017        1.447964
FIRE:  919 14:28:37     -453.059052        0.901354
FIRE:  920 14:28:37     -453.068787        1.224888
FIRE:  921 14:28:38     -453.057861        1.557711
FIRE:  922 14:28:38     -453.043457        1.427007
FIRE:  923 14:28:39     -453.015869        0.915780
FIRE:  924 14:28:39     -452.956909        1.401185
FIRE:  925 14:28:40     -452.922607        0.950796
FIRE:  926 14:28:40     -452.923157        1.147362
FIRE:  927 14:28:41     -452.956696        1.290832
FIRE:  928 14:28:41     -452.879242        1.778325
FIRE:  929 14:28:42     -452.649689        2.063948
FIRE:  930 14:28:42     -452.393433        2.398785
FIRE:  931 14:28:43     -452.082306        3.050311
FIRE:  932 14:28:43     -451.759521        2.875758
FIRE:  933 14:28:44     -451.446503        2.488185
FIRE:  934 14:28:44     -451.195892        1.977240
FIRE:  935 14:28:45     -451.132141        1.908031
FIRE:  936 14:28:45     -451.260345        1.758745
FIRE:  937 14:28:46     -451.292877        3.605299
FIRE:  938 14:28:46     -451.268890        4.360086
FIRE:  939 14:28:47     -450.992950        5.050154
FIRE:  940 14:28:47     -450.540894        5.263123
FIRE:  941 14:28:48     -450.034698        5.113675
FIRE:  942 14:28:48     -449.597351        4.694429
FIRE:  943 14:28:49     -449.356781        4.071902
FIRE:  944 14:28:49     -449.308289        3.301141
FIRE:  945 14:28:50     -449.238831        3.235597
FIRE:  946 14:28:50     -448.975830        3.880832
FIRE:  947 14:28:51     -448.790375        4.649621
FIRE:  948 14:28:51     -448.928040        4.336476
FIRE:  949 14:28:52     -449.128143        2.546314
FIRE:  950 14:28:52     -449.178406        3.840916
FIRE:  951 14:28:53     -449.228302        3.960823
FIRE:  952 14:28:53     -449.236542        2.962089
FIRE:  953 14:28:54     -449.039795        3.203981
FIRE:  954 14:28:54     -449.556213        2.919044
FIRE:  955 14:28:55     -449.191315        6.260541
FIRE:  956 14:28:56     -449.582275        4.272010
FIRE:  957 14:28:56     -449.852661        2.398936
FIRE:  958 14:28:57     -449.995728        1.150728
FIRE:  959 14:28:57     -450.000580        1.080165
FIRE:  960 14:28:58     -450.009369        1.056216
FIRE:  961 14:28:58     -450.020691        1.036784
FIRE:  962 14:28:59     -450.033264        1.013155
FIRE:  963 14:28:59     -450.046448        0.986341
FIRE:  964 14:29:00     -450.060669        0.957097
FIRE:  965 14:29:00     -450.076752        0.926275
FIRE:  966 14:29:01     -450.097534        0.891592
FIRE:  967 14:29:01     -450.123627        0.853462
FIRE:  968 14:29:02     -450.154236        0.809753
FIRE:  969 14:29:02     -450.188324        0.752597
FIRE:  970 14:29:03     -450.227173        0.675535
FIRE:  971 14:29:03     -450.273193        0.593346
FIRE:  972 14:29:04     -450.325134        0.523227
FIRE:  973 14:29:04     -450.381683        0.558672
FIRE:  974 14:29:05     -450.445007        0.559015
FIRE:  975 14:29:05     -450.509735        0.563998
FIRE:  976 14:29:06     -450.573517        0.644812
FIRE:  977 14:29:06     -450.627411        0.710924
FIRE:  978 14:29:07     -450.669189        0.669936
FIRE:  979 14:29:07     -450.693604        0.751967
FIRE:  980 14:29:08     -450.700775        0.897769
FIRE:  981 14:29:09     -450.689423        1.436519
FIRE:  982 14:29:09     -450.710999        2.435874
FIRE:  983 14:29:10     -450.774841        2.374705
FIRE:  984 14:29:10     -450.673126        2.396508
FIRE:  985 14:29:11     -450.536133        2.425399
FIRE:  986 14:29:11     -450.409210        2.336240
FIRE:  987 14:29:12     -450.245331        2.413682
FIRE:  988 14:29:12     -450.163696        2.776690
FIRE:  989 14:29:13     -450.310211        3.113384
FIRE:  990 14:29:13     -450.667694        2.659182
FIRE:  991 14:29:14     -450.995758        2.580385
FIRE:  992 14:29:14     -451.121155        2.348234
FIRE:  993 14:29:15     -451.289154        3.760590
FIRE:  994 14:29:15     -451.549957        3.440208
FIRE:  995 14:29:15     -451.617554        3.735096
FIRE:  996 14:29:16     -451.734802        3.363450
FIRE:  997 14:29:16     -451.701996        2.913220
FIRE:  998 14:29:17     -451.671783        2.161989
FIRE:  999 14:29:17     -451.491608        3.084930
FIRE:  1000 14:29:18     -451.021759        4.506073
FIRE:  1001 14:29:18     -450.568085        4.196116
FIRE:  1002 14:29:19     -450.290802        3.082255
FIRE:  1003 14:29:20     -450.185089        3.353141
FIRE:  1004 14:29:20     -450.182800        2.517227
FIRE:  1005 14:29:21     -450.129120        1.817668
FIRE:  1006 14:29:21     -449.982849        2.573599
FIRE:  1007 14:29:21     -449.915649        2.694313
FIRE:  1008 14:29:22     -450.044495        3.032188
FIRE:  1009 14:29:23     -450.359467        2.509779
FIRE:  1010 14:29:23     -450.691406        2.422254
FIRE:  1011 14:29:24     -450.761871        2.519270
FIRE:  1012 14:29:24     -450.810822        1.193612
FIRE:  1013 14:29:25     -450.828949        1.362617
FIRE:  1014 14:29:25     -450.818054        2.413144
FIRE:  1015 14:29:26     -450.840790        1.801420
FIRE:  1016 14:29:26     -450.865448        0.756191
FIRE:  1017 14:29:27     -450.854095        1.598855
FIRE:  1018 14:29:27     -450.850464        1.649606
FIRE:  1019 14:29:28     -450.864014        0.861530
FIRE:  1020 14:29:28     -450.855621        1.411109
FIRE:  1021 14:29:29     -450.867249        0.879757
FIRE:  1022 14:29:29     -450.875275        1.158271
FIRE:  1023 14:29:30     -450.889313        0.774046
FIRE:  1024 14:29:30     -450.872620        1.299173
FIRE:  1025 14:29:31     -450.832977        1.211592
FIRE:  1026 14:29:31     -450.727722        1.524281
FIRE:  1027 14:29:32     -450.586823        1.258241
FIRE:  1028 14:29:32     -450.492096        1.214150
FIRE:  1029 14:29:33     -450.466766        1.083867
FIRE:  1030 14:29:33     -450.503784        1.435640
FIRE:  1031 14:29:34     -450.558929        0.869105
FIRE:  1032 14:29:34     -450.604462        1.072736
FIRE:  1033 14:29:35     -450.689758        0.893888
FIRE:  1034 14:29:35     -450.749725        1.003666
FIRE:  1035 14:29:36     -450.832306        0.937469
FIRE:  1036 14:29:36     -450.880341        0.989933
FIRE:  1037 14:29:37     -450.901154        0.737820
FIRE:  1038 14:29:37     -450.849487        1.240016
FIRE:  1039 14:29:38     -450.725250        1.688280
FIRE:  1040 14:29:38     -450.537903        2.230104
FIRE:  1041 14:29:39     -450.415100        2.414695
FIRE:  1042 14:29:39     -450.483032        1.935602
FIRE:  1043 14:29:40     -450.630798        1.694797
FIRE:  1044 14:29:40     -450.819489        1.834193
FIRE:  1045 14:29:41     -451.041534        1.311453
FIRE:  1046 14:29:41     -451.105865        0.745369
FIRE:  1047 14:29:42     -451.135681        1.363744
FIRE:  1048 14:29:42     -451.177307        1.124195
FIRE:  1049 14:29:43     -451.205566        0.758548
FIRE:  1050 14:29:43     -451.197327        1.097464
FIRE:  1051 14:29:44     -451.189087        0.858443
FIRE:  1052 14:29:44     -451.149048        1.088463
FIRE:  1053 14:29:45     -451.094238        1.074117
FIRE:  1054 14:29:45     -451.016724        1.267439
FIRE:  1055 14:29:46     -450.937683        1.669804
FIRE:  1056 14:29:46     -450.938568        1.877793
FIRE:  1057 14:29:47     -450.986847        2.367435
FIRE:  1058 14:29:47     -451.093506        1.492667
FIRE:  1059 14:29:48     -451.163666        2.236735
FIRE:  1060 14:29:48     -451.309113        2.030011
FIRE:  1061 14:29:49     -451.469849        1.567374
FIRE:  1062 14:29:49     -451.602844        1.840227
FIRE:  1063 14:29:50     -451.750824        1.622495
FIRE:  1064 14:29:50     -451.750153        2.615721
FIRE:  1065 14:29:51     -451.686768        1.750554
FIRE:  1066 14:29:51     -451.828888        3.289894
FIRE:  1067 14:29:52     -452.334564        3.024314
FIRE:  1068 14:29:52     -452.481415        2.734590
FIRE:  1069 14:29:53     -452.446899        1.994534
FIRE:  1070 14:29:54     -452.176392        2.722662
FIRE:  1071 14:29:54     -451.945648        2.515276
FIRE:  1072 14:29:55     -451.592896        2.366936
FIRE:  1073 14:29:55     -451.267914        2.394031
FIRE:  1074 14:29:56     -451.123596        2.179850
FIRE:  1075 14:29:56     -451.317200        3.135228
FIRE:  1076 14:29:57     -451.318909        2.908244
FIRE:  1077 14:29:57     -450.851562        4.033462
FIRE:  1078 14:29:58     -450.377930        3.678375
FIRE:  1079 14:29:58     -450.101959        3.352471
FIRE:  1080 14:29:59     -449.876801        3.859170
FIRE:  1081 14:29:59     -449.861145        4.065813
FIRE:  1082 14:30:00     -449.934784        3.087887
FIRE:  1083 14:30:00     -449.564423        4.742964
FIRE:  1084 14:30:01     -449.257507        4.298748
FIRE:  1085 14:30:01     -449.243805        4.100668
FIRE:  1086 14:30:02     -449.397278        3.929842
FIRE:  1087 14:30:02     -449.672455        3.004325
FIRE:  1088 14:30:03     -450.012970        2.871939
FIRE:  1089 14:30:03     -450.310608        3.134481
FIRE:  1090 14:30:04     -450.410126        5.397187
FIRE:  1091 14:30:04     -450.377411        7.640004
FIRE:  1092 14:30:05     -450.645905        6.891804
FIRE:  1093 14:30:05     -450.901520        4.515289
FIRE:  1094 14:30:06     -451.062134        2.945672
FIRE:  1095 14:30:06     -450.965576        4.648010
FIRE:  1096 14:30:07     -451.007141        4.068558
FIRE:  1097 14:30:07     -451.071747        3.136646
FIRE:  1098 14:30:08     -451.132721        3.003443
FIRE:  1099 14:30:08     -451.170013        2.963018
FIRE:  1100 14:30:09     -451.181915        3.042490
FIRE:  1101 14:30:09     -451.185150        3.166761
FIRE:  1102 14:30:10     -451.200134        3.326857
FIRE:  1103 14:30:10     -451.242523        3.205144
FIRE:  1104 14:30:11     -451.310455        2.866454
FIRE:  1105 14:30:11     -451.373657        2.402049
FIRE:  1106 14:30:12     -451.386414        1.843000
FIRE:  1107 14:30:12     -451.346130        2.170023
FIRE:  1108 14:30:13     -451.288910        2.812839
FIRE:  1109 14:30:13     -451.185059        3.270751
FIRE:  1110 14:30:14     -450.979950        3.338906
FIRE:  1111 14:30:14     -450.760437        3.047101
FIRE:  1112 14:30:15     -450.551575        2.713588
FIRE:  1113 14:30:15     -450.372772        2.409973
FIRE:  1114 14:30:16     -450.362976        2.104520
FIRE:  1115 14:30:16     -450.410339        1.504999
FIRE:  1116 14:30:17     -450.365814        1.801548
FIRE:  1117 14:30:17     -450.132538        2.394024
FIRE:  1118 14:30:18     -449.918854        2.662812
FIRE:  1119 14:30:18     -449.896729        1.832507
FIRE:  1120 14:30:19     -449.959869        2.616898
FIRE:  1121 14:30:19     -450.076172        2.110831
FIRE:  1122 14:30:20     -450.197632        2.013329
FIRE:  1123 14:30:20     -450.327911        2.196645
FIRE:  1124 14:30:21     -450.496185        2.087125
FIRE:  1125 14:30:21     -450.699799        2.254940
FIRE:  1126 14:30:22     -450.913940        1.903454
FIRE:  1127 14:30:22     -451.064941        1.437900
FIRE:  1128 14:30:23     -451.144653        1.790855
FIRE:  1129 14:30:23     -451.170624        1.839378
FIRE:  1130 14:30:24     -451.150055        2.290916
FIRE:  1131 14:30:24     -451.179779        2.106586
FIRE:  1132 14:30:25     -451.226349        1.788002
FIRE:  1133 14:30:25     -451.273041        1.487982
FIRE:  1134 14:30:26     -451.311340        1.369758
FIRE:  1135 14:30:26     -451.342712        1.273253
FIRE:  1136 14:30:27     -451.365570        0.942365
FIRE:  1137 14:30:28     -451.371826        0.942814
FIRE:  1138 14:30:28     -451.362183        1.490423
FIRE:  1139 14:30:29     -451.353912        1.719477
FIRE:  1140 14:30:29     -451.364075        1.419546
FIRE:  1141 14:30:30     -451.390778        1.057265
FIRE:  1142 14:30:30     -451.430420        1.187411
FIRE:  1143 14:30:31     -451.448395        0.968176
FIRE:  1144 14:30:31     -451.338226        2.244006
FIRE:  1145 14:30:32     -451.201630        2.288177
FIRE:  1146 14:30:32     -451.034637        2.628883
FIRE:  1147 14:30:33     -450.920197        1.746142
FIRE:  1148 14:30:33     -450.841064        1.725916
FIRE:  1149 14:30:34     -450.780914        1.743053
FIRE:  1150 14:30:34     -450.787170        1.773150
FIRE:  1151 14:30:35     -450.875061        1.262389
FIRE:  1152 14:30:35     -450.962494        1.373304
FIRE:  1153 14:30:36     -451.047485        1.444769
FIRE:  1154 14:30:36     -451.119843        0.984111
FIRE:  1155 14:30:37     -451.156647        0.927024
FIRE:  1156 14:30:37     -451.161377        1.068033
FIRE:  1157 14:30:38     -451.170746        0.977933
FIRE:  1158 14:30:38     -451.184998        0.823974
FIRE:  1159 14:30:39     -451.198639        0.647423
FIRE:  1160 14:30:39     -451.208893        0.490908
FIRE:  1161 14:30:40     -451.216217        0.486280
FIRE:  1162 14:30:40     -451.221710        0.487306
FIRE:  1163 14:30:41     -451.225586        0.476691
FIRE:  1164 14:30:41     -451.227600        0.513311
FIRE:  1165 14:30:42     -451.227356        0.570762
FIRE:  1166 14:30:42     -451.226074        0.604000
FIRE:  1167 14:30:43     -451.225006        0.599022
FIRE:  1168 14:30:43     -451.222351        0.667819
FIRE:  1169 14:30:44     -451.213867        0.807812
FIRE:  1170 14:30:44     -451.195374        0.918176
FIRE:  1171 14:30:45     -451.162323        1.177856
FIRE:  1172 14:30:45     -451.116302        1.362267
FIRE:  1173 14:30:46     -451.071136        1.236674
FIRE:  1174 14:30:46     -451.026306        0.955571
FIRE:  1175 14:30:47     -450.957275        1.564457
FIRE:  1176 14:30:47     -450.989685        1.213828
FIRE:  1177 14:30:48     -451.024323        0.689939
FIRE:  1178 14:30:48     -451.047516        0.752773
FIRE:  1179 14:30:49     -451.069763        0.795989
FIRE:  1180 14:30:49     -451.096558        0.783011
FIRE:  1181 14:30:50     -451.128845        0.656374
FIRE:  1182 14:30:50     -451.168243        0.814685
FIRE:  1183 14:30:51     -451.215240        0.711285
FIRE:  1184 14:30:51     -451.253174        0.907500
FIRE:  1185 14:30:52     -451.276520        1.074208
FIRE:  1186 14:30:52     -451.290588        1.030073
FIRE:  1187 14:30:53     -451.263519        1.143036
FIRE:  1188 14:30:53     -451.189148        1.038817
FIRE:  1189 14:30:54     -451.084381        0.918231
FIRE:  1190 14:30:55     -450.996155        0.963634
FIRE:  1191 14:30:55     -450.927673        1.790003
FIRE:  1192 14:30:56     -450.692444        8.068869
FIRE:  1193 14:30:57     -450.840393        5.501197
FIRE:  1194 14:30:57     -450.941010        3.374079
FIRE:  1195 14:30:58     -451.008484        0.814781
FIRE:  1196 14:30:58     -450.971161        3.589747
FIRE:  1197 14:30:59     -450.983093        3.211574
FIRE:  1198 14:31:00     -451.002319        2.505618
FIRE:  1199 14:31:00     -451.021576        1.571760
FIRE:  1200 14:31:01     -451.034302        0.683308
FIRE:  1201 14:31:01     -451.038086        0.810196
FIRE:  1202 14:31:02     -451.038422        0.796309
FIRE:  1203 14:31:02     -451.039062        0.769412
FIRE:  1204 14:31:03     -451.040009        0.731164
FIRE:  1205 14:31:03     -451.041229        0.684402
FIRE:  1206 14:31:04     -451.042664        0.635433
FIRE:  1207 14:31:04     -451.044281        0.624630
FIRE:  1208 14:31:05     -451.046082        0.613843
FIRE:  1209 14:31:05     -451.048218        0.602434
FIRE:  1210 14:31:06     -451.050751        0.590714
FIRE:  1211 14:31:06     -451.053772        0.578630
FIRE:  1212 14:31:07     -451.057373        0.565467
FIRE:  1213 14:31:07     -451.061737        0.580811
FIRE:  1214 14:31:08     -451.067139        0.603602
FIRE:  1215 14:31:08     -451.073792        0.594639
FIRE:  1216 14:31:09     -451.081909        0.553864
FIRE:  1217 14:31:10     -451.091492        0.509223
FIRE:  1218 14:31:10     -451.102631        0.507398
FIRE:  1219 14:31:11     -451.115509        0.545683
FIRE:  1220 14:31:11     -451.130524        0.555479
FIRE:  1221 14:31:12     -451.147919        0.507698
FIRE:  1222 14:31:12     -451.167267        0.486229
FIRE:  1223 14:31:13     -451.188293        0.526535
FIRE:  1224 14:31:13     -451.211121        0.541820
FIRE:  1225 14:31:14     -451.234711        0.615850
FIRE:  1226 14:31:14     -451.257935        0.697965
FIRE:  1227 14:31:15     -451.280609        0.752783
FIRE:  1228 14:31:15     -451.301117        0.959583
FIRE:  1229 14:31:16     -451.316833        1.154416
FIRE:  1230 14:31:16     -451.316528        1.221663
FIRE:  1231 14:31:17     -451.286285        1.492557
FIRE:  1232 14:31:17     -451.215759        2.714352
FIRE:  1233 14:31:18     -451.105499        1.380979
FIRE:  1234 14:31:18     -451.001648        3.624003
FIRE:  1235 14:31:19     -451.012390        1.792666
FIRE:  1236 14:31:19     -451.028717        1.191817
FIRE:  1237 14:31:20     -451.043335        2.131987
FIRE:  1238 14:31:20     -451.051086        1.963479
FIRE:  1239 14:31:21     -451.053009        1.401533
FIRE:  1240 14:31:21     -451.055603        1.512854
FIRE:  1241 14:31:22     -451.065491        1.478134
FIRE:  1242 14:31:22     -451.087463        0.694767
FIRE:  1243 14:31:23     -451.120667        0.889065
FIRE:  1244 14:31:24     -451.161774        0.765910
FIRE:  1245 14:31:24     -451.214630        1.124633
FIRE:  1246 14:31:25     -451.284912        1.210843
FIRE:  1247 14:31:25     -451.353912        0.856707
FIRE:  1248 14:31:26     -451.347412        0.997749
FIRE:  1249 14:31:26     -451.357727        0.903871
FIRE:  1250 14:31:27     -451.367004        0.764682
FIRE:  1251 14:31:27     -451.367615        0.639534
FIRE:  1252 14:31:28     -451.361115        0.747928
FIRE:  1253 14:31:28     -451.348969        0.878135
FIRE:  1254 14:31:29     -451.329712        0.961823
FIRE:  1255 14:31:29     -451.304810        1.081583
FIRE:  1256 14:31:30     -451.274963        1.225727
FIRE:  1257 14:31:30     -451.240234        1.332792
FIRE:  1258 14:31:31     -451.199158        1.361508
FIRE:  1259 14:31:31     -451.156830        1.251509
FIRE:  1260 14:31:32     -451.123505        1.258880
FIRE:  1261 14:31:32     -451.120209        1.047040
FIRE:  1262 14:31:33     -451.131042        0.985841
FIRE:  1263 14:31:33     -451.063751        1.397825
FIRE:  1264 14:31:34     -450.940613        2.925979
FIRE:  1265 14:31:34     -450.812134        3.172935
FIRE:  1266 14:31:35     -450.936340        1.897155
FIRE:  1267 14:31:35     -450.866089        4.071398
FIRE:  1268 14:31:36     -450.920105        2.932465
FIRE:  1269 14:31:37     -450.971710        1.815179
FIRE:  1270 14:31:37     -450.975098        1.553843
FIRE:  1271 14:31:38     -450.977142        1.553488
FIRE:  1272 14:31:38     -450.980896        1.553132
FIRE:  1273 14:31:39     -450.985657        1.553038
FIRE:  1274 14:31:39     -450.990692        1.552825
FIRE:  1275 14:31:40     -450.995422        1.550909
FIRE:  1276 14:31:40     -450.999756        1.544303
FIRE:  1277 14:31:41     -451.003967        1.529178
FIRE:  1278 14:31:41     -451.009369        1.498041
FIRE:  1279 14:31:42     -451.017212        1.442435
FIRE:  1280 14:31:42     -451.029053        1.353644
FIRE:  1281 14:31:43     -451.045929        1.226125
FIRE:  1282 14:31:43     -451.068542        1.163582
FIRE:  1283 14:31:44     -451.097961        1.082520
FIRE:  1284 14:31:44     -451.136658        0.937839
FIRE:  1285 14:31:45     -451.184326        0.778145
FIRE:  1286 14:31:45     -451.231659        0.933117
FIRE:  1287 14:31:46     -451.266449        1.122186
FIRE:  1288 14:31:46     -451.268860        1.109266
FIRE:  1289 14:31:47     -451.273285        1.086355
FIRE:  1290 14:31:47     -451.279053        1.058534
FIRE:  1291 14:31:48     -451.285492        1.031126
FIRE:  1292 14:31:48     -451.292053        1.007159
FIRE:  1293 14:31:49     -451.298553        0.985487
FIRE:  1294 14:31:49     -451.305084        0.961300
FIRE:  1295 14:31:50     -451.312531        0.925164
FIRE:  1296 14:31:50     -451.320953        0.871176
FIRE:  1297 14:31:51     -451.330048        0.800490
FIRE:  1298 14:31:51     -451.339081        0.727851
FIRE:  1299 14:31:52     -451.347473        0.681917
FIRE:  1300 14:31:52     -451.355194        0.696825
FIRE:  1301 14:31:53     -451.361450        0.789324
FIRE:  1302 14:31:53     -451.364075        0.915478
FIRE:  1303 14:31:54     -451.360382        0.981901
FIRE:  1304 14:31:55     -451.346954        0.958830
FIRE:  1305 14:31:55     -451.317444        0.945550
FIRE:  1306 14:31:56     -451.262512        1.176486
FIRE:  1307 14:31:56     -451.170532        1.558492
FIRE:  1308 14:31:57     -451.038116        2.119529
FIRE:  1309 14:31:57     -450.944733        3.041824
FIRE:  1310 14:31:58     -450.912720        7.676023
FIRE:  1311 14:31:58     -449.772705        5.967111
FIRE:  1312 14:31:59     -450.192352        9.175910
FIRE:  1313 14:31:59     -450.537018        5.574377
FIRE:  1314 14:32:00     -450.634125        4.502759
FIRE:  1315 14:32:00     -450.745850        2.505529
FIRE:  1316 14:32:01     -450.767517        2.835821
FIRE:  1317 14:32:01     -450.772980        2.649147
FIRE:  1318 14:32:02     -450.782501        2.283625
FIRE:  1319 14:32:02     -450.793396        1.891166
FIRE:  1320 14:32:03     -450.802521        2.014170
FIRE:  1321 14:32:04     -450.807434        2.173210
FIRE:  1322 14:32:04     -450.808258        2.337529
FIRE:  1323 14:32:05     -450.807953        2.462505
FIRE:  1324 14:32:05     -450.810516        2.507110
FIRE:  1325 14:32:06     -450.818146        2.419200
FIRE:  1326 14:32:06     -450.824707        2.202244
FIRE:  1327 14:32:07     -450.816956        2.301793
FIRE:  1328 14:32:07     -450.807068        3.068164
FIRE:  1329 14:32:08     -450.808075        2.435903
FIRE:  1330 14:32:08     -450.777161        4.227686
FIRE:  1331 14:32:09     -450.768799        2.387344
FIRE:  1332 14:32:10     -450.745850        2.522908
FIRE:  1333 14:32:10     -450.687866        8.028843
FIRE:  1334 14:32:11     -450.210205       26.638466
FIRE:  1335 14:32:11     -450.714722        2.679913
FIRE:  1336 14:32:12     -450.715759        2.637874
FIRE:  1337 14:32:12     -450.717468        2.565526
FIRE:  1338 14:32:13     -450.719513        2.483288
FIRE:  1339 14:32:13     -450.721832        2.412193
FIRE:  1340 14:32:14     -450.724762        2.366396
FIRE:  1341 14:32:14     -450.728302        2.351406
FIRE:  1342 14:32:15     -450.732117        2.360083
FIRE:  1343 14:32:15     -450.736328        2.373445
FIRE:  1344 14:32:16     -450.741302        2.352526
FIRE:  1345 14:32:16     -450.747528        2.269059
FIRE:  1346 14:32:17     -450.754913        2.155350
FIRE:  1347 14:32:17     -450.764221        2.092329
FIRE:  1348 14:32:18     -450.776611        2.102340
FIRE:  1349 14:32:18     -450.792450        2.051469
FIRE:  1350 14:32:19     -450.813202        1.829377
FIRE:  1351 14:32:19     -450.839325        1.602284
FIRE:  1352 14:32:20     -450.871735        1.411155
FIRE:  1353 14:32:20     -450.911316        1.042913
FIRE:  1354 14:32:21     -450.958740        1.064082
FIRE:  1355 14:32:21     -451.012726        1.004874
FIRE:  1356 14:32:22     -451.068604        0.883520
FIRE:  1357 14:32:22     -451.115295        2.744635
FIRE:  1358 14:32:23     -451.061615       10.310314
FIRE:  1359 14:32:23     -451.161255        1.198005
FIRE:  1360 14:32:24     -451.162048        0.881774
FIRE:  1361 14:32:24     -451.163086        0.654878
FIRE:  1362 14:32:25     -451.163910        0.643429
FIRE:  1363 14:32:25     -451.164764        0.852138
FIRE:  1364 14:32:26     -451.166107        0.880655
FIRE:  1365 14:32:26     -451.167969        0.615534
FIRE:  1366 14:32:27     -451.169861        0.532422
FIRE:  1367 14:32:27     -451.171783        0.677547
FIRE:  1368 14:32:28     -451.174103        0.791082
FIRE:  1369 14:32:28     -451.177155        0.466805
FIRE:  1370 14:32:29     -451.180237        0.574182
FIRE:  1371 14:32:29     -451.183685        0.632158
FIRE:  1372 14:32:30     -451.187653        0.437610
FIRE:  1373 14:32:30     -451.191620        0.615984
FIRE:  1374 14:32:31     -451.196014        0.493539
FIRE:  1375 14:32:31     -451.200714        0.285121
FIRE:  1376 14:32:32     -451.205475        0.643874
FIRE:  1377 14:32:32     -451.210449        0.875801
FIRE:  1378 14:32:33     -451.215607        1.197992
FIRE:  1379 14:32:33     -451.219604        1.825140
FIRE:  1380 14:32:34     -451.222534        0.430848
FIRE:  1381 14:32:34     -451.221344        1.477772
FIRE:  1382 14:32:35     -451.222015        1.181490
FIRE:  1383 14:32:35     -451.222839        0.657874
FIRE:  1384 14:32:36     -451.223267        0.247032
FIRE:  1385 14:32:36     -451.223145        0.670129
FIRE:  1386 14:32:37     -451.223175        0.640852
FIRE:  1387 14:32:37     -451.223267        0.583969
FIRE:  1388 14:32:38     -451.223358        0.503645
FIRE:  1389 14:32:39     -451.223480        0.406384
FIRE:  1390 14:32:39     -451.223572        0.303655
FIRE:  1391 14:32:40     -451.223663        0.245176
FIRE:  1392 14:32:40     -451.223724        0.232757
FIRE:  1393 14:32:41     -451.223816        0.264790
FIRE:  1394 14:32:41     -451.223877        0.346740
FIRE:  1395 14:32:42     -451.223999        0.391735
FIRE:  1396 14:32:42     -451.224182        0.383980
FIRE:  1397 14:32:43     -451.224426        0.313008
FIRE:  1398 14:32:43     -451.224701        0.221600
FIRE:  1399 14:32:44     -451.224976        0.238973
FIRE:  1400 14:32:44     -451.225311        0.287802
FIRE:  1401 14:32:45     -451.225677        0.310170
FIRE:  1402 14:32:45     -451.226196        0.243091
FIRE:  1403 14:32:46     -451.226746        0.211503
FIRE:  1404 14:32:46     -451.227325        0.269868
FIRE:  1405 14:32:47     -451.228027        0.203237
FIRE:  1406 14:32:47     -451.228821        0.248680
FIRE:  1407 14:32:48     -451.229645        0.261832
FIRE:  1408 14:32:48     -451.230530        0.222207
FIRE:  1409 14:32:49     -451.231476        0.242512
FIRE:  1410 14:32:49     -451.232391        0.333896
FIRE:  1411 14:32:50     -451.233337        0.296516
FIRE:  1412 14:32:50     -451.234100        0.380183
FIRE:  1413 14:32:51     -451.234497        0.411238
FIRE:  1414 14:32:51     -451.234161        0.509185
FIRE:  1415 14:32:52     -451.232330        0.514932
FIRE:  1416 14:32:52     -451.225250        1.935712
FIRE:  1417 14:32:53     -451.143311       10.059071
FIRE:  1418 14:32:53     -451.185059        5.953794
FIRE:  1419 14:32:54     -451.204376        3.941969
FIRE:  1420 14:32:54     -451.217651        0.935146
FIRE:  1421 14:32:55     -451.206940        3.504368
FIRE:  1422 14:32:56     -451.208771        3.153395
FIRE:  1423 14:32:56     -451.211761        2.493107
FIRE:  1424 14:32:57     -451.214661        1.607302
FIRE:  1425 14:32:57     -451.216248        0.825088
FIRE:  1426 14:32:58     -451.215973        1.034111
FIRE:  1427 14:32:58     -451.215973        1.031792
FIRE:  1428 14:32:59     -451.215973        1.027482
FIRE:  1429 14:32:59     -451.215973        1.021355
FIRE:  1430 14:33:00     -451.215973        1.013006
FIRE:  1431 14:33:00     -451.215942        1.003505
FIRE:  1432 14:33:01     -451.215912        0.992897
FIRE:  1433 14:33:01     -451.215851        0.981542
FIRE:  1434 14:33:02     -451.215790        0.968987
FIRE:  1435 14:33:02     -451.215668        0.955784
FIRE:  1436 14:33:03     -451.215485        0.942691
FIRE:  1437 14:33:03     -451.215271        0.931565
FIRE:  1438 14:33:04     -451.214966        0.925187
FIRE:  1439 14:33:04     -451.214630        0.925567
FIRE:  1440 14:33:05     -451.214203        0.935452
FIRE:  1441 14:33:06     -451.213654        0.957313
FIRE:  1442 14:33:06     -451.213013        0.991293
FIRE:  1443 14:33:07     -451.212189        1.034154
FIRE:  1444 14:33:07     -451.211090        1.077935
FIRE:  1445 14:33:08     -451.209747        1.112756
FIRE:  1446 14:33:08     -451.208069        1.128222
FIRE:  1447 14:33:09     -451.205994        1.126534
FIRE:  1448 14:33:09     -451.203278        1.127824
FIRE:  1449 14:33:10     -451.199799        1.163652
FIRE:  1450 14:33:10     -451.195404        1.245994
FIRE:  1451 14:33:11     -451.189636        1.331668
FIRE:  1452 14:33:11     -451.182129        1.368691
FIRE:  1453 14:33:12     -451.172119        1.416232
FIRE:  1454 14:33:12     -451.158752        1.595166
FIRE:  1455 14:33:13     -451.140656        1.758594
FIRE:  1456 14:33:13     -451.115906        1.877919
FIRE:  1457 14:33:14     -451.081757        2.297803
FIRE:  1458 14:33:14     -451.032013        3.008886
FIRE:  1459 14:33:15     -450.883240       12.275661
FIRE:  1460 14:33:15     -449.825043       21.712490
FIRE:  1461 14:33:16     -450.625122       16.419092
FIRE:  1462 14:33:16     -450.644836        9.495871
FIRE:  1463 14:33:17     -450.682617        8.711257
FIRE:  1464 14:33:17     -450.744171        6.932593
FIRE:  1465 14:33:18     -450.800720        4.290272
FIRE:  1466 14:33:18     -450.817505        3.274303
FIRE:  1467 14:33:19     -450.788361        6.175255
FIRE:  1468 14:33:19     -450.791931        5.952283
FIRE:  1469 14:33:20     -450.798523        5.517113
FIRE:  1470 14:33:20     -450.806976        4.896542
FIRE:  1471 14:33:21     -450.815826        4.142937
FIRE:  1472 14:33:21     -450.823517        3.355603
FIRE:  1473 14:33:22     -450.828796        2.713510
FIRE:  1474 14:33:22     -450.831116        2.746092
FIRE:  1475 14:33:23     -450.830719        2.925076
FIRE:  1476 14:33:23     -450.828583        3.240744
FIRE:  1477 14:33:24     -450.826904        3.785616
FIRE:  1478 14:33:24     -450.828308        3.931806
FIRE:  1479 14:33:25     -450.834045        3.486097
FIRE:  1480 14:33:25     -450.841003        3.400927
FIRE:  1481 14:33:26     -450.840912        3.194058
FIRE:  1482 14:33:26     -450.833221        4.309652
FIRE:  1483 14:33:27     -450.834381        4.030602
FIRE:  1484 14:33:27     -450.839600        3.266221
FIRE:  1485 14:33:28     -450.828552        5.072267
FIRE:  1486 14:33:28     -450.836670        2.170718
FIRE:  1487 14:33:29     -450.817993        7.870941
FIRE:  1488 14:33:29     -450.832764        4.041283
FIRE:  1489 14:33:30     -450.837097        2.352961
FIRE:  1490 14:33:30     -450.837463        2.136442
FIRE:  1491 14:33:31     -450.838074        2.028985
FIRE:  1492 14:33:31     -450.838715        1.989550
FIRE:  1493 14:33:32     -450.839233        1.957063
FIRE:  1494 14:33:32     -450.839569        1.944586
FIRE:  1495 14:33:33     -450.839874        1.962414
FIRE:  1496 14:33:33     -450.840240        2.015545
FIRE:  1497 14:33:34     -450.840912        2.115790
FIRE:  1498 14:33:34     -450.841797        2.267799
FIRE:  1499 14:33:35     -450.842682        2.461964
FIRE:  1500 14:33:35     -450.843384        2.664927
FIRE:  1501 14:33:36     -450.844116        2.817320
FIRE:  1502 14:33:36     -450.845276        2.868202
FIRE:  1503 14:33:37     -450.846680        2.805240
FIRE:  1504 14:33:37     -450.848022        2.689340
FIRE:  1505 14:33:38     -450.849976        2.613898
FIRE:  1506 14:33:38     -450.852386        2.580026
FIRE:  1507 14:33:39     -450.855011        2.387569
FIRE:  1508 14:33:39     -450.858368        1.966723
FIRE:  1509 14:33:40     -450.862579        1.850333
FIRE:  1510 14:33:40     -450.867615        1.979609
FIRE:  1511 14:33:41     -450.871948        2.808172
FIRE:  1512 14:33:41     -450.862396        8.598905
FIRE:  1513 14:33:42     -450.709412       30.375541
FIRE:  1514 14:33:42     -450.862854        9.611866
FIRE:  1515 14:33:43     -450.873138        6.852010
FIRE:  1516 14:33:43     -450.882416        2.308809
FIRE:  1517 14:33:44     -450.880280        3.830491
FIRE:  1518 14:33:44     -450.880737        3.530212
FIRE:  1519 14:33:45     -450.881500        2.963304
FIRE:  1520 14:33:45     -450.882355        2.180545
FIRE:  1521 14:33:46     -450.882996        1.859765
FIRE:  1522 14:33:46     -450.883301        1.978791
FIRE:  1523 14:33:47     -450.883240        2.092259
FIRE:  1524 14:33:47     -450.882935        2.182781
FIRE:  1525 14:33:48     -450.882629        2.238969
FIRE:  1526 14:33:48     -450.882599        2.295139
FIRE:  1527 14:33:49     -450.882935        2.182801
FIRE:  1528 14:33:49     -450.883514        2.055758
FIRE:  1529 14:33:50     -450.883881        1.883811
FIRE:  1530 14:33:50     -450.883759        1.725915
FIRE:  1531 14:33:51     -450.883667        1.785578
FIRE:  1532 14:33:51     -450.884155        1.687716
FIRE:  1533 14:33:52     -450.884705        1.852588
FIRE:  1534 14:33:52     -450.884613        2.026521
FIRE:  1535 14:33:53     -450.885071        2.008642
FIRE:  1536 14:33:53     -450.885620        1.789944
FIRE:  1537 14:33:54     -450.885712        1.733451
FIRE:  1538 14:33:54     -450.886353        2.044156
FIRE:  1539 14:33:55     -450.886627        2.104872
FIRE:  1540 14:33:56     -450.886414        2.041912
FIRE:  1541 14:33:56     -450.886292        2.426067
FIRE:  1542 14:33:57     -450.885162        3.456724
FIRE:  1543 14:33:57     -450.874695        8.689496
FIRE:  1544 14:33:58     -450.767548       29.364257
FIRE:  1545 14:33:59     -450.871063        9.272748
FIRE:  1546 14:33:59     -450.877808        6.522677
FIRE:  1547 14:34:00     -450.883728        2.147800
FIRE:  1548 14:34:00     -450.881989        3.760320
FIRE:  1549 14:34:01     -450.882294        3.466562
FIRE:  1550 14:34:01     -450.882812        2.905552
FIRE:  1551 14:34:02     -450.883362        2.140235
FIRE:  1552 14:34:02     -450.883789        1.796569
FIRE:  1553 14:34:03     -450.883911        1.929496
FIRE:  1554 14:34:03     -450.883789        2.059875
FIRE:  1555 14:34:04     -450.883484        2.167107
FIRE:  1556 14:34:04     -450.883148        2.243224
FIRE:  1557 14:34:05     -450.882996        2.270459
FIRE:  1558 14:34:05     -450.883087        2.235488
FIRE:  1559 14:34:06     -450.883270        2.137733
FIRE:  1560 14:34:07     -450.883301        1.991965
FIRE:  1561 14:34:07     -450.882935        1.854762
FIRE:  1562 14:34:08     -450.882477        1.799059
FIRE:  1563 14:34:08     -450.882355        1.858922
FIRE:  1564 14:34:09     -450.882233        2.042282
FIRE:  1565 14:34:09     -450.881500        2.223322
FIRE:  1566 14:34:10     -450.880981        2.200853
FIRE:  1567 14:34:10     -450.880463        1.956061
FIRE:  1568 14:34:11     -450.879303        1.838196
FIRE:  1569 14:34:11     -450.878357        2.095082
FIRE:  1570 14:34:12     -450.876678        2.189645
FIRE:  1571 14:34:12     -450.874512        1.955212
FIRE:  1572 14:34:13     -450.871918        2.354291
FIRE:  1573 14:34:13     -450.868195        2.787298
FIRE:  1574 14:34:14     -450.858704        7.447742
FIRE:  1575 14:34:14     -450.791931       26.475392
FIRE:  1576 14:34:15     -450.850006        9.028986
FIRE:  1577 14:34:15     -450.854431        6.277436
FIRE:  1578 14:34:16     -450.858063        2.332897
FIRE:  1579 14:34:16     -450.856598        3.892569
FIRE:  1580 14:34:17     -450.856812        3.593122
FIRE:  1581 14:34:17     -450.857178        3.026485
FIRE:  1582 14:34:18     -450.857544        2.257621
FIRE:  1583 14:34:18     -450.857788        2.019444
FIRE:  1584 14:34:19     -450.857819        2.158479
FIRE:  1585 14:34:19     -450.857666        2.291162
FIRE:  1586 14:34:20     -450.857361        2.398484
FIRE:  1587 14:34:20     -450.857086        2.470073
FIRE:  1588 14:34:21     -450.856873        2.491188
FIRE:  1589 14:34:21     -450.856812        2.446666
FIRE:  1590 14:34:22     -450.856842        2.335198
FIRE:  1591 14:34:22     -450.856598        2.182739
FIRE:  1592 14:34:23     -450.856079        2.047551
FIRE:  1593 14:34:23     -450.855499        2.002508
FIRE:  1594 14:34:24     -450.855103        2.091596
FIRE:  1595 14:34:25     -450.854492        2.297216
FIRE:  1596 14:34:25     -450.853394        2.457105
FIRE:  1597 14:34:26     -450.852478        2.385242
FIRE:  1598 14:34:26     -450.851166        2.117518
FIRE:  1599 14:34:27     -450.849426        2.081486
FIRE:  1600 14:34:27     -450.847382        2.419601
FIRE:  1601 14:34:28     -450.844910        2.347252
FIRE:  1602 14:34:28     -450.841309        2.420979
FIRE:  1603 14:34:29     -450.836609        3.845971
FIRE:  1604 14:34:29     -450.829712        6.446903
FIRE:  1605 14:34:30     -450.806793       16.566867
FIRE:  1606 14:34:30     -450.826202        2.223469
FIRE:  1607 14:34:31     -450.826202        2.269066
FIRE:  1608 14:34:31     -450.826141        2.347812
FIRE:  1609 14:34:32     -450.825989        2.437298
FIRE:  1610 14:34:32     -450.825775        2.503059
FIRE:  1611 14:34:33     -450.825500        2.521404
FIRE:  1612 14:34:33     -450.825226        2.488609
FIRE:  1613 14:34:34     -450.824921        2.419672
FIRE:  1614 14:34:34     -450.824463        2.346135
FIRE:  1615 14:34:35     -450.823883        2.313814
FIRE:  1616 14:34:35     -450.823212        2.365608
FIRE:  1617 14:34:36     -450.822296        2.473322
FIRE:  1618 14:34:36     -450.821167        2.513437
FIRE:  1619 14:34:37     -450.819794        2.415121
FIRE:  1620 14:34:37     -450.818024        2.347529
FIRE:  1621 14:34:38     -450.815857        2.509803
FIRE:  1622 14:34:38     -450.813110        2.497040
FIRE:  1623 14:34:39     -450.809631        2.342106
FIRE:  1624 14:34:39     -450.805023        3.014194
FIRE:  1625 14:34:40     -450.796906        8.146107
FIRE:  1626 14:34:40     -450.756683       27.498962
FIRE:  1627 14:34:41     -450.792175        5.459234
FIRE:  1628 14:34:41     -450.792816        3.860626
FIRE:  1629 14:34:42     -450.793304        2.425890
FIRE:  1630 14:34:42     -450.792969        2.832725
FIRE:  1631 14:34:43     -450.792999        2.812469
FIRE:  1632 14:34:43     -450.793030        2.767443
FIRE:  1633 14:34:44     -450.793030        2.704388
FIRE:  1634 14:34:44     -450.793030        2.636744
FIRE:  1635 14:34:45     -450.792999        2.567523
FIRE:  1636 14:34:45     -450.792908        2.499936
FIRE:  1637 14:34:46     -450.792786        2.449148
FIRE:  1638 14:34:46     -450.792664        2.415034
FIRE:  1639 14:34:47     -450.792511        2.408396
FIRE:  1640 14:34:47     -450.792358        2.438963
FIRE:  1641 14:34:48     -450.792175        2.506149
FIRE:  1642 14:34:48     -450.791901        2.594175
FIRE:  1643 14:34:49     -450.791534        2.673420
FIRE:  1644 14:34:49     -450.791107        2.703316
FIRE:  1645 14:34:50     -450.790588        2.659322
FIRE:  1646 14:34:50     -450.789978        2.546210
FIRE:  1647 14:34:51     -450.789154        2.480526
FIRE:  1648 14:34:51     -450.788208        2.537367
FIRE:  1649 14:34:52     -450.786987        2.678544
FIRE:  1650 14:34:52     -450.785553        2.670210
FIRE:  1651 14:34:53     -450.783722        2.492208
FIRE:  1652 14:34:53     -450.781555        2.601671
FIRE:  1653 14:34:54     -450.778778        2.731990
FIRE:  1654 14:34:54     -450.775299        2.428959
FIRE:  1655 14:34:55     -450.770294        5.767786
FIRE:  1656 14:34:55     -450.757477       17.208462
FIRE:  1657 14:34:56     -450.766144        2.934637
FIRE:  1658 14:34:57     -450.766144        2.858160
FIRE:  1659 14:34:57     -450.766144        2.732627
FIRE:  1660 14:34:58     -450.766052        2.599656
FIRE:  1661 14:34:58     -450.765869        2.505661
FIRE:  1662 14:34:59     -450.765686        2.481369
FIRE:  1663 14:34:59     -450.765503        2.544628
FIRE:  1664 14:35:00     -450.765289        2.657902
FIRE:  1665 14:35:00     -450.764984        2.787431
FIRE:  1666 14:35:01     -450.764587        2.850159
FIRE:  1667 14:35:01     -450.764130        2.793047
FIRE:  1668 14:35:02     -450.763550        2.628579
FIRE:  1669 14:35:02     -450.762787        2.559829
FIRE:  1670 14:35:03     -450.761902        2.706515
FIRE:  1671 14:35:03     -450.760712        2.846295
FIRE:  1672 14:35:04     -450.759338        2.639757
FIRE:  1673 14:35:04     -450.757568        2.602015
FIRE:  1674 14:35:05     -450.755341        2.947236
FIRE:  1675 14:35:05     -450.752472        3.696522
FIRE:  1676 14:35:06     -450.747589        9.370322
FIRE:  1677 14:35:06     -450.729095       28.252701
FIRE:  1678 14:35:07     -450.744965        5.876044
FIRE:  1679 14:35:07     -450.745239        4.374891
FIRE:  1680 14:35:08     -450.745514        2.892177
FIRE:  1681 14:35:08     -450.745392        2.487558
FIRE:  1682 14:35:09     -450.745026        4.018808
FIRE:  1683 14:35:09     -450.744843        4.290001
FIRE:  1684 14:35:10     -450.744873        3.162450
FIRE:  1685 14:35:10     -450.744812        2.714701
FIRE:  1686 14:35:11     -450.744476        3.072996
FIRE:  1687 14:35:11     -450.744049        3.789068
FIRE:  1688 14:35:12     -450.743805        3.057212
FIRE:  1689 14:35:12     -450.743408        2.604301
FIRE:  1690 14:35:13     -450.742706        3.326058
FIRE:  1691 14:35:13     -450.742157        2.740746
FIRE:  1692 14:35:14     -450.741119        3.501489
FIRE:  1693 14:35:14     -450.740204        2.742962
FIRE:  1694 14:35:15     -450.738708        3.322038
FIRE:  1695 14:35:15     -450.736877        4.836809
FIRE:  1696 14:35:16     -450.734772        5.449625
FIRE:  1697 14:35:16     -450.731079       10.636374
FIRE:  1698 14:35:17     -450.715698       30.774140
FIRE:  1699 14:35:17     -450.729218        7.242089
FIRE:  1700 14:35:18     -450.729584        5.266778
FIRE:  1701 14:35:18     -450.729889        2.959402
FIRE:  1702 14:35:19     -450.729736        2.967211
FIRE:  1703 14:35:19     -450.729767        2.817091
FIRE:  1704 14:35:20     -450.729767        2.548120
FIRE:  1705 14:35:20     -450.729767        2.601819
FIRE:  1706 14:35:21     -450.729767        2.675558
FIRE:  1707 14:35:21     -450.729767        2.752968
FIRE:  1708 14:35:22     -450.729736        2.845602
FIRE:  1709 14:35:22     -450.729675        2.916667
FIRE:  1710 14:35:23     -450.729614        2.960109
FIRE:  1711 14:35:23     -450.729523        2.980576
FIRE:  1712 14:35:24     -450.729462        2.971326
FIRE:  1713 14:35:24     -450.729401        2.905769
FIRE:  1714 14:35:25     -450.729279        2.809954
FIRE:  1715 14:35:25     -450.729126        2.724739
FIRE:  1716 14:35:26     -450.728943        2.675151
FIRE:  1717 14:35:26     -450.728699        2.718939
FIRE:  1718 14:35:27     -450.728424        2.836380
FIRE:  1719 14:35:27     -450.728088        2.935239
FIRE:  1720 14:35:28     -450.727661        2.912011
FIRE:  1721 14:35:28     -450.727142        2.766803
FIRE:  1722 14:35:29     -450.726501        2.704520
FIRE:  1723 14:35:29     -450.725708        2.873671
FIRE:  1724 14:35:30     -450.724762        2.908782
FIRE:  1725 14:35:30     -450.723572        2.650226
FIRE:  1726 14:35:31     -450.722137        3.071681
FIRE:  1727 14:35:31     -450.720306        3.662776
FIRE:  1728 14:35:32     -450.717285        9.856897
FIRE:  1729 14:35:32     -450.705078       31.811490
FIRE:  1730 14:35:33     -450.715240        7.701867
FIRE:  1731 14:35:33     -450.715546        5.619470
FIRE:  1732 14:35:34     -450.715790        3.004982
FIRE:  1733 14:35:34     -450.715668        3.193097
FIRE:  1734 14:35:35     -450.715668        3.009353
FIRE:  1735 14:35:35     -450.715698        2.723821
FIRE:  1736 14:35:36     -450.715698        2.626945
FIRE:  1737 14:35:37     -450.715698        2.706262
FIRE:  1738 14:35:37     -450.715698        2.792513
FIRE:  1739 14:35:38     -450.715668        2.883807
FIRE:  1740 14:35:38     -450.715637        2.957413
FIRE:  1741 14:35:39     -450.715576        3.016526
FIRE:  1742 14:35:39     -450.715546        3.036016
FIRE:  1743 14:35:40     -450.715485        3.010680
FIRE:  1744 14:35:40     -450.715424        2.950899
FIRE:  1745 14:35:41     -450.715332        2.847728
FIRE:  1746 14:35:42     -450.715240        2.766061
FIRE:  1747 14:35:42     -450.715088        2.708290
FIRE:  1748 14:35:43     -450.714905        2.748933
FIRE:  1749 14:35:43     -450.714722        2.883661
FIRE:  1750 14:35:44     -450.714447        2.996120
FIRE:  1751 14:35:44     -450.714142        2.971430
FIRE:  1752 14:35:45     -450.713745        2.792984
FIRE:  1753 14:35:45     -450.713257        2.731613
FIRE:  1754 14:35:46     -450.712708        2.909126
FIRE:  1755 14:35:46     -450.711975        2.965350
FIRE:  1756 14:35:47     -450.711121        2.675468
FIRE:  1757 14:35:47     -450.710052        3.111127
FIRE:  1758 14:35:48     -450.708710        3.544495
FIRE:  1759 14:35:48     -450.706573        9.200435
FIRE:  1760 14:35:49     -450.698975       28.740905
FIRE:  1761 14:35:49     -450.705200        5.818812
FIRE:  1762 14:35:50     -450.705322        4.381354
FIRE:  1763 14:35:50     -450.705383        3.004781
FIRE:  1764 14:35:51     -450.705353        2.624385
FIRE:  1765 14:35:51     -450.705200        4.006547
FIRE:  1766 14:35:52     -450.705109        4.228067
FIRE:  1767 14:35:52     -450.705109        3.177022
FIRE:  1768 14:35:53     -450.705078        2.840807
FIRE:  1769 14:35:54     -450.704956        3.178129
FIRE:  1770 14:35:54     -450.704773        3.849573
FIRE:  1771 14:35:55     -450.704681        3.150869
FIRE:  1772 14:35:55     -450.704468        2.699026
FIRE:  1773 14:35:56     -450.704193        3.299231
FIRE:  1774 14:35:56     -450.703949        2.875656
FIRE:  1775 14:35:57     -450.703491        3.528259
FIRE:  1776 14:35:57     -450.703094        2.833214
FIRE:  1777 14:35:58     -450.702454        3.066027
FIRE:  1778 14:35:58     -450.701691        4.491884
FIRE:  1779 14:35:59     -450.700806        4.850862
FIRE:  1780 14:35:59     -450.699432        8.801162
FIRE:  1781 14:36:00     -450.695435       22.899776
FIRE:  1782 14:36:00     -450.698639        3.419115
FIRE:  1783 14:36:01     -450.698639        3.157993
FIRE:  1784 14:36:01     -450.698669        2.980959
FIRE:  1785 14:36:02     -450.698639        2.803881
FIRE:  1786 14:36:03     -450.698578        2.672376
FIRE:  1787 14:36:03     -450.698517        2.664243
FIRE:  1788 14:36:04     -450.698486        2.715058
FIRE:  1789 14:36:04     -450.698425        2.854373
FIRE:  1790 14:36:05     -450.698334        3.044218
FIRE:  1791 14:36:05     -450.698242        3.104562
FIRE:  1792 14:36:06     -450.698120        3.014370
FIRE:  1793 14:36:06     -450.697937        2.805980
FIRE:  1794 14:36:07     -450.697754        2.703835
FIRE:  1795 14:36:07     -450.697510        2.910839
FIRE:  1796 14:36:08     -450.697205        3.111275
FIRE:  1797 14:36:08     -450.696838        2.872916
FIRE:  1798 14:36:09     -450.696350        2.719448
FIRE:  1799 14:36:09     -450.695770        3.189362
FIRE:  1800 14:36:10     -450.695068        3.687887
FIRE:  1801 14:36:10     -450.694031        7.191480
FIRE:  1802 14:36:11     -450.691742       17.580683
FIRE:  1803 14:36:11     -450.693298        2.956135
FIRE:  1804 14:36:12     -450.693268        2.954372
FIRE:  1805 14:36:13     -450.693268        2.930126
FIRE:  1806 14:36:13     -450.693237        2.890543
FIRE:  1807 14:36:14     -450.693207        2.886720
FIRE:  1808 14:36:14     -450.693207        2.876442
FIRE:  1809 14:36:15     -450.693146        2.887287
FIRE:  1810 14:36:16     -450.693085        2.904622
FIRE:  1811 14:36:16     -450.693024        2.921938
FIRE:  1812 14:36:17     -450.692963        2.929829
FIRE:  1813 14:36:17     -450.692841        2.942784
FIRE:  1814 14:36:18     -450.692749        2.885177
FIRE:  1815 14:36:18     -450.692566        2.906507
FIRE:  1816 14:36:19     -450.692383        2.902876
FIRE:  1817 14:36:19     -450.692169        2.925314
FIRE:  1818 14:36:20     -450.691864        2.916781
FIRE:  1819 14:36:20     -450.691498        2.899813
FIRE:  1820 14:36:21     -450.691071        2.900497
FIRE:  1821 14:36:21     -450.690521        2.888973
FIRE:  1822 14:36:22     -450.689850        3.021279
FIRE:  1823 14:36:22     -450.689026        3.047749
FIRE:  1824 14:36:23     -450.687439       12.534780
FIRE:  1825 14:36:23     -450.674530       57.402699
FIRE:  1826 14:36:24     -450.683807       28.223496
FIRE:  1827 14:36:24     -450.685608       18.228142
FIRE:  1828 14:36:25     -450.686859        3.037974
FIRE:  1829 14:36:25     -450.685944       15.182472
FIRE:  1830 14:36:26     -450.686096       13.799008
FIRE:  1831 14:36:26     -450.686340       11.098870
FIRE:  1832 14:36:27     -450.686615        7.497335
FIRE:  1833 14:36:27     -450.686768        3.605071
FIRE:  1834 14:36:28     -450.686768        3.089315
FIRE:  1835 14:36:28     -450.686798        3.089214
FIRE:  1836 14:36:29     -450.686798        3.068939
FIRE:  1837 14:36:29     -450.686798        3.057466
FIRE:  1838 14:36:30     -450.686798        3.037125
FIRE:  1839 14:36:30     -450.686768        3.025878
FIRE:  1840 14:36:31     -450.686768        3.023584
FIRE:  1841 14:36:31     -450.686768        2.973662
FIRE:  1842 14:36:32     -450.686768        2.971871
FIRE:  1843 14:36:32     -450.686768        2.939723
FIRE:  1844 14:36:33     -450.686768        2.897908
FIRE:  1845 14:36:33     -450.686768        2.866027
FIRE:  1846 14:36:34     -450.686737        2.815068
FIRE:  1847 14:36:34     -450.686737        2.840297
FIRE:  1848 14:36:35     -450.686707        2.836518
FIRE:  1849 14:36:35     -450.686676        2.862855
FIRE:  1850 14:36:36     -450.686676        2.859789
FIRE:  1851 14:36:36     -450.686646        2.885811
FIRE:  1852 14:36:37     -450.686615        2.930195
FIRE:  1853 14:36:37     -450.686554        3.013079
FIRE:  1854 14:36:38     -450.686493        3.023121
FIRE:  1855 14:36:39     -450.686432        2.978858
FIRE:  1856 14:36:39     -450.686340        2.892068
FIRE:  1857 14:36:40     -450.686249        2.862606
FIRE:  1858 14:36:40     -450.686096        2.881088
FIRE:  1859 14:36:41     -450.685974        2.977641
FIRE:  1860 14:36:41     -450.685760        2.995733
FIRE:  1861 14:36:42     -450.685547        2.909358
FIRE:  1862 14:36:42     -450.685272        2.843486
FIRE:  1863 14:36:43     -450.684937        2.962653
FIRE:  1864 14:36:43     -450.684540        2.918203
FIRE:  1865 14:36:44     -450.684052        2.911766
FIRE:  1866 14:36:44     -450.683441        3.170636
FIRE:  1867 14:36:45     -450.682556        7.641319
FIRE:  1868 14:36:45     -450.678925       31.451717
FIRE:  1869 14:36:46     -450.681641        8.375020
FIRE:  1870 14:36:46     -450.681763        5.927369
FIRE:  1871 14:36:47     -450.681854        2.732477
FIRE:  1872 14:36:47     -450.681793        3.920264
FIRE:  1873 14:36:48     -450.681793        3.843607
FIRE:  1874 14:36:48     -450.681793        3.321852
FIRE:  1875 14:36:49     -450.681824        3.171955
FIRE:  1876 14:36:49     -450.681824        3.063933
FIRE:  1877 14:36:50     -450.681793        2.930191
FIRE:  1878 14:36:50     -450.681793        2.835821
FIRE:  1879 14:36:51     -450.681793        2.753918
FIRE:  1880 14:36:51     -450.681763        2.723538
FIRE:  1881 14:36:52     -450.681763        2.692895
FIRE:  1882 14:36:52     -450.681732        2.716093
FIRE:  1883 14:36:53     -450.681702        2.862935
FIRE:  1884 14:36:53     -450.681702        2.937875
FIRE:  1885 14:36:54     -450.681641        3.084772
FIRE:  1886 14:36:54     -450.681610        3.127814
FIRE:  1887 14:36:55     -450.681549        3.070455
FIRE:  1888 14:36:55     -450.681488        2.878202
FIRE:  1889 14:36:56     -450.681396        2.798672
FIRE:  1890 14:36:56     -450.681305        2.851537
FIRE:  1891 14:36:57     -450.681183        3.113967
FIRE:  1892 14:36:57     -450.681030        3.082738
FIRE:  1893 14:36:58     -450.680847        2.741932
FIRE:  1894 14:36:58     -450.680634        2.879738
FIRE:  1895 14:36:59     -450.680328        3.152133
FIRE:  1896 14:36:59     -450.679993        3.604472
FIRE:  1897 14:37:00     -450.679535        5.921642
FIRE:  1898 14:37:00     -450.678833       11.130748
FIRE:  1899 14:37:01     -450.679138        2.792958
FIRE:  1900 14:37:01     -450.678894        9.385635
FIRE:  1901 14:37:02     -450.678986        7.506075
FIRE:  1902 14:37:02     -450.679077        4.033561
FIRE:  1903 14:37:03     -450.679108        2.840269
FIRE:  1904 14:37:03     -450.679047        4.577052
FIRE:  1905 14:37:04     -450.679047        4.449163
FIRE:  1906 14:37:04     -450.679047        4.054772
FIRE:  1907 14:37:05     -450.679077        3.400109
FIRE:  1908 14:37:06     -450.679077        2.879623
FIRE:  1909 14:37:06     -450.679077        2.800001
FIRE:  1910 14:37:07     -450.679077        2.904699
FIRE:  1911 14:37:07     -450.679047        3.055562
FIRE:  1912 14:37:08     -450.679047        3.146398
FIRE:  1913 14:37:08     -450.679047        3.223005
FIRE:  1914 14:37:09     -450.679016        3.204620
FIRE:  1915 14:37:09     -450.679016        3.259050
FIRE:  1916 14:37:10     -450.678986        3.101171
FIRE:  1917 14:37:10     -450.678986        2.984802
FIRE:  1918 14:37:11     -450.678955        2.835214
FIRE:  1919 14:37:11     -450.678925        2.717873
FIRE:  1920 14:37:12     -450.678894        2.790263
FIRE:  1921 14:37:12     -450.678833        2.853971
FIRE:  1922 14:37:13     -450.678802        3.019910
FIRE:  1923 14:37:13     -450.678711        3.135329
FIRE:  1924 14:37:14     -450.678619        3.067994
FIRE:  1925 14:37:14     -450.678497        2.747918
FIRE:  1926 14:37:15     -450.678375        2.853982
FIRE:  1927 14:37:15     -450.678223        3.149420
FIRE:  1928 14:37:16     -450.678040        2.927248
FIRE:  1929 14:37:16     -450.677795        2.743247
FIRE:  1930 14:37:17     -450.677490        4.062674
FIRE:  1931 14:37:17     -450.677124        5.202765
FIRE:  1932 14:37:18     -450.676544       10.394431
FIRE:  1933 14:37:18     -450.674805       26.408813
FIRE:  1934 14:37:19     -450.676270        3.382780
FIRE:  1935 14:37:19     -450.676270        3.204877
FIRE:  1936 14:37:20     -450.676270        3.018820
FIRE:  1937 14:37:20     -450.676270        2.796161
FIRE:  1938 14:37:21     -450.676239        2.714726
FIRE:  1939 14:37:21     -450.676208        2.762555
FIRE:  1940 14:37:22     -450.676208        2.734715
FIRE:  1941 14:37:22     -450.676178        2.922648
FIRE:  1942 14:37:23     -450.676147        3.094614
FIRE:  1943 14:37:23     -450.676117        3.189526
FIRE:  1944 14:37:24     -450.676086        3.113682
FIRE:  1945 14:37:25     -450.676025        2.882547
FIRE:  1946 14:37:25     -450.675964        2.739605
FIRE:  1947 14:37:26     -450.675873        2.884366
FIRE:  1948 14:37:26     -450.675751        3.117474
FIRE:  1949 14:37:27     -450.675629        2.957913
FIRE:  1950 14:37:27     -450.675476        2.780382
FIRE:  1951 14:37:28     -450.675262        3.186701
FIRE:  1952 14:37:28     -450.675018        2.745103
FIRE:  1953 14:37:29     -450.674713        3.841608
FIRE:  1954 14:37:29     -450.674225        8.904036
FIRE:  1955 14:37:30     -450.672455       29.008712
FIRE:  1956 14:37:30     -450.673920        4.232386
FIRE:  1957 14:37:31     -450.673950        3.260275
FIRE:  1958 14:37:31     -450.673950        2.801258
FIRE:  1959 14:37:32     -450.673950        3.034362
FIRE:  1960 14:37:32     -450.673920        3.316823
FIRE:  1961 14:37:33     -450.673889        3.671106
FIRE:  1962 14:37:33     -450.673889        3.204818
FIRE:  1963 14:37:34     -450.673859        3.057831
FIRE:  1964 14:37:34     -450.673859        2.704506
FIRE:  1965 14:37:35     -450.673828        2.812304
FIRE:  1966 14:37:35     -450.673767        2.806326
FIRE:  1967 14:37:36     -450.673706        3.145304
FIRE:  1968 14:37:36     -450.673645        3.309033
FIRE:  1969 14:37:37     -450.673584        2.980373
FIRE:  1970 14:37:37     -450.673492        2.778107
FIRE:  1971 14:37:38     -450.673370        2.920111
FIRE:  1972 14:37:39     -450.673218        3.145731
FIRE:  1973 14:37:39     -450.673065        2.828290
FIRE:  1974 14:37:40     -450.672852        3.426165
FIRE:  1975 14:37:40     -450.672546        5.390472
FIRE:  1976 14:37:41     -450.671936       14.600070
FIRE:  1977 14:37:41     -450.668884       44.417785
FIRE:  1978 14:37:42     -450.671753       10.067720
FIRE:  1979 14:37:42     -450.671844        7.219890
FIRE:  1980 14:37:43     -450.671906        3.239939
FIRE:  1981 14:37:43     -450.671875        4.142016
FIRE:  1982 14:37:44     -450.671875        3.800481
FIRE:  1983 14:37:44     -450.671875        3.342742
FIRE:  1984 14:37:45     -450.671906        2.808537
FIRE:  1985 14:37:45     -450.671906        2.779292
FIRE:  1986 14:37:46     -450.671875        2.972323
FIRE:  1987 14:37:46     -450.671875        3.022380
FIRE:  1988 14:37:47     -450.671875        3.095848
FIRE:  1989 14:37:47     -450.671875        3.167003
FIRE:  1990 14:37:48     -450.671844        3.187316
FIRE:  1991 14:37:48     -450.671844        3.156532
FIRE:  1992 14:37:49     -450.671844        3.046502
FIRE:  1993 14:37:49     -450.671814        3.007589
FIRE:  1994 14:37:50     -450.671814        2.867783
FIRE:  1995 14:37:50     -450.671783        2.730898
FIRE:  1996 14:37:51     -450.671753        2.835032
FIRE:  1997 14:37:51     -450.671722        3.010384
FIRE:  1998 14:37:52     -450.671692        3.085288
FIRE:  1999 14:37:53     -450.671631        3.073066
FIRE:  2000 14:37:53     -450.671570        2.850361
FIRE:  2001 14:37:54     -450.671509        2.768381
FIRE:  2002 14:37:54     -450.671417        2.980187
FIRE:  2003 14:37:55     -450.671295        3.157040
FIRE:  2004 14:37:56     -450.671143        2.915524
FIRE:  2005 14:37:56     -450.670990        3.135775
FIRE:  2006 14:37:57     -450.670776        2.839458
FIRE:  2007 14:37:57     -450.670532        2.864613
FIRE:  2008 14:37:58     -450.670227        4.508432
FIRE:  2009 14:37:58     -450.669373       20.171239
FIRE:  2010 14:37:59     -450.659454       89.713191
FIRE:  2011 14:38:00     -450.666412       48.643000
FIRE:  2012 14:38:00     -450.668274       30.216253
FIRE:  2013 14:38:01     -450.669434        2.992269
FIRE:  2014 14:38:01     -450.668488       27.101576
FIRE:  2015 14:38:02     -450.668640       24.664165
FIRE:  2016 14:38:02     -450.668915       19.800509
FIRE:  2017 14:38:03     -450.669220       12.748397
FIRE:  2018 14:38:03     -450.669373        5.040033
FIRE:  2019 14:38:04     -450.669373        4.565839
FIRE:  2020 14:38:04     -450.669373        4.310549
FIRE:  2021 14:38:05     -450.669373        4.221687
FIRE:  2022 14:38:05     -450.669403        3.796818
FIRE:  2023 14:38:06     -450.669403        3.623558
FIRE:  2024 14:38:06     -450.669403        3.315309
FIRE:  2025 14:38:07     -450.669403        3.244181
FIRE:  2026 14:38:07     -450.669403        3.210032
FIRE:  2027 14:38:08     -450.669403        3.144515
FIRE:  2028 14:38:08     -450.669403        2.993133
FIRE:  2029 14:38:09     -450.669403        2.986664
FIRE:  2030 14:38:09     -450.669403        2.804898
FIRE:  2031 14:38:10     -450.669403        2.741644
FIRE:  2032 14:38:11     -450.669373        2.676426
FIRE:  2033 14:38:11     -450.669373        2.758002
FIRE:  2034 14:38:12     -450.669373        2.781023
FIRE:  2035 14:38:12     -450.669373        2.749412
FIRE:  2036 14:38:13     -450.669342        2.947202
FIRE:  2037 14:38:13     -450.669342        3.144264
FIRE:  2038 14:38:14     -450.669312        3.163845
FIRE:  2039 14:38:14     -450.669312        3.055975
FIRE:  2040 14:38:15     -450.669281        3.057003
FIRE:  2041 14:38:15     -450.669250        2.845724
FIRE:  2042 14:38:16     -450.669220        2.812660
FIRE:  2043 14:38:16     -450.669159        3.072620
FIRE:  2044 14:38:17     -450.669098        3.120335
FIRE:  2045 14:38:17     -450.669037        2.965564
FIRE:  2046 14:38:18     -450.668976        2.702005
FIRE:  2047 14:38:18     -450.668884        2.850274
FIRE:  2048 14:38:19     -450.668762        3.152166
FIRE:  2049 14:38:19     -450.668610        2.935096
FIRE:  2050 14:38:20     -450.668427        3.156605
FIRE:  2051 14:38:20     -450.668243        2.940206
FIRE:  2052 14:38:21     -450.667969        2.910402
FIRE:  2053 14:38:21     -450.667633        6.506707
FIRE:  2054 14:38:22     -450.665955       35.929940
FIRE:  2055 14:38:22     -450.666992       17.429718
FIRE:  2056 14:38:23     -450.667175       10.891092
FIRE:  2057 14:38:23     -450.667297        2.909482
FIRE:  2058 14:38:24     -450.667175       10.027800
FIRE:  2059 14:38:24     -450.667206        8.722267
FIRE:  2060 14:38:25     -450.667236        7.311305
FIRE:  2061 14:38:25     -450.667267        5.362275
FIRE:  2062 14:38:26     -450.667267        3.259012
FIRE:  2063 14:38:27     -450.667267        2.954574
FIRE:  2064 14:38:27     -450.667267        3.628675
FIRE:  2065 14:38:28     -450.667267        3.628471
FIRE:  2066 14:38:28     -450.667267        3.628266
FIRE:  2067 14:38:29     -450.667267        3.528683
FIRE:  2068 14:38:29     -450.667267        3.166467
FIRE:  2069 14:38:30     -450.667267        3.054035
FIRE:  2070 14:38:30     -450.667267        2.730524
FIRE:  2071 14:38:31     -450.667267        2.767782
FIRE:  2072 14:38:32     -450.667267        2.770477
FIRE:  2073 14:38:32     -450.667267        3.053354
FIRE:  2074 14:38:33     -450.667267        3.018468
FIRE:  2075 14:38:33     -450.667267        2.984167
FIRE:  2076 14:38:34     -450.667236        3.088118
FIRE:  2077 14:38:34     -450.667236        3.121910
FIRE:  2078 14:38:35     -450.667236        3.113662
FIRE:  2079 14:38:35     -450.667236        3.109048
FIRE:  2080 14:38:36     -450.667236        3.095960
FIRE:  2081 14:38:36     -450.667236        2.907083
FIRE:  2082 14:38:37     -450.667206        2.924387
FIRE:  2083 14:38:37     -450.667206        2.906942
FIRE:  2084 14:38:38     -450.667175        2.816749
FIRE:  2085 14:38:38     -450.667175        2.973902
FIRE:  2086 14:38:39     -450.667145        2.990934
FIRE:  2087 14:38:39     -450.667114        3.099474
FIRE:  2088 14:38:40     -450.667084        2.947025
FIRE:  2089 14:38:40     -450.667023        2.817307
FIRE:  2090 14:38:41     -450.666992        2.858973
FIRE:  2091 14:38:41     -450.666931        3.157276
FIRE:  2092 14:38:42     -450.666840        3.137238
FIRE:  2093 14:38:42     -450.666718        2.820581
FIRE:  2094 14:38:43     -450.666626        3.034059
FIRE:  2095 14:38:43     -450.666473        2.812012
FIRE:  2096 14:38:44     -450.666321        2.786531
FIRE:  2097 14:38:44     -450.666046        8.388735
FIRE:  2098 14:38:45     -450.665192       27.472585
FIRE:  2099 14:38:45     -450.665863        4.865287
FIRE:  2100 14:38:46     -450.665863        3.784813
FIRE:  2101 14:38:46     -450.665863        3.307363
FIRE:  2102 14:38:47     -450.665863        2.880216
FIRE:  2103 14:38:47     -450.665833        3.383870
FIRE:  2104 14:38:48     -450.665833        4.117393
FIRE:  2105 14:38:48     -450.665833        2.854143
FIRE:  2106 14:38:49     -450.665833        2.877552
FIRE:  2107 14:38:49     -450.665802        3.038345
FIRE:  2108 14:38:50     -450.665771        3.384387
FIRE:  2109 14:38:50     -450.665771        3.066795
FIRE:  2110 14:38:51     -450.665741        2.852601
FIRE:  2111 14:38:51     -450.665710        2.787522
FIRE:  2112 14:38:52     -450.665680        2.874702
FIRE:  2113 14:38:52     -450.665619        3.324668
FIRE:  2114 14:38:53     -450.665558        3.144280
FIRE:  2115 14:38:53     -450.665466        3.144703
FIRE:  2116 14:38:54     -450.665405        3.728457
FIRE:  2117 14:38:54     -450.665283        3.420423
FIRE:  2118 14:38:55     -450.665131        5.492912
FIRE:  2119 14:38:55     -450.664856       12.853698
FIRE:  2120 14:38:56     -450.665009        2.781704
FIRE:  2121 14:38:56     -450.664886       11.824382
FIRE:  2122 14:38:57     -450.664917        8.671712
FIRE:  2123 14:38:57     -450.664978        4.225633
FIRE:  2124 14:38:58     -450.664978        2.996237
FIRE:  2125 14:38:59     -450.664978        2.996298
FIRE:  2126 14:38:59     -450.664978        2.789339
FIRE:  2127 14:39:00     -450.664978        2.836849
FIRE:  2128 14:39:00     -450.664978        2.924672
FIRE:  2129 14:39:01     -450.664978        2.925173
FIRE:  2130 14:39:01     -450.664978        3.013730
FIRE:  2131 14:39:02     -450.664978        3.103159
FIRE:  2132 14:39:02     -450.664978        3.011042
FIRE:  2133 14:39:03     -450.664948        3.096922
FIRE:  2134 14:39:03     -450.664948        3.090621
FIRE:  2135 14:39:04     -450.664948        3.036656
FIRE:  2136 14:39:04     -450.664948        3.071355
FIRE:  2137 14:39:05     -450.664948        3.014056
FIRE:  2138 14:39:05     -450.664948        2.997243
FIRE:  2139 14:39:06     -450.664917        2.840176
FIRE:  2140 14:39:06     -450.664917        2.773421
FIRE:  2141 14:39:07     -450.664886        2.928889
FIRE:  2142 14:39:07     -450.664856        2.940484
FIRE:  2143 14:39:08     -450.664856        3.036268
FIRE:  2144 14:39:08     -450.664825        2.982994
FIRE:  2145 14:39:09     -450.664764        3.007177
FIRE:  2146 14:39:09     -450.664734        3.024342
FIRE:  2147 14:39:10     -450.664642        2.930709
FIRE:  2148 14:39:10     -450.664581        3.046088
FIRE:  2149 14:39:11     -450.664490        2.798316
FIRE:  2150 14:39:11     -450.664368        3.486527
FIRE:  2151 14:39:12     -450.664246        5.260260
FIRE:  2152 14:39:12     -450.664001       12.279445
FIRE:  2153 14:39:13     -450.663147       32.484494
FIRE:  2154 14:39:13     -450.663910        4.154804
FIRE:  2155 14:39:14     -450.663910        3.846497
FIRE:  2156 14:39:15     -450.663910        3.157733
FIRE:  2157 14:39:15     -450.663910        2.790333
FIRE:  2158 14:39:16     -450.663910        3.106028
FIRE:  2159 14:39:16     -450.663910        3.065458
FIRE:  2160 14:39:17     -450.663910        2.703417
FIRE:  2161 14:39:17     -450.663910        2.894017
FIRE:  2162 14:39:18     -450.663879        3.088052
FIRE:  2163 14:39:18     -450.663879        3.220504
FIRE:  2164 14:39:19     -450.663849        3.139737
FIRE:  2165 14:39:19     -450.663818        2.939571
FIRE:  2166 14:39:20     -450.663818        2.697462
FIRE:  2167 14:39:20     -450.663788        2.941930
FIRE:  2168 14:39:21     -450.663727        3.191194
FIRE:  2169 14:39:21     -450.663696        3.146438
FIRE:  2170 14:39:22     -450.663635        2.828749
FIRE:  2171 14:39:22     -450.663574        2.905189
FIRE:  2172 14:39:23     -450.663483        2.848023
FIRE:  2173 14:39:23     -450.663361        3.006092
FIRE:  2174 14:39:24     -450.663208        8.576091
FIRE:  2175 14:39:24     -450.662598       26.485526
FIRE:  2176 14:39:25     -450.663055        3.791362
FIRE:  2177 14:39:25     -450.663055        3.464842
FIRE:  2178 14:39:26     -450.663055        3.038516
FIRE:  2179 14:39:26     -450.663055        3.020950
FIRE:  2180 14:39:27     -450.663055        2.927726
FIRE:  2181 14:39:28     -450.663055        3.543265
FIRE:  2182 14:39:28     -450.663055        3.021886
FIRE:  2183 14:39:29     -450.663025        2.979362
FIRE:  2184 14:39:29     -450.663025        3.086753
FIRE:  2185 14:39:30     -450.663025        3.289318
FIRE:  2186 14:39:30     -450.662994        3.138731
FIRE:  2187 14:39:31     -450.662994        2.924390
FIRE:  2188 14:39:31     -450.662964        2.953967
FIRE:  2189 14:39:32     -450.662933        2.656046
FIRE:  2190 14:39:32     -450.662903        4.087409
FIRE:  2191 14:39:33     -450.662872        2.899090
FIRE:  2192 14:39:33     -450.662811        4.123058
FIRE:  2193 14:39:34     -450.662750        4.014505
FIRE:  2194 14:39:34     -450.662689        3.022977
FIRE:  2195 14:39:35     -450.662598        2.767564
FIRE:  2196 14:39:35     -450.662445        5.909777
FIRE:  2197 14:39:36     -450.662109       19.769078
FIRE:  2198 14:39:36     -450.662354        3.377884
FIRE:  2199 14:39:37     -450.662323        3.185662
FIRE:  2200 14:39:37     -450.662323        2.994085
FIRE:  2201 14:39:38     -450.662323        3.044589
FIRE:  2202 14:39:38     -450.662323        2.849922
FIRE:  2203 14:39:39     -450.662323        2.960687
FIRE:  2204 14:39:39     -450.662323        2.886419
FIRE:  2205 14:39:40     -450.662323        2.877010
FIRE:  2206 14:39:41     -450.662292        2.858114
FIRE:  2207 14:39:41     -450.662292        2.960322
FIRE:  2208 14:39:42     -450.662262        3.237792
FIRE:  2209 14:39:42     -450.662262        2.884711
FIRE:  2210 14:39:43     -450.662231        2.777513
FIRE:  2211 14:39:43     -450.662201        3.152989
FIRE:  2212 14:39:44     -450.662170        3.152471
FIRE:  2213 14:39:44     -450.662140        2.866197
FIRE:  2214 14:39:45     -450.662079        2.812135
FIRE:  2215 14:39:45     -450.662018        3.291434
FIRE:  2216 14:39:46     -450.661957        3.285660
FIRE:  2217 14:39:46     -450.661865        3.876183
FIRE:  2218 14:39:47     -450.661743        6.892595
FIRE:  2219 14:39:47     -450.661407       21.327169
FIRE:  2220 14:39:48     -450.658600       73.602968
FIRE:  2221 14:39:48     -450.661163       24.944379
FIRE:  2222 14:39:49     -450.661346       17.447263
FIRE:  2223 14:39:49     -450.661499        3.702565
FIRE:  2224 14:39:50     -450.661438       10.845764
FIRE:  2225 14:39:50     -450.661438       10.604152
FIRE:  2226 14:39:51     -450.661438        8.817167
FIRE:  2227 14:39:51     -450.661469        6.567234
FIRE:  2228 14:39:52     -450.661499        3.429414
FIRE:  2229 14:39:52     -450.661499        2.878992
FIRE:  2230 14:39:53     -450.661499        3.795746
FIRE:  2231 14:39:53     -450.661499        3.796004
FIRE:  2232 14:39:54     -450.661469        3.795647
FIRE:  2233 14:39:55     -450.661499        3.258556
FIRE:  2234 14:39:55     -450.661499        3.091945
FIRE:  2235 14:39:56     -450.661499        3.091964
FIRE:  2236 14:39:56     -450.661499        3.221833
FIRE:  2237 14:39:57     -450.661499        3.148965
FIRE:  2238 14:39:57     -450.661499        3.148719
FIRE:  2239 14:39:58     -450.661499        2.940631
FIRE:  2240 14:39:58     -450.661469        3.070546
FIRE:  2241 14:39:59     -450.661469        2.997423
FIRE:  2242 14:39:59     -450.661469        2.853083
FIRE:  2243 14:40:00     -450.661469        2.850212
FIRE:  2244 14:40:00     -450.661469        2.909681
FIRE:  2245 14:40:01     -450.661469        2.971381
FIRE:  2246 14:40:01     -450.661469        2.960658
FIRE:  2247 14:40:02     -450.661469        3.095722
FIRE:  2248 14:40:03     -450.661469        2.881950
FIRE:  2249 14:40:03     -450.661469        3.136891
FIRE:  2250 14:40:04     -450.661438        3.188364
FIRE:  2251 14:40:04     -450.661438        2.963705
FIRE:  2252 14:40:05     -450.661438        3.129409
FIRE:  2253 14:40:05     -450.661407        2.676303
FIRE:  2254 14:40:06     -450.661407        2.768751
FIRE:  2255 14:40:06     -450.661377        3.206674
FIRE:  2256 14:40:07     -450.661346        2.946688
FIRE:  2257 14:40:07     -450.661316        2.933255
FIRE:  2258 14:40:08     -450.661285        2.756258
FIRE:  2259 14:40:08     -450.661255        3.002399
FIRE:  2260 14:40:09     -450.661194        3.438374
FIRE:  2261 14:40:09     -450.661133        2.932011
FIRE:  2262 14:40:10     -450.661041        3.686148
FIRE:  2263 14:40:10     -450.660950        5.403077
FIRE:  2264 14:40:11     -450.660736       14.176202
FIRE:  2265 14:40:12     -450.659851       42.144590
FIRE:  2266 14:40:12     -450.660675        9.416970
FIRE:  2267 14:40:13     -450.660706        6.651284
FIRE:  2268 14:40:13     -450.660736        3.094323
FIRE:  2269 14:40:14     -450.660706        4.264042
FIRE:  2270 14:40:14     -450.660706        3.390387
FIRE:  2271 14:40:15     -450.660706        2.998008
FIRE:  2272 14:40:15     -450.660706        2.998005
FIRE:  2273 14:40:16     -450.660706        2.914727
FIRE:  2274 14:40:17     -450.660706        2.691036
FIRE:  2275 14:40:17     -450.660706        3.145544
FIRE:  2276 14:40:18     -450.660706        3.069836
FIRE:  2277 14:40:18     -450.660706        3.069863
FIRE:  2278 14:40:19     -450.660706        3.058551
FIRE:  2279 14:40:19     -450.660706        3.284662
FIRE:  2280 14:40:20     -450.660706        3.190550
FIRE:  2281 14:40:20     -450.660706        3.091442
FIRE:  2282 14:40:21     -450.660675        2.998089
FIRE:  2283 14:40:21     -450.660675        2.899442
FIRE:  2284 14:40:22     -450.660675        3.025059
FIRE:  2285 14:40:22     -450.660645        2.769374
FIRE:  2286 14:40:23     -450.660645        2.818798
FIRE:  2287 14:40:23     -450.660645        3.307984
FIRE:  2288 14:40:24     -450.660614        2.936341
FIRE:  2289 14:40:24     -450.660583        2.720017
FIRE:  2290 14:40:25     -450.660553        3.011451
FIRE:  2291 14:40:25     -450.660522        3.305725
FIRE:  2292 14:40:26     -450.660492        2.901042
FIRE:  2293 14:40:26     -450.660431        3.418836
FIRE:  2294 14:40:27     -450.660370        3.090621
FIRE:  2295 14:40:27     -450.660278        4.732206
FIRE:  2296 14:40:28     -450.660126       11.273104
FIRE:  2297 14:40:28     -450.660187        2.927827
FIRE:  2298 14:40:29     -450.660156        9.885146
FIRE:  2299 14:40:29     -450.660156        7.949022
FIRE:  2300 14:40:30     -450.660187        4.308131
FIRE:  2301 14:40:30     -450.660187        2.982934
FIRE:  2302 14:40:31     -450.660156        4.530042
FIRE:  2303 14:40:31     -450.660156        4.530164
FIRE:  2304 14:40:32     -450.660156        4.277559
FIRE:  2305 14:40:32     -450.660187        4.028277
FIRE:  2306 14:40:33     -450.660187        2.815687
FIRE:  2307 14:40:33     -450.660187        2.882454
FIRE:  2308 14:40:34     -450.660187        2.887779
FIRE:  2309 14:40:34     -450.660187        3.049520
FIRE:  2310 14:40:35     -450.660156        3.211509
FIRE:  2311 14:40:35     -450.660156        3.376451
FIRE:  2312 14:40:36     -450.660156        3.287680
FIRE:  2313 14:40:36     -450.660156        3.392874
FIRE:  2314 14:40:37     -450.660156        3.022576
FIRE:  2315 14:40:37     -450.660156        3.078280
FIRE:  2316 14:40:38     -450.660156        2.815180
FIRE:  2317 14:40:38     -450.660156        2.874997
FIRE:  2318 14:40:39     -450.660126        2.769539
FIRE:  2319 14:40:39     -450.660126        2.904058
FIRE:  2320 14:40:40     -450.660126        3.129341
FIRE:  2321 14:40:40     -450.660095        3.083112
FIRE:  2322 14:40:41     -450.660095        2.771992
FIRE:  2323 14:40:41     -450.660065        2.786272
FIRE:  2324 14:40:42     -450.660034        3.129960
FIRE:  2325 14:40:42     -450.660004        3.203594
FIRE:  2326 14:40:43     -450.659973        3.326806
FIRE:  2327 14:40:43     -450.659943        2.994298
FIRE:  2328 14:40:44     -450.659882        3.459391
FIRE:  2329 14:40:44     -450.659790        7.224715
FIRE:  2330 14:40:45     -450.659607       16.070126
FIRE:  2331 14:40:45     -450.659180       33.724499
FIRE:  2332 14:40:46     -450.659637        3.337563
FIRE:  2333 14:40:46     -450.659637        2.976529
FIRE:  2334 14:40:47     -450.659637        2.881040
FIRE:  2335 14:40:47     -450.659637        3.322415
FIRE:  2336 14:40:48     -450.659637        3.308175
FIRE:  2337 14:40:48     -450.659607        3.116986
FIRE:  2338 14:40:49     -450.659607        2.831091
FIRE:  2339 14:40:49     -450.659607        2.816242
FIRE:  2340 14:40:50     -450.659607        3.066145
FIRE:  2341 14:40:50     -450.659607        2.866251
FIRE:  2342 14:40:51     -450.659576        3.102952
FIRE:  2343 14:40:51     -450.659576        2.977665
FIRE:  2344 14:40:52     -450.659576        2.832439
FIRE:  2345 14:40:52     -450.659546        2.957672
FIRE:  2346 14:40:53     -450.659546        2.883322
FIRE:  2347 14:40:53     -450.659515        2.781734
FIRE:  2348 14:40:54     -450.659485        3.134444
FIRE:  2349 14:40:54     -450.659424        3.812330
FIRE:  2350 14:40:55     -450.659393        4.820443
FIRE:  2351 14:40:55     -450.659332        5.769974
FIRE:  2352 14:40:56     -450.659241        8.262444
FIRE:  2353 14:40:56     -450.659058       19.293321
FIRE:  2354 14:40:57     -450.659180        2.640500
FIRE:  2355 14:40:57     -450.659058       17.938405
FIRE:  2356 14:40:58     -450.659119       13.341063
FIRE:  2357 14:40:59     -450.659180        6.023691
FIRE:  2358 14:40:59     -450.659180        5.318499
FIRE:  2359 14:41:00     -450.659180        3.658591
FIRE:  2360 14:41:00     -450.659180        3.401531
FIRE:  2361 14:41:01     -450.659180        3.180554
FIRE:  2362 14:41:01     -450.659180        3.180645
FIRE:  2363 14:41:02     -450.659180        2.788298
FIRE:  2364 14:41:02     -450.659180        3.071643
FIRE:  2365 14:41:03     -450.659180        2.867045
FIRE:  2366 14:41:03     -450.659180        2.765840
FIRE:  2367 14:41:04     -450.659180        2.851076
FIRE:  2368 14:41:04     -450.659180        3.104029
FIRE:  2369 14:41:05     -450.659149        3.033899
FIRE:  2370 14:41:05     -450.659149        2.733310
FIRE:  2371 14:41:06     -450.659149        3.007295
FIRE:  2372 14:41:07     -450.659149        3.087580
FIRE:  2373 14:41:07     -450.659149        2.975932
FIRE:  2374 14:41:08     -450.659119        3.334243
FIRE:  2375 14:41:08     -450.659119        3.104802
FIRE:  2376 14:41:09     -450.659119        2.765125
FIRE:  2377 14:41:09     -450.659119        2.709422
FIRE:  2378 14:41:10     -450.659088        3.243119
FIRE:  2379 14:41:10     -450.659058        3.371841
FIRE:  2380 14:41:11     -450.659058        3.073881
FIRE:  2381 14:41:11     -450.659027        3.781240
FIRE:  2382 14:41:12     -450.658997        2.831842
FIRE:  2383 14:41:12     -450.658936        2.863071
FIRE:  2384 14:41:13     -450.658875        4.344166
FIRE:  2385 14:41:13     -450.658813        8.825605
FIRE:  2386 14:41:14     -450.658661       17.619818
FIRE:  2387 14:41:14     -450.658752        2.911351
FIRE:  2388 14:41:15     -450.658661       16.483418
FIRE:  2389 14:41:15     -450.658691       12.893191
FIRE:  2390 14:41:16     -450.658752        5.732137
FIRE:  2391 14:41:16     -450.658752        3.031307
FIRE:  2392 14:41:17     -450.658752        3.031499
FIRE:  2393 14:41:17     -450.658752        3.031691
FIRE:  2394 14:41:18     -450.658752        3.031627
FIRE:  2395 14:41:19     -450.658752        2.877387
FIRE:  2396 14:41:19     -450.658752        2.877426
FIRE:  2397 14:41:20     -450.658752        3.078639
FIRE:  2398 14:41:20     -450.658752        3.078462
FIRE:  2399 14:41:21     -450.658752        3.282246
FIRE:  2400 14:41:21     -450.658752        2.975733
FIRE:  2401 14:41:22     -450.658752        3.171713
FIRE:  2402 14:41:22     -450.658722        2.958938
FIRE:  2403 14:41:23     -450.658722        3.043737
FIRE:  2404 14:41:24     -450.658722        2.824764
FIRE:  2405 14:41:24     -450.658722        3.002290
FIRE:  2406 14:41:25     -450.658722        2.783403
FIRE:  2407 14:41:25     -450.658722        2.961359
FIRE:  2408 14:41:26     -450.658722        3.147588
FIRE:  2409 14:41:26     -450.658691        3.120181
FIRE:  2410 14:41:27     -450.658691        3.283763
FIRE:  2411 14:41:27     -450.658691        2.494324
FIRE:  2412 14:41:28     -450.658661        2.831087
FIRE:  2413 14:41:28     -450.658630        3.165390
FIRE:  2414 14:41:29     -450.658630        3.390491
FIRE:  2415 14:41:29     -450.658600        2.938240
FIRE:  2416 14:41:30     -450.658539        2.675798
FIRE:  2417 14:41:31     -450.658508        3.120398
FIRE:  2418 14:41:31     -450.658447        2.888533
FIRE:  2419 14:41:32     -450.658386        3.153709
FIRE:  2420 14:41:32     -450.658295        3.100280
FIRE:  2421 14:41:33     -450.658142       14.205476
FIRE:  2422 14:41:33     -450.656494       70.449484
FIRE:  2423 14:41:34     -450.657593       39.427806
FIRE:  2424 14:41:34     -450.657898       24.027746
FIRE:  2425 14:41:35     -450.658081        2.944091
FIRE:  2426 14:41:35     -450.657898       23.489159
FIRE:  2427 14:41:36     -450.657959       19.921141
FIRE:  2428 14:41:36     -450.657990       16.356584
FIRE:  2429 14:41:37     -450.658051       10.881129
FIRE:  2430 14:41:37     -450.658081        4.435089
FIRE:  2431 14:41:38     -450.658081        3.861213
FIRE:  2432 14:41:38     -450.658081        3.861262
FIRE:  2433 14:41:39     -450.658081        3.861276
FIRE:  2434 14:41:39     -450.658081        3.538722
FIRE:  2435 14:41:40     -450.658081        3.538766
FIRE:  2436 14:41:40     -450.658081        3.538634
FIRE:  2437 14:41:41     -450.658081        3.276238
FIRE:  2438 14:41:41     -450.658081        3.152095
FIRE:  2439 14:41:42     -450.658081        3.152095
FIRE:  2440 14:41:42     -450.658081        3.144407
FIRE:  2441 14:41:43     -450.658081        3.020942
FIRE:  2442 14:41:43     -450.658081        2.897455
FIRE:  2443 14:41:44     -450.658081        2.897367
FIRE:  2444 14:41:44     -450.658081        3.001621
FIRE:  2445 14:41:45     -450.658081        2.761048
FIRE:  2446 14:41:45     -450.658051        3.323372
FIRE:  2447 14:41:46     -450.658051        2.975180
FIRE:  2448 14:41:47     -450.658051        3.085535
FIRE:  2449 14:41:47     -450.658051        3.189878
FIRE:  2450 14:41:48     -450.658051        3.170665
FIRE:  2451 14:41:48     -450.658051        3.142411
FIRE:  2452 14:41:49     -450.658051        3.103154
FIRE:  2453 14:41:49     -450.658020        2.610934
FIRE:  2454 14:41:50     -450.658020        2.788819
FIRE:  2455 14:41:50     -450.658020        2.852218
FIRE:  2456 14:41:51     -450.657990        3.138511
FIRE:  2457 14:41:51     -450.657990        3.303064
FIRE:  2458 14:41:52     -450.657959        2.838432
FIRE:  2459 14:41:52     -450.657928        2.835413
FIRE:  2460 14:41:53     -450.657898        5.037540
FIRE:  2461 14:41:53     -450.657867        4.817552
FIRE:  2462 14:41:54     -450.657837        5.473519
FIRE:  2463 14:41:54     -450.657745        8.858733
FIRE:  2464 14:41:55     -450.657623       18.515730
FIRE:  2465 14:41:55     -450.657715        3.452111
FIRE:  2466 14:41:56     -450.657623       15.693865
FIRE:  2467 14:41:56     -450.657654       12.399676
FIRE:  2468 14:41:57     -450.657684        5.808341
FIRE:  2469 14:41:57     -450.657715        3.298331
FIRE:  2470 14:41:58     -450.657715        3.298488
FIRE:  2471 14:41:58     -450.657715        3.298384
FIRE:  2472 14:41:59     -450.657715        3.298057
FIRE:  2473 14:42:00     -450.657715        3.298200
FIRE:  2474 14:42:00     -450.657715        3.033825
FIRE:  2475 14:42:01     -450.657715        3.401980
FIRE:  2476 14:42:01     -450.657715        3.402094
FIRE:  2477 14:42:02     -450.657715        2.772778
FIRE:  2478 14:42:02     -450.657684        2.896111
FIRE:  2479 14:42:03     -450.657684        3.103810
FIRE:  2480 14:42:03     -450.657715        2.514082
FIRE:  2481 14:42:04     -450.657684        2.874472
FIRE:  2482 14:42:04     -450.657684        2.984635
FIRE:  2483 14:42:05     -450.657684        4.110842
FIRE:  2484 14:42:05     -450.657684        3.317585
FIRE:  2485 14:42:06     -450.657684        3.051623
FIRE:  2486 14:42:06     -450.657684        2.767961
FIRE:  2487 14:42:07     -450.657654        3.083703
FIRE:  2488 14:42:07     -450.657654        2.544195
FIRE:  2489 14:42:08     -450.657654        2.873411
FIRE:  2490 14:42:08     -450.657654        2.801232
FIRE:  2491 14:42:09     -450.657623        3.085696
FIRE:  2492 14:42:09     -450.657593        3.472027
FIRE:  2493 14:42:10     -450.657562        2.987228
FIRE:  2494 14:42:10     -450.657532        3.074939
FIRE:  2495 14:42:11     -450.657501        4.392427
FIRE:  2496 14:42:11     -450.657440        5.458417
FIRE:  2497 14:42:12     -450.657379        7.979824
FIRE:  2498 14:42:12     -450.657227       21.236844
FIRE:  2499 14:42:13     -450.656128       64.689537
FIRE:  2500 14:42:13     -450.657196       17.086885
      Step     Time          Energy          fmax
BFGS:    0 19:42:29     -452.311005        3.587453
BFGS:    1 19:42:37     -452.632935        2.593775
BFGS:    2 19:42:45     -453.031708        1.883782
BFGS:    3 19:42:47     -453.195068        1.981971
BFGS:    4 19:42:49     -453.509705        1.574565
BFGS:    5 19:42:53     -453.715210        1.192790
BFGS:    6 19:42:55     -453.911530        0.947688
BFGS:    7 19:42:58     -453.991089        0.778317
BFGS:    8 19:43:00     -454.039093        0.854176
BFGS:    9 19:43:04     -454.065369        0.674169
BFGS:   10 19:43:06     -454.082458        0.595187
BFGS:   11 19:43:08     -454.097260        0.656574
BFGS:   12 19:43:11     -454.112793        0.697983
BFGS:   13 19:43:12     -454.126770        0.433117
BFGS:   14 19:43:15     -454.118347        0.527060
BFGS:   15 19:43:17     -454.112793        0.491227
BFGS:   16 19:43:20     -454.105804        0.549433
BFGS:   17 19:43:22     -454.091644        0.522009
BFGS:   18 19:43:28     -454.069336        0.652122
BFGS:   19 19:43:30     -453.984528        0.864805
BFGS:   20 19:43:34     -453.872589        1.216531
BFGS:   21 19:43:35     -453.602295        2.176171
BFGS:   22 19:43:39     -453.220642        2.605742
BFGS:   23 19:43:43     -452.445801        3.200236
BFGS:   24 19:43:45     -451.065338        3.795529
BFGS:   25 19:43:48     -449.944580        4.056380
BFGS:   26 19:43:50     -448.966705        3.776505
BFGS:   27 19:43:51     -449.847687        2.964141
BFGS:   28 19:43:52     -450.472931        1.935680
BFGS:   29 19:43:53     -451.340546        1.492834
BFGS:   30 19:43:56     -452.122437        1.355470
BFGS:   31 19:43:59     -452.717133        1.423153
BFGS:   32 19:44:02     -452.907562        1.537334
BFGS:   33 19:44:05     -452.395020        1.760837
BFGS:   34 19:44:07     -451.841339        2.017761
BFGS:   35 19:44:10     -452.220642        1.674554
BFGS:   36 19:44:11     -452.508942        1.698492
BFGS:   37 19:44:13     -452.429077        1.308231
BFGS:   38 19:44:14     -452.339752        1.232702
BFGS:   39 19:44:16     -452.369995        0.725457
BFGS:   40 19:44:21     -452.528229        1.200678
BFGS:   41 19:44:25     -452.765503        1.339168
BFGS:   42 19:44:29     -452.729248        1.829396
BFGS:   43 19:44:32     -452.519287        2.651419
BFGS:   44 19:44:35     -452.159515        2.845908
BFGS:   45 19:44:40     -451.274078        3.611554
BFGS:   46 19:44:44     -450.452240        3.394674
BFGS:   47 19:44:48     -450.632233        3.257751
BFGS:   48 19:44:51     -451.690277        1.453583
BFGS:   49 19:44:53     -452.233032        1.266713
BFGS:   50 19:45:01     -452.819000        1.252371
BFGS:   51 19:45:03     -453.205994        1.205230
BFGS:   52 19:45:07     -453.393524        1.071726
BFGS:   53 19:45:08     -453.703125        0.812124
BFGS:   54 19:45:14     -453.715912        1.019100
BFGS:   55 19:45:17     -453.145233        1.614024
BFGS:   56 19:45:21     -452.433380        2.452970
BFGS:   57 19:45:23     -452.891388        1.370081
BFGS:   58 19:45:26     -453.079254        1.518618
BFGS:   59 19:45:30     -453.082153        2.802300
BFGS:   60 19:45:32     -452.705688        2.652792
BFGS:   61 19:45:34     -452.270691        2.392696
BFGS:   62 19:45:35     -452.057800        2.431800
BFGS:   63 19:45:37     -452.024994        1.968814
BFGS:   64 19:45:40     -452.241821        1.479151
BFGS:   65 19:45:44     -452.425598        1.154792
BFGS:   66 19:45:46     -452.448608        1.382673
BFGS:   67 19:45:48     -452.568542        1.659576
BFGS:   68 19:45:52     -452.701263        1.226055
BFGS:   69 19:45:54     -452.761108        1.088769
BFGS:   70 19:46:01     -452.619476        1.690063
BFGS:   71 19:46:05     -452.547821        1.229219
BFGS:   72 19:46:08     -452.707031        0.839282
BFGS:   73 19:46:10     -452.794342        0.728577
BFGS:   74 19:46:14     -452.842621        0.567840
BFGS:   75 19:46:17     -452.916534        1.083518
BFGS:   76 19:46:21     -452.823059        1.835197
BFGS:   77 19:46:25     -452.633911        2.304269
BFGS:   78 19:46:26     -452.088440        2.881535
BFGS:   79 19:46:27     -451.225586        3.338017
BFGS:   80 19:46:30     -451.636871        3.272977
BFGS:   81 19:46:32     -452.732849        2.455534
BFGS:   82 19:46:33     -452.965149        2.249836
BFGS:   83 19:46:35     -452.837769        2.751901
BFGS:   84 19:46:37     -452.679871        2.750660
BFGS:   85 19:46:41     -452.671753        2.458298
BFGS:   86 19:46:42     -452.541901        2.746926
BFGS:   87 19:46:45     -452.001282        4.235085
BFGS:   88 19:46:50     -450.922424        4.565007
BFGS:   89 19:46:52     -450.114716        3.479391
BFGS:   90 19:46:54     -449.689178        3.624566
BFGS:   91 19:46:56     -450.173553        2.597592
BFGS:   92 19:46:58     -451.083893        2.468745
BFGS:   93 19:46:59     -451.812012        1.680764
BFGS:   94 19:47:01     -452.113007        2.364112
BFGS:   95 19:47:04     -452.297760        1.912030
BFGS:   96 19:47:07     -452.531891        1.970647
BFGS:   97 19:47:09     -452.752289        1.583614
BFGS:   98 19:47:10     -452.847839        0.938021
BFGS:   99 19:47:17     -452.820129        1.362632
BFGS:  100 19:47:19     -452.818146        1.855832
BFGS:  101 19:47:21     -452.873474        1.785632
BFGS:  102 19:47:23     -452.896515        1.815981
BFGS:  103 19:47:25     -452.874878        1.871339
BFGS:  104 19:47:28     -452.988220        1.643878
BFGS:  105 19:47:30     -453.100220        1.251605
BFGS:  106 19:47:32     -453.210815        1.034845
BFGS:  107 19:47:33     -453.314911        0.891997
BFGS:  108 19:47:36     -453.362854        0.983418
BFGS:  109 19:47:39     -453.367371        1.260671
BFGS:  110 19:47:42     -453.425079        0.810335
BFGS:  111 19:47:48     -453.523560        1.497925
BFGS:  112 19:47:51     -453.622986        1.938303
BFGS:  113 19:47:52     -453.698334        2.398812
BFGS:  114 19:47:55     -453.793518        1.583864
BFGS:  115 19:47:58     -453.846252        1.125121
BFGS:  116 19:48:04     -453.824310        1.900464
BFGS:  117 19:48:07     -453.573944        3.531485
BFGS:  118 19:48:12     -453.106598        4.960454
BFGS:  119 19:48:13     -452.655365        4.696444
BFGS:  120 19:48:15     -452.108459        4.446056
BFGS:  121 19:48:19     -451.820038        3.240954
BFGS:  122 19:48:22     -451.611237        2.867224
BFGS:  123 19:48:28     -451.074066        3.135489
BFGS:  124 19:48:32     -450.071259        4.527314
BFGS:  125 19:48:34     -449.363831        5.103268
BFGS:  126 19:48:35     -448.987762        4.394985
BFGS:  127 19:48:36     -449.556244        2.892529
BFGS:  128 19:48:37     -450.217865        2.243553
BFGS:  129 19:48:39     -451.203522        4.077944
BFGS:  130 19:48:42     -451.708649        2.719425
BFGS:  131 19:48:47     -452.175140        2.107305
BFGS:  132 19:48:49     -451.971313        1.582541
BFGS:  133 19:48:50     -451.405640        2.824281
BFGS:  134 19:48:52     -451.404785        2.638270
BFGS:  135 19:48:54     -451.765411        1.670744
BFGS:  136 19:49:01     -452.159515        1.534376
BFGS:  137 19:49:02     -452.275085        2.008034
BFGS:  138 19:49:04     -452.104034        2.351156
BFGS:  139 19:49:07     -451.605499        3.522292
BFGS:  140 19:49:09     -450.832245        5.686372
BFGS:  141 19:49:11     -449.868164        5.819917
BFGS:  142 19:49:13     -449.247803        5.600473
BFGS:  143 19:49:14     -449.294128        5.263900
BFGS:  144 19:49:16     -449.756470        4.806728
BFGS:  145 19:49:18     -450.346619        3.860790
BFGS:  146 19:49:19     -450.769073        2.839397
BFGS:  147 19:49:20     -450.905273        2.437402
BFGS:  148 19:49:22     -450.804596        3.005544
BFGS:  149 19:49:25     -450.651672        3.599783
BFGS:  150 19:49:28     -450.652618        3.712127
BFGS:  151 19:49:33     -450.993591        3.535915
BFGS:  152 19:49:36     -451.690369        3.469631
BFGS:  153 19:49:38     -452.306305        1.705245
BFGS:  154 19:49:43     -452.444855        2.940363
BFGS:  155 19:49:45     -452.290741        4.133029
BFGS:  156 19:49:47     -452.375977        3.017658
BFGS:  157 19:49:48     -452.679840        1.411513
BFGS:  158 19:49:49     -452.928162        0.946894
BFGS:  159 19:49:49     -453.051300        0.844892
BFGS:  160 19:49:51     -453.139069        0.867969
BFGS:  161 19:49:53     -453.204102        0.704207
BFGS:  162 19:49:55     -453.265625        0.820406
BFGS:  163 19:49:58     -453.313904        1.363729
BFGS:  164 19:50:00     -453.339783        1.805210
BFGS:  165 19:50:02     -453.352509        1.991469
BFGS:  166 19:50:06     -453.406372        1.602672
BFGS:  167 19:50:08     -453.472229        0.666168
BFGS:  168 19:50:10     -453.494385        0.632498
BFGS:  169 19:50:12     -453.520233        0.836747
BFGS:  170 19:50:14     -453.554230        0.601978
BFGS:  171 19:50:17     -453.597534        0.801562
BFGS:  172 19:50:19     -453.580780        0.816618
BFGS:  173 19:50:24     -453.563873        1.243067
BFGS:  174 19:50:27     -453.682068        0.946129
BFGS:  175 19:50:30     -453.772736        0.655843
BFGS:  176 19:50:33     -453.718048        0.949693
BFGS:  177 19:50:35     -453.755798        0.665328
BFGS:  178 19:50:36     -453.774506        0.398439
BFGS:  179 19:50:43     -453.768616        0.590474
BFGS:  180 19:50:46     -453.735535        0.920819
BFGS:  181 19:50:50     -453.682190        1.126143
BFGS:  182 19:50:51     -453.609344        1.139791
BFGS:  183 19:50:54     -453.597565        0.948944
BFGS:  184 19:50:58     -453.592529        1.134305
BFGS:  185 19:50:59     -453.585754        3.056510
BFGS:  186 19:51:02     -453.624603        1.008892
BFGS:  187 19:51:05     -453.719238        0.833435
BFGS:  188 19:51:13     -453.726929        0.946698
BFGS:  189 19:51:14     -453.675903        0.581387
BFGS:  190 19:51:16     -453.675354        0.522369
BFGS:  191 19:51:17     -453.681946        0.443343
BFGS:  192 19:51:18     -453.650970        0.732308
BFGS:  193 19:51:22     -453.623291        0.959298
BFGS:  194 19:51:26     -453.702087        0.818910
BFGS:  195 19:51:29     -453.813721        0.790122
BFGS:  196 19:51:30     -453.780548        0.974744
BFGS:  197 19:51:35     -453.632965        0.952866
BFGS:  198 19:51:37     -453.650208        0.608841
BFGS:  199 19:51:40     -453.701202        0.469997
BFGS:  200 19:51:41     -453.742615        0.364002
BFGS:  201 19:51:44     -453.777496        0.477051
BFGS:  202 19:51:47     -453.741882        0.491927
BFGS:  203 19:51:49     -453.683502        0.692074
BFGS:  204 19:51:50     -453.718506        0.741856
BFGS:  205 19:51:54     -453.717529        1.096540
BFGS:  206 19:51:55     -453.445190        2.139485
BFGS:  207 19:51:56     -453.199524        2.839803
BFGS:  208 19:52:05     -453.153046        2.485714
BFGS:  209 19:52:07     -453.227783        1.877413
BFGS:  210 19:52:10     -453.322021        2.139667
BFGS:  211 19:52:11     -453.223419        2.590775
BFGS:  212 19:52:13     -453.118256        2.678459
BFGS:  213 19:52:20     -453.288513        1.730862
BFGS:  214 19:52:21     -453.515625        1.138612
BFGS:  215 19:52:24     -453.618500        1.336498
BFGS:  216 19:52:27     -453.667664        1.379705
BFGS:  217 19:52:28     -453.718750        0.741658
BFGS:  218 19:52:29     -453.660156        1.080723
BFGS:  219 19:52:34     -453.508026        1.978630
BFGS:  220 19:52:37     -453.530151        2.156174
BFGS:  221 19:52:43     -453.712708        1.614570
BFGS:  222 19:52:46     -453.535126        2.331433
BFGS:  223 19:52:53     -453.127777        4.211259
BFGS:  224 19:52:55     -453.357758        2.882774
BFGS:  225 19:52:56     -453.633118        1.257937
BFGS:  226 19:52:57     -453.727692        0.549194
BFGS:  227 19:53:00     -453.714233        0.509492
BFGS:  228 19:53:01     -453.682068        0.888457
BFGS:  229 19:53:03     -453.720825        1.083226
BFGS:  230 19:53:07     -453.733643        0.895000
BFGS:  231 19:53:11     -453.474731        2.371827
BFGS:  232 19:53:14     -453.587311        1.892440
BFGS:  233 19:53:16     -453.696045        0.951660
BFGS:  234 19:53:20     -453.715759        0.664847
BFGS:  235 19:53:26     -453.725250        0.625345
BFGS:  236 19:53:28     -453.739960        0.469631
BFGS:  237 19:53:29     -453.754181        0.213695
BFGS:  238 19:53:31     -453.755371        0.207945
BFGS:  239 19:53:34     -453.756287        0.398455
BFGS:  240 19:53:35     -453.755432        0.327438
BFGS:  241 19:53:39     -453.753571        0.391540
BFGS:  242 19:53:40     -453.760345        0.353567
BFGS:  243 19:53:43     -453.762939        0.277250
BFGS:  244 19:53:45     -453.765442        0.265178
BFGS:  245 19:53:50     -453.765625        0.341534
BFGS:  246 19:53:51     -453.764404        0.282936
BFGS:  247 19:53:53     -453.725861        1.587007
BFGS:  248 19:53:54     -453.522400        2.280887
BFGS:  249 19:53:55     -453.484680        1.802212
BFGS:  250 19:53:57     -453.397217        2.366539
BFGS:  251 19:53:58     -453.285645        2.884928
BFGS:  252 19:54:01     -453.172028        3.058883
BFGS:  253 19:54:04     -453.083038        2.587644
BFGS:  254 19:54:06     -453.106720        1.919528
BFGS:  255 19:54:10     -453.380798        2.796521
BFGS:  256 19:54:15     -453.897797        3.259862
BFGS:  257 19:54:22     -454.062225        3.032734
BFGS:  258 19:54:24     -454.021851        2.337646
BFGS:  259 19:54:27     -454.084473        1.369564
BFGS:  260 19:54:36     -454.082031        1.629230
BFGS:  261 19:54:39     -454.086395        1.599958
BFGS:  262 19:54:41     -454.103851        0.869955
BFGS:  263 19:54:43     -454.112915        0.484021
BFGS:  264 19:54:44     -454.115692        0.494280
BFGS:  265 19:54:48     -454.118988        0.449549
BFGS:  266 19:54:50     -454.126282        0.395364
BFGS:  267 19:54:53     -454.131744        0.320687
BFGS:  268 19:54:55     -454.136475        0.282987
BFGS:  269 19:54:57     -454.142578        0.323861
BFGS:  270 19:54:58     -454.152771        0.384634
BFGS:  271 19:55:01     -454.171204        0.361257
BFGS:  272 19:55:03     -454.195343        0.302320
BFGS:  273 19:55:05     -454.210938        0.313204
BFGS:  274 19:55:06     -454.236084        0.374932
BFGS:  275 19:55:07     -454.237183        0.205312
BFGS:  276 19:55:10     -454.242798        0.208252
BFGS:  277 19:55:13     -454.255920        0.253258
BFGS:  278 19:55:15     -454.269104        0.283908
BFGS:  279 19:55:16     -454.269958        0.457142
BFGS:  280 19:55:17     -454.259308        0.516033
BFGS:  281 19:55:18     -454.216766        0.555211
BFGS:  282 19:55:21     -454.162476        0.539365
BFGS:  283 19:55:24     -454.122955        0.583026
BFGS:  284 19:55:25     -454.115540        0.544008
BFGS:  285 19:55:29     -454.112427        0.627526
BFGS:  286 19:55:35     -454.107330        0.656091
BFGS:  287 19:55:36     -454.121033        0.717467
BFGS:  288 19:55:40     -454.095062        0.698258
BFGS:  289 19:55:42     -454.114380        0.475312
BFGS:  290 19:55:45     -454.117096        0.476574
BFGS:  291 19:55:45     -454.116608        0.404455
BFGS:  292 19:55:47     -454.115601        0.421455
BFGS:  293 19:55:48     -454.119324        0.324234
BFGS:  294 19:55:54     -454.119324        0.557133
BFGS:  295 19:55:55     -454.126129        0.444402
BFGS:  296 19:55:59     -454.123962        0.504410
BFGS:  297 19:56:01     -454.130005        0.410148
BFGS:  298 19:56:03     -454.130859        0.333156
BFGS:  299 19:56:08     -454.127991        0.418809
BFGS:  300 19:56:13     -454.127258        0.305585
BFGS:  301 19:56:14     -454.129517        0.567331
BFGS:  302 19:56:15     -454.129822        0.525804
BFGS:  303 19:56:19     -454.132568        0.428826
BFGS:  304 19:56:22     -454.137054        0.533087
BFGS:  305 19:56:24     -454.137634        0.332056
BFGS:  306 19:56:25     -454.137939        0.288781
BFGS:  307 19:56:26     -454.131989        0.302025
BFGS:  308 19:56:29     -454.122101        0.528956
BFGS:  309 19:56:32     -454.121521        0.344755
BFGS:  310 19:56:42     -454.124207        0.887468
BFGS:  311 19:56:44     -454.127808        0.362979
BFGS:  312 19:56:45     -454.133453        0.253476
BFGS:  313 19:56:46     -454.138306        0.209836
BFGS:  314 19:56:47     -454.151550        0.180725
BFGS:  315 19:56:51     -454.155457        0.133484
BFGS:  316 19:56:53     -454.172913        0.157951
BFGS:  317 19:56:55     -454.184448        0.180541
BFGS:  318 19:56:58     -454.193176        0.271361
BFGS:  319 19:56:59     -454.191498        0.187787
BFGS:  320 19:57:01     -454.188690        0.211277
BFGS:  321 19:57:04     -454.189819        0.295708
BFGS:  322 19:57:08     -454.197083        0.331946
BFGS:  323 19:57:10     -454.207062        0.260798
BFGS:  324 19:57:12     -454.215454        0.187693
BFGS:  325 19:57:14     -454.218597        0.237440
BFGS:  326 19:57:16     -454.212402        0.289935
BFGS:  327 19:57:17     -454.194519        0.278866
BFGS:  328 19:57:19     -454.182312        0.223750
BFGS:  329 19:57:23     -454.179901        0.254088
BFGS:  330 19:57:26     -454.186707        0.215529
BFGS:  331 19:57:27     -454.193329        0.333779
BFGS:  332 19:57:29     -454.193573        0.292339
BFGS:  333 19:57:32     -454.183899        0.332659
BFGS:  334 19:57:35     -454.182159        0.321674
BFGS:  335 19:57:38     -454.185303        0.193056
BFGS:  336 19:57:39     -454.188354        0.170739
BFGS:  337 19:57:40     -454.191132        0.268371
BFGS:  338 19:57:41     -454.194122        0.182192
BFGS:  339 19:57:43     -454.197418        0.164036
BFGS:  340 19:57:44     -454.198853        0.185004
BFGS:  341 19:57:47     -454.201813        0.194007
BFGS:  342 19:57:51     -454.202179        0.304654
BFGS:  343 19:57:52     -454.199951        0.353456
BFGS:  344 19:57:53     -454.197662        0.368547
BFGS:  345 19:57:57     -454.192841        0.490634
BFGS:  346 19:58:03     -454.189667        0.599907
BFGS:  347 19:58:07     -454.182800        0.709959
BFGS:  348 19:58:08     -454.178009        0.744899
BFGS:  349 19:58:14     -454.172729        0.701651
BFGS:  350 19:58:16     -454.167694        0.493428
BFGS:  351 19:58:18     -454.157806        0.320319
BFGS:  352 19:58:22     -454.155029        0.865597
BFGS:  353 19:58:23     -454.150635        0.778797
BFGS:  354 19:58:31     -454.160400        0.354957
BFGS:  355 19:58:37     -454.150177        0.894240
BFGS:  356 19:58:38     -454.136841        1.454305
BFGS:  357 19:58:40     -454.122253        1.942071
BFGS:  358 19:58:42     -454.108673        2.345625
BFGS:  359 19:58:43     -454.099945        2.657524
BFGS:  360 19:58:44     -454.097412        2.887978
BFGS:  361 19:58:45     -454.096893        2.100536
BFGS:  362 19:58:48     -454.092682        2.310806
BFGS:  363 19:58:50     -454.091522        3.428469
BFGS:  364 19:58:52     -454.124084        3.381559
BFGS:  365 19:58:54     -454.146088        1.403783
BFGS:  366 19:58:57     -454.167297        1.170474
BFGS:  367 19:59:00     -454.175079        1.265606
BFGS:  368 19:59:05     -454.187592        1.127459
BFGS:  369 19:59:08     -454.198639        1.772659
BFGS:  370 19:59:11     -454.198669        1.094948
BFGS:  371 19:59:13     -454.208740        0.874835
BFGS:  372 19:59:15     -454.215149        0.607591
BFGS:  373 19:59:18     -454.216644        0.472977
BFGS:  374 19:59:22     -454.219635        0.401643
BFGS:  375 19:59:23     -454.222992        0.503066
BFGS:  376 19:59:26     -454.228333        0.503669
BFGS:  377 19:59:28     -454.231018        0.463838
BFGS:  378 19:59:30     -454.231384        0.383407
BFGS:  379 19:59:31     -454.229614        0.293468
BFGS:  380 19:59:39     -454.227936        0.264061
BFGS:  381 19:59:41     -454.227875        0.271285
BFGS:  382 19:59:43     -454.229065        0.247782
BFGS:  383 19:59:44     -454.229767        0.243756
BFGS:  384 19:59:45     -454.227997        0.346677
BFGS:  385 19:59:46     -454.218658        0.554491
BFGS:  386 19:59:47     -454.222839        0.572324
BFGS:  387 19:59:53     -454.232849        0.733591
BFGS:  388 19:59:56     -454.231415        0.706324
BFGS:  389 19:59:57     -454.225342        0.817828
BFGS:  390 19:59:59     -454.224365        0.694234
BFGS:  391 20:00:00     -454.225616        0.599895
BFGS:  392 20:00:06     -454.229126        0.439742
BFGS:  393 20:00:08     -454.231110        0.502380
BFGS:  394 20:00:09     -454.233307        0.553733
BFGS:  395 20:00:12     -454.232849        0.381574
BFGS:  396 20:00:13     -454.231201        0.287142
BFGS:  397 20:00:15     -454.230438        0.275358
BFGS:  398 20:00:18     -454.230499        0.281743
BFGS:  399 20:00:20     -454.231110        0.289399
BFGS:  400 20:00:21     -454.232086        0.432836
BFGS:  401 20:00:22     -454.232941        0.287980
BFGS:  402 20:00:26     -454.233917        0.270383
BFGS:  403 20:00:27     -454.234161        0.255905
BFGS:  404 20:00:29     -454.233856        0.254483
BFGS:  405 20:00:30     -454.233063        0.283459
BFGS:  406 20:00:32     -454.231323        0.310260
BFGS:  407 20:00:35     -454.227753        0.335901
BFGS:  408 20:00:41     -454.222565        0.346018
BFGS:  409 20:00:43     -454.221191        0.420284
BFGS:  410 20:00:44     -454.210297        0.624204
BFGS:  411 20:00:45     -454.219482        0.390203
BFGS:  412 20:00:48     -454.222870        0.334395
BFGS:  413 20:00:52     -454.223022        0.375715
BFGS:  414 20:00:58     -454.213287        0.447299
BFGS:  415 20:00:59     -454.203033        0.537605
BFGS:  416 20:01:02     -454.194580        0.457787
BFGS:  417 20:01:03     -454.192627        0.464626
BFGS:  418 20:01:05     -454.194244        0.484294
BFGS:  419 20:01:09     -454.179352        0.697352
BFGS:  420 20:01:11     -454.194153        0.380807
BFGS:  421 20:01:13     -454.201355        0.430812
BFGS:  422 20:01:15     -454.202606        0.313722
BFGS:  423 20:01:21     -454.198975        0.343203
BFGS:  424 20:01:23     -454.193909        0.483935
BFGS:  425 20:01:24     -454.197937        0.353861
BFGS:  426 20:01:27     -454.197449        0.333036
BFGS:  427 20:01:31     -454.197998        0.309904
BFGS:  428 20:01:32     -454.197388        0.373955
BFGS:  429 20:01:33     -454.197296        0.270431
BFGS:  430 20:01:35     -454.192078        0.209891
BFGS:  431 20:01:36     -454.193146        0.222692
BFGS:  432 20:01:41     -454.194092        0.229915
BFGS:  433 20:01:44     -454.195404        0.235879
BFGS:  434 20:01:50     -454.195740        0.287724
BFGS:  435 20:01:52     -454.197083        0.347275
BFGS:  436 20:01:53     -454.199921        0.307509
BFGS:  437 20:01:56     -454.202423        0.177431
BFGS:  438 20:02:01     -454.203705        0.386687
BFGS:  439 20:02:05     -454.204681        0.281849
BFGS:  440 20:02:11     -454.205200        0.200832
BFGS:  441 20:02:15     -454.206299        0.271286
BFGS:  442 20:02:20     -454.202606        0.545823
BFGS:  443 20:02:22     -454.207092        0.208179
BFGS:  444 20:02:23     -454.208740        0.252695
BFGS:  445 20:02:25     -454.210541        0.139143
BFGS:  446 20:02:30     -454.215820        0.429488
BFGS:  447 20:02:31     -454.214752        0.183384
BFGS:  448 20:02:33     -454.215912        0.178422
BFGS:  449 20:02:37     -454.220337        0.317914
BFGS:  450 20:02:40     -454.220490        0.195644
BFGS:  451 20:02:41     -454.221436        0.138781
BFGS:  452 20:02:42     -454.221832        0.147937
BFGS:  453 20:02:47     -454.221527        0.132566
BFGS:  454 20:02:51     -454.220459        0.195309
BFGS:  455 20:02:57     -454.220093        0.183752
BFGS:  456 20:03:00     -454.220703        0.143106
BFGS:  457 20:03:02     -454.221161        0.133666
BFGS:  458 20:03:08     -454.222595        0.135535
BFGS:  459 20:03:13     -454.222748        0.206661
BFGS:  460 20:03:15     -454.222565        0.117188
BFGS:  461 20:03:17     -454.222565        0.175457
BFGS:  462 20:03:20     -454.223022        0.116217
BFGS:  463 20:03:21     -454.224152        0.213382
BFGS:  464 20:03:25     -454.225800        0.104546
BFGS:  465 20:03:29     -454.227905        0.177513
BFGS:  466 20:03:31     -454.230286        0.172707
BFGS:  467 20:03:33     -454.231415        0.201323
BFGS:  468 20:03:34     -454.231903        0.114162
BFGS:  469 20:03:36     -454.232544        0.159654
BFGS:  470 20:03:41     -454.233124        0.094443
BFGS:  471 20:03:43     -454.233765        0.117241
BFGS:  472 20:03:45     -454.234100        0.097578
BFGS:  473 20:03:46     -454.234161        0.093312
BFGS:  474 20:03:48     -454.234161        0.097105
BFGS:  475 20:03:50     -454.234100        0.100013
BFGS:  476 20:03:52     -454.234314        0.123017
BFGS:  477 20:04:01     -454.234619        0.106186
BFGS:  478 20:04:02     -454.235138        0.123456
BFGS:  479 20:04:04     -454.235687        0.150254
BFGS:  480 20:04:05     -454.236053        0.111228
BFGS:  481 20:04:06     -454.236298        0.094663
BFGS:  482 20:04:08     -454.236450        0.091961
BFGS:  483 20:04:09     -454.236633        0.078016
BFGS:  484 20:04:10     -454.236938        0.076956
BFGS:  485 20:04:11     -454.237366        0.087126
BFGS:  486 20:04:14     -454.237732        0.103946
BFGS:  487 20:04:16     -454.237915        0.114610
BFGS:  488 20:04:18     -454.237976        0.116979
BFGS:  489 20:04:19     -454.238159        0.113408
BFGS:  490 20:04:24     -454.238586        0.107980
BFGS:  491 20:04:29     -454.239105        0.105289
BFGS:  492 20:04:30     -454.239410        0.106763
BFGS:  493 20:04:34     -454.239502        0.111163
BFGS:  494 20:04:35     -454.239410        0.114283
BFGS:  495 20:04:37     -454.239288        0.112348
BFGS:  496 20:04:41     -454.239532        0.163266
BFGS:  497 20:04:45     -454.239807        0.141402
BFGS:  498 20:04:47     -454.240356        0.172792
BFGS:  499 20:04:48     -454.240753        0.152192
BFGS:  500 20:04:53     -454.241211        0.120644
BFGS:  501 20:04:55     -454.241394        0.115007
BFGS:  502 20:04:56     -454.241699        0.110850
BFGS:  503 20:04:59     -454.241882        0.158226
BFGS:  504 20:05:01     -454.242249        0.166450
BFGS:  505 20:05:02     -454.242432        0.146718
BFGS:  506 20:05:03     -454.242584        0.141129
BFGS:  507 20:05:05     -454.242798        0.139997
BFGS:  508 20:05:07     -454.242981        0.147472
BFGS:  509 20:05:10     -454.243164        0.156337
BFGS:  510 20:05:11     -454.243286        0.153425
BFGS:  511 20:05:16     -454.243286        0.148956
BFGS:  512 20:05:17     -454.243225        0.144490
BFGS:  513 20:05:19     -454.243134        0.144186
BFGS:  514 20:05:20     -454.243195        0.144823
BFGS:  515 20:05:21     -454.243286        0.150834
BFGS:  516 20:05:23     -454.243347        0.149027
BFGS:  517 20:05:26     -454.243347        0.151080
BFGS:  518 20:05:29     -454.243286        0.147111
BFGS:  519 20:05:33     -454.243195        0.141752
BFGS:  520 20:05:41     -454.243195        0.139772
BFGS:  521 20:05:43     -454.243256        0.137687
BFGS:  522 20:05:44     -454.243317        0.135688
BFGS:  523 20:05:46     -454.243347        0.139497
BFGS:  524 20:05:49     -454.243347        0.140683
BFGS:  525 20:05:52     -454.243286        0.146950
BFGS:  526 20:05:54     -454.243256        0.148026
BFGS:  527 20:05:55     -454.243164        0.147129
BFGS:  528 20:05:56     -454.243134        0.141198
BFGS:  529 20:05:58     -454.243164        0.133258
BFGS:  530 20:06:03     -454.243225        0.125128
BFGS:  531 20:06:05     -454.243317        0.121086
BFGS:  532 20:06:07     -454.243378        0.119973
BFGS:  533 20:06:09     -454.243408        0.126452
BFGS:  534 20:06:10     -454.243439        0.127211
BFGS:  535 20:06:16     -454.243408        0.139495
BFGS:  536 20:06:20     -454.243469        0.127409
BFGS:  537 20:06:21     -454.243500        0.136552
BFGS:  538 20:06:22     -454.243561        0.122184
BFGS:  539 20:06:24     -454.243561        0.119730
BFGS:  540 20:06:26     -454.243530        0.114048
BFGS:  541 20:06:32     -454.243469        0.115914
BFGS:  542 20:06:33     -454.243439        0.118183
BFGS:  543 20:06:35     -454.243439        0.120199
BFGS:  544 20:06:37     -454.243500        0.118981
BFGS:  545 20:06:39     -454.243591        0.114710
BFGS:  546 20:06:42     -454.243713        0.107901
BFGS:  547 20:06:47     -454.243835        0.100568
BFGS:  548 20:06:50     -454.243896        0.095432
BFGS:  549 20:06:52     -454.243866        0.091688
BFGS:  550 20:06:54     -454.243774        0.089142
BFGS:  551 20:06:56     -454.243713        0.085033
BFGS:  552 20:06:58     -454.243561        0.100613
BFGS:  553 20:07:00     -454.243835        0.086855
BFGS:  554 20:07:02     -454.244049        0.093635
BFGS:  555 20:07:04     -454.244110        0.089750
BFGS:  556 20:07:07     -454.244110        0.081944
BFGS:  557 20:07:08     -454.244049        0.091565
BFGS:  558 20:07:10     -454.244049        0.085759
BFGS:  559 20:07:13     -454.239349        0.285375
BFGS:  560 20:07:18     -454.239777        0.097905
BFGS:  561 20:07:22     -454.243286        0.390092
BFGS:  562 20:07:24     -454.236542        0.245326
BFGS:  563 20:07:25     -454.243561        0.147874
BFGS:  564 20:07:26     -454.243988        0.100765
BFGS:  565 20:07:27     -454.243958        0.245835
BFGS:  566 20:07:29     -454.244080        0.101086
BFGS:  567 20:07:31     -454.244049        0.067656
BFGS:  568 20:07:36     -454.243835        0.062334
BFGS:  569 20:07:44     -454.243835        0.076014
BFGS:  570 20:07:49     -454.243927        0.060185
BFGS:  571 20:07:55     -454.244141        0.076975
BFGS:  572 20:07:56     -454.244141        0.079908
BFGS:  573 20:07:57     -454.240082        0.673317
BFGS:  574 20:07:59     -454.243835        0.112395
BFGS:  575 20:08:01     -454.243378        0.125151
BFGS:  576 20:08:05     -454.242126        0.381478
BFGS:  577 20:08:07     -454.242920        0.179897
BFGS:  578 20:08:08     -454.243561        0.109606
BFGS:  579 20:08:10     -454.243958        0.041554
