      Step     Time          Energy          fmax
BFGS:    0 04:08:12     -437.711700        3.703169
BFGS:    1 04:08:13     -437.783691        3.489325
BFGS:    2 04:08:13     -437.892242        1.909799
BFGS:    3 04:08:13     -437.903534        1.087342
BFGS:    4 04:08:14     -437.931396        0.794027
BFGS:    5 04:08:14     -437.946930        0.533247
BFGS:    6 04:08:15     -437.957581        0.424147
BFGS:    7 04:08:16     -437.967773        0.338395
BFGS:    8 04:08:16     -437.981537        0.382238
BFGS:    9 04:08:16     -437.998535        0.441117
BFGS:   10 04:08:17     -438.022949        0.573332
BFGS:   11 04:08:17     -438.069427        0.814161
BFGS:   12 04:08:18     -438.203339        1.288096
BFGS:   13 04:08:19     -438.516876        1.465422
BFGS:   14 04:08:19     -438.529938        1.593756
BFGS:   15 04:08:20     -438.581879        1.561815
BFGS:   16 04:08:20     -438.483856        1.633142
BFGS:   17 04:08:21     -438.253571        2.245084
BFGS:   18 04:08:21     -437.967041        1.437158
BFGS:   19 04:08:21     -438.022186        1.693534
BFGS:   20 04:08:22     -437.935364        0.997633
BFGS:   21 04:08:22     -437.916962        0.667134
BFGS:   22 04:08:23     -437.899780        0.297891
BFGS:   23 04:08:23     -437.900116        0.253214
BFGS:   24 04:08:24     -437.904266        0.138360
      Step     Time          Energy          fmax
BFGS:    0 12:07:08     -454.542297        3.035122
BFGS:    1 12:07:09     -454.683105        2.243611
BFGS:    2 12:07:09     -454.723328        2.947730
BFGS:    3 12:07:10     -454.824402        2.061234
BFGS:    4 12:07:11     -454.857056        1.200909
BFGS:    5 12:07:11     -454.862518        1.356173
BFGS:    6 12:07:12     -454.864136        1.417558
BFGS:    7 12:07:13     -454.848267        2.730254
BFGS:    8 12:07:13     -454.833344        3.205664
BFGS:    9 12:07:14     -454.839874        1.267889
BFGS:   10 12:07:15     -454.848358        0.443158
BFGS:   11 12:07:16     -454.850159        0.439234
BFGS:   12 12:07:16     -454.851227        0.318787
BFGS:   13 12:07:17     -454.854889        0.281085
BFGS:   14 12:07:18     -454.858521        0.376047
BFGS:   15 12:07:18     -454.869843        0.537807
BFGS:   16 12:07:19     -454.877686        0.371369
BFGS:   17 12:07:20     -454.885223        0.245691
BFGS:   18 12:07:21     -454.889679        0.230078
BFGS:   19 12:07:21     -454.893982        0.208444
BFGS:   20 12:07:22     -454.897156        0.188117
BFGS:   21 12:07:23     -454.900330        0.178987
BFGS:   22 12:07:24     -454.902252        0.163459
BFGS:   23 12:07:24     -454.903198        0.145734
BFGS:   24 12:07:25     -454.902985        0.145119
BFGS:   25 12:07:26     -454.901825        0.128952
BFGS:   26 12:07:26     -454.900391        0.152196
BFGS:   27 12:07:27     -454.899353        0.147592
BFGS:   28 12:07:28     -454.899353        0.154352
BFGS:   29 12:07:29     -454.900116        0.161402
BFGS:   30 12:07:29     -454.901123        0.174812
BFGS:   31 12:07:30     -454.902283        0.198866
BFGS:   32 12:07:31     -454.902466        0.232488
BFGS:   33 12:07:31     -454.902405        0.286776
BFGS:   34 12:07:32     -454.901001        0.343904
BFGS:   35 12:07:33     -454.895355        0.558422
BFGS:   36 12:07:33     -454.897644        0.416721
BFGS:   37 12:07:34     -454.899567        0.418327
BFGS:   38 12:07:35     -454.898590        0.784954
BFGS:   39 12:07:35     -454.901154        0.372909
BFGS:   40 12:07:36     -454.901123        0.549138
BFGS:   41 12:07:37     -454.899567        1.255043
BFGS:   42 12:07:37     -454.900940        0.565869
BFGS:   43 12:07:38     -454.901489        0.284688
BFGS:   44 12:07:39     -454.900391        0.802422
BFGS:   45 12:07:40     -454.900574        0.487462
BFGS:   46 12:07:40     -454.901031        0.163337
BFGS:   47 12:07:41     -454.901550        0.249016
BFGS:   48 12:07:42     -454.901917        0.242609
BFGS:   49 12:07:42     -454.902496        0.333995
BFGS:   50 12:07:43     -454.902618        0.193769
BFGS:   51 12:07:44     -454.902679        0.205293
BFGS:   52 12:07:45     -454.902710        0.236652
BFGS:   53 12:07:45     -454.903107        0.262940
BFGS:   54 12:07:46     -454.904053        0.282289
BFGS:   55 12:07:47     -454.904785        0.212818
BFGS:   56 12:07:47     -454.905426        0.273396
BFGS:   57 12:07:48     -454.905701        0.345414
BFGS:   58 12:07:49     -454.905884        0.297986
BFGS:   59 12:07:49     -454.905579        0.188863
BFGS:   60 12:07:50     -454.905670        0.302572
BFGS:   61 12:07:51     -454.904907        0.317922
BFGS:   62 12:07:51     -454.904907        0.249246
BFGS:   63 12:07:52     -454.904541        0.172905
BFGS:   64 12:07:53     -454.904602        0.189895
BFGS:   65 12:07:53     -454.904785        0.141666
BFGS:   66 12:07:54     -454.904877        0.170493
BFGS:   67 12:07:55     -454.906036        0.398231
BFGS:   68 12:07:56     -454.911407        0.854506
BFGS:   69 12:07:57     -454.925049        1.322292
BFGS:   70 12:07:58     -454.922211        0.915785
BFGS:   71 12:07:58     -454.906372        0.186783
BFGS:   72 12:07:59     -454.904205        0.174759
BFGS:   73 12:08:00     -454.904327        0.107768
BFGS:   74 12:08:00     -454.904816        0.099459
BFGS:   75 12:08:01     -454.905212        0.169048
BFGS:   76 12:08:02     -454.906036        0.346557
BFGS:   77 12:08:02     -454.907257        0.996512
BFGS:   78 12:08:03     -454.908173        1.784603
BFGS:   79 12:08:04     -454.905457        1.381488
BFGS:   80 12:08:04     -454.904114        1.513923
BFGS:   81 12:08:05     -454.900085        1.834225
BFGS:   82 12:08:06     -454.901672        1.604398
BFGS:   83 12:08:07     -454.901489        1.653891
BFGS:   84 12:08:07     -454.894592        2.219209
BFGS:   85 12:08:08     -454.890106        1.865883
BFGS:   86 12:08:09     -454.895355        1.178546
BFGS:   87 12:08:10     -454.890198        0.719552
BFGS:   88 12:08:11     -454.891785        0.844408
BFGS:   89 12:08:11     -454.896118        0.590395
BFGS:   90 12:08:12     -454.899139        0.630723
BFGS:   91 12:08:13     -454.898560        0.677713
BFGS:   92 12:08:14     -454.894073        0.507928
BFGS:   93 12:08:14     -454.888733        0.615242
BFGS:   94 12:08:15     -454.881348        1.124565
BFGS:   95 12:08:16     -454.870636        1.794559
BFGS:   96 12:08:16     -454.875824        1.888467
BFGS:   97 12:08:17     -454.882263        1.222986
BFGS:   98 12:08:18     -454.885223        0.569708
BFGS:   99 12:08:18     -454.883087        0.779107
BFGS:  100 12:08:19     -454.880371        0.861204
BFGS:  101 12:08:20     -454.888611        0.784005
BFGS:  102 12:08:21     -454.897064        1.143015
BFGS:  103 12:08:21     -454.890045        1.313320
BFGS:  104 12:08:22     -454.886841        1.184340
BFGS:  105 12:08:23     -454.888306        0.884346
BFGS:  106 12:08:24     -454.890137        0.655422
BFGS:  107 12:08:24     -454.890594        0.769988
BFGS:  108 12:08:25     -454.897919        0.801192
BFGS:  109 12:08:26     -454.901459        0.671973
BFGS:  110 12:08:26     -454.902496        0.477647
BFGS:  111 12:08:27     -454.902802        0.399146
BFGS:  112 12:08:28     -454.903076        0.377003
BFGS:  113 12:08:28     -454.902618        0.293332
BFGS:  114 12:08:29     -454.902374        0.259766
BFGS:  115 12:08:30     -454.903046        0.247384
BFGS:  116 12:08:31     -454.904053        0.220914
BFGS:  117 12:08:31     -454.904419        0.200922
BFGS:  118 12:08:32     -454.903870        0.252276
BFGS:  119 12:08:33     -454.903320        0.245351
BFGS:  120 12:08:33     -454.903137        0.234895
BFGS:  121 12:08:34     -454.903717        0.229967
BFGS:  122 12:08:35     -454.904602        0.265835
BFGS:  123 12:08:36     -454.905273        0.264498
BFGS:  124 12:08:36     -454.905579        0.221248
BFGS:  125 12:08:37     -454.905579        0.254164
BFGS:  126 12:08:38     -454.905426        0.295092
BFGS:  127 12:08:38     -454.905182        0.461242
BFGS:  128 12:08:39     -454.904572        0.579225
BFGS:  129 12:08:40     -454.903473        0.553003
BFGS:  130 12:08:40     -454.902222        0.945356
BFGS:  131 12:08:41     -454.898834        1.006226
BFGS:  132 12:08:42     -454.898560        0.908415
BFGS:  133 12:08:42     -454.902283        1.131345
BFGS:  134 12:08:43     -454.903595        1.272143
BFGS:  135 12:08:44     -454.903046        1.055804
BFGS:  136 12:08:44     -454.903931        0.775862
BFGS:  137 12:08:45     -454.904449        0.742091
BFGS:  138 12:08:46     -454.901062        2.126255
BFGS:  139 12:08:46     -454.883392        2.408646
BFGS:  140 12:08:47     -454.273926        2.772399
BFGS:  141 12:08:48     -453.642090        1.862494
BFGS:  142 12:08:49     -453.559448        0.999661
BFGS:  143 12:08:49     -453.653015        0.987864
BFGS:  144 12:08:50     -453.685394        0.950595
BFGS:  145 12:08:51     -453.709991        1.181662
BFGS:  146 12:08:51     -453.762360        1.350125
BFGS:  147 12:08:52     -453.885406        1.284928
BFGS:  148 12:08:53     -454.042023        1.561928
BFGS:  149 12:08:53     -454.102997        1.859970
BFGS:  150 12:08:54     -454.038055        2.432006
BFGS:  151 12:08:55     -453.871063        3.490691
BFGS:  152 12:08:56     -453.651672        4.363719
BFGS:  153 12:08:56     -453.437012        4.939971
BFGS:  154 12:08:57     -453.289001        5.210657
BFGS:  155 12:08:58     -453.272858        5.156742
BFGS:  156 12:08:58     -453.440765        4.592145
BFGS:  157 12:08:59     -453.695587        3.455062
BFGS:  158 12:09:00     -454.085083        2.752573
BFGS:  159 12:09:01     -454.403625        2.586615
BFGS:  160 12:09:01     -454.830719        2.720211
BFGS:  161 12:09:02     -455.340668        2.297173
BFGS:  162 12:09:02     -455.457489        0.916167
BFGS:  163 12:09:04     -455.500610        1.114396
BFGS:  164 12:09:04     -455.522888        0.981534
BFGS:  165 12:09:05     -455.514740        0.780253
BFGS:  166 12:09:06     -455.480438        1.101321
BFGS:  167 12:09:06     -455.442535        1.535282
BFGS:  168 12:09:07     -455.396484        2.033719
BFGS:  169 12:09:08     -455.307281        2.501386
BFGS:  170 12:09:09     -455.188080        2.644835
BFGS:  171 12:09:10     -455.087891        2.321860
BFGS:  172 12:09:11     -455.021515        2.169529
BFGS:  173 12:09:12     -455.205231        2.495228
BFGS:  174 12:09:12     -455.470093        2.638060
BFGS:  175 12:09:13     -455.612244        2.155424
BFGS:  176 12:09:14     -455.657837        0.886655
BFGS:  177 12:09:14     -455.716278        1.544140
BFGS:  178 12:09:15     -455.750244        1.046098
BFGS:  179 12:09:16     -455.765808        0.716735
BFGS:  180 12:09:16     -455.768646        0.830078
BFGS:  181 12:09:17     -455.771240        1.027958
BFGS:  182 12:09:18     -455.778015        0.681107
BFGS:  183 12:09:18     -455.794037        0.593671
BFGS:  184 12:09:19     -455.808044        0.818279
BFGS:  185 12:09:20     -455.818542        0.494368
BFGS:  186 12:09:21     -455.824341        0.613444
BFGS:  187 12:09:21     -455.823334        1.228517
BFGS:  188 12:09:22     -455.816681        1.712232
BFGS:  189 12:09:23     -455.805328        1.934790
BFGS:  190 12:09:24     -455.688385        2.890283
BFGS:  191 12:09:24     -455.568695        2.673417
BFGS:  192 12:09:25     -455.096832        3.042593
BFGS:  193 12:09:26     -454.400421        3.240031
BFGS:  194 12:09:26     -453.860413        2.572216
BFGS:  195 12:09:27     -453.569427        1.614745
BFGS:  196 12:09:28     -453.607147        1.157308
BFGS:  197 12:09:28     -453.644257        1.516513
BFGS:  198 12:09:29     -453.655243        0.814555
BFGS:  199 12:09:30     -453.637238        0.700538
BFGS:  200 12:09:30     -453.630829        0.910831
BFGS:  201 12:09:31     -453.648712        0.693932
BFGS:  202 12:09:32     -453.692139        0.752582
BFGS:  203 12:09:32     -453.713409        0.739649
BFGS:  204 12:09:33     -453.762665        0.698970
BFGS:  205 12:09:34     -453.778229        0.638212
BFGS:  206 12:09:35     -453.808899        0.646287
BFGS:  207 12:09:35     -453.796509        0.693827
BFGS:  208 12:09:36     -453.794769        0.502901
BFGS:  209 12:09:37     -453.804016        0.560733
BFGS:  210 12:09:37     -453.805511        0.514769
BFGS:  211 12:09:38     -453.810394        0.405996
BFGS:  212 12:09:39     -453.816833        0.398360
BFGS:  213 12:09:40     -453.823395        0.588432
BFGS:  214 12:09:40     -453.830566        0.442705
BFGS:  215 12:09:41     -453.842529        0.438545
BFGS:  216 12:09:41     -453.856384        0.512496
BFGS:  217 12:09:42     -453.867920        0.399439
BFGS:  218 12:09:43     -453.869843        0.549763
BFGS:  219 12:09:44     -453.859039        0.534465
BFGS:  220 12:09:44     -453.843231        0.729458
BFGS:  221 12:09:45     -453.806824        0.762712
BFGS:  222 12:09:46     -453.784180        0.878710
BFGS:  223 12:09:46     -453.740997        0.902001
BFGS:  224 12:09:47     -453.732788        0.857340
BFGS:  225 12:09:48     -453.761536        1.022935
BFGS:  226 12:09:49     -453.784241        1.173021
BFGS:  227 12:09:49     -453.847809        1.115563
BFGS:  228 12:09:50     -453.862030        1.471923
BFGS:  229 12:09:51     -453.868927        1.716490
BFGS:  230 12:09:51     -453.913086        1.389884
BFGS:  231 12:09:52     -453.969238        1.044635
BFGS:  232 12:09:53     -454.063599        1.178201
BFGS:  233 12:09:53     -454.176605        1.133829
BFGS:  234 12:09:54     -454.194305        1.234547
BFGS:  235 12:09:55     -454.166199        1.487972
BFGS:  236 12:09:55     -454.152252        1.780737
BFGS:  237 12:09:56     -454.215088        1.409250
BFGS:  238 12:09:57     -454.358643        0.990039
BFGS:  239 12:09:57     -454.410797        0.864387
BFGS:  240 12:09:58     -454.452606        0.616570
BFGS:  241 12:09:59     -454.465881        0.526190
BFGS:  242 12:10:00     -454.453308        0.816054
BFGS:  243 12:10:00     -454.423370        1.107468
BFGS:  244 12:10:01     -454.430603        1.218777
BFGS:  245 12:10:02     -454.397522        1.435597
BFGS:  246 12:10:02     -454.330902        1.702121
BFGS:  247 12:10:03     -454.243683        1.977480
BFGS:  248 12:10:03     -454.176147        1.959892
BFGS:  249 12:10:04     -454.135956        1.766758
BFGS:  250 12:10:05     -454.107574        1.643832
BFGS:  251 12:10:05     -454.069519        1.675117
BFGS:  252 12:10:06     -454.033508        2.035533
BFGS:  253 12:10:07     -454.007874        2.300631
BFGS:  254 12:10:07     -454.008148        2.301325
BFGS:  255 12:10:08     -454.130402        1.349447
BFGS:  256 12:10:09     -454.417511        1.594740
BFGS:  257 12:10:10     -454.525330        1.478635
BFGS:  258 12:10:11     -454.555695        0.796417
BFGS:  259 12:10:11     -454.554138        0.846165
BFGS:  260 12:10:12     -454.569427        0.726660
BFGS:  261 12:10:13     -454.564758        0.696007
BFGS:  262 12:10:14     -454.552216        1.030404
BFGS:  263 12:10:14     -454.557434        0.957909
BFGS:  264 12:10:15     -454.564087        0.961608
BFGS:  265 12:10:16     -454.554688        1.047424
BFGS:  266 12:10:17     -454.572479        0.928150
BFGS:  267 12:10:17     -454.573547        1.647645
BFGS:  268 12:10:18     -454.553284        2.504777
BFGS:  269 12:10:19     -454.566467        1.985667
BFGS:  270 12:10:20     -454.547333        1.588871
BFGS:  271 12:10:20     -454.525269        0.982795
BFGS:  272 12:10:21     -454.499908        0.805150
BFGS:  273 12:10:22     -454.473663        0.581298
BFGS:  274 12:10:22     -454.443878        0.628716
BFGS:  275 12:10:23     -454.409058        0.644756
BFGS:  276 12:10:24     -454.366089        0.767038
BFGS:  277 12:10:25     -454.320007        0.922796
BFGS:  278 12:10:26     -454.271973        1.039482
BFGS:  279 12:10:26     -454.221924        1.180333
BFGS:  280 12:10:27     -454.167236        1.289136
BFGS:  281 12:10:28     -454.105652        1.381058
BFGS:  282 12:10:29     -454.037292        1.474242
BFGS:  283 12:10:29     -454.085693        0.783394
BFGS:  284 12:10:30     -454.213531        1.239517
BFGS:  285 12:10:30     -454.348938        1.134402
BFGS:  286 12:10:31     -454.394409        0.853981
BFGS:  287 12:10:32     -454.399048        0.899597
BFGS:  288 12:10:32     -454.373871        1.680878
BFGS:  289 12:10:33     -454.414520        1.283369
BFGS:  290 12:10:34     -454.375610        2.051900
BFGS:  291 12:10:34     -454.299500        0.959987
BFGS:  292 12:10:35     -454.371338        0.784982
BFGS:  293 12:10:36     -454.361481        1.126685
BFGS:  294 12:10:37     -454.371765        1.350605
BFGS:  295 12:10:37     -454.350586        1.764085
BFGS:  296 12:10:38     -454.354706        1.300427
BFGS:  297 12:10:39     -454.340240        1.007573
BFGS:  298 12:10:40     -454.352631        1.319026
BFGS:  299 12:10:40     -454.341095        1.565557
BFGS:  300 12:10:41     -454.331177        1.443416
BFGS:  301 12:10:42     -454.291870        1.376454
BFGS:  302 12:10:42     -454.240875        1.026129
BFGS:  303 12:10:43     -454.171265        1.151744
BFGS:  304 12:10:44     -454.096313        1.030616
BFGS:  305 12:10:44     -454.016663        1.199523
BFGS:  306 12:10:45     -454.001556        0.915013
BFGS:  307 12:10:46     -453.952820        0.969337
BFGS:  308 12:10:47     -453.975800        1.065024
BFGS:  309 12:10:48     -453.987640        1.205675
BFGS:  310 12:10:48     -454.095398        1.494928
BFGS:  311 12:10:49     -454.115784        1.578602
BFGS:  312 12:10:50     -454.263580        1.079060
BFGS:  313 12:10:51     -454.377747        0.924054
BFGS:  314 12:10:51     -454.425507        0.725685
BFGS:  315 12:10:52     -454.436951        1.413703
BFGS:  316 12:10:53     -454.477448        0.920332
BFGS:  317 12:10:53     -454.507477        1.214604
BFGS:  318 12:10:54     -454.516083        0.948163
BFGS:  319 12:10:55     -454.492737        1.018841
BFGS:  320 12:10:56     -454.453552        1.149279
BFGS:  321 12:10:56     -454.459381        0.833869
BFGS:  322 12:10:57     -454.451843        1.081822
BFGS:  323 12:10:58     -454.476959        1.181774
BFGS:  324 12:10:58     -454.508209        1.155455
BFGS:  325 12:10:59     -454.507263        0.823903
BFGS:  326 12:11:00     -454.510162        0.780379
BFGS:  327 12:11:00     -454.503479        0.733298
BFGS:  328 12:11:01     -454.472900        0.731977
BFGS:  329 12:11:02     -454.437256        0.685660
BFGS:  330 12:11:02     -454.439575        0.792138
BFGS:  331 12:11:03     -454.491272        0.761677
BFGS:  332 12:11:04     -454.555908        0.652189
BFGS:  333 12:11:05     -454.601929        1.011711
BFGS:  334 12:11:05     -454.601959        1.291918
BFGS:  335 12:11:06     -454.582184        1.095820
BFGS:  336 12:11:07     -454.620209        1.249231
BFGS:  337 12:11:07     -454.632843        3.040733
BFGS:  338 12:11:08     -454.598694        3.551503
BFGS:  339 12:11:09     -454.335297        3.017561
BFGS:  340 12:11:11     -453.930939        2.559673
BFGS:  341 12:11:12     -453.993744        2.318906
BFGS:  342 12:11:12     -454.187439        2.577975
BFGS:  343 12:11:13     -454.482300        3.139403
BFGS:  344 12:11:14     -454.408081        3.543779
BFGS:  345 12:11:14     -454.466675        3.429911
BFGS:  346 12:11:15     -454.483215        1.646014
BFGS:  347 12:11:16     -454.556641        1.834422
BFGS:  348 12:11:17     -454.571259        1.438252
BFGS:  349 12:11:17     -454.585632        1.229598
BFGS:  350 12:11:18     -454.600311        0.757316
BFGS:  351 12:11:19     -454.643555        0.513321
BFGS:  352 12:11:19     -454.635895        0.730875
BFGS:  353 12:11:20     -454.667114        0.483052
BFGS:  354 12:11:21     -454.676880        0.528054
BFGS:  355 12:11:22     -454.685455        0.318637
BFGS:  356 12:11:23     -454.683838        0.554408
BFGS:  357 12:11:24     -454.631165        1.040558
BFGS:  358 12:11:24     -454.565857        1.758581
BFGS:  359 12:11:25     -454.482361        2.625468
BFGS:  360 12:11:26     -454.500732        3.080819
BFGS:  361 12:11:26     -454.584961        2.515420
BFGS:  362 12:11:27     -454.599060        1.288113
BFGS:  363 12:11:28     -454.666656        1.027971
BFGS:  364 12:11:29     -454.678619        0.545739
BFGS:  365 12:11:29     -454.682526        0.392866
BFGS:  366 12:11:30     -454.690674        0.717160
BFGS:  367 12:11:31     -454.693939        0.826066
BFGS:  368 12:11:31     -454.692841        0.507465
BFGS:  369 12:11:32     -454.682953        0.333150
BFGS:  370 12:11:33     -454.675476        0.376837
BFGS:  371 12:11:34     -454.659821        0.455713
BFGS:  372 12:11:34     -454.634460        0.575575
BFGS:  373 12:11:35     -454.636414        0.579053
BFGS:  374 12:11:36     -454.613556        0.868767
BFGS:  375 12:11:36     -454.581757        0.906827
BFGS:  376 12:11:37     -454.561371        0.412344
BFGS:  377 12:11:38     -454.561310        0.488968
BFGS:  378 12:11:39     -454.530853        1.138928
BFGS:  379 12:11:39     -454.488129        1.752251
BFGS:  380 12:11:40     -454.536987        1.265390
BFGS:  381 12:11:41     -454.554260        1.025244
BFGS:  382 12:11:41     -454.578522        0.467234
BFGS:  383 12:11:42     -454.586578        0.509657
BFGS:  384 12:11:43     -454.591187        0.274111
BFGS:  385 12:11:43     -454.594177        0.280270
BFGS:  386 12:11:44     -454.599945        0.269537
BFGS:  387 12:11:45     -454.606842        0.238494
BFGS:  388 12:11:46     -454.617157        0.276810
BFGS:  389 12:11:46     -454.623993        0.296212
BFGS:  390 12:11:47     -454.627625        0.287359
BFGS:  391 12:11:48     -454.622223        0.299229
BFGS:  392 12:11:48     -454.607666        0.284994
BFGS:  393 12:11:49     -454.592255        0.327675
BFGS:  394 12:11:50     -454.585297        0.354100
BFGS:  395 12:11:50     -454.582001        0.345678
BFGS:  396 12:11:51     -454.590179        0.358703
BFGS:  397 12:11:52     -454.594421        0.226751
BFGS:  398 12:11:52     -454.600403        0.246352
BFGS:  399 12:11:53     -454.605988        0.267678
BFGS:  400 12:11:54     -454.613983        0.223240
BFGS:  401 12:11:55     -454.621002        0.219396
BFGS:  402 12:11:56     -454.625488        0.208974
BFGS:  403 12:11:57     -454.625122        0.185942
BFGS:  404 12:11:57     -454.624908        0.172955
BFGS:  405 12:11:58     -454.627380        0.169418
BFGS:  406 12:11:59     -454.633362        0.207263
BFGS:  407 12:12:00     -454.640778        0.281010
BFGS:  408 12:12:00     -454.652344        0.285032
BFGS:  409 12:12:01     -454.656403        0.205933
BFGS:  410 12:12:02     -454.662231        0.126301
BFGS:  411 12:12:02     -454.665863        0.176949
BFGS:  412 12:12:03     -454.673096        0.188012
BFGS:  413 12:12:04     -454.682983        0.166661
BFGS:  414 12:12:04     -454.689850        0.141367
BFGS:  415 12:12:05     -454.689880        0.216197
BFGS:  416 12:12:06     -454.689545        0.390634
BFGS:  417 12:12:06     -454.693665        0.624275
BFGS:  418 12:12:07     -454.684021        0.933964
BFGS:  419 12:12:08     -454.655182        1.369940
BFGS:  420 12:12:08     -454.637573        1.335312
BFGS:  421 12:12:09     -454.680054        0.736993
BFGS:  422 12:12:10     -454.698059        1.097353
BFGS:  423 12:12:11     -454.689667        1.129430
BFGS:  424 12:12:12     -454.671204        1.078520
BFGS:  425 12:12:13     -454.651978        0.779693
BFGS:  426 12:12:13     -454.656555        0.581147
BFGS:  427 12:12:14     -454.671295        0.396862
BFGS:  428 12:12:15     -454.682800        0.606158
BFGS:  429 12:12:16     -454.684296        1.092373
BFGS:  430 12:12:16     -454.664764        1.659719
BFGS:  431 12:12:17     -454.618164        2.146600
BFGS:  432 12:12:18     -454.556244        2.445082
BFGS:  433 12:12:18     -454.491058        2.655831
BFGS:  434 12:12:19     -454.428650        3.080351
BFGS:  435 12:12:20     -454.375244        3.375744
BFGS:  436 12:12:21     -454.346802        3.513679
BFGS:  437 12:12:21     -454.361450        3.458251
BFGS:  438 12:12:22     -454.458435        2.754411
BFGS:  439 12:12:23     -454.551849        1.363331
BFGS:  440 12:12:23     -454.596832        1.891815
BFGS:  441 12:12:24     -454.620758        2.203116
BFGS:  442 12:12:25     -454.631653        2.400649
BFGS:  443 12:12:25     -454.628784        2.509527
BFGS:  444 12:12:26     -454.612579        2.524282
BFGS:  445 12:12:27     -454.589081        2.434582
BFGS:  446 12:12:27     -454.563477        2.223501
BFGS:  447 12:12:28     -454.539551        1.834004
BFGS:  448 12:12:29     -454.526886        1.185369
BFGS:  449 12:12:29     -454.541473        0.470139
BFGS:  450 12:12:30     -454.572174        0.731070
BFGS:  451 12:12:31     -454.595490        0.456635
BFGS:  452 12:12:32     -454.621521        0.521957
BFGS:  453 12:12:32     -454.642822        0.636645
BFGS:  454 12:12:33     -454.655731        0.984220
BFGS:  455 12:12:34     -454.652893        1.338001
BFGS:  456 12:12:34     -454.628754        1.679498
BFGS:  457 12:12:35     -454.583405        1.984047
BFGS:  458 12:12:36     -454.522461        2.241317
BFGS:  459 12:12:36     -454.457123        2.461442
BFGS:  460 12:12:37     -454.395966        2.634612
BFGS:  461 12:12:38     -454.344055        2.738400
BFGS:  462 12:12:39     -454.305695        2.899450
BFGS:  463 12:12:39     -454.287994        3.178478
BFGS:  464 12:12:40     -454.309204        3.427879
BFGS:  465 12:12:41     -454.428864        3.183816
BFGS:  466 12:12:41     -454.492432        2.584006
BFGS:  467 12:12:42     -454.518890        2.382306
BFGS:  468 12:12:43     -454.530914        2.703251
BFGS:  469 12:12:44     -454.538452        2.936027
BFGS:  470 12:12:44     -454.543060        3.134294
BFGS:  471 12:12:45     -454.542267        3.280880
BFGS:  472 12:12:45     -454.531921        3.326177
BFGS:  473 12:12:46     -454.509552        3.210993
BFGS:  474 12:12:47     -454.479706        2.927194
BFGS:  475 12:12:48     -454.453735        2.457496
BFGS:  476 12:12:48     -454.441711        1.472639
BFGS:  477 12:12:49     -454.466431        0.922488
BFGS:  478 12:12:50     -454.498718        0.792492
BFGS:  479 12:12:50     -454.531311        0.558851
BFGS:  480 12:12:51     -454.561768        0.580244
BFGS:  481 12:12:52     -454.604858        0.577734
BFGS:  482 12:12:52     -454.639404        0.515277
BFGS:  483 12:12:53     -454.663940        0.495240
BFGS:  484 12:12:54     -454.670563        0.616889
BFGS:  485 12:12:54     -454.663666        0.355889
BFGS:  486 12:12:55     -454.685059        0.428564
BFGS:  487 12:12:56     -454.682709        0.911403
BFGS:  488 12:12:57     -454.652954        0.836555
BFGS:  489 12:12:57     -454.658661        0.442376
BFGS:  490 12:12:58     -454.686829        0.403219
BFGS:  491 12:12:59     -454.691772        0.750101
BFGS:  492 12:13:00     -454.674072        0.892321
BFGS:  493 12:13:00     -454.651917        0.528003
BFGS:  494 12:13:01     -454.678314        0.318757
BFGS:  495 12:13:02     -454.693054        0.814907
BFGS:  496 12:13:03     -454.675385        0.998258
BFGS:  497 12:13:03     -454.661438        0.677511
BFGS:  498 12:13:04     -454.681274        0.409455
BFGS:  499 12:13:05     -454.696289        0.683653
BFGS:  500 12:13:05     -454.669861        1.195393
BFGS:  501 12:13:06     -454.626556        1.427224
BFGS:  502 12:13:07     -454.595062        1.003265
BFGS:  503 12:13:07     -454.630280        0.582930
BFGS:  504 12:13:08     -454.674133        0.491885
BFGS:  505 12:13:09     -454.686890        0.920169
BFGS:  506 12:13:09     -454.675842        0.968304
BFGS:  507 12:13:10     -454.669495        0.558052
BFGS:  508 12:13:11     -454.691040        0.345578
BFGS:  509 12:13:12     -454.690277        0.931917
BFGS:  510 12:13:13     -454.655701        1.331679
BFGS:  511 12:13:14     -454.615540        1.092062
BFGS:  512 12:13:14     -454.642334        0.515937
BFGS:  513 12:13:15     -454.679230        0.368306
BFGS:  514 12:13:16     -454.692139        0.529645
BFGS:  515 12:13:17     -454.695740        0.367129
BFGS:  516 12:13:17     -454.700775        0.379575
BFGS:  517 12:13:18     -454.681854        0.925687
BFGS:  518 12:13:19     -454.643494        1.143222
BFGS:  519 12:13:19     -454.606934        0.873420
BFGS:  520 12:13:20     -454.635590        0.378537
BFGS:  521 12:13:21     -454.668701        0.586904
BFGS:  522 12:13:21     -454.678955        1.023565
BFGS:  523 12:13:22     -454.666199        1.176052
BFGS:  524 12:13:23     -454.634399        0.831140
BFGS:  525 12:13:23     -454.660400        0.570494
BFGS:  526 12:13:24     -454.689636        0.327258
BFGS:  527 12:13:25     -454.683044        0.678780
BFGS:  528 12:13:26     -454.659424        0.649123
BFGS:  529 12:13:26     -454.672211        0.233218
BFGS:  530 12:13:27     -454.694305        0.530864
BFGS:  531 12:13:28     -454.685150        0.758145
BFGS:  532 12:13:28     -454.678802        0.411036
BFGS:  533 12:13:29     -454.695435        0.401693
BFGS:  534 12:13:30     -454.683594        0.797282
BFGS:  535 12:13:31     -454.647705        0.747421
BFGS:  536 12:13:31     -454.666901        0.283641
BFGS:  537 12:13:32     -454.692261        0.592742
BFGS:  538 12:13:33     -454.684265        0.812563
BFGS:  539 12:13:33     -454.666992        0.484568
BFGS:  540 12:13:34     -454.690063        0.210699
BFGS:  541 12:13:35     -454.694214        0.604308
BFGS:  542 12:13:35     -454.663544        0.766724
BFGS:  543 12:13:36     -454.664124        0.347616
BFGS:  544 12:13:37     -454.691986        0.558358
BFGS:  545 12:13:37     -454.685760        0.814891
BFGS:  546 12:13:38     -454.658295        0.458246
BFGS:  547 12:13:39     -454.689178        0.200321
BFGS:  548 12:13:40     -454.697235        0.499844
BFGS:  549 12:13:41     -454.669312        0.626754
BFGS:  550 12:13:41     -454.676178        0.266527
BFGS:  551 12:13:42     -454.695465        0.620992
BFGS:  552 12:13:43     -454.680420        0.759355
BFGS:  553 12:13:44     -454.666626        0.256311
BFGS:  554 12:13:44     -454.696167        0.325195
BFGS:  555 12:13:45     -454.692413        0.597659
BFGS:  556 12:13:46     -454.664703        0.481408
BFGS:  557 12:13:46     -454.682098        0.220327
BFGS:  558 12:13:47     -454.697693        0.589413
BFGS:  559 12:13:48     -454.674988        0.595489
BFGS:  560 12:13:48     -454.683838        0.321723
BFGS:  561 12:13:49     -454.696747        0.539313
BFGS:  562 12:13:50     -454.692139        0.486807
BFGS:  563 12:13:50     -454.692230        0.588597
BFGS:  564 12:13:51     -454.700745        0.393719
BFGS:  565 12:13:52     -454.700958        0.287264
BFGS:  566 12:13:53     -454.702393        0.161266
BFGS:  567 12:13:53     -454.702148        0.172394
BFGS:  568 12:13:54     -454.700775        0.265256
BFGS:  569 12:13:55     -454.698761        0.451227
BFGS:  570 12:13:56     -454.697540        0.390722
BFGS:  571 12:13:57     -454.697693        0.201042
BFGS:  572 12:13:57     -454.698242        0.165038
BFGS:  573 12:13:58     -454.698486        0.234563
BFGS:  574 12:13:59     -454.697083        0.198525
BFGS:  575 12:13:59     -454.682281        0.308824
BFGS:  576 12:14:00     -454.690338        0.188995
BFGS:  577 12:14:01     -454.697327        0.121143
BFGS:  578 12:14:01     -454.695465        0.144095
BFGS:  579 12:14:02     -454.693848        0.173113
BFGS:  580 12:14:03     -454.691284        0.173622
BFGS:  581 12:14:03     -454.686676        0.195184
BFGS:  582 12:14:04     -454.681793        0.217395
BFGS:  583 12:14:05     -454.678528        0.163057
BFGS:  584 12:14:05     -454.669800        0.687411
BFGS:  585 12:14:06     -454.676666        0.650424
BFGS:  586 12:14:07     -454.673370        0.221673
BFGS:  587 12:14:08     -454.671265        0.466381
BFGS:  588 12:14:08     -454.674866        0.455529
BFGS:  589 12:14:09     -454.685516        0.939724
BFGS:  590 12:14:10     -454.676514        0.888217
BFGS:  591 12:14:11     -454.683136        0.551471
BFGS:  592 12:14:12     -454.687988        1.441174
BFGS:  593 12:14:13     -454.650146        2.214884
BFGS:  594 12:14:13     -454.584015        2.719806
BFGS:  595 12:14:15     -454.511017        2.880456
BFGS:  596 12:14:16     -454.463074        2.597166
BFGS:  597 12:14:16     -454.469086        1.611605
BFGS:  598 12:14:17     -454.506073        1.401785
BFGS:  599 12:14:18     -454.541138        1.645312
BFGS:  600 12:14:18     -454.561157        2.434031
BFGS:  601 12:14:19     -454.593994        2.547792
BFGS:  602 12:14:20     -454.627350        2.746387
BFGS:  603 12:14:20     -454.628906        2.945284
BFGS:  604 12:14:21     -454.598785        2.946991
BFGS:  605 12:14:22     -454.563965        2.669195
BFGS:  606 12:14:23     -454.562073        1.655347
BFGS:  607 12:14:23     -454.632141        1.670721
BFGS:  608 12:14:24     -454.659119        2.038644
BFGS:  609 12:14:25     -454.634521        2.848329
BFGS:  610 12:14:26     -454.600098        3.077294
BFGS:  611 12:14:26     -454.541260        3.065329
BFGS:  612 12:14:27     -454.477997        2.647058
BFGS:  613 12:14:28     -454.444305        1.719002
BFGS:  614 12:14:28     -454.502777        1.548751
BFGS:  615 12:14:29     -454.567719        1.735714
BFGS:  616 12:14:30     -454.599640        2.196374
BFGS:  617 12:14:31     -454.602112        2.565572
BFGS:  618 12:14:32     -454.575897        2.522479
BFGS:  619 12:14:32     -454.571869        1.462506
BFGS:  620 12:14:33     -454.648743        1.287403
BFGS:  621 12:14:34     -454.662323        2.505763
BFGS:  622 12:14:34     -454.611237        2.845106
BFGS:  623 12:14:35     -454.547272        2.696695
BFGS:  624 12:14:36     -454.485840        1.769375
BFGS:  625 12:14:36     -454.511475        1.027262
BFGS:  626 12:14:37     -454.585022        1.319034
BFGS:  627 12:14:38     -454.633514        1.457769
BFGS:  628 12:14:39     -454.638123        1.680825
BFGS:  629 12:14:39     -454.626465        0.933207
BFGS:  630 12:14:40     -454.681458        1.455437
BFGS:  631 12:14:41     -454.637024        2.494875
BFGS:  632 12:14:42     -454.546539        2.213941
BFGS:  633 12:14:42     -454.503052        1.039110
BFGS:  634 12:14:43     -454.579102        0.974237
BFGS:  635 12:14:44     -454.641083        1.112505
BFGS:  636 12:14:44     -454.651123        1.442905
BFGS:  637 12:14:45     -454.653259        0.791958
BFGS:  638 12:14:46     -454.684082        1.661994
BFGS:  639 12:14:46     -454.613708        2.243926
BFGS:  640 12:14:47     -454.535034        1.205179
BFGS:  641 12:14:48     -454.586548        0.852227
BFGS:  642 12:14:48     -454.648193        1.222379
BFGS:  643 12:14:50     -454.648865        1.420890
BFGS:  644 12:14:50     -454.663757        0.836520
BFGS:  645 12:14:51     -454.673187        1.889386
BFGS:  646 12:14:51     -454.582611        1.910969
BFGS:  647 12:14:52     -454.550751        1.012932
BFGS:  648 12:14:53     -454.627747        1.110737
BFGS:  649 12:14:54     -454.660004        1.279736
BFGS:  650 12:14:54     -454.660614        0.878744
BFGS:  651 12:14:55     -454.686462        1.044025
BFGS:  652 12:14:56     -454.630127        1.524468
BFGS:  653 12:14:56     -454.586426        0.720192
BFGS:  654 12:14:57     -454.628601        0.614556
BFGS:  655 12:14:58     -454.667450        1.029354
BFGS:  656 12:14:59     -454.673553        0.588769
BFGS:  657 12:14:59     -454.685120        1.016362
BFGS:  658 12:15:00     -454.672852        1.053933
BFGS:  659 12:15:01     -454.630188        0.850434
BFGS:  660 12:15:01     -454.667725        0.271023
BFGS:  661 12:15:02     -454.679108        0.214097
BFGS:  662 12:15:03     -454.679718        0.208760
BFGS:  663 12:15:04     -454.671936        0.554581
BFGS:  664 12:15:04     -454.678192        0.457331
BFGS:  665 12:15:05     -454.678925        0.376300
BFGS:  666 12:15:06     -454.662018        0.897880
BFGS:  667 12:15:06     -454.631134        1.337464
BFGS:  668 12:15:07     -454.585114        1.675201
BFGS:  669 12:15:08     -454.529572        1.883572
BFGS:  670 12:15:08     -454.475159        1.960474
BFGS:  671 12:15:09     -454.420288        1.822640
BFGS:  672 12:15:10     -454.390656        1.510970
BFGS:  673 12:15:12     -454.418823        1.046246
BFGS:  674 12:15:13     -454.500763        0.586496
BFGS:  675 12:15:13     -454.566376        0.872336
BFGS:  676 12:15:14     -454.630219        1.011364
BFGS:  677 12:15:15     -454.649811        1.098871
BFGS:  678 12:15:15     -454.639191        0.742933
BFGS:  679 12:15:16     -454.655273        0.376990
BFGS:  680 12:15:17     -454.670807        0.213288
BFGS:  681 12:15:17     -454.655182        0.564550
BFGS:  682 12:15:18     -454.616058        0.609387
BFGS:  683 12:15:19     -454.576630        0.655224
BFGS:  684 12:15:20     -454.562714        0.614677
BFGS:  685 12:15:20     -454.596649        0.615467
BFGS:  686 12:15:21     -454.646210        1.055761
BFGS:  687 12:15:22     -454.640808        1.160185
BFGS:  688 12:15:22     -454.644348        0.694249
BFGS:  689 12:15:23     -454.670166        0.318104
BFGS:  690 12:15:24     -454.674530        0.279390
BFGS:  691 12:15:25     -454.674133        0.377400
BFGS:  692 12:15:26     -454.670776        0.445339
BFGS:  693 12:15:27     -454.667572        0.505456
BFGS:  694 12:15:27     -454.664642        0.512948
BFGS:  695 12:15:28     -454.660217        0.431238
BFGS:  696 12:15:29     -454.652863        0.364656
BFGS:  697 12:15:29     -454.643097        0.359453
BFGS:  698 12:15:30     -454.632629        0.385909
BFGS:  699 12:15:31     -454.621155        0.412818
BFGS:  700 12:15:32     -454.615875        0.328877
BFGS:  701 12:15:33     -454.609711        0.355385
BFGS:  702 12:15:33     -454.601654        0.397607
BFGS:  703 12:15:34     -454.593140        0.435608
BFGS:  704 12:15:35     -454.581512        0.495743
BFGS:  705 12:15:35     -454.575378        0.499310
BFGS:  706 12:15:36     -454.568787        0.777160
BFGS:  707 12:15:37     -454.567688        1.412795
BFGS:  708 12:15:38     -454.574432        1.256703
BFGS:  709 12:15:38     -454.581299        0.773030
BFGS:  710 12:15:39     -454.577057        0.791455
BFGS:  711 12:15:40     -454.576447        1.132381
BFGS:  712 12:15:40     -454.564728        1.496540
BFGS:  713 12:15:41     -454.550568        1.554354
BFGS:  714 12:15:42     -454.543823        1.433276
BFGS:  715 12:15:42     -454.541199        1.214723
BFGS:  716 12:15:43     -454.536652        0.980123
BFGS:  717 12:15:44     -454.528320        0.803323
BFGS:  718 12:15:45     -454.519836        0.780642
BFGS:  719 12:15:45     -454.512268        0.738056
BFGS:  720 12:15:46     -454.504547        0.685031
BFGS:  721 12:15:47     -454.495911        0.616531
BFGS:  722 12:15:47     -454.485901        0.662511
BFGS:  723 12:15:48     -454.473755        0.786642
BFGS:  724 12:15:49     -454.458954        0.909873
BFGS:  725 12:15:50     -454.443420        1.018165
BFGS:  726 12:15:50     -454.428162        1.119176
BFGS:  727 12:15:51     -454.413544        1.213800
BFGS:  728 12:15:52     -454.399597        1.306837
BFGS:  729 12:15:53     -454.386414        1.396431
BFGS:  730 12:15:53     -454.426025        0.970144
BFGS:  731 12:15:54     -454.443146        0.853353
BFGS:  732 12:15:55     -454.449768        0.781861
BFGS:  733 12:15:55     -454.451324        0.848722
BFGS:  734 12:15:56     -454.450439        0.873024
BFGS:  735 12:15:57     -454.449097        0.853541
BFGS:  736 12:15:57     -454.448547        0.806402
BFGS:  737 12:15:58     -454.456696        0.615299
BFGS:  738 12:15:59     -454.481354        0.562206
BFGS:  739 12:15:59     -454.508850        0.558726
BFGS:  740 12:16:00     -454.525391        0.720506
BFGS:  741 12:16:01     -454.529449        0.615025
BFGS:  742 12:16:02     -454.541321        0.732855
BFGS:  743 12:16:03     -454.544464        0.826947
BFGS:  744 12:16:03     -454.546082        0.755561
BFGS:  745 12:16:04     -454.559967        0.808347
BFGS:  746 12:16:05     -454.580963        0.813778
BFGS:  747 12:16:05     -454.600555        0.603679
BFGS:  748 12:16:06     -454.597443        0.773849
BFGS:  749 12:16:07     -454.590179        1.014852
BFGS:  750 12:16:07     -454.592377        1.157662
BFGS:  751 12:16:08     -454.608673        0.949455
BFGS:  752 12:16:09     -454.616364        0.814248
BFGS:  753 12:16:10     -454.609894        0.802747
BFGS:  754 12:16:11     -454.598053        0.642230
BFGS:  755 12:16:12     -454.585052        0.543103
BFGS:  756 12:16:13     -454.572632        0.603000
BFGS:  757 12:16:13     -454.559479        0.700844
BFGS:  758 12:16:14     -454.546051        0.771013
BFGS:  759 12:16:15     -454.531616        0.811487
BFGS:  760 12:16:16     -454.516266        1.093064
BFGS:  761 12:16:16     -454.496399        1.195977
BFGS:  762 12:16:17     -454.470917        1.497860
BFGS:  763 12:16:18     -454.441406        1.753435
BFGS:  764 12:16:18     -454.407837        1.909505
BFGS:  765 12:16:19     -454.368866        1.944990
BFGS:  766 12:16:20     -454.323181        1.925942
BFGS:  767 12:16:21     -454.325623        0.989276
BFGS:  768 12:16:21     -454.264893        1.321911
BFGS:  769 12:16:22     -454.235474        1.369471
BFGS:  770 12:16:23     -454.191437        1.192222
BFGS:  771 12:16:23     -454.217773        1.660393
BFGS:  772 12:16:24     -454.270447        1.699637
BFGS:  773 12:16:25     -454.300385        1.548332
BFGS:  774 12:16:26     -454.310791        0.846363
BFGS:  775 12:16:26     -454.291321        1.083888
BFGS:  776 12:16:27     -454.284546        0.931552
BFGS:  777 12:16:28     -454.271423        1.000914
BFGS:  778 12:16:28     -454.249451        1.131018
BFGS:  779 12:16:29     -454.279053        0.820644
BFGS:  780 12:16:30     -454.286224        0.581518
BFGS:  781 12:16:30     -454.297333        0.811746
BFGS:  782 12:16:31     -454.310364        0.494269
BFGS:  783 12:16:32     -454.317474        0.651284
BFGS:  784 12:16:33     -454.330078        0.704373
BFGS:  785 12:16:34     -454.355530        0.502404
BFGS:  786 12:16:35     -454.368286        0.813855
BFGS:  787 12:16:35     -454.388916        0.536255
BFGS:  788 12:16:36     -454.392456        1.252750
BFGS:  789 12:16:37     -454.400421        0.713792
BFGS:  790 12:16:38     -454.395538        1.004355
BFGS:  791 12:16:38     -454.394531        1.119380
BFGS:  792 12:16:39     -454.408051        0.700622
BFGS:  793 12:16:40     -454.398163        1.126299
BFGS:  794 12:16:40     -454.411560        0.855961
BFGS:  795 12:16:41     -454.421844        0.427612
BFGS:  796 12:16:42     -454.420563        0.377591
BFGS:  797 12:16:42     -454.416199        0.536581
BFGS:  798 12:16:43     -454.410278        0.709642
BFGS:  799 12:16:44     -454.404175        0.859864
BFGS:  800 12:16:44     -454.398132        0.996606
      Step     Time          Energy          fmax
FIRE:    0 12:16:44     -454.398132        0.996606
FIRE:    1 12:16:45     -454.407288        0.659068
FIRE:    2 12:16:45     -454.419922        0.300997
FIRE:    3 12:16:46     -454.433228        0.713986
FIRE:    4 12:16:46     -454.444824        0.810299
FIRE:    5 12:16:47     -454.454987        0.559298
FIRE:    6 12:16:47     -454.464172        0.318200
FIRE:    7 12:16:47     -454.470642        0.648346
FIRE:    8 12:16:48     -454.475342        0.634743
FIRE:    9 12:16:48     -454.479889        0.275375
FIRE:   10 12:16:49     -454.484955        0.618114
FIRE:   11 12:16:49     -454.488739        0.492456
FIRE:   12 12:16:50     -454.492767        0.466494
FIRE:   13 12:16:50     -454.494720        0.354064
FIRE:   14 12:16:51     -454.487793        0.481675
FIRE:   15 12:16:51     -454.467163        0.853335
FIRE:   16 12:16:52     -454.498840        0.348306
FIRE:   17 12:16:52     -454.500671        0.332646
FIRE:   18 12:16:53     -454.502350        0.303107
FIRE:   19 12:16:53     -454.502502        0.265868
FIRE:   20 12:16:53     -454.502136        0.261111
FIRE:   21 12:16:54     -454.502930        0.262875
FIRE:   22 12:16:54     -454.504669        0.267139
FIRE:   23 12:16:55     -454.505707        0.268671
FIRE:   24 12:16:55     -454.505676        0.264400
FIRE:   25 12:16:56     -454.506348        0.257507
FIRE:   26 12:16:56     -454.507843        0.254840
FIRE:   27 12:16:57     -454.507874        0.258827
FIRE:   28 12:16:57     -454.508484        0.270201
FIRE:   29 12:16:58     -454.509094        0.273777
FIRE:   30 12:16:58     -454.509186        0.241552
FIRE:   31 12:16:59     -454.509369        0.239978
FIRE:   32 12:16:59     -454.510132        0.230868
FIRE:   33 12:16:59     -454.509613        0.229461
FIRE:   34 12:17:00     -454.507935        0.253074
FIRE:   35 12:17:00     -454.503174        0.417464
FIRE:   36 12:17:01     -454.493835        0.586273
FIRE:   37 12:17:01     -454.511169        0.231872
FIRE:   38 12:17:02     -454.497772        0.547847
FIRE:   39 12:17:02     -454.503571        0.418522
FIRE:   40 12:17:03     -454.509888        0.245313
FIRE:   41 12:17:03     -454.511047        0.244552
FIRE:   42 12:17:04     -454.511108        0.244513
FIRE:   43 12:17:04     -454.511169        0.244457
FIRE:   44 12:17:05     -454.511261        0.244359
FIRE:   45 12:17:05     -454.511383        0.244239
FIRE:   46 12:17:05     -454.511475        0.244096
FIRE:   47 12:17:06     -454.511475        0.243901
FIRE:   48 12:17:06     -454.511505        0.243702
FIRE:   49 12:17:07     -454.511475        0.243433
FIRE:   50 12:17:07     -454.511475        0.243087
FIRE:   51 12:17:08     -454.511505        0.242667
FIRE:   52 12:17:08     -454.511566        0.242134
FIRE:   53 12:17:09     -454.511658        0.241475
FIRE:   54 12:17:09     -454.511749        0.240661
FIRE:   55 12:17:10     -454.511780        0.239663
FIRE:   56 12:17:10     -454.511810        0.238445
FIRE:   57 12:17:11     -454.511902        0.236938
FIRE:   58 12:17:11     -454.511993        0.235106
FIRE:   59 12:17:12     -454.512024        0.232861
FIRE:   60 12:17:12     -454.512115        0.230072
FIRE:   61 12:17:13     -454.512207        0.226667
FIRE:   62 12:17:13     -454.512207        0.222532
FIRE:   63 12:17:14     -454.512268        0.223728
FIRE:   64 12:17:14     -454.512268        0.237654
FIRE:   65 12:17:15     -454.512299        0.259914
FIRE:   66 12:17:15     -454.512360        0.256016
FIRE:   67 12:17:15     -454.512390        0.223383
FIRE:   68 12:17:16     -454.512329        0.229750
FIRE:   69 12:17:16     -454.511902        0.228535
FIRE:   70 12:17:17     -454.510101        0.236488
FIRE:   71 12:17:17     -454.507355        0.341356
FIRE:   72 12:17:18     -454.506195        0.347114
FIRE:   73 12:17:18     -454.506958        0.350242
FIRE:   74 12:17:19     -454.508118        0.316736
FIRE:   75 12:17:19     -454.508545        0.314683
FIRE:   76 12:17:20     -454.508026        0.346876
FIRE:   77 12:17:20     -454.506989        0.392815
FIRE:   78 12:17:21     -454.506195        0.439928
FIRE:   79 12:17:21     -454.505219        0.459074
FIRE:   80 12:17:21     -454.503418        0.515891
FIRE:   81 12:17:22     -454.501648        0.564352
FIRE:   82 12:17:22     -454.153778        3.242027
FIRE:   83 12:17:23     -454.496002        0.914202
FIRE:   84 12:17:23     -454.508667        0.483713
FIRE:   85 12:17:24     -454.511505        0.238136
FIRE:   86 12:17:24     -454.511810        0.238171
FIRE:   87 12:17:25     -454.512207        0.296892
FIRE:   88 12:17:25     -454.512573        0.302509
FIRE:   89 12:17:26     -454.512695        0.239243
FIRE:   90 12:17:26     -454.512573        0.239978
FIRE:   91 12:17:27     -454.512360        0.322369
FIRE:   92 12:17:27     -454.512268        0.242873
FIRE:   93 12:17:27     -454.512329        0.337195
FIRE:   94 12:17:28     -454.512573        0.245309
FIRE:   95 12:17:28     -454.512695        0.247545
FIRE:   96 12:17:29     -454.512573        0.357492
FIRE:   97 12:17:29     -454.512421        0.249632
FIRE:   98 12:17:30     -454.512573        0.345462
FIRE:   99 12:17:30     -454.512695        0.243531
FIRE:  100 12:17:31     -454.512512        0.243392
FIRE:  101 12:17:31     -454.512634        0.326660
FIRE:  102 12:17:32     -454.512604        0.297527
FIRE:  103 12:17:32     -454.512604        0.254144
FIRE:  104 12:17:32     -454.512573        0.245030
FIRE:  105 12:17:33     -454.512665        0.371488
FIRE:  106 12:17:33     -454.512451        0.243384
FIRE:  107 12:17:34     -454.512268        0.480656
FIRE:  108 12:17:34     -454.512054        0.269661
FIRE:  109 12:17:35     -454.511169        0.303906
FIRE:  110 12:17:35     -454.509583        0.346865
FIRE:  111 12:17:36     -454.508484        0.413887
FIRE:  112 12:17:36     -454.508850        0.388524
FIRE:  113 12:17:37     -454.509766        0.423428
FIRE:  114 12:17:37     -454.510284        0.406390
FIRE:  115 12:17:38     -454.510284        0.345991
FIRE:  116 12:17:38     -454.509979        0.406071
FIRE:  117 12:17:38     -454.509491        0.376177
FIRE:  118 12:17:39     -454.509094        0.457436
FIRE:  119 12:17:39     -454.508850        0.521483
FIRE:  120 12:17:40     -454.509003        0.575760
FIRE:  121 12:17:40     -454.509583        0.387318
FIRE:  122 12:17:41     -454.510284        0.515663
FIRE:  123 12:17:41     -454.510712        0.379124
FIRE:  124 12:17:42     -454.510712        0.335234
FIRE:  125 12:17:42     -454.510437        0.530853
FIRE:  126 12:17:43     -454.510223        0.367614
FIRE:  127 12:17:43     -454.510498        0.346189
FIRE:  128 12:17:44     -454.511475        0.328647
FIRE:  129 12:17:44     -454.512512        0.318349
FIRE:  130 12:17:45     -454.512634        0.289172
FIRE:  131 12:17:45     -454.512207        0.332216
FIRE:  132 12:17:45     -454.512451        0.337576
FIRE:  133 12:17:46     -454.512695        0.310913
FIRE:  134 12:17:46     -454.512421        0.323851
FIRE:  135 12:17:47     -454.512634        0.314216
FIRE:  136 12:17:47     -454.512634        0.313613
FIRE:  137 12:17:48     -454.512512        0.338489
FIRE:  138 12:17:48     -454.512695        0.327122
FIRE:  139 12:17:49     -454.512543        0.331155
FIRE:  140 12:17:49     -454.512695        0.313998
FIRE:  141 12:17:50     -454.512604        0.326152
FIRE:  142 12:17:50     -454.512695        0.329652
FIRE:  143 12:17:50     -454.512634        0.343261
FIRE:  144 12:17:51     -454.512695        0.342883
FIRE:  145 12:17:51     -454.512665        0.337411
FIRE:  146 12:17:52     -454.512695        0.489505
FIRE:  147 12:17:52     -454.512695        0.345454
FIRE:  148 12:17:53     -454.512695        0.345673
FIRE:  149 12:17:53     -454.512665        0.349257
FIRE:  150 12:17:54     -454.512695        0.354714
FIRE:  151 12:17:54     -454.512665        0.360664
FIRE:  152 12:17:55     -454.512726        0.503239
FIRE:  153 12:17:55     -454.512695        0.343968
FIRE:  154 12:17:56     -454.512726        0.347821
FIRE:  155 12:17:56     -454.512695        0.358542
FIRE:  156 12:17:56     -454.512726        0.364485
FIRE:  157 12:17:57     -454.512695        0.368062
FIRE:  158 12:17:57     -454.512726        0.367720
FIRE:  159 12:17:58     -454.512726        0.365062
FIRE:  160 12:17:58     -454.512695        0.424575
FIRE:  161 12:17:59     -454.512726        0.369681
FIRE:  162 12:17:59     -454.512695        0.374672
FIRE:  163 12:18:00     -454.512726        0.397901
FIRE:  164 12:18:00     -454.512695        0.423953
FIRE:  165 12:18:01     -454.512695        0.384320
FIRE:  166 12:18:01     -454.512726        0.382643
FIRE:  167 12:18:02     -454.512726        0.465899
FIRE:  168 12:18:02     -454.512726        0.435105
FIRE:  169 12:18:02     -454.512726        0.386630
FIRE:  170 12:18:03     -454.512726        0.386438
FIRE:  171 12:18:03     -454.512726        0.407659
FIRE:  172 12:18:04     -454.512726        0.391036
FIRE:  173 12:18:04     -454.512726        0.399372
FIRE:  174 12:18:05     -454.512726        0.389623
FIRE:  175 12:18:05     -454.512726        0.415429
FIRE:  176 12:18:06     -454.512726        0.391521
FIRE:  177 12:18:06     -454.512726        0.404207
FIRE:  178 12:18:07     -454.512726        0.392630
FIRE:  179 12:18:07     -454.512726        0.488742
FIRE:  180 12:18:08     -454.512726        0.376746
FIRE:  181 12:18:08     -454.512726        0.405332
FIRE:  182 12:18:08     -454.512726        0.419724
FIRE:  183 12:18:09     -454.512726        0.416427
FIRE:  184 12:18:09     -454.512726        0.415079
FIRE:  185 12:18:10     -454.512726        0.414463
FIRE:  186 12:18:10     -454.512726        0.378166
FIRE:  187 12:18:11     -454.512726        0.357259
FIRE:  188 12:18:11     -454.512726        0.278344
FIRE:  189 12:18:12     -454.512726        0.263730
FIRE:  190 12:18:12     -454.512726        0.270973
FIRE:  191 12:18:13     -454.512726        0.288282
FIRE:  192 12:18:13     -454.512726        0.292818
FIRE:  193 12:18:14     -454.512726        0.280207
FIRE:  194 12:18:14     -454.512726        0.265526
FIRE:  195 12:18:15     -454.512726        0.267504
FIRE:  196 12:18:15     -454.512726        0.289192
FIRE:  197 12:18:16     -454.512726        0.294339
FIRE:  198 12:18:16     -454.512726        0.280234
FIRE:  199 12:18:17     -454.512726        0.264230
FIRE:  200 12:18:17     -454.512726        0.276769
FIRE:  201 12:18:17     -454.512726        0.293758
FIRE:  202 12:18:18     -454.512726        0.301405
FIRE:  203 12:18:18     -454.512726        0.294332
FIRE:  204 12:18:19     -454.512726        0.279622
FIRE:  205 12:18:19     -454.512726        0.268276
FIRE:  206 12:18:20     -454.512726        0.285535
FIRE:  207 12:18:20     -454.512726        0.297885
FIRE:  208 12:18:21     -454.512726        0.295955
FIRE:  209 12:18:21     -454.512726        0.282335
FIRE:  210 12:18:22     -454.512726        0.463931
FIRE:  211 12:18:22     -454.512756        0.467668
FIRE:  212 12:18:23     -454.512756        0.306379
FIRE:  213 12:18:23     -454.512726        0.312046
FIRE:  214 12:18:23     -454.512726        0.306408
FIRE:  215 12:18:24     -454.512726        0.439701
FIRE:  216 12:18:24     -454.512756        0.441058
FIRE:  217 12:18:25     -454.512726        0.316510
FIRE:  218 12:18:25     -454.512756        0.307610
FIRE:  219 12:18:26     -454.512756        0.308428
FIRE:  220 12:18:26     -454.512756        0.300826
FIRE:  221 12:18:27     -454.512726        0.484633
FIRE:  222 12:18:27     -454.512756        0.304339
FIRE:  223 12:18:28     -454.512726        0.479234
FIRE:  224 12:18:28     -454.512726        0.322684
FIRE:  225 12:18:29     -454.512756        0.324847
FIRE:  226 12:18:29     -454.512756        0.443207
FIRE:  227 12:18:30     -454.512756        0.341936
FIRE:  228 12:18:30     -454.512726        0.370634
FIRE:  229 12:18:30     -454.512756        0.308178
FIRE:  230 12:18:31     -454.512756        0.319539
FIRE:  231 12:18:31     -454.512756        0.323594
FIRE:  232 12:18:32     -454.512756        0.319509
FIRE:  233 12:18:32     -454.512756        0.311459
FIRE:  234 12:18:33     -454.512756        0.311894
FIRE:  235 12:18:33     -454.512756        0.326918
FIRE:  236 12:18:34     -454.512756        0.340716
FIRE:  237 12:18:34     -454.512756        0.346958
FIRE:  238 12:18:35     -454.512756        0.345147
FIRE:  239 12:18:35     -454.512756        0.431803
FIRE:  240 12:18:35     -454.512756        0.435640
FIRE:  241 12:18:36     -454.512756        0.453449
FIRE:  242 12:18:36     -454.512756        0.452846
FIRE:  243 12:18:37     -454.512756        0.456977
FIRE:  244 12:18:37     -454.512756        0.451452
FIRE:  245 12:18:38     -454.512756        0.433240
FIRE:  246 12:18:38     -454.512756        0.421397
FIRE:  247 12:18:39     -454.512756        0.436736
FIRE:  248 12:18:39     -454.512756        0.449117
FIRE:  249 12:18:40     -454.512756        0.455174
FIRE:  250 12:18:40     -454.512756        0.453317
FIRE:  251 12:18:41     -454.512756        0.444151
FIRE:  252 12:18:41     -454.512787        0.430178
FIRE:  253 12:18:41     -454.512756        0.414884
FIRE:  254 12:18:42     -454.512756        0.425493
FIRE:  255 12:18:42     -454.512756        0.437798
FIRE:  256 12:18:43     -454.512787        0.444125
FIRE:  257 12:18:43     -454.512787        0.443711
FIRE:  258 12:18:44     -454.512787        0.435999
FIRE:  259 12:18:44     -454.512787        0.423082
FIRE:  260 12:18:45     -454.512787        0.411231
FIRE:  261 12:18:45     -454.512787        0.423848
FIRE:  262 12:18:46     -454.512787        0.435021
FIRE:  263 12:18:46     -454.512787        0.442346
FIRE:  264 12:18:46     -454.512787        0.444244
FIRE:  265 12:18:47     -454.512787        0.440478
FIRE:  266 12:18:47     -454.512787        0.432088
FIRE:  267 12:18:48     -454.512787        0.420999
FIRE:  268 12:18:48     -454.512787        0.409486
FIRE:  269 12:18:49     -454.512787        0.421452
FIRE:  270 12:18:49     -454.512787        0.431349
FIRE:  271 12:18:50     -454.512787        0.436612
FIRE:  272 12:18:50     -454.512787        0.437053
FIRE:  273 12:18:51     -454.512787        0.432188
FIRE:  274 12:18:51     -454.512787        0.423266
FIRE:  275 12:18:52     -454.512787        0.412152
FIRE:  276 12:18:52     -454.512787        0.419416
FIRE:  277 12:18:53     -454.512787        0.429555
FIRE:  278 12:18:53     -454.512787        0.499769
FIRE:  279 12:18:53     -454.512787        0.677560
FIRE:  280 12:18:54     -454.512817        0.851897
FIRE:  281 12:18:54     -454.512817        0.985713
FIRE:  282 12:18:55     -454.512817        1.092980
FIRE:  283 12:18:55     -454.512787        0.979395
FIRE:  284 12:18:56     -454.512817        0.973888
FIRE:  285 12:18:56     -454.512817        0.971715
FIRE:  286 12:18:57     -454.512817        0.969781
FIRE:  287 12:18:57     -454.512817        0.957793
FIRE:  288 12:18:58     -454.512817        0.925350
FIRE:  289 12:18:58     -454.512817        0.868866
FIRE:  290 12:18:59     -454.512817        0.797449
FIRE:  291 12:18:59     -454.512817        0.825250
FIRE:  292 12:19:00     -454.512817        1.503122
FIRE:  293 12:19:00     -454.512695        3.563063
FIRE:  294 12:19:00     -454.161774        5.971878
FIRE:  295 12:19:01     -454.511993        2.561051
FIRE:  296 12:19:01     -454.512360        1.547647
FIRE:  297 12:19:02     -454.512543        0.993621
FIRE:  298 12:19:02     -454.512421        1.493815
FIRE:  299 12:19:03     -454.512482        1.360450
FIRE:  300 12:19:03     -454.512543        1.109687
FIRE:  301 12:19:04     -454.512604        0.781436
FIRE:  302 12:19:04     -454.512665        0.989024
FIRE:  303 12:19:05     -454.512665        0.720626
FIRE:  304 12:19:05     -454.512634        0.718324
FIRE:  305 12:19:05     -454.512634        0.986733
FIRE:  306 12:19:06     -454.512634        0.973745
FIRE:  307 12:19:06     -454.512665        0.880992
FIRE:  308 12:19:07     -454.512726        0.729898
FIRE:  309 12:19:07     -454.512756        0.733320
FIRE:  310 12:19:08     -454.512726        1.016873
FIRE:  311 12:19:08     -454.512756        0.766508
FIRE:  312 12:19:09     -454.512787        0.745127
FIRE:  313 12:19:09     -454.512787        0.741554
FIRE:  314 12:19:10     -454.512756        1.071751
FIRE:  315 12:19:10     -454.512787        0.744897
FIRE:  316 12:19:11     -454.512787        0.976677
FIRE:  317 12:19:11     -454.512817        0.815328
FIRE:  318 12:19:12     -454.512787        0.722606
FIRE:  319 12:19:12     -454.512817        1.061375
FIRE:  320 12:19:13     -454.512817        0.867142
FIRE:  321 12:19:13     -454.512848        0.471830
FIRE:  322 12:19:14     -454.512848        0.593784
FIRE:  323 12:19:14     -454.512848        0.524547
FIRE:  324 12:19:14     -454.512848        0.432318
FIRE:  325 12:19:15     -454.512878        0.418309
FIRE:  326 12:19:15     -454.512878        0.347527
FIRE:  327 12:19:16     -454.512878        0.352623
FIRE:  328 12:19:16     -454.512878        0.362381
FIRE:  329 12:19:17     -454.512878        0.324713
FIRE:  330 12:19:17     -454.512878        0.323280
FIRE:  331 12:19:18     -454.512909        0.308110
FIRE:  332 12:19:18     -454.512909        0.278961
FIRE:  333 12:19:19     -454.512878        0.269237
FIRE:  334 12:19:19     -454.512909        0.255519
FIRE:  335 12:19:20     -454.512909        0.265591
FIRE:  336 12:19:20     -454.512909        0.257852
FIRE:  337 12:19:20     -454.512909        0.256686
FIRE:  338 12:19:21     -454.512939        0.252445
FIRE:  339 12:19:21     -454.512939        0.245618
FIRE:  340 12:19:22     -454.512939        0.241905
FIRE:  341 12:19:22     -454.512939        0.241990
FIRE:  342 12:19:23     -454.512939        0.235556
FIRE:  343 12:19:23     -454.512939        0.232869
FIRE:  344 12:19:24     -454.512939        0.233246
FIRE:  345 12:19:24     -454.512939        0.234961
FIRE:  346 12:19:25     -454.512970        0.233828
FIRE:  347 12:19:25     -454.512939        0.234439
FIRE:  348 12:19:26     -454.512970        0.226606
FIRE:  349 12:19:26     -454.512970        0.248845
FIRE:  350 12:19:27     -454.512970        0.269801
FIRE:  351 12:19:27     -454.512970        0.280305
FIRE:  352 12:19:28     -454.512970        0.279288
FIRE:  353 12:19:28     -454.512970        0.273359
FIRE:  354 12:19:28     -454.513000        0.269463
FIRE:  355 12:19:29     -454.513000        0.270927
FIRE:  356 12:19:29     -454.513000        0.278084
FIRE:  357 12:19:30     -454.513000        0.287758
FIRE:  358 12:19:30     -454.513000        0.294252
FIRE:  359 12:19:31     -454.513000        0.776759
FIRE:  360 12:19:31     -454.513000        0.586589
FIRE:  361 12:19:32     -454.513031        0.397184
FIRE:  362 12:19:32     -454.513031        1.120786
FIRE:  363 12:19:33     -454.513031        0.570695
FIRE:  364 12:19:33     -454.513031        0.375975
FIRE:  365 12:19:34     -454.513031        0.471330
FIRE:  366 12:19:34     -454.513031        0.475309
FIRE:  367 12:19:34     -454.513062        0.307361
FIRE:  368 12:19:35     -454.513062        0.920335
FIRE:  369 12:19:35     -454.513062        0.418758
FIRE:  370 12:19:36     -454.513092        0.309327
FIRE:  371 12:19:36     -454.513092        0.368407
FIRE:  372 12:19:37     -454.513092        0.417556
FIRE:  373 12:19:37     -454.513092        0.380346
FIRE:  374 12:19:38     -454.513092        0.675358
FIRE:  375 12:19:38     -454.513123        0.608709
FIRE:  376 12:19:39     -454.513123        0.580636
FIRE:  377 12:19:39     -454.513153        0.636430
FIRE:  378 12:19:39     -454.513123        0.496069
FIRE:  379 12:19:40     -454.513153        0.517962
FIRE:  380 12:19:40     -454.513153        0.484695
FIRE:  381 12:19:41     -454.513153        0.645276
FIRE:  382 12:19:41     -454.513184        0.583447
FIRE:  383 12:19:42     -454.513184        0.388619
FIRE:  384 12:19:42     -454.513184        0.762015
FIRE:  385 12:19:43     -454.513184        0.795058
FIRE:  386 12:19:43     -454.513214        0.253824
FIRE:  387 12:19:44     -454.513245        0.379309
FIRE:  388 12:19:44     -454.513245        0.439581
FIRE:  389 12:19:45     -454.513245        0.408168
FIRE:  390 12:19:45     -454.513245        0.301208
FIRE:  391 12:19:45     -454.513275        0.693321
FIRE:  392 12:19:46     -454.513275        0.669919
FIRE:  393 12:19:46     -454.513306        0.534517
FIRE:  394 12:19:47     -454.513306        0.581132
FIRE:  395 12:19:47     -454.513336        0.668903
FIRE:  396 12:19:48     -454.513336        0.582853
FIRE:  397 12:19:48     -454.513336        0.356831
FIRE:  398 12:19:49     -454.513367        0.702339
FIRE:  399 12:19:49     -454.513367        0.794041
FIRE:  400 12:19:50     -454.513397        0.724001
FIRE:  401 12:19:50     -454.513428        0.257638
FIRE:  402 12:19:51     -454.513428        0.433948
FIRE:  403 12:19:51     -454.513428        0.505260
FIRE:  404 12:19:51     -454.513458        0.453712
FIRE:  405 12:19:52     -454.513458        0.303669
FIRE:  406 12:19:52     -454.513489        0.242731
FIRE:  407 12:19:53     -454.513519        0.755357
FIRE:  408 12:19:53     -454.513550        0.749933
FIRE:  409 12:19:54     -454.513550        0.568817
FIRE:  410 12:19:54     -454.513580        0.500671
FIRE:  411 12:19:55     -454.513611        0.501675
FIRE:  412 12:19:55     -454.513611        0.520617
FIRE:  413 12:19:56     -454.513641        0.508843
FIRE:  414 12:19:56     -454.513672        0.452962
FIRE:  415 12:19:57     -454.513702        0.428891
FIRE:  416 12:19:57     -454.513733        0.456983
FIRE:  417 12:19:58     -454.513763        0.452127
FIRE:  418 12:19:58     -454.513794        0.416044
FIRE:  419 12:19:59     -454.513794        0.459268
FIRE:  420 12:19:59     -454.513824        0.452235
FIRE:  421 12:19:59     -454.513855        0.444689
FIRE:  422 12:20:00     -454.513916        0.469005
FIRE:  423 12:20:00     -454.513947        0.526731
FIRE:  424 12:20:01     -454.513977        0.579052
FIRE:  425 12:20:01     -454.514008        0.594816
FIRE:  426 12:20:02     -454.514038        0.549465
FIRE:  427 12:20:02     -454.514069        0.423072
FIRE:  428 12:20:03     -454.514130        0.250366
FIRE:  429 12:20:03     -454.514160        0.255784
FIRE:  430 12:20:04     -454.514221        0.352429
FIRE:  431 12:20:04     -454.514252        0.376775
FIRE:  432 12:20:05     -454.514282        0.314583
FIRE:  433 12:20:05     -454.514343        0.202627
FIRE:  434 12:20:05     -454.514404        0.245035
FIRE:  435 12:20:06     -454.514465        0.357478
FIRE:  436 12:20:06     -454.514526        0.404361
FIRE:  437 12:20:07     -454.514587        0.372643
FIRE:  438 12:20:07     -454.514648        0.271477
FIRE:  439 12:20:08     -454.514709        0.294027
FIRE:  440 12:20:08     -454.514771        0.249851
FIRE:  441 12:20:09     -454.514862        0.296314
FIRE:  442 12:20:09     -454.514923        0.346607
FIRE:  443 12:20:10     -454.515015        0.342551
FIRE:  444 12:20:10     -454.515076        0.277033
FIRE:  445 12:20:11     -454.515167        0.184808
FIRE:  446 12:20:11     -454.515259        0.280758
FIRE:  447 12:20:11     -454.515350        0.341796
FIRE:  448 12:20:12     -454.515442        0.388354
FIRE:  449 12:20:12     -454.515564        0.382269
FIRE:  450 12:20:13     -454.515656        0.352692
FIRE:  451 12:20:13     -454.515778        0.307891
FIRE:  452 12:20:14     -454.515900        0.262910
FIRE:  453 12:20:14     -454.516022        0.233729
FIRE:  454 12:20:15     -454.516144        0.235236
FIRE:  455 12:20:15     -454.516296        0.216094
FIRE:  456 12:20:16     -454.516449        0.193205
FIRE:  457 12:20:16     -454.516602        0.184071
FIRE:  458 12:20:17     -454.516785        0.168847
FIRE:  459 12:20:17     -454.516968        0.166786
FIRE:  460 12:20:18     -454.517151        0.166326
FIRE:  461 12:20:18     -454.517365        0.156236
FIRE:  462 12:20:19     -454.517578        0.130784
FIRE:  463 12:20:19     -454.517822        0.149835
FIRE:  464 12:20:19     -454.518066        0.174384
FIRE:  465 12:20:20     -454.518372        0.177388
FIRE:  466 12:20:20     -454.518646        0.156906
FIRE:  467 12:20:21     -454.518951        0.120063
FIRE:  468 12:20:21     -454.519318        0.104431
FIRE:  469 12:20:22     -454.519684        0.131365
FIRE:  470 12:20:22     -454.520081        0.141174
FIRE:  471 12:20:23     -454.520508        0.123383
FIRE:  472 12:20:23     -454.520966        0.130446
FIRE:  473 12:20:24     -454.521484        0.172841
FIRE:  474 12:20:24     -454.522034        0.205666
FIRE:  475 12:20:25     -454.522644        0.198826
FIRE:  476 12:20:25     -454.523315        0.154647
FIRE:  477 12:20:25     -454.524017        0.103651
FIRE:  478 12:20:26     -454.524841        0.102297
FIRE:  479 12:20:26     -454.525696        0.127654
FIRE:  480 12:20:27     -454.526672        0.114517
FIRE:  481 12:20:27     -454.527740        0.093512
FIRE:  482 12:20:28     -454.528900        0.109687
FIRE:  483 12:20:28     -454.530212        0.187552
FIRE:  484 12:20:29     -454.531647        0.174340
FIRE:  485 12:20:29     -454.533264        0.107184
FIRE:  486 12:20:30     -454.535034        0.116613
FIRE:  487 12:20:30     -454.536987        0.171652
FIRE:  488 12:20:31     -454.539185        0.106115
FIRE:  489 12:20:31     -454.541626        0.100252
FIRE:  490 12:20:32     -454.544342        0.105459
FIRE:  491 12:20:32     -454.547363        0.113197
FIRE:  492 12:20:32     -454.550781        0.136326
FIRE:  493 12:20:33     -454.554565        0.134856
FIRE:  494 12:20:33     -454.558716        0.132210
FIRE:  495 12:20:34     -454.563354        0.139134
FIRE:  496 12:20:34     -454.568481        0.143238
FIRE:  497 12:20:35     -454.574158        0.150190
FIRE:  498 12:20:35     -454.580322        0.156895
FIRE:  499 12:20:36     -454.587036        0.162867
FIRE:  500 12:20:36     -454.594238        0.167317
FIRE:  501 12:20:37     -454.601868        0.172271
FIRE:  502 12:20:37     -454.609741        0.177098
FIRE:  503 12:20:38     -454.617584        0.161641
FIRE:  504 12:20:38     -454.625092        0.144526
FIRE:  505 12:20:38     -454.631714        0.115616
FIRE:  506 12:20:39     -454.634583        0.703176
FIRE:  507 12:20:39     -454.632721        1.192329
FIRE:  508 12:20:40     -454.636963        0.411247
FIRE:  509 12:20:40     -454.635071        0.648456
FIRE:  510 12:20:41     -454.636841        0.542952
FIRE:  511 12:20:41     -454.638275        0.345273
FIRE:  512 12:20:42     -454.637909        0.212389
FIRE:  513 12:20:42     -454.638000        0.193553
FIRE:  514 12:20:43     -454.638214        0.157602
FIRE:  515 12:20:43     -454.638428        0.108048
FIRE:  516 12:20:44     -454.638611        0.098528
FIRE:  517 12:20:44     -454.638702        0.095077
FIRE:  518 12:20:44     -454.638733        0.091643
FIRE:  519 12:20:45     -454.638733        0.091608
FIRE:  520 12:20:45     -454.638733        0.091538
FIRE:  521 12:20:46     -454.638733        0.091429
FIRE:  522 12:20:46     -454.638763        0.091288
FIRE:  523 12:20:47     -454.638794        0.091117
FIRE:  524 12:20:47     -454.638824        0.090915
FIRE:  525 12:20:48     -454.638855        0.090688
FIRE:  526 12:20:48     -454.638885        0.090396
FIRE:  527 12:20:49     -454.638916        0.090065
FIRE:  528 12:20:49     -454.638947        0.089665
FIRE:  529 12:20:49     -454.639008        0.089203
FIRE:  530 12:20:50     -454.639038        0.088720
FIRE:  531 12:20:50     -454.639130        0.088204
FIRE:  532 12:20:51     -454.639221        0.087692
FIRE:  533 12:20:51     -454.639313        0.087223
FIRE:  534 12:20:52     -454.639435        0.086838
FIRE:  535 12:20:52     -454.639618        0.086589
FIRE:  536 12:20:53     -454.639801        0.086529
FIRE:  537 12:20:53     -454.640015        0.086683
FIRE:  538 12:20:54     -454.640259        0.087048
FIRE:  539 12:20:54     -454.640564        0.087546
FIRE:  540 12:20:55     -454.640930        0.087980
FIRE:  541 12:20:55     -454.641327        0.088101
FIRE:  542 12:20:56     -454.641785        0.087669
FIRE:  543 12:20:56     -454.642303        0.086702
FIRE:  544 12:20:56     -454.642822        0.085659
FIRE:  545 12:20:57     -454.643402        0.085218
FIRE:  546 12:20:57     -454.643982        0.085905
FIRE:  547 12:20:58     -454.644501        0.087291
FIRE:  548 12:20:58     -454.644958        0.087607
FIRE:  549 12:20:59     -454.645294        0.087002
FIRE:  550 12:20:59     -454.645477        0.088306
FIRE:  551 12:21:00     -454.645203        0.171870
FIRE:  552 12:21:00     -454.642609        0.465106
FIRE:  553 12:21:01     -454.645599        0.092296
FIRE:  554 12:21:01     -454.645630        0.092112
FIRE:  555 12:21:02     -454.645660        0.091756
FIRE:  556 12:21:02     -454.645660        0.091270
FIRE:  557 12:21:02     -454.645660        0.090770
FIRE:  558 12:21:03     -454.645691        0.090321
FIRE:  559 12:21:03     -454.645721        0.090014
FIRE:  560 12:21:04     -454.645752        0.089857
FIRE:  561 12:21:04     -454.645782        0.089914
FIRE:  562 12:21:05     -454.645782        0.090216
FIRE:  563 12:21:05     -454.645844        0.090722
FIRE:  564 12:21:06     -454.645905        0.091316
FIRE:  565 12:21:06     -454.645935        0.091753
FIRE:  566 12:21:07     -454.645996        0.091780
FIRE:  567 12:21:07     -454.646057        0.091280
FIRE:  568 12:21:08     -454.646088        0.090655
FIRE:  569 12:21:08     -454.646118        0.090413
FIRE:  570 12:21:09     -454.646149        0.090712
FIRE:  571 12:21:09     -454.646149        0.090594
FIRE:  572 12:21:10     -454.646088        0.088886
FIRE:  573 12:21:10     -454.645935        0.134897
FIRE:  574 12:21:11     -454.644897        0.342385
FIRE:  575 12:21:11     -454.646057        0.083006
FIRE:  576 12:21:11     -454.646088        0.082862
FIRE:  577 12:21:12     -454.646088        0.082603
FIRE:  578 12:21:12     -454.646088        0.082257
FIRE:  579 12:21:13     -454.646088        0.081869
FIRE:  580 12:21:13     -454.646088        0.081483
FIRE:  581 12:21:14     -454.646088        0.081131
FIRE:  582 12:21:14     -454.646088        0.080835
FIRE:  583 12:21:15     -454.646118        0.080576
FIRE:  584 12:21:15     -454.646118        0.080369
FIRE:  585 12:21:16     -454.646118        0.080210
FIRE:  586 12:21:16     -454.646118        0.080043
FIRE:  587 12:21:17     -454.646118        0.079721
FIRE:  588 12:21:17     -454.646149        0.079034
FIRE:  589 12:21:18     -454.646149        0.077830
FIRE:  590 12:21:18     -454.646149        0.076208
FIRE:  591 12:21:18     -454.646149        0.074400
FIRE:  592 12:21:19     -454.646179        0.072479
FIRE:  593 12:21:19     -454.646179        0.070135
FIRE:  594 12:21:20     -454.646149        0.066462
FIRE:  595 12:21:20     -454.646118        0.061544
FIRE:  596 12:21:21     -454.645935        0.150304
FIRE:  597 12:21:21     -454.646149        0.055988
FIRE:  598 12:21:22     -454.645996        0.134723
FIRE:  599 12:21:22     -454.646057        0.102344
FIRE:  600 12:21:23     -454.646118        0.055351
FIRE:  601 12:21:23     -454.646149        0.055250
FIRE:  602 12:21:24     -454.646149        0.055242
FIRE:  603 12:21:24     -454.646149        0.055230
FIRE:  604 12:21:25     -454.646149        0.055209
FIRE:  605 12:21:25     -454.646149        0.055185
FIRE:  606 12:21:25     -454.646149        0.055150
FIRE:  607 12:21:26     -454.646149        0.055103
FIRE:  608 12:21:26     -454.646149        0.055062
FIRE:  609 12:21:27     -454.646149        0.054995
FIRE:  610 12:21:27     -454.646149        0.054913
FIRE:  611 12:21:28     -454.646149        0.054813
FIRE:  612 12:21:28     -454.646149        0.054689
FIRE:  613 12:21:29     -454.646149        0.054531
FIRE:  614 12:21:29     -454.646149        0.054334
FIRE:  615 12:21:30     -454.646149        0.054100
FIRE:  616 12:21:30     -454.646149        0.053808
FIRE:  617 12:21:31     -454.646149        0.053447
FIRE:  618 12:21:31     -454.646149        0.053013
FIRE:  619 12:21:31     -454.646149        0.052472
FIRE:  620 12:21:32     -454.646149        0.051807
FIRE:  621 12:21:32     -454.646149        0.050998
FIRE:  622 12:21:33     -454.646149        0.050012
FIRE:  623 12:21:33     -454.646179        0.048813
      Step     Time          Energy          fmax
BFGS:    0 18:35:01     -454.693573        2.583007
BFGS:    1 18:35:04     -454.748657        2.353400
BFGS:    2 18:35:06     -454.855774        1.672596
BFGS:    3 18:35:06     -454.873535        1.636464
BFGS:    4 18:35:07     -454.917725        1.337216
BFGS:    5 18:35:07     -454.943665        1.007646
BFGS:    6 18:35:08     -454.951416        0.613352
BFGS:    7 18:35:09     -454.961365        0.755031
BFGS:    8 18:35:10     -454.970673        1.010909
BFGS:    9 18:35:10     -454.974426        2.646503
BFGS:   10 18:35:11     -454.967896        1.705308
BFGS:   11 18:35:12     -454.963745        1.013056
BFGS:   12 18:35:12     -454.970337        0.519495
BFGS:   13 18:35:13     -454.972748        0.365978
BFGS:   14 18:35:14     -454.970886        0.351710
BFGS:   15 18:35:14     -454.965485        0.315524
BFGS:   16 18:35:15     -454.961365        0.288285
BFGS:   17 18:35:16     -454.954132        0.301968
BFGS:   18 18:35:16     -454.950287        0.258345
BFGS:   19 18:35:17     -454.950317        0.154746
BFGS:   20 18:35:18     -454.952271        0.157751
BFGS:   21 18:35:19     -454.954193        0.130747
BFGS:   22 18:35:20     -454.956055        0.102401
BFGS:   23 18:35:21     -454.958221        0.091665
BFGS:   24 18:35:22     -454.960114        0.084376
BFGS:   25 18:35:23     -454.962006        0.081772
BFGS:   26 18:35:23     -454.962860        0.083637
BFGS:   27 18:35:24     -454.963440        0.076027
BFGS:   28 18:35:25     -454.964233        0.066699
BFGS:   29 18:35:25     -454.965332        0.057397
BFGS:   30 18:35:26     -454.966614        0.061963
BFGS:   31 18:35:27     -454.967926        0.071741
BFGS:   32 18:35:27     -454.968964        0.093988
BFGS:   33 18:35:28     -454.969543        0.115486
BFGS:   34 18:35:29     -454.969849        0.084980
BFGS:   35 18:35:29     -454.970093        0.036001
      Step     Time          Energy          fmax
BFGS:    0 00:01:36     -454.647491        3.045303
BFGS:    1 00:01:38     -454.729858        2.830252
BFGS:    2 00:01:39     -454.803314        2.510301
BFGS:    3 00:01:40     -454.848907        1.774258
BFGS:    4 00:01:41     -454.886078        1.193252
BFGS:    5 00:01:42     -454.911987        0.972347
BFGS:    6 00:01:43     -454.915314        1.006840
BFGS:    7 00:01:44     -454.906281        1.329597
BFGS:    8 00:01:45     -454.898376        1.997536
BFGS:    9 00:01:46     -454.823120        3.143652
BFGS:   10 00:01:46     -454.889557        1.410131
BFGS:   11 00:01:47     -454.893860        0.519051
BFGS:   12 00:01:48     -454.892944        0.410237
BFGS:   13 00:01:49     -454.893036        0.386659
BFGS:   14 00:01:50     -454.894257        0.357226
BFGS:   15 00:01:51     -454.897675        0.323297
BFGS:   16 00:01:52     -454.903046        0.334378
BFGS:   17 00:01:53     -454.909973        0.409827
BFGS:   18 00:01:53     -454.917023        0.325589
BFGS:   19 00:01:54     -454.923279        0.223164
BFGS:   20 00:01:55     -454.929291        0.214969
BFGS:   21 00:01:56     -454.935242        0.232947
BFGS:   22 00:01:57     -454.939850        0.247664
BFGS:   23 00:01:58     -454.942627        0.181583
BFGS:   24 00:01:58     -454.943970        0.154618
BFGS:   25 00:01:59     -454.944763        0.146997
BFGS:   26 00:02:00     -454.944977        0.165248
BFGS:   27 00:02:01     -454.944519        0.164362
BFGS:   28 00:02:02     -454.944000        0.214384
BFGS:   29 00:02:03     -454.942688        0.199000
BFGS:   30 00:02:04     -454.943420        0.126604
BFGS:   31 00:02:05     -454.943573        0.156539
BFGS:   32 00:02:05     -454.943176        0.169248
BFGS:   33 00:02:06     -454.942261        0.150729
BFGS:   34 00:02:07     -454.940369        0.189463
BFGS:   35 00:02:08     -454.939575        0.210814
BFGS:   36 00:02:09     -454.940796        0.166155
BFGS:   37 00:02:10     -454.944214        0.201533
BFGS:   38 00:02:11     -454.947021        0.218175
BFGS:   39 00:02:12     -454.947571        0.120424
BFGS:   40 00:02:13     -454.947388        0.059189
BFGS:   41 00:02:13     -454.947296        0.057971
BFGS:   42 00:02:14     -454.947510        0.077367
BFGS:   43 00:02:15     -454.947968        0.085484
BFGS:   44 00:02:15     -454.948303        0.079245
BFGS:   45 00:02:16     -454.948273        0.065479
BFGS:   46 00:02:17     -454.948273        0.049296
      Step     Time          Energy          fmax
BFGS:    0 19:14:59     -453.306763        3.759919
BFGS:    1 19:15:00     -453.803467        3.463047
BFGS:    2 19:15:01     -454.275330        3.588112
BFGS:    3 19:15:02     -454.336945        2.459657
BFGS:    4 19:15:02     -454.367218        2.501027
BFGS:    5 19:15:03     -454.369873        2.272078
BFGS:    6 19:15:04     -454.370667        1.177631
BFGS:    7 19:15:05     -454.374176        0.987650
BFGS:    8 19:15:05     -454.375763        0.544208
BFGS:    9 19:15:06     -454.378906        0.533254
BFGS:   10 19:15:07     -454.387146        0.737553
BFGS:   11 19:15:07     -454.395538        0.664034
BFGS:   12 19:15:08     -454.411377        0.401011
BFGS:   13 19:15:09     -454.421143        0.356001
BFGS:   14 19:15:09     -454.427338        0.308861
BFGS:   15 19:15:10     -454.428345        0.299997
BFGS:   16 19:15:11     -454.429016        0.274368
BFGS:   17 19:15:12     -454.429779        0.244663
BFGS:   18 19:15:12     -454.430359        0.275294
BFGS:   19 19:15:13     -454.429474        0.231836
BFGS:   20 19:15:14     -454.426788        0.154766
BFGS:   21 19:15:14     -454.425262        0.155531
BFGS:   22 19:15:15     -454.423340        0.171835
BFGS:   23 19:15:16     -454.423553        0.124843
BFGS:   24 19:15:16     -454.424408        0.091874
BFGS:   25 19:15:17     -454.425018        0.102610
BFGS:   26 19:15:18     -454.425720        0.160737
BFGS:   27 19:15:18     -454.425842        0.147968
BFGS:   28 19:15:19     -454.425262        0.175442
BFGS:   29 19:15:20     -454.424561        0.235228
BFGS:   30 19:15:21     -454.424133        0.228907
BFGS:   31 19:15:21     -454.425232        0.183294
BFGS:   32 19:15:22     -454.427338        0.201878
BFGS:   33 19:15:23     -454.427307        0.159213
BFGS:   34 19:15:23     -454.425873        0.265644
BFGS:   35 19:15:24     -454.408600        1.049205
BFGS:   36 19:15:25     -454.304321        5.462187
BFGS:   37 19:15:26     -453.579254        5.017380
BFGS:   38 19:15:26     -453.003204        1.960455
BFGS:   39 19:15:27     -452.900726        8.203430
BFGS:   40 19:15:28     -453.376129        5.476717
BFGS:   41 19:15:29     -453.381927        4.236679
BFGS:   42 19:15:29     -453.676025        3.929714
BFGS:   43 19:15:30     -454.419495        4.992082
BFGS:   44 19:15:31     -454.402618        4.198326
BFGS:   45 19:15:32     -454.392181        1.504798
BFGS:   46 19:15:33     -454.416687        2.361542
BFGS:   47 19:15:34     -454.425262        0.973670
BFGS:   48 19:15:34     -454.432098        0.951266
BFGS:   49 19:15:35     -454.432037        0.864992
BFGS:   50 19:15:36     -454.427521        0.810775
BFGS:   51 19:15:37     -454.422302        0.632021
BFGS:   52 19:15:37     -454.423309        0.457843
BFGS:   53 19:15:38     -454.425812        0.394395
BFGS:   54 19:15:39     -454.426575        0.393105
BFGS:   55 19:15:39     -454.425781        0.603874
BFGS:   56 19:15:40     -454.423615        0.703003
BFGS:   57 19:15:41     -454.421936        0.628981
BFGS:   58 19:15:41     -454.423981        0.428748
BFGS:   59 19:15:42     -454.425873        0.341418
BFGS:   60 19:15:43     -454.425995        0.400519
BFGS:   61 19:15:44     -454.425964        0.353548
BFGS:   62 19:15:44     -454.426208        0.310978
BFGS:   63 19:15:45     -454.426575        0.477396
BFGS:   64 19:15:46     -454.426910        0.607824
BFGS:   65 19:15:46     -454.426605        0.639529
BFGS:   66 19:15:47     -454.424652        0.751771
BFGS:   67 19:15:48     -454.417206        0.940006
BFGS:   68 19:15:49     -454.414490        1.347446
BFGS:   69 19:15:50     -454.423615        0.996335
BFGS:   70 19:15:50     -454.428680        0.739939
BFGS:   71 19:15:51     -454.426208        0.427650
BFGS:   72 19:15:52     -454.426147        0.838872
BFGS:   73 19:15:52     -454.429932        0.834008
BFGS:   74 19:15:53     -454.428528        0.914116
BFGS:   75 19:15:54     -454.428009        0.569180
BFGS:   76 19:15:55     -454.428040        0.372290
BFGS:   77 19:15:55     -454.427704        0.257710
BFGS:   78 19:15:56     -454.424835        1.011573
BFGS:   79 19:15:57     -454.426514        0.544546
BFGS:   80 19:15:57     -454.428497        0.509417
BFGS:   81 19:15:58     -454.427551        0.854673
BFGS:   82 19:15:59     -454.427948        0.605228
BFGS:   83 19:16:00     -454.428528        0.982609
BFGS:   84 19:16:00     -454.421204        1.495696
BFGS:   85 19:16:01     -454.420410        1.681239
BFGS:   86 19:16:02     -454.432129        2.170683
BFGS:   87 19:16:03     -454.432251        1.640431
BFGS:   88 19:16:03     -454.422119        1.037770
BFGS:   89 19:16:04     -454.422058        2.523563
BFGS:   90 19:16:05     -454.436188        2.611021
BFGS:   91 19:16:05     -454.463989        2.881414
BFGS:   92 19:16:06     -454.433167        1.512878
BFGS:   93 19:16:07     -454.419800        1.036217
BFGS:   94 19:16:08     -454.419830        0.776096
BFGS:   95 19:16:09     -454.420624        0.551526
BFGS:   96 19:16:09     -454.421539        0.523632
BFGS:   97 19:16:10     -454.425171        0.557803
BFGS:   98 19:16:11     -454.428711        0.562315
BFGS:   99 19:16:11     -454.430664        0.225408
BFGS:  100 19:16:12     -454.429535        0.216073
BFGS:  101 19:16:13     -454.426880        0.183402
BFGS:  102 19:16:14     -454.427887        0.140426
BFGS:  103 19:16:14     -454.428101        0.122297
BFGS:  104 19:16:15     -454.428223        0.132923
BFGS:  105 19:16:16     -454.428253        0.130231
BFGS:  106 19:16:16     -454.428375        0.148502
BFGS:  107 19:16:17     -454.428497        0.180964
BFGS:  108 19:16:18     -454.428406        0.245130
BFGS:  109 19:16:18     -454.425659        1.157588
BFGS:  110 19:16:19     -454.417114        3.438797
BFGS:  111 19:16:20     -454.424133        0.916490
BFGS:  112 19:16:21     -454.425018        0.959950
BFGS:  113 19:16:21     -454.424011        0.777789
BFGS:  114 19:16:22     -454.423157        0.764913
BFGS:  115 19:16:23     -454.420837        0.941885
BFGS:  116 19:16:23     -454.412323        1.036740
BFGS:  117 19:16:24     -454.406677        1.124272
BFGS:  118 19:16:25     -454.402069        0.391766
BFGS:  119 19:16:26     -454.409180        0.425602
BFGS:  120 19:16:27     -454.422668        2.982687
BFGS:  121 19:16:27     -454.417664        2.999201
BFGS:  122 19:16:28     -454.409210        1.264879
BFGS:  123 19:16:29     -454.423309        0.643220
BFGS:  124 19:16:30     -454.427246        0.663278
BFGS:  125 19:16:31     -454.427429        0.523972
BFGS:  126 19:16:32     -454.427887        0.152772
BFGS:  127 19:16:33     -454.428070        0.115725
BFGS:  128 19:16:34     -454.428284        0.179573
BFGS:  129 19:16:34     -454.428009        0.184115
BFGS:  130 19:16:35     -454.423889        1.066636
BFGS:  131 19:16:36     -454.425415        1.343180
BFGS:  132 19:16:37     -454.425049        0.664377
BFGS:  133 19:16:37     -454.425171        0.277265
BFGS:  134 19:16:38     -454.425568        0.427121
BFGS:  135 19:16:39     -454.424255        0.805619
BFGS:  136 19:16:39     -454.424927        0.468978
BFGS:  137 19:16:40     -454.427216        0.253697
BFGS:  138 19:16:41     -454.428375        0.334151
BFGS:  139 19:16:41     -454.429474        0.312207
BFGS:  140 19:16:42     -454.429779        0.861799
BFGS:  141 19:16:43     -454.424744        1.614977
BFGS:  142 19:16:44     -454.424530        1.306815
BFGS:  143 19:16:45     -454.427094        1.621400
BFGS:  144 19:16:45     -454.427246        0.440629
BFGS:  145 19:16:46     -454.427856        0.253104
BFGS:  146 19:16:47     -454.426514        0.839078
BFGS:  147 19:16:47     -454.423187        1.062590
BFGS:  148 19:16:48     -454.416412        0.950705
BFGS:  149 19:16:49     -454.418884        0.710824
BFGS:  150 19:16:50     -454.425842        0.901239
BFGS:  151 19:16:50     -454.426392        0.692163
BFGS:  152 19:16:51     -454.428009        0.315199
BFGS:  153 19:16:52     -454.427307        0.185835
BFGS:  154 19:16:52     -454.427002        0.182185
BFGS:  155 19:16:53     -454.427399        0.245154
BFGS:  156 19:16:54     -454.428589        0.277593
BFGS:  157 19:16:54     -454.428345        0.174243
BFGS:  158 19:16:55     -454.425049        0.717523
BFGS:  159 19:16:56     -454.426239        0.401471
BFGS:  160 19:16:57     -454.427429        0.144974
BFGS:  161 19:16:57     -454.427460        0.150349
BFGS:  162 19:16:58     -454.427551        0.209091
BFGS:  163 19:16:59     -454.427673        0.550809
BFGS:  164 19:17:00     -454.428345        0.932072
BFGS:  165 19:17:01     -454.430328        1.122599
BFGS:  166 19:17:01     -454.431549        0.687728
BFGS:  167 19:17:02     -454.430573        0.858159
BFGS:  168 19:17:03     -454.428101        1.198342
BFGS:  169 19:17:03     -454.425873        1.519229
BFGS:  170 19:17:04     -454.425049        1.701296
BFGS:  171 19:17:05     -454.425934        1.177803
BFGS:  172 19:17:06     -454.423553        0.754452
BFGS:  173 19:17:06     -454.421692        1.427485
BFGS:  174 19:17:07     -454.427155        1.444132
BFGS:  175 19:17:08     -454.427032        0.382796
BFGS:  176 19:17:09     -454.428955        0.242549
BFGS:  177 19:17:09     -454.428772        0.157253
BFGS:  178 19:17:10     -454.428406        0.233621
BFGS:  179 19:17:11     -454.428406        0.207690
BFGS:  180 19:17:11     -454.428314        0.157533
BFGS:  181 19:17:12     -454.428162        0.348616
BFGS:  182 19:17:13     -454.427338        0.824380
BFGS:  183 19:17:14     -454.427765        0.720252
BFGS:  184 19:17:14     -454.424713        1.270104
BFGS:  185 19:17:15     -454.427399        0.607078
BFGS:  186 19:17:16     -454.428101        0.440028
BFGS:  187 19:17:17     -454.428467        0.275682
BFGS:  188 19:17:17     -454.428497        0.074925
BFGS:  189 19:17:18     -454.428497        0.076111
BFGS:  190 19:17:19     -454.428375        0.159592
BFGS:  191 19:17:19     -454.428314        0.179997
BFGS:  192 19:17:20     -454.428162        0.199988
BFGS:  193 19:17:21     -454.428009        0.204510
BFGS:  194 19:17:22     -454.427887        0.131805
BFGS:  195 19:17:22     -454.428009        0.163074
BFGS:  196 19:17:23     -454.428436        0.254236
BFGS:  197 19:17:24     -454.428619        0.179293
BFGS:  198 19:17:24     -454.428162        0.225491
BFGS:  199 19:17:25     -454.428162        0.136534
BFGS:  200 19:17:26     -454.428131        0.150425
BFGS:  201 19:17:26     -454.428253        0.057365
BFGS:  202 19:17:27     -454.428253        0.051715
BFGS:  203 19:17:28     -454.428314        0.066807
BFGS:  204 19:17:29     -454.428284        0.095661
BFGS:  205 19:17:30     -454.428101        0.307335
BFGS:  206 19:17:31     -454.426941        1.485133
BFGS:  207 19:17:32     -454.428131        0.246660
BFGS:  208 19:17:33     -454.428070        0.401841
BFGS:  209 19:17:33     -454.427979        0.478348
BFGS:  210 19:17:34     -454.427765        0.432396
BFGS:  211 19:17:35     -454.426575        1.509506
BFGS:  212 19:17:36     -454.422882        2.398226
BFGS:  213 19:17:36     -454.416534        3.310875
BFGS:  214 19:17:37     -454.384827        3.233194
BFGS:  215 19:17:38     -454.404266        1.534919
BFGS:  216 19:17:38     -454.411591        2.636455
BFGS:  217 19:17:39     -454.411652        1.888693
BFGS:  218 19:17:40     -454.412872        0.614628
BFGS:  219 19:17:40     -454.412415        0.599442
BFGS:  220 19:17:41     -454.415802        1.116332
BFGS:  221 19:17:42     -454.417908        0.809961
BFGS:  222 19:17:43     -454.422180        0.511361
BFGS:  223 19:17:44     -454.423035        0.496318
BFGS:  224 19:17:44     -454.423828        0.601588
BFGS:  225 19:17:45     -454.425446        0.617816
BFGS:  226 19:17:46     -454.424133        0.547362
BFGS:  227 19:17:47     -454.423798        0.477128
BFGS:  228 19:17:47     -454.424225        0.526392
BFGS:  229 19:17:48     -454.423981        0.473333
BFGS:  230 19:17:49     -454.423706        0.348277
BFGS:  231 19:17:49     -454.423615        0.526416
BFGS:  232 19:17:50     -454.424591        0.753801
BFGS:  233 19:17:51     -454.426361        0.600235
BFGS:  234 19:17:51     -454.427521        0.555230
BFGS:  235 19:17:52     -454.426880        0.533308
BFGS:  236 19:17:53     -454.426819        0.344316
BFGS:  237 19:17:54     -454.426788        0.332706
BFGS:  238 19:17:54     -454.427368        0.525637
BFGS:  239 19:17:55     -454.429230        0.421264
BFGS:  240 19:17:56     -454.428955        0.291448
BFGS:  241 19:17:56     -454.427948        0.182291
BFGS:  242 19:17:57     -454.428497        0.168800
BFGS:  243 19:17:58     -454.428650        0.144458
BFGS:  244 19:17:59     -454.428467        0.103144
BFGS:  245 19:17:59     -454.427795        0.120748
BFGS:  246 19:18:00     -454.427185        0.102181
BFGS:  247 19:18:01     -454.426819        0.170355
BFGS:  248 19:18:02     -454.426575        0.217053
BFGS:  249 19:18:02     -454.426086        0.239755
BFGS:  250 19:18:03     -454.426178        0.217806
BFGS:  251 19:18:04     -454.427246        0.225519
BFGS:  252 19:18:05     -454.428131        0.337175
BFGS:  253 19:18:05     -454.428314        0.126637
BFGS:  254 19:18:06     -454.425690        0.344546
BFGS:  255 19:18:07     -454.425964        0.255111
BFGS:  256 19:18:07     -454.427063        0.642556
BFGS:  257 19:18:08     -454.427917        0.160091
BFGS:  258 19:18:09     -454.426727        0.208110
BFGS:  259 19:18:10     -454.427155        0.120715
BFGS:  260 19:18:10     -454.427521        0.070961
BFGS:  261 19:18:11     -454.427307        0.065666
BFGS:  262 19:18:12     -454.421722        1.248083
BFGS:  263 19:18:12     -454.426636        0.228283
BFGS:  264 19:18:13     -454.426086        0.389530
BFGS:  265 19:18:14     -454.419312        1.619770
BFGS:  266 19:18:15     -454.425568        0.601075
BFGS:  267 19:18:15     -454.425110        0.752468
BFGS:  268 19:18:16     -454.418610        1.861677
BFGS:  269 19:18:17     -454.424652        0.922430
BFGS:  270 19:18:17     -454.424255        1.026760
BFGS:  271 19:18:18     -454.423615        1.149933
BFGS:  272 19:18:19     -454.423553        1.162276
BFGS:  273 19:18:20     -454.423279        1.174037
BFGS:  274 19:18:20     -454.423676        1.080461
BFGS:  275 19:18:21     -454.424988        0.870853
BFGS:  276 19:18:22     -454.425964        0.757479
BFGS:  277 19:18:23     -454.426758        0.685451
BFGS:  278 19:18:23     -454.426941        0.659693
BFGS:  279 19:18:24     -454.426758        0.704521
BFGS:  280 19:18:25     -454.426025        0.883717
BFGS:  281 19:18:25     -454.425354        0.984305
BFGS:  282 19:18:26     -454.424347        0.942800
BFGS:  283 19:18:27     -454.423309        0.775079
BFGS:  284 19:18:28     -454.423523        0.592040
BFGS:  285 19:18:28     -454.425476        0.378343
BFGS:  286 19:18:29     -454.428375        0.288248
BFGS:  287 19:18:31     -454.425964        0.405761
BFGS:  288 19:18:32     -454.426514        0.223209
BFGS:  289 19:18:32     -454.428040        0.378672
BFGS:  290 19:18:33     -454.425354        0.577116
BFGS:  291 19:18:34     -454.421936        0.749598
BFGS:  292 19:18:35     -454.426208        0.442520
BFGS:  293 19:18:35     -454.428406        0.343018
BFGS:  294 19:18:36     -454.425995        0.466895
BFGS:  295 19:18:37     -454.424896        0.205532
BFGS:  296 19:18:37     -454.428101        0.377398
BFGS:  297 19:18:38     -454.427277        0.607809
BFGS:  298 19:18:39     -454.421814        0.737847
BFGS:  299 19:18:40     -454.420013        0.699656
BFGS:  300 19:18:40     -454.426849        0.483650
BFGS:  301 19:18:41     -454.428894        0.514870
BFGS:  302 19:18:42     -454.426300        0.638530
BFGS:  303 19:18:42     -454.420746        0.370294
BFGS:  304 19:18:43     -454.426147        0.296605
BFGS:  305 19:18:44     -454.428070        0.418961
BFGS:  306 19:18:44     -454.425507        0.484627
BFGS:  307 19:18:45     -454.424042        0.474867
BFGS:  308 19:18:46     -454.426239        0.283832
BFGS:  309 19:18:47     -454.428192        0.315973
BFGS:  310 19:18:47     -454.424957        0.436063
BFGS:  311 19:18:48     -454.425659        0.177355
BFGS:  312 19:18:49     -454.428101        0.397377
BFGS:  313 19:18:49     -454.425934        0.586762
BFGS:  314 19:18:50     -454.420380        0.798775
BFGS:  315 19:18:51     -454.425049        0.485101
BFGS:  316 19:18:52     -454.428253        0.338220
BFGS:  317 19:18:52     -454.426575        0.419427
BFGS:  318 19:18:53     -454.423706        0.244143
BFGS:  319 19:18:54     -454.426727        0.204226
BFGS:  320 19:18:55     -454.428070        0.434393
BFGS:  321 19:18:55     -454.424500        0.584922
BFGS:  322 19:18:56     -454.422302        0.619370
BFGS:  323 19:18:57     -454.425995        0.384280
BFGS:  324 19:18:57     -454.428284        0.406581
BFGS:  325 19:18:58     -454.425446        0.595424
BFGS:  326 19:18:59     -454.419403        0.398161
BFGS:  327 19:18:59     -454.424805        0.212460
BFGS:  328 19:19:00     -454.428131        0.389495
BFGS:  329 19:19:01     -454.426300        0.491534
BFGS:  330 19:19:01     -454.424042        0.524883
BFGS:  331 19:19:02     -454.426208        0.342760
BFGS:  332 19:19:03     -454.427979        0.323102
BFGS:  333 19:19:04     -454.424500        0.430950
BFGS:  334 19:19:04     -454.425201        0.183436
BFGS:  335 19:19:05     -454.428040        0.448838
BFGS:  336 19:19:06     -454.426392        0.577489
BFGS:  337 19:19:07     -454.422119        0.757655
BFGS:  338 19:19:07     -454.426636        0.378041
BFGS:  339 19:19:08     -454.427979        0.282163
BFGS:  340 19:19:09     -454.425110        0.374615
BFGS:  341 19:19:10     -454.425568        0.150873
BFGS:  342 19:19:10     -454.428070        0.506039
BFGS:  343 19:19:11     -454.425476        0.678919
BFGS:  344 19:19:12     -454.420624        0.782079
BFGS:  345 19:19:12     -454.426392        0.485110
BFGS:  346 19:19:13     -454.428192        0.401375
BFGS:  347 19:19:14     -454.425385        0.617867
BFGS:  348 19:19:15     -454.419891        0.463521
BFGS:  349 19:19:15     -454.424683        0.161670
BFGS:  350 19:19:16     -454.428101        0.421373
BFGS:  351 19:19:17     -454.426666        0.458659
BFGS:  352 19:19:17     -454.424622        0.460376
BFGS:  353 19:19:18     -454.426788        0.309734
BFGS:  354 19:19:19     -454.428009        0.245288
BFGS:  355 19:19:20     -454.424377        0.425267
BFGS:  356 19:19:21     -454.425842        0.192003
BFGS:  357 19:19:21     -454.428101        0.292479
BFGS:  358 19:19:22     -454.426666        0.423361
BFGS:  359 19:19:23     -454.426208        0.321159
BFGS:  360 19:19:23     -454.428131        0.213373
BFGS:  361 19:19:24     -454.426208        0.687289
BFGS:  362 19:19:25     -454.420013        0.832122
BFGS:  363 19:19:26     -454.420746        0.367187
BFGS:  364 19:19:26     -454.427429        0.559654
BFGS:  365 19:19:27     -454.426941        0.802210
BFGS:  366 19:19:28     -454.422333        0.888318
BFGS:  367 19:19:28     -454.417206        1.083292
BFGS:  368 19:19:30     -454.424805        0.651881
BFGS:  369 19:19:30     -454.428223        0.294525
BFGS:  370 19:19:32     -454.427185        0.424811
BFGS:  371 19:19:32     -454.423096        0.315861
BFGS:  372 19:19:33     -454.425781        0.154080
BFGS:  373 19:19:34     -454.428131        0.339720
BFGS:  374 19:19:35     -454.426666        0.299133
BFGS:  375 19:19:36     -454.427612        0.144830
BFGS:  376 19:19:36     -454.427429        0.329129
BFGS:  377 19:19:37     -454.423737        0.508731
BFGS:  378 19:19:38     -454.425262        0.269224
BFGS:  379 19:19:39     -454.428101        0.305971
BFGS:  380 19:19:39     -454.426819        0.462733
BFGS:  381 19:19:40     -454.424988        0.409033
BFGS:  382 19:19:41     -454.427063        0.240667
BFGS:  383 19:19:41     -454.427551        0.631545
BFGS:  384 19:19:42     -454.422150        1.044373
BFGS:  385 19:19:43     -454.415985        0.941218
BFGS:  386 19:19:44     -454.421722        0.401775
BFGS:  387 19:19:44     -454.426483        0.906665
BFGS:  388 19:19:45     -454.425446        1.080418
BFGS:  389 19:19:46     -454.420197        1.094729
BFGS:  390 19:19:47     -454.413330        0.994240
BFGS:  391 19:19:47     -454.420532        0.692531
BFGS:  392 19:19:48     -454.427277        0.334395
BFGS:  393 19:19:49     -454.427643        0.698715
BFGS:  394 19:19:49     -454.423401        0.924330
BFGS:  395 19:19:50     -454.415161        0.846389
BFGS:  396 19:19:51     -454.419098        0.371518
BFGS:  397 19:19:51     -454.426483        0.364599
BFGS:  398 19:19:52     -454.427734        0.553190
BFGS:  399 19:19:53     -454.424316        0.446936
BFGS:  400 19:19:54     -454.426392        0.227573
BFGS:  401 19:19:54     -454.428284        0.334007
BFGS:  402 19:19:55     -454.424133        0.610863
BFGS:  403 19:19:56     -454.423645        0.407049
BFGS:  404 19:19:56     -454.426300        1.089526
BFGS:  405 19:19:57     -454.425903        1.045145
BFGS:  406 19:19:58     -454.425049        0.291018
BFGS:  407 19:19:59     -454.428070        0.423995
BFGS:  408 19:19:59     -454.427124        0.734857
BFGS:  409 19:20:00     -454.421539        0.644463
BFGS:  410 19:20:01     -454.424286        0.316471
BFGS:  411 19:20:02     -454.427368        0.663549
BFGS:  412 19:20:02     -454.425140        0.959665
BFGS:  413 19:20:03     -454.418152        1.027024
BFGS:  414 19:20:04     -454.421570        0.699800
BFGS:  415 19:20:05     -454.428009        0.213546
BFGS:  416 19:20:05     -454.426819        0.625029
BFGS:  417 19:20:06     -454.420471        0.808213
BFGS:  418 19:20:07     -454.423767        0.380752
BFGS:  419 19:20:07     -454.428009        0.288391
BFGS:  420 19:20:08     -454.426331        0.528859
BFGS:  421 19:20:09     -454.426971        0.321667
BFGS:  422 19:20:10     -454.427582        0.770897
BFGS:  423 19:20:10     -454.421509        1.503174
BFGS:  424 19:20:11     -454.411285        1.665636
BFGS:  425 19:20:12     -454.415070        1.005990
BFGS:  426 19:20:13     -454.423950        0.906391
BFGS:  427 19:20:13     -454.425079        1.452763
BFGS:  428 19:20:14     -454.420532        1.665137
BFGS:  429 19:20:15     -454.411926        1.678788
BFGS:  430 19:20:16     -454.404663        1.263988
BFGS:  431 19:20:16     -454.416687        1.035732
BFGS:  432 19:20:17     -454.426941        0.733723
BFGS:  433 19:20:18     -454.428528        1.462884
BFGS:  434 19:20:18     -454.424408        2.077204
BFGS:  435 19:20:19     -454.415222        2.572620
BFGS:  436 19:20:20     -454.400879        2.842712
BFGS:  437 19:20:20     -454.382751        2.515750
BFGS:  438 19:20:21     -454.377869        2.071015
BFGS:  439 19:20:22     -454.396515        1.428848
BFGS:  440 19:20:23     -454.411713        1.793081
BFGS:  441 19:20:23     -454.417694        1.717419
BFGS:  442 19:20:24     -454.419739        1.324966
BFGS:  443 19:20:25     -454.422607        0.552116
BFGS:  444 19:20:26     -454.428253        0.474642
BFGS:  445 19:20:26     -454.431122        0.885061
BFGS:  446 19:20:27     -454.425385        1.239381
BFGS:  447 19:20:28     -454.414429        1.221589
BFGS:  448 19:20:29     -454.410614        0.778494
BFGS:  449 19:20:29     -454.419220        0.890979
BFGS:  450 19:20:31     -454.421600        1.194841
BFGS:  451 19:20:32     -454.419403        1.040677
BFGS:  452 19:20:33     -454.419586        0.813702
BFGS:  453 19:20:33     -454.427460        0.527940
BFGS:  454 19:20:34     -454.429535        0.567796
BFGS:  455 19:20:35     -454.425507        0.434263
BFGS:  456 19:20:36     -454.426056        0.370518
BFGS:  457 19:20:36     -454.427155        0.270373
BFGS:  458 19:20:37     -454.427612        0.284493
BFGS:  459 19:20:38     -454.426941        0.290878
BFGS:  460 19:20:38     -454.427551        0.214734
BFGS:  461 19:20:39     -454.427521        0.193988
BFGS:  462 19:20:40     -454.427551        0.119251
BFGS:  463 19:20:41     -454.427612        0.098591
BFGS:  464 19:20:42     -454.427887        0.168482
BFGS:  465 19:20:42     -454.427979        0.195871
BFGS:  466 19:20:43     -454.427612        0.200230
BFGS:  467 19:20:44     -454.427887        0.106035
BFGS:  468 19:20:44     -454.428070        0.046882
      Step     Time          Energy          fmax
BFGS:    0 08:38:27     -453.807739        2.956241
BFGS:    1 08:38:28     -453.898560        2.748408
BFGS:    2 08:38:29     -454.082642        2.358636
BFGS:    3 08:38:30     -454.103912        1.791397
BFGS:    4 08:38:30     -454.180908        1.688432
BFGS:    5 08:38:31     -454.185699        1.048276
BFGS:    6 08:38:32     -454.198639        0.984092
BFGS:    7 08:38:32     -454.203156        1.265132
BFGS:    8 08:38:33     -454.204834        2.113138
BFGS:    9 08:38:34     -454.197876        2.036634
BFGS:   10 08:38:34     -454.212677        0.510794
BFGS:   11 08:38:35     -454.210358        0.587415
BFGS:   12 08:38:36     -454.209259        0.365635
BFGS:   13 08:38:37     -454.202057        0.359189
BFGS:   14 08:38:37     -454.191650        0.466805
BFGS:   15 08:38:38     -454.177246        0.605360
BFGS:   16 08:38:39     -454.176086        0.458995
BFGS:   17 08:38:39     -454.177673        0.160371
BFGS:   18 08:38:40     -454.178833        0.163753
BFGS:   19 08:38:41     -454.180878        0.158438
BFGS:   20 08:38:42     -454.184509        0.111136
BFGS:   21 08:38:42     -454.187347        0.111051
BFGS:   22 08:38:43     -454.189636        0.106284
BFGS:   23 08:38:44     -454.191101        0.122978
BFGS:   24 08:38:44     -454.192474        0.086577
BFGS:   25 08:38:45     -454.193970        0.074919
BFGS:   26 08:38:46     -454.195496        0.078540
BFGS:   27 08:38:47     -454.197052        0.084919
BFGS:   28 08:38:47     -454.198456        0.076267
BFGS:   29 08:38:48     -454.199554        0.064443
BFGS:   30 08:38:49     -454.200287        0.066182
BFGS:   31 08:38:49     -454.200897        0.059384
BFGS:   32 08:38:50     -454.201447        0.061114
BFGS:   33 08:38:51     -454.201935        0.046370
      Step     Time          Energy          fmax
BFGS:    0 09:54:00     -453.807739        2.956241
BFGS:    1 09:54:01     -453.898560        2.748408
BFGS:    2 09:54:02     -454.082642        2.358636
BFGS:    3 09:54:02     -454.103912        1.791397
BFGS:    4 09:54:03     -454.180908        1.688432
BFGS:    5 09:54:04     -454.185699        1.048276
BFGS:    6 09:54:04     -454.198639        0.984092
BFGS:    7 09:54:05     -454.203156        1.265132
BFGS:    8 09:54:06     -454.204834        2.113138
BFGS:    9 09:54:07     -454.197876        2.036634
BFGS:   10 09:54:07     -454.212677        0.510794
BFGS:   11 09:54:08     -454.210358        0.587415
BFGS:   12 09:54:09     -454.209259        0.365635
BFGS:   13 09:54:10     -454.202057        0.359189
BFGS:   14 09:54:11     -454.191650        0.466805
BFGS:   15 09:54:11     -454.177246        0.605360
BFGS:   16 09:54:12     -454.176086        0.458995
BFGS:   17 09:54:13     -454.177673        0.160371
BFGS:   18 09:54:14     -454.178833        0.163753
BFGS:   19 09:54:14     -454.180878        0.158438
BFGS:   20 09:54:15     -454.184509        0.111136
BFGS:   21 09:54:16     -454.187347        0.111051
BFGS:   22 09:54:17     -454.189636        0.106284
BFGS:   23 09:54:17     -454.191101        0.122978
BFGS:   24 09:54:18     -454.192474        0.086577
BFGS:   25 09:54:19     -454.193970        0.074919
BFGS:   26 09:54:19     -454.195496        0.078540
BFGS:   27 09:54:20     -454.197052        0.084919
BFGS:   28 09:54:21     -454.198456        0.076267
BFGS:   29 09:54:21     -454.199554        0.064443
BFGS:   30 09:54:22     -454.200287        0.066182
BFGS:   31 09:54:23     -454.200897        0.059384
BFGS:   32 09:54:23     -454.201447        0.061114
BFGS:   33 09:54:24     -454.201935        0.046370
      Step     Time          Energy          fmax
BFGS:    0 11:09:41     -453.807739        2.956241
BFGS:    1 11:09:42     -453.898560        2.748408
BFGS:    2 11:09:42     -454.082642        2.358636
BFGS:    3 11:09:43     -454.103912        1.791397
BFGS:    4 11:09:44     -454.180908        1.688432
BFGS:    5 11:09:44     -454.185699        1.048276
BFGS:    6 11:09:45     -454.198639        0.984092
BFGS:    7 11:09:46     -454.203156        1.265132
BFGS:    8 11:09:46     -454.204834        2.113138
BFGS:    9 11:09:47     -454.197876        2.036634
BFGS:   10 11:09:48     -454.212677        0.510794
BFGS:   11 11:09:48     -454.210358        0.587415
BFGS:   12 11:09:49     -454.209259        0.365635
BFGS:   13 11:09:50     -454.202057        0.359189
BFGS:   14 11:09:51     -454.191650        0.466805
BFGS:   15 11:09:51     -454.177246        0.605360
BFGS:   16 11:09:52     -454.176086        0.458995
BFGS:   17 11:09:53     -454.177673        0.160371
BFGS:   18 11:09:53     -454.178833        0.163753
BFGS:   19 11:09:54     -454.180878        0.158438
BFGS:   20 11:09:55     -454.184509        0.111136
BFGS:   21 11:09:55     -454.187347        0.111051
BFGS:   22 11:09:56     -454.189636        0.106284
BFGS:   23 11:09:57     -454.191101        0.122978
BFGS:   24 11:09:58     -454.192474        0.086577
BFGS:   25 11:09:58     -454.193970        0.074919
BFGS:   26 11:09:59     -454.195496        0.078540
BFGS:   27 11:10:00     -454.197052        0.084919
BFGS:   28 11:10:00     -454.198456        0.076267
BFGS:   29 11:10:01     -454.199554        0.064443
BFGS:   30 11:10:02     -454.200287        0.066182
BFGS:   31 11:10:02     -454.200897        0.059384
BFGS:   32 11:10:03     -454.201447        0.061114
BFGS:   33 11:10:04     -454.201935        0.046370
      Step     Time          Energy          fmax
BFGS:    0 12:24:50     -453.807739        2.956241
BFGS:    1 12:24:51     -453.898560        2.748408
BFGS:    2 12:24:52     -454.082642        2.358636
BFGS:    3 12:24:52     -454.103912        1.791397
BFGS:    4 12:24:53     -454.180908        1.688432
BFGS:    5 12:24:54     -454.185699        1.048276
BFGS:    6 12:24:55     -454.198639        0.984092
BFGS:    7 12:24:55     -454.203156        1.265132
BFGS:    8 12:24:56     -454.204834        2.113138
BFGS:    9 12:24:57     -454.197876        2.036634
BFGS:   10 12:24:58     -454.212677        0.510794
BFGS:   11 12:24:58     -454.210358        0.587415
BFGS:   12 12:24:59     -454.209259        0.365635
BFGS:   13 12:25:00     -454.202057        0.359189
BFGS:   14 12:25:01     -454.191650        0.466805
BFGS:   15 12:25:02     -454.177246        0.605360
BFGS:   16 12:25:03     -454.176086        0.458995
BFGS:   17 12:25:04     -454.177673        0.160371
BFGS:   18 12:25:04     -454.178833        0.163753
BFGS:   19 12:25:05     -454.180878        0.158438
BFGS:   20 12:25:06     -454.184509        0.111136
BFGS:   21 12:25:07     -454.187347        0.111051
BFGS:   22 12:25:08     -454.189636        0.106284
BFGS:   23 12:25:09     -454.191101        0.122978
BFGS:   24 12:25:09     -454.192474        0.086577
BFGS:   25 12:25:10     -454.193970        0.074919
BFGS:   26 12:25:11     -454.195496        0.078540
BFGS:   27 12:25:11     -454.197052        0.084919
BFGS:   28 12:25:12     -454.198456        0.076267
BFGS:   29 12:25:13     -454.199554        0.064443
BFGS:   30 12:25:14     -454.200287        0.066182
BFGS:   31 12:25:14     -454.200897        0.059384
BFGS:   32 12:25:15     -454.201447        0.061114
BFGS:   33 12:25:16     -454.201935        0.046370
      Step     Time          Energy          fmax
BFGS:    0 13:40:47     -453.807739        2.956241
BFGS:    1 13:40:47     -453.898560        2.748408
BFGS:    2 13:40:48     -454.082642        2.358636
BFGS:    3 13:40:49     -454.103912        1.791397
BFGS:    4 13:40:50     -454.180908        1.688432
BFGS:    5 13:40:50     -454.185699        1.048276
BFGS:    6 13:40:51     -454.198639        0.984092
BFGS:    7 13:40:52     -454.203156        1.265132
BFGS:    8 13:40:52     -454.204834        2.113138
BFGS:    9 13:40:53     -454.197876        2.036634
BFGS:   10 13:40:54     -454.212677        0.510794
BFGS:   11 13:40:54     -454.210358        0.587415
BFGS:   12 13:40:55     -454.209259        0.365635
BFGS:   13 13:40:56     -454.202057        0.359189
BFGS:   14 13:40:57     -454.191650        0.466805
BFGS:   15 13:40:57     -454.177246        0.605360
BFGS:   16 13:40:58     -454.176086        0.458995
BFGS:   17 13:40:59     -454.177673        0.160371
BFGS:   18 13:40:59     -454.178833        0.163753
BFGS:   19 13:41:00     -454.180878        0.158438
BFGS:   20 13:41:01     -454.184509        0.111136
BFGS:   21 13:41:01     -454.187347        0.111051
BFGS:   22 13:41:02     -454.189636        0.106284
BFGS:   23 13:41:03     -454.191101        0.122978
BFGS:   24 13:41:04     -454.192474        0.086577
BFGS:   25 13:41:04     -454.193970        0.074919
BFGS:   26 13:41:05     -454.195496        0.078540
BFGS:   27 13:41:06     -454.197052        0.084919
BFGS:   28 13:41:06     -454.198456        0.076267
BFGS:   29 13:41:07     -454.199554        0.064443
BFGS:   30 13:41:08     -454.200287        0.066182
BFGS:   31 13:41:09     -454.200897        0.059384
BFGS:   32 13:41:09     -454.201447        0.061114
BFGS:   33 13:41:10     -454.201935        0.046370
      Step     Time          Energy          fmax
BFGS:    0 16:28:32     -453.807739        2.956241
BFGS:    1 16:28:33     -453.898560        2.748408
BFGS:    2 16:28:34     -454.082642        2.358636
BFGS:    3 16:28:34     -454.103912        1.791397
BFGS:    4 16:28:35     -454.180908        1.688432
BFGS:    5 16:28:36     -454.185699        1.048276
BFGS:    6 16:28:36     -454.198639        0.984092
BFGS:    7 16:28:37     -454.203156        1.265132
BFGS:    8 16:28:38     -454.204834        2.113138
BFGS:    9 16:28:39     -454.197876        2.036634
BFGS:   10 16:28:39     -454.212677        0.510794
BFGS:   11 16:28:40     -454.210358        0.587415
BFGS:   12 16:28:41     -454.209259        0.365635
BFGS:   13 16:28:41     -454.202057        0.359189
BFGS:   14 16:28:42     -454.191650        0.466805
BFGS:   15 16:28:43     -454.177246        0.605360
BFGS:   16 16:28:43     -454.176086        0.458995
BFGS:   17 16:28:44     -454.177673        0.160371
BFGS:   18 16:28:45     -454.178833        0.163753
BFGS:   19 16:28:45     -454.180878        0.158438
BFGS:   20 16:28:46     -454.184509        0.111136
BFGS:   21 16:28:47     -454.187347        0.111051
BFGS:   22 16:28:47     -454.189636        0.106284
BFGS:   23 16:28:48     -454.191101        0.122978
BFGS:   24 16:28:49     -454.192474        0.086577
BFGS:   25 16:28:50     -454.193970        0.074919
BFGS:   26 16:28:51     -454.195496        0.078540
BFGS:   27 16:28:51     -454.197052        0.084919
BFGS:   28 16:28:52     -454.198456        0.076267
BFGS:   29 16:28:53     -454.199554        0.064443
BFGS:   30 16:28:53     -454.200287        0.066182
BFGS:   31 16:28:54     -454.200897        0.059384
BFGS:   32 16:28:55     -454.201447        0.061114
BFGS:   33 16:28:56     -454.201935        0.046370
      Step     Time          Energy          fmax
BFGS:    0 17:43:11     -453.807739        2.956241
BFGS:    1 17:43:12     -453.898560        2.748408
BFGS:    2 17:43:13     -454.082642        2.358636
BFGS:    3 17:43:14     -454.103912        1.791397
BFGS:    4 17:43:14     -454.180908        1.688432
BFGS:    5 17:43:15     -454.185699        1.048276
BFGS:    6 17:43:16     -454.198639        0.984092
BFGS:    7 17:43:16     -454.203156        1.265132
BFGS:    8 17:43:17     -454.204834        2.113138
BFGS:    9 17:43:18     -454.197876        2.036634
BFGS:   10 17:43:19     -454.212677        0.510794
BFGS:   11 17:43:19     -454.210358        0.587415
BFGS:   12 17:43:20     -454.209259        0.365635
BFGS:   13 17:43:21     -454.202057        0.359189
BFGS:   14 17:43:21     -454.191650        0.466805
BFGS:   15 17:43:22     -454.177246        0.605360
BFGS:   16 17:43:23     -454.176086        0.458995
BFGS:   17 17:43:24     -454.177673        0.160371
BFGS:   18 17:43:24     -454.178833        0.163753
BFGS:   19 17:43:25     -454.180878        0.158438
BFGS:   20 17:43:26     -454.184509        0.111136
BFGS:   21 17:43:26     -454.187347        0.111051
BFGS:   22 17:43:27     -454.189636        0.106284
BFGS:   23 17:43:28     -454.191101        0.122978
BFGS:   24 17:43:28     -454.192474        0.086577
BFGS:   25 17:43:29     -454.193970        0.074919
BFGS:   26 17:43:30     -454.195496        0.078540
BFGS:   27 17:43:31     -454.197052        0.084919
BFGS:   28 17:43:32     -454.198456        0.076267
BFGS:   29 17:43:33     -454.199554        0.064443
BFGS:   30 17:43:34     -454.200287        0.066182
BFGS:   31 17:43:35     -454.200897        0.059384
BFGS:   32 17:43:35     -454.201447        0.061114
BFGS:   33 17:43:36     -454.201935        0.046370
      Step     Time          Energy          fmax
BFGS:    0 19:22:27     -453.807739        2.956241
BFGS:    1 19:22:28     -453.898560        2.748408
BFGS:    2 19:22:29     -454.082642        2.358636
BFGS:    3 19:22:30     -454.103912        1.791397
BFGS:    4 19:22:30     -454.180908        1.688432
BFGS:    5 19:22:31     -454.185699        1.048276
BFGS:    6 19:22:32     -454.198639        0.984092
BFGS:    7 19:22:35     -454.203156        1.265132
BFGS:    8 19:22:37     -454.204834        2.113138
BFGS:    9 19:22:38     -454.197876        2.036634
BFGS:   10 19:22:39     -454.212677        0.510794
BFGS:   11 19:22:41     -454.210358        0.587415
BFGS:   12 19:22:42     -454.209259        0.365635
BFGS:   13 19:22:44     -454.202057        0.359189
BFGS:   14 19:22:45     -454.191650        0.466805
BFGS:   15 19:22:46     -454.177246        0.605360
BFGS:   16 19:22:47     -454.176086        0.458995
BFGS:   17 19:22:47     -454.177673        0.160371
BFGS:   18 19:22:48     -454.178833        0.163753
BFGS:   19 19:22:49     -454.180878        0.158438
BFGS:   20 19:22:49     -454.184509        0.111136
BFGS:   21 19:22:50     -454.187347        0.111051
BFGS:   22 19:22:51     -454.189636        0.106284
BFGS:   23 19:22:51     -454.191101        0.122978
BFGS:   24 19:22:52     -454.192474        0.086577
BFGS:   25 19:22:53     -454.193970        0.074919
BFGS:   26 19:22:54     -454.195496        0.078540
BFGS:   27 19:22:54     -454.197052        0.084919
BFGS:   28 19:22:55     -454.198456        0.076267
BFGS:   29 19:22:56     -454.199554        0.064443
BFGS:   30 19:22:56     -454.200287        0.066182
BFGS:   31 19:22:57     -454.200897        0.059384
BFGS:   32 19:22:58     -454.201447        0.061114
BFGS:   33 19:22:58     -454.201935        0.046370
      Step     Time          Energy          fmax
BFGS:    0 01:03:27     -453.408142        3.461333
BFGS:    1 01:03:33     -453.547424        2.931789
BFGS:    2 01:03:35     -453.928467        6.023006
BFGS:    3 01:03:37     -453.976257        2.355402
BFGS:    4 01:03:43     -454.050629        1.401057
BFGS:    5 01:03:47     -454.083527        1.255236
BFGS:    6 01:03:51     -454.124908        1.517919
BFGS:    7 01:04:00     -454.085571        2.159312
BFGS:    8 01:04:03     -454.151703        0.976763
BFGS:    9 01:04:07     -454.163910        0.573897
BFGS:   10 01:04:13     -454.165222        0.429276
BFGS:   11 01:04:16     -454.165894        0.298770
BFGS:   12 01:04:21     -454.167114        0.282994
BFGS:   13 01:04:28     -454.167084        0.297390
BFGS:   14 01:04:30     -454.166107        0.388921
BFGS:   15 01:04:35     -454.166779        0.436742
BFGS:   16 01:04:37     -454.172668        0.431796
BFGS:   17 01:04:46     -454.178925        0.394768
BFGS:   18 01:04:51     -454.181152        0.460385
BFGS:   19 01:04:53     -454.183777        0.316564
BFGS:   20 01:05:03     -454.187988        0.206037
BFGS:   21 01:05:13     -454.190918        0.223042
BFGS:   22 01:05:16     -454.194366        0.289202
BFGS:   23 01:05:19     -454.197784        0.236920
BFGS:   24 01:05:21     -454.197723        0.163306
BFGS:   25 01:05:28     -454.198761        0.187395
BFGS:   26 01:05:29     -454.198212        0.194015
BFGS:   27 01:05:38     -454.197327        0.175341
BFGS:   28 01:05:41     -454.196442        0.173033
BFGS:   29 01:05:48     -454.195312        0.167463
BFGS:   30 01:05:53     -454.194702        0.148788
BFGS:   31 01:05:58     -454.194672        0.157783
BFGS:   32 01:06:00     -454.194824        0.145664
BFGS:   33 01:06:08     -454.194672        0.208053
BFGS:   34 01:06:14     -454.194305        0.199478
BFGS:   35 01:06:15     -454.194061        0.118144
BFGS:   36 01:06:21     -454.194000        0.091356
BFGS:   37 01:06:24     -454.194031        0.085451
BFGS:   38 01:06:31     -454.194092        0.078962
BFGS:   39 01:06:36     -454.194244        0.077465
BFGS:   40 01:06:39     -454.194458        0.086473
BFGS:   41 01:06:41     -454.194702        0.082617
BFGS:   42 01:06:43     -454.194885        0.089787
BFGS:   43 01:06:49     -454.195038        0.093192
BFGS:   44 01:06:56     -454.195160        0.090013
BFGS:   45 01:07:01     -454.195221        0.068869
BFGS:   46 01:07:13     -454.195160        0.079807
BFGS:   47 01:07:17     -454.194855        0.073821
BFGS:   48 01:07:26     -454.194946        0.065520
BFGS:   49 01:07:29     -454.194794        0.068836
BFGS:   50 01:07:35     -454.195099        0.056216
BFGS:   51 01:07:39     -454.195221        0.086781
BFGS:   52 01:07:46     -454.195160        0.078364
BFGS:   53 01:07:48     -454.194885        0.158865
BFGS:   54 01:07:50     -454.190491        1.007091
BFGS:   55 01:07:54     -454.193756        0.132393
BFGS:   56 01:07:57     -454.194946        0.218555
BFGS:   57 01:07:58     -454.194183        0.199512
BFGS:   58 01:08:00     -454.192444        0.372640
BFGS:   59 01:08:08     -454.193085        0.199279
BFGS:   60 01:08:10     -454.193604        0.250055
BFGS:   61 01:08:18     -454.192566        0.548655
BFGS:   62 01:08:20     -454.192505        0.481943
BFGS:   63 01:08:29     -454.190582        2.188643
BFGS:   64 01:08:34     -454.190033        1.052860
BFGS:   65 01:08:44     -454.192535        1.706212
BFGS:   66 01:08:46     -454.196564        1.593975
BFGS:   67 01:08:50     -454.193420        1.129374
BFGS:   68 01:08:57     -454.192291        0.887771
BFGS:   69 01:09:06     -454.193481        0.590669
BFGS:   70 01:09:09     -454.194641        0.296125
BFGS:   71 01:09:13     -454.194122        0.118981
BFGS:   72 01:09:17     -454.193848        0.145004
BFGS:   73 01:09:26     -454.193848        0.169911
BFGS:   74 01:09:29     -454.194489        0.169433
BFGS:   75 01:09:31     -454.194916        0.276036
BFGS:   76 01:09:41     -454.193695        0.511385
BFGS:   77 01:09:44     -454.192230        0.475817
BFGS:   78 01:09:53     -454.192322        0.580687
BFGS:   79 01:09:55     -454.194763        0.559782
BFGS:   80 01:09:58     -454.184937        1.037654
BFGS:   81 01:10:03     -454.195190        0.135206
BFGS:   82 01:10:06     -454.195282        0.237963
BFGS:   83 01:10:13     -454.195190        0.326830
BFGS:   84 01:10:16     -454.191467        1.296798
BFGS:   85 01:10:19     -454.195038        0.131572
BFGS:   86 01:10:21     -454.195190        0.109355
BFGS:   87 01:10:24     -454.195160        0.121438
BFGS:   88 01:10:31     -454.193665        0.165682
BFGS:   89 01:10:33     -454.194550        0.130077
BFGS:   90 01:10:38     -454.195007        0.164328
BFGS:   91 01:10:41     -454.194794        0.297792
BFGS:   92 01:10:44     -454.193939        0.467460
BFGS:   93 01:10:45     -454.192291        0.386148
BFGS:   94 01:10:50     -454.190643        0.363254
BFGS:   95 01:10:53     -454.186493        0.394569
BFGS:   96 01:10:58     -454.179321        0.514912
BFGS:   97 01:11:01     -454.186157        1.550887
BFGS:   98 01:11:04     -454.189972        0.500477
BFGS:   99 01:11:08     -454.189697        0.242283
BFGS:  100 01:11:13     -454.190369        0.364726
BFGS:  101 01:11:22     -454.191345        0.517488
BFGS:  102 01:11:29     -454.189697        0.502240
BFGS:  103 01:11:33     -454.183685        0.489240
BFGS:  104 01:11:42     -454.188477        0.477116
BFGS:  105 01:11:50     -454.194031        0.359468
BFGS:  106 01:11:56     -454.192871        0.334698
BFGS:  107 01:12:03     -454.193939        0.212113
BFGS:  108 01:12:05     -454.193726        0.229083
BFGS:  109 01:12:10     -454.194214        0.155585
BFGS:  110 01:12:14     -454.194977        0.288946
BFGS:  111 01:12:22     -454.194550        0.132014
BFGS:  112 01:12:34     -454.191559        0.620285
BFGS:  113 01:12:37     -454.184723        0.633262
BFGS:  114 01:12:39     -454.175079        0.633429
BFGS:  115 01:12:41     -454.165009        0.813604
BFGS:  116 01:12:43     -454.162445        0.973348
BFGS:  117 01:12:45     -454.166931        0.573551
BFGS:  118 01:12:55     -454.174805        0.484599
BFGS:  119 01:13:00     -454.185944        0.832701
BFGS:  120 01:13:03     -454.187622        0.636086
BFGS:  121 01:13:14     -454.187775        0.627206
BFGS:  122 01:13:24     -454.188263        0.520607
BFGS:  123 01:13:29     -454.191010        0.772832
BFGS:  124 01:13:30     -454.193726        0.889320
BFGS:  125 01:13:38     -454.193848        1.475496
BFGS:  126 01:13:40     -454.192078        1.902925
BFGS:  127 01:13:42     -454.187622        2.558463
BFGS:  128 01:13:50     -453.982910        3.674443
BFGS:  129 01:13:53     -453.786438        4.067555
BFGS:  130 01:13:59     -453.348541        4.497650
BFGS:  131 01:14:10     -452.905426        4.686453
BFGS:  132 01:14:15     -452.526489        4.486385
BFGS:  133 01:14:16     -451.993164        4.052445
BFGS:  134 01:14:24     -452.040283        2.485734
BFGS:  135 01:14:28     -452.030640        2.561727
BFGS:  136 01:14:29     -452.162994        2.561994
BFGS:  137 01:14:30     -452.523132        2.330163
BFGS:  138 01:14:33     -452.853271        3.335989
BFGS:  139 01:14:41     -453.096954        3.441495
BFGS:  140 01:14:43     -453.248138        2.617335
BFGS:  141 01:14:45     -453.662933        2.961147
BFGS:  142 01:14:53     -453.869476        2.116096
BFGS:  143 01:14:59     -454.064331        1.625052
BFGS:  144 01:15:03     -454.073761        1.164881
BFGS:  145 01:15:09     -454.086884        1.037925
BFGS:  146 01:15:12     -454.095825        0.859799
BFGS:  147 01:15:15     -454.105865        0.585390
BFGS:  148 01:15:20     -454.132355        0.733368
BFGS:  149 01:15:22     -454.190491        0.949589
BFGS:  150 01:15:26     -454.225555        1.136192
BFGS:  151 01:15:40     -454.118378        1.471366
BFGS:  152 01:15:42     -454.105194        1.448839
BFGS:  153 01:15:47     -454.108734        0.934470
BFGS:  154 01:15:52     -454.179199        0.740404
BFGS:  155 01:16:01     -454.238373        0.713092
BFGS:  156 01:16:06     -454.218903        0.621780
BFGS:  157 01:16:14     -454.143402        0.541435
BFGS:  158 01:16:15     -454.127167        0.592820
BFGS:  159 01:16:21     -453.974823        0.939036
BFGS:  160 01:16:29     -454.053772        0.677339
BFGS:  161 01:16:30     -454.150940        0.379121
BFGS:  162 01:16:32     -454.162811        0.361138
BFGS:  163 01:16:36     -454.164337        0.445365
BFGS:  164 01:16:43     -454.161530        0.743253
BFGS:  165 01:16:45     -454.175690        0.808827
BFGS:  166 01:16:48     -454.192444        1.145274
BFGS:  167 01:16:53     -454.174927        1.583548
BFGS:  168 01:16:57     -454.333832        1.303392
BFGS:  169 01:17:05     -454.450470        1.714182
BFGS:  170 01:17:08     -454.743225        1.879909
BFGS:  171 01:17:13     -454.903351        1.438916
BFGS:  172 01:17:19     -454.953217        0.736591
BFGS:  173 01:17:26     -454.972137        0.805622
BFGS:  174 01:17:33     -454.941986        0.795815
BFGS:  175 01:17:45     -454.932861        0.742231
BFGS:  176 01:17:52     -454.951324        0.817005
BFGS:  177 01:18:00     -454.886139        0.846502
BFGS:  178 01:18:08     -454.887054        0.783006
BFGS:  179 01:18:18     -454.937775        0.853407
BFGS:  180 01:18:22     -454.952393        0.755134
BFGS:  181 01:18:26     -454.916138        0.703557
BFGS:  182 01:18:32     -454.880310        0.468427
BFGS:  183 01:18:36     -454.872162        0.452674
BFGS:  184 01:18:41     -454.889740        0.350369
BFGS:  185 01:18:46     -454.917450        0.389394
BFGS:  186 01:18:51     -454.939697        0.456133
BFGS:  187 01:18:56     -454.975403        0.533688
BFGS:  188 01:18:59     -454.974884        0.363801
BFGS:  189 01:19:04     -454.976349        0.320098
BFGS:  190 01:19:12     -454.961975        0.340898
BFGS:  191 01:19:14     -454.968964        0.287405
BFGS:  192 01:19:19     -454.984375        0.419800
BFGS:  193 01:19:23     -454.981201        0.429456
BFGS:  194 01:19:33     -454.978241        0.257584
BFGS:  195 01:19:36     -454.977417        0.167371
BFGS:  196 01:19:43     -454.976562        0.162388
BFGS:  197 01:19:46     -454.977905        0.187700
BFGS:  198 01:19:49     -454.980042        0.221899
BFGS:  199 01:19:57     -454.980164        0.261920
BFGS:  200 01:20:01     -454.981049        0.226394
BFGS:  201 01:20:03     -454.982727        0.188840
BFGS:  202 01:20:05     -454.984192        0.171237
BFGS:  203 01:20:13     -454.986053        0.181430
BFGS:  204 01:20:15     -454.986450        0.172997
BFGS:  205 01:20:24     -454.988953        0.167191
BFGS:  206 01:20:29     -454.990234        0.175619
BFGS:  207 01:20:39     -454.992401        0.221959
BFGS:  208 01:20:45     -454.993378        0.176378
BFGS:  209 01:20:53     -454.995178        0.204465
BFGS:  210 01:21:00     -454.996185        0.143005
BFGS:  211 01:21:04     -454.997620        0.151627
BFGS:  212 01:21:14     -454.998047        0.134291
BFGS:  213 01:21:18     -454.998810        0.135101
BFGS:  214 01:21:23     -454.999115        0.129015
BFGS:  215 01:21:30     -454.998840        0.151383
BFGS:  216 01:21:43     -454.998474        0.155529
BFGS:  217 01:21:47     -454.999268        0.157984
BFGS:  218 01:21:50     -455.000519        0.158692
BFGS:  219 01:21:54     -454.999725        0.144362
BFGS:  220 01:21:57     -454.997101        0.181086
BFGS:  221 01:22:03     -454.997253        0.239391
BFGS:  222 01:22:12     -455.000732        0.181548
BFGS:  223 01:22:16     -454.996368        0.205186
BFGS:  224 01:22:18     -454.994415        0.246504
BFGS:  225 01:22:20     -455.002533        0.354197
BFGS:  226 01:22:25     -455.004608        0.200948
BFGS:  227 01:22:36     -454.991333        0.371487
BFGS:  228 01:22:41     -454.995941        0.601146
BFGS:  229 01:22:48     -454.998291        0.294677
BFGS:  230 01:22:51     -454.970123        0.620455
BFGS:  231 01:23:03     -454.978424        0.730929
BFGS:  232 01:23:07     -455.007965        0.444085
BFGS:  233 01:23:10     -454.983429        0.511035
BFGS:  234 01:23:12     -454.983826        0.584752
BFGS:  235 01:23:16     -455.000854        0.628697
BFGS:  236 01:23:21     -454.984039        0.327136
BFGS:  237 01:23:27     -454.964752        0.735017
BFGS:  238 01:23:32     -454.996277        0.775970
BFGS:  239 01:23:43     -454.998657        0.624967
BFGS:  240 01:23:51     -454.992737        0.420409
BFGS:  241 01:24:02     -454.998535        0.636425
BFGS:  242 01:24:07     -454.997284        0.264627
BFGS:  243 01:24:13     -454.989868        1.195625
BFGS:  244 01:24:31     -454.998901        1.523235
BFGS:  245 01:24:49     -454.982361        1.351326
BFGS:  246 01:24:54     -455.000244        0.436021
BFGS:  247 01:25:00     -454.997955        1.040062
BFGS:  248 01:25:05     -454.980774        1.954205
BFGS:  249 01:25:11     -454.934662        1.745335
BFGS:  250 01:25:12     -454.915283        0.741456
BFGS:  251 01:25:16     -454.937897        0.404288
BFGS:  252 01:25:21     -454.976135        0.532752
BFGS:  253 01:25:25     -454.999146        0.599755
BFGS:  254 01:25:27     -455.009949        0.800959
BFGS:  255 01:25:30     -455.008911        0.607196
BFGS:  256 01:25:34     -454.985229        0.959140
BFGS:  257 01:25:37     -454.975525        2.443933
BFGS:  258 01:25:39     -454.942688        3.623838
BFGS:  259 01:25:45     -454.036255        6.282863
BFGS:  260 01:25:50     -452.981415        7.205465
BFGS:  261 01:25:53     -452.449677        4.510084
BFGS:  262 01:26:03     -453.299561        5.753100
BFGS:  263 01:26:20     -453.907776        5.480830
BFGS:  264 01:26:36     -454.832397        2.743794
BFGS:  265 01:26:41     -454.856384        1.404694
BFGS:  266 01:26:45     -454.904449        1.047899
BFGS:  267 01:26:51     -454.939789        0.902775
BFGS:  268 01:27:00     -454.970398        0.723356
BFGS:  269 01:27:03     -454.990448        0.513680
BFGS:  270 01:27:05     -454.994141        0.489392
BFGS:  271 01:27:08     -454.996307        0.455940
BFGS:  272 01:27:14     -454.997986        0.429310
BFGS:  273 01:27:22     -455.000610        0.372351
BFGS:  274 01:27:27     -455.002289        0.324996
BFGS:  275 01:27:32     -455.003387        0.274243
BFGS:  276 01:27:39     -455.004089        0.236909
BFGS:  277 01:27:42     -455.004303        0.216280
BFGS:  278 01:27:46     -455.004181        0.206499
BFGS:  279 01:27:51     -455.003906        0.201270
BFGS:  280 01:27:54     -455.003357        0.182441
BFGS:  281 01:27:56     -455.002594        0.151257
BFGS:  282 01:28:00     -455.001526        0.114984
BFGS:  283 01:28:03     -455.000671        0.123163
BFGS:  284 01:28:07     -455.000641        0.176813
BFGS:  285 01:28:12     -455.000946        0.258781
BFGS:  286 01:28:16     -455.001312        0.329601
BFGS:  287 01:28:19     -455.001526        0.373863
BFGS:  288 01:28:26     -455.001373        0.404669
BFGS:  289 01:28:28     -455.000397        0.466742
BFGS:  290 01:28:37     -454.999969        0.596157
BFGS:  291 01:28:45     -455.000275        0.999837
BFGS:  292 01:28:55     -454.985016        1.636299
BFGS:  293 01:28:59     -454.989838        1.029929
BFGS:  294 01:29:04     -455.002716        0.651408
BFGS:  295 01:29:15     -455.002380        0.541280
BFGS:  296 01:29:20     -454.999298        0.711991
BFGS:  297 01:29:29     -455.000305        0.719700
BFGS:  298 01:29:38     -455.002014        0.462535
BFGS:  299 01:29:40     -455.002380        0.461916
BFGS:  300 01:29:43     -454.996918        0.588237
BFGS:  301 01:29:46     -455.001251        0.797877
BFGS:  302 01:29:47     -455.001801        0.877584
BFGS:  303 01:29:48     -455.000824        0.739393
BFGS:  304 01:29:49     -455.000000        0.417177
BFGS:  305 01:29:50     -454.989929        1.366271
BFGS:  306 01:29:51     -455.000305        0.359664
      Step     Time          Energy          fmax
FIRE:    0 01:29:51     -455.000305        0.359664
      Step     Time          Energy          fmax
BFGS:    0 14:48:04     -453.408203        3.461242
BFGS:    1 14:48:05     -453.547485        2.931653
BFGS:    2 14:48:06     -453.928497        6.023145
BFGS:    3 14:48:06     -453.976288        2.355516
BFGS:    4 14:48:07     -454.050629        1.400372
BFGS:    5 14:48:08     -454.083557        1.255429
BFGS:    6 14:48:08     -454.124878        1.516875
BFGS:    7 14:48:09     -454.085480        2.159872
BFGS:    8 14:48:10     -454.151733        0.977265
BFGS:    9 14:48:10     -454.163940        0.574318
BFGS:   10 14:48:11     -454.165253        0.429752
BFGS:   11 14:48:11     -454.165924        0.298708
BFGS:   12 14:48:12     -454.167145        0.282873
BFGS:   13 14:48:13     -454.167084        0.297284
BFGS:   14 14:48:13     -454.166107        0.388791
BFGS:   15 14:48:14     -454.166809        0.437123
BFGS:   16 14:48:14     -454.172668        0.432339
BFGS:   17 14:48:15     -454.178925        0.394532
BFGS:   18 14:48:16     -454.181152        0.460484
BFGS:   19 14:48:16     -454.183777        0.317159
BFGS:   20 14:48:17     -454.187958        0.206014
BFGS:   21 14:48:18     -454.190918        0.222750
BFGS:   22 14:48:18     -454.194366        0.289090
BFGS:   23 14:48:19     -454.197754        0.236616
BFGS:   24 14:48:20     -454.197723        0.163149
BFGS:   25 14:48:20     -454.198761        0.187287
BFGS:   26 14:48:21     -454.198212        0.194008
BFGS:   27 14:48:22     -454.197327        0.175541
BFGS:   28 14:48:22     -454.196442        0.173133
BFGS:   29 14:48:23     -454.195312        0.167582
BFGS:   30 14:48:23     -454.194702        0.148666
BFGS:   31 14:48:24     -454.194672        0.157697
BFGS:   32 14:48:25     -454.194824        0.145603
BFGS:   33 14:48:25     -454.194672        0.207722
BFGS:   34 14:48:26     -454.194305        0.199408
BFGS:   35 14:48:27     -454.194061        0.118039
BFGS:   36 14:48:27     -454.194000        0.091379
BFGS:   37 14:48:28     -454.194031        0.085396
BFGS:   38 14:48:28     -454.194092        0.078820
BFGS:   39 14:48:29     -454.194244        0.077433
BFGS:   40 14:48:30     -454.194458        0.086476
BFGS:   41 14:48:30     -454.194702        0.082573
BFGS:   42 14:48:31     -454.194916        0.089689
BFGS:   43 14:48:32     -454.195068        0.093160
BFGS:   44 14:48:32     -454.195160        0.090034
BFGS:   45 14:48:33     -454.195221        0.068852
BFGS:   46 14:48:33     -454.195160        0.079851
BFGS:   47 14:48:34     -454.194855        0.073823
BFGS:   48 14:48:35     -454.194977        0.065584
BFGS:   49 14:48:35     -454.194824        0.068702
BFGS:   50 14:48:36     -454.195099        0.056175
BFGS:   51 14:48:37     -454.195251        0.087203
BFGS:   52 14:48:37     -454.195190        0.077799
BFGS:   53 14:48:38     -454.194885        0.158678
BFGS:   54 14:48:39     -454.190491        1.006104
BFGS:   55 14:48:39     -454.193756        0.132399
BFGS:   56 14:48:40     -454.194946        0.217724
BFGS:   57 14:48:40     -454.194183        0.198359
BFGS:   58 14:48:41     -454.192444        0.367652
BFGS:   59 14:48:42     -454.193085        0.199296
BFGS:   60 14:48:42     -454.193604        0.255606
BFGS:   61 14:48:43     -454.192535        0.541762
BFGS:   62 14:48:43     -454.192535        0.499065
BFGS:   63 14:48:44     -454.190704        2.332576
BFGS:   64 14:48:45     -454.185669        1.805402
BFGS:   65 14:48:45     -454.191101        3.360532
BFGS:   66 14:48:46     -454.193817        0.503187
BFGS:   67 14:48:47     -454.194366        0.246952
BFGS:   68 14:48:47     -454.187805        0.903968
BFGS:   69 14:48:48     -454.193909        0.201523
BFGS:   70 14:48:48     -454.194550        0.107501
BFGS:   71 14:48:49     -454.186310        1.034572
BFGS:   72 14:48:50     -454.193756        0.346393
BFGS:   73 14:48:50     -454.194366        0.157473
BFGS:   74 14:48:51     -454.182861        1.300241
BFGS:   75 14:48:52     -454.194885        0.191880
BFGS:   76 14:48:52     -454.194794        0.280109
BFGS:   77 14:48:53     -454.193970        0.385439
BFGS:   78 14:48:53     -454.194611        0.180953
BFGS:   79 14:48:54     -454.193085        0.979897
BFGS:   80 14:48:55     -454.183380        1.123614
BFGS:   81 14:48:55     -454.186371        0.784577
BFGS:   82 14:48:56     -454.190582        1.495623
BFGS:   83 14:48:57     -454.177582        1.346242
BFGS:   84 14:48:57     -454.192108        0.472489
BFGS:   85 14:48:58     -454.195374        0.470889
BFGS:   86 14:48:59     -454.194763        0.493474
BFGS:   87 14:48:59     -454.194824        0.194285
BFGS:   88 14:49:00     -454.195374        0.501578
BFGS:   89 14:49:00     -454.183960        1.142699
BFGS:   90 14:49:01     -454.194855        0.372935
BFGS:   91 14:49:02     -454.195160        0.173503
BFGS:   92 14:49:03     -454.195557        0.241186
BFGS:   93 14:49:03     -454.195618        0.218111
BFGS:   94 14:49:04     -454.195709        0.298833
BFGS:   95 14:49:05     -454.195770        0.134381
BFGS:   96 14:49:05     -454.195740        0.144090
BFGS:   97 14:49:06     -454.195557        0.426519
BFGS:   98 14:49:06     -454.195007        0.986888
BFGS:   99 14:49:07     -454.193207        1.768960
BFGS:  100 14:49:08     -454.188568        2.675426
BFGS:  101 14:49:08     -454.179443        3.357973
BFGS:  102 14:49:09     -454.162140        3.643130
BFGS:  103 14:49:10     -454.140198        3.448817
BFGS:  104 14:49:10     -454.124908        1.907853
BFGS:  105 14:49:11     -454.146820        3.189634
BFGS:  106 14:49:11     -454.154633        2.133336
BFGS:  107 14:49:12     -454.172516        0.516980
BFGS:  108 14:49:13     -454.184265        0.405501
BFGS:  109 14:49:13     -454.187164        0.491401
BFGS:  110 14:49:14     -454.187103        0.281676
BFGS:  111 14:49:15     -454.187042        0.294848
BFGS:  112 14:49:15     -454.188385        0.322350
BFGS:  113 14:49:16     -454.191071        0.260724
BFGS:  114 14:49:16     -454.193329        0.277231
BFGS:  115 14:49:17     -454.193054        0.284899
BFGS:  116 14:49:18     -454.192871        0.265342
BFGS:  117 14:49:18     -454.191620        0.347110
BFGS:  118 14:49:19     -454.192230        0.226127
BFGS:  119 14:49:20     -454.191833        0.540549
BFGS:  120 14:49:20     -454.192688        0.439068
BFGS:  121 14:49:21     -454.193420        0.378130
BFGS:  122 14:49:21     -454.193939        0.338509
BFGS:  123 14:49:22     -454.193665        0.379883
BFGS:  124 14:49:23     -454.188202        0.590488
BFGS:  125 14:49:23     -454.178345        0.875677
BFGS:  126 14:49:24     -454.165680        1.138129
BFGS:  127 14:49:25     -454.158325        1.139954
BFGS:  128 14:49:25     -454.156219        1.204293
BFGS:  129 14:49:26     -454.154663        0.766075
BFGS:  130 14:49:26     -454.171753        1.194533
BFGS:  131 14:49:27     -454.180420        0.802584
BFGS:  132 14:49:28     -454.187927        0.850484
BFGS:  133 14:49:28     -454.193542        1.321710
BFGS:  134 14:49:29     -454.198883        1.825720
BFGS:  135 14:49:30     -453.832458        3.147325
BFGS:  136 14:49:30     -453.544220        4.091504
BFGS:  137 14:49:31     -452.897339        5.897926
BFGS:  138 14:49:31     -452.666931        7.319111
BFGS:  139 14:49:32     -453.552460        2.922229
BFGS:  140 14:49:33     -453.911682        2.999480
BFGS:  141 14:49:33     -454.143280        2.646896
BFGS:  142 14:49:34     -454.346893        2.669653
BFGS:  143 14:49:35     -454.509155        1.674744
BFGS:  144 14:49:35     -454.582489        1.774613
BFGS:  145 14:49:36     -454.649109        1.524531
BFGS:  146 14:49:36     -454.658051        1.210259
BFGS:  147 14:49:37     -454.660828        0.972603
BFGS:  148 14:49:38     -454.641907        1.354740
BFGS:  149 14:49:38     -454.541412        3.019609
BFGS:  150 14:49:39     -454.340515        3.682848
BFGS:  151 14:49:40     -453.903870        2.201021
BFGS:  152 14:49:40     -454.464325        1.493102
BFGS:  153 14:49:41     -454.708160        1.131643
BFGS:  154 14:49:42     -454.815857        0.856762
BFGS:  155 14:49:42     -454.791534        0.826964
BFGS:  156 14:49:43     -454.601318        1.383688
BFGS:  157 14:49:43     -454.704529        0.931486
BFGS:  158 14:49:44     -454.860870        0.943896
BFGS:  159 14:49:45     -454.807617        0.707343
BFGS:  160 14:49:45     -454.609467        1.171636
BFGS:  161 14:49:46     -454.711975        0.953035
BFGS:  162 14:49:47     -454.869049        0.891643
BFGS:  163 14:49:47     -454.819641        0.661343
BFGS:  164 14:49:48     -454.725281        0.862542
BFGS:  165 14:49:48     -454.775513        0.850138
BFGS:  166 14:49:49     -454.812164        0.642045
BFGS:  167 14:49:50     -454.780548        0.780839
BFGS:  168 14:49:50     -454.753510        0.679285
BFGS:  169 14:49:51     -454.609772        0.768972
BFGS:  170 14:49:52     -454.646301        0.848402
BFGS:  171 14:49:52     -454.578217        1.188637
BFGS:  172 14:49:53     -454.259430        3.026832
BFGS:  173 14:49:53     -454.168884        3.037795
BFGS:  174 14:49:54     -454.045441        1.071036
BFGS:  175 14:49:55     -454.269928        1.449221
BFGS:  176 14:49:55     -454.538055        1.331287
BFGS:  177 14:49:56     -454.636597        1.485424
BFGS:  178 14:49:57     -454.645813        1.009936
BFGS:  179 14:49:57     -454.626099        0.668244
BFGS:  180 14:49:58     -454.608673        0.659960
BFGS:  181 14:49:58     -454.458893        1.599417
BFGS:  182 14:49:59     -454.418762        1.607845
BFGS:  183 14:50:00     -454.499054        1.603329
BFGS:  184 14:50:00     -454.433289        1.002337
BFGS:  185 14:50:01     -454.196411        1.355436
BFGS:  186 14:50:02     -454.293701        1.115923
BFGS:  187 14:50:02     -454.274261        0.974335
BFGS:  188 14:50:03     -454.094666        1.112762
BFGS:  189 14:50:04     -453.819427        1.899896
BFGS:  190 14:50:05     -453.562836        1.925508
BFGS:  191 14:50:05     -453.529297        2.385672
BFGS:  192 14:50:06     -453.596527        2.266150
BFGS:  193 14:50:06     -453.572052        1.762457
BFGS:  194 14:50:07     -453.895966        1.610369
BFGS:  195 14:50:08     -454.034424        1.170894
BFGS:  196 14:50:08     -454.075806        1.225803
BFGS:  197 14:50:09     -454.152832        1.074988
BFGS:  198 14:50:10     -454.242004        1.272358
BFGS:  199 14:50:10     -454.315674        1.749123
BFGS:  200 14:50:11     -454.315094        2.264739
BFGS:  201 14:50:12     -454.208405        2.160321
BFGS:  202 14:50:12     -453.722015        3.167066
BFGS:  203 14:50:13     -453.836426        2.751230
BFGS:  204 14:50:13     -453.868439        1.871663
BFGS:  205 14:50:14     -453.960938        1.264255
BFGS:  206 14:50:15     -453.837769        2.461240
BFGS:  207 14:50:15     -453.390289        3.846053
BFGS:  208 14:50:16     -452.834656        4.346305
BFGS:  209 14:50:17     -452.285889        4.339648
BFGS:  210 14:50:17     -451.881195        3.975047
BFGS:  211 14:50:18     -451.572021        4.162151
BFGS:  212 14:50:18     -451.282837        4.625472
BFGS:  213 14:50:19     -450.961609        4.381093
BFGS:  214 14:50:20     -451.320251        4.374611
BFGS:  215 14:50:20     -451.977905        3.242164
BFGS:  216 14:50:21     -452.653992        2.926902
BFGS:  217 14:50:22     -452.861481        2.039434
BFGS:  218 14:50:22     -453.073517        2.161738
BFGS:  219 14:50:23     -453.479584        2.801843
BFGS:  220 14:50:23     -453.815369        1.876598
BFGS:  221 14:50:24     -453.113739        5.220246
BFGS:  222 14:50:25     -452.971344        6.430780
BFGS:  223 14:50:25     -452.972656        5.453300
BFGS:  224 14:50:26     -453.318573        2.280112
BFGS:  225 14:50:27     -453.545776        1.674164
BFGS:  226 14:50:27     -453.714447        1.461933
BFGS:  227 14:50:28     -453.739838        1.823516
BFGS:  228 14:50:29     -453.430420        4.175971
BFGS:  229 14:50:29     -453.740204        2.477474
BFGS:  230 14:50:30     -453.945953        1.052648
BFGS:  231 14:50:30     -453.975250        0.884549
BFGS:  232 14:50:31     -453.994110        0.597765
BFGS:  233 14:50:32     -454.017792        0.528527
BFGS:  234 14:50:32     -454.061310        0.618270
BFGS:  235 14:50:33     -454.082855        0.692698
BFGS:  236 14:50:34     -454.107330        0.663817
BFGS:  237 14:50:34     -454.141418        0.568669
BFGS:  238 14:50:35     -454.177643        0.483092
BFGS:  239 14:50:36     -454.220093        0.671538
BFGS:  240 14:50:36     -454.269073        0.736174
BFGS:  241 14:50:37     -454.341400        0.818795
BFGS:  242 14:50:37     -454.438538        1.056710
BFGS:  243 14:50:38     -454.489777        1.401518
BFGS:  244 14:50:39     -454.254608        3.259688
BFGS:  245 14:50:39     -454.473724        1.712111
BFGS:  246 14:50:40     -454.487732        1.381817
BFGS:  247 14:50:41     -454.434418        0.937366
BFGS:  248 14:50:41     -454.436768        0.855575
BFGS:  249 14:50:42     -454.306305        0.934106
BFGS:  250 14:50:43     -454.354645        0.602617
BFGS:  251 14:50:43     -454.395813        0.471446
BFGS:  252 14:50:44     -454.364929        0.540435
BFGS:  253 14:50:45     -454.343719        0.506996
BFGS:  254 14:50:45     -454.328918        0.555185
BFGS:  255 14:50:46     -454.356659        0.680058
BFGS:  256 14:50:46     -454.436218        0.944489
BFGS:  257 14:50:47     -454.428772        1.417038
BFGS:  258 14:50:48     -454.159241        2.073334
BFGS:  259 14:50:48     -454.149139        1.548327
BFGS:  260 14:50:49     -454.004028        1.429171
BFGS:  261 14:50:50     -453.839233        1.104717
BFGS:  262 14:50:50     -453.623871        1.259506
BFGS:  263 14:50:51     -453.710083        1.683522
BFGS:  264 14:50:52     -453.907349        1.015045
BFGS:  265 14:50:52     -453.899078        1.180047
BFGS:  266 14:50:53     -453.964172        0.727054
BFGS:  267 14:50:53     -453.967621        0.816283
BFGS:  268 14:50:54     -453.824707        1.335412
BFGS:  269 14:50:55     -453.311401        2.793330
BFGS:  270 14:50:55     -452.929688        3.528808
BFGS:  271 14:50:56     -453.307220        3.031899
BFGS:  272 14:50:57     -454.164856        4.288822
BFGS:  273 14:50:57     -454.191711        3.653244
BFGS:  274 14:50:58     -453.840393        3.084313
BFGS:  275 14:50:59     -453.447968        2.538552
BFGS:  276 14:50:59     -453.565552        2.273578
BFGS:  277 14:51:00     -453.949585        2.559086
BFGS:  278 14:51:01     -454.216003        1.401623
BFGS:  279 14:51:01     -454.316132        1.160165
BFGS:  280 14:51:02     -454.255493        2.015426
BFGS:  281 14:51:03     -454.329132        1.008251
BFGS:  282 14:51:04     -454.318604        1.503779
BFGS:  283 14:51:04     -454.211639        2.174722
BFGS:  284 14:51:05     -454.399597        1.442044
BFGS:  285 14:51:06     -454.381409        2.846010
BFGS:  286 14:51:06     -454.002319        4.115569
BFGS:  287 14:51:07     -453.681915        4.219983
BFGS:  288 14:51:08     -453.631195        3.878028
BFGS:  289 14:51:08     -454.148804        3.462427
BFGS:  290 14:51:09     -454.511536        1.585400
BFGS:  291 14:51:10     -454.397064        2.030664
BFGS:  292 14:51:10     -453.928528        2.758443
BFGS:  293 14:51:11     -453.974701        2.592890
BFGS:  294 14:51:11     -454.325500        1.484612
BFGS:  295 14:51:12     -454.284454        2.935032
BFGS:  296 14:51:13     -453.943115        6.768514
BFGS:  297 14:51:13     -453.158173       10.623317
BFGS:  298 14:51:14     -452.164398       12.192641
BFGS:  299 14:51:15     -452.942993        6.670091
BFGS:  300 14:51:16     -453.686096        3.833180
BFGS:  301 14:51:17     -453.986389        2.717245
BFGS:  302 14:51:19     -454.116302        2.333024
BFGS:  303 14:51:19     -453.945435        5.214394
BFGS:  304 14:51:20     -453.205170        9.684140
BFGS:  305 14:51:21     -452.833679       10.105503
BFGS:  306 14:51:21     -453.285980        6.457779
BFGS:  307 14:51:22     -453.683197        4.102527
BFGS:  308 14:51:22     -453.659576        3.484716
BFGS:  309 14:51:23     -453.948700        3.149263
BFGS:  310 14:51:24     -454.110687        2.464279
BFGS:  311 14:51:24     -454.290680        1.778152
BFGS:  312 14:51:25     -454.257477        1.439072
BFGS:  313 14:51:26     -454.280457        1.409852
BFGS:  314 14:51:26     -454.467255        1.502709
BFGS:  315 14:51:27     -454.614868        1.569998
BFGS:  316 14:51:28     -454.657776        1.071105
BFGS:  317 14:51:28     -454.686462        1.885669
BFGS:  318 14:51:29     -454.728760        1.034631
BFGS:  319 14:51:29     -454.744019        1.941623
BFGS:  320 14:51:30     -454.723236        2.865620
BFGS:  321 14:51:31     -454.670227        1.603780
BFGS:  322 14:51:31     -454.749634        1.034704
BFGS:  323 14:51:32     -454.838257        1.018604
BFGS:  324 14:51:33     -454.873291        1.036276
BFGS:  325 14:51:33     -454.934967        1.445537
BFGS:  326 14:51:34     -454.880157        1.981013
BFGS:  327 14:51:34     -454.878387        1.598655
BFGS:  328 14:51:35     -454.955231        1.147831
BFGS:  329 14:51:36     -455.002808        1.076268
BFGS:  330 14:51:36     -454.977539        1.161821
BFGS:  331 14:51:37     -454.917511        1.092754
BFGS:  332 14:51:38     -454.861572        1.198874
BFGS:  333 14:51:38     -454.804291        1.234755
BFGS:  334 14:51:39     -454.783386        1.414595
BFGS:  335 14:51:40     -454.841888        1.449955
BFGS:  336 14:51:40     -454.868622        1.464205
BFGS:  337 14:51:41     -454.877716        0.794361
BFGS:  338 14:51:41     -454.918243        0.735460
BFGS:  339 14:51:42     -454.954468        0.643078
BFGS:  340 14:51:43     -455.006409        1.152974
BFGS:  341 14:51:43     -455.053436        0.572978
BFGS:  342 14:51:44     -455.088745        0.572634
BFGS:  343 14:51:45     -455.131470        0.472392
BFGS:  344 14:51:45     -455.151703        0.504408
BFGS:  345 14:51:46     -455.176971        0.416381
BFGS:  346 14:51:46     -455.197113        0.421632
BFGS:  347 14:51:47     -455.206482        0.495359
BFGS:  348 14:51:48     -455.214722        0.429593
BFGS:  349 14:51:48     -455.225800        0.431916
BFGS:  350 14:51:49     -455.240936        0.405363
BFGS:  351 14:51:50     -455.246674        0.445885
BFGS:  352 14:51:50     -455.245300        0.448140
BFGS:  353 14:51:51     -455.224487        0.746309
BFGS:  354 14:51:52     -455.243011        0.482711
BFGS:  355 14:51:53     -455.256836        0.354993
BFGS:  356 14:51:54     -455.173492        0.651701
BFGS:  357 14:51:54     -454.952454        1.176769
BFGS:  358 14:51:55     -454.976318        0.780353
BFGS:  359 14:51:56     -455.037659        0.643718
BFGS:  360 14:51:57     -454.906738        0.657416
BFGS:  361 14:51:57     -454.706451        0.852851
BFGS:  362 14:51:58     -454.445587        1.237601
BFGS:  363 14:51:58     -454.188049        1.899468
BFGS:  364 14:51:59     -453.994019        2.395801
BFGS:  365 14:52:00     -453.661560        2.659415
BFGS:  366 14:52:00     -452.996002        3.361468
BFGS:  367 14:52:01     -451.995972        3.632722
BFGS:  368 14:52:02     -451.783417        4.043618
BFGS:  369 14:52:03     -452.979431        3.539779
BFGS:  370 14:52:04     -453.718170        2.588835
BFGS:  371 14:52:04     -453.585327        2.961267
BFGS:  372 14:52:05     -453.174194        3.776587
BFGS:  373 14:52:06     -452.309906        3.901039
BFGS:  374 14:52:06     -452.132721        3.279904
BFGS:  375 14:52:07     -452.171844        2.888788
BFGS:  376 14:52:08     -451.845062        2.629855
BFGS:  377 14:52:08     -451.339294        2.207912
BFGS:  378 14:52:09     -451.473450        3.659317
BFGS:  379 14:52:09     -451.832458        2.035491
BFGS:  380 14:52:10     -451.446228        7.084727
BFGS:  381 14:52:11     -450.787079        9.298587
BFGS:  382 14:52:11     -450.870636        6.162336
BFGS:  383 14:52:12     -451.568939        3.902322
BFGS:  384 14:52:13     -451.490723        3.755969
BFGS:  385 14:52:13     -451.490082        2.422728
BFGS:  386 14:52:14     -451.341095        4.282186
BFGS:  387 14:52:14     -451.169189        2.152719
BFGS:  388 14:52:15     -451.008636        2.620878
BFGS:  389 14:52:16     -450.935822        3.231381
BFGS:  390 14:52:16     -450.866852        3.191486
BFGS:  391 14:52:17     -450.846802        3.132355
BFGS:  392 14:52:18     -450.881805        2.947245
BFGS:  393 14:52:18     -450.872498        2.494084
BFGS:  394 14:52:19     -450.645844        3.027446
BFGS:  395 14:52:20     -450.315521        5.068604
BFGS:  396 14:52:20     -449.415894        7.041894
BFGS:  397 14:52:21     -449.186401        4.141301
BFGS:  398 14:52:22     -449.944550        4.345349
BFGS:  399 14:52:22     -450.891479        2.931074
BFGS:  400 14:52:23     -451.539246        2.599765
BFGS:  401 14:52:24     -451.643677        3.888381
BFGS:  402 14:52:24     -451.095764        4.599865
BFGS:  403 14:52:25     -450.739838        4.488470
BFGS:  404 14:52:26     -451.335541        3.999064
BFGS:  405 14:52:27     -452.058807        3.801958
BFGS:  406 14:52:28     -452.444733        3.240036
BFGS:  407 14:52:28     -452.738281        3.825024
BFGS:  408 14:52:29     -452.172211        4.250489
BFGS:  409 14:52:30     -452.290741        3.507589
BFGS:  410 14:52:31     -452.434784        2.403517
BFGS:  411 14:52:32     -452.626282        2.847968
BFGS:  412 14:52:32     -452.578003        4.309894
BFGS:  413 14:52:33     -451.445007        6.184052
BFGS:  414 14:52:33     -451.029297        6.915703
BFGS:  415 14:52:34     -449.986572        5.749378
BFGS:  416 14:52:35     -450.427704        5.367129
BFGS:  417 14:52:35     -450.657288        2.571897
BFGS:  418 14:52:36     -450.361328        1.894936
BFGS:  419 14:52:37     -450.652374        1.957956
BFGS:  420 14:52:37     -450.845856        2.358638
BFGS:  421 14:52:38     -450.957550        2.931487
BFGS:  422 14:52:39     -451.159576        1.442272
BFGS:  423 14:52:39     -451.255890        1.397835
BFGS:  424 14:52:40     -451.301422        1.508138
BFGS:  425 14:52:41     -451.334198        1.345824
BFGS:  426 14:52:41     -451.377960        1.320356
BFGS:  427 14:52:42     -451.454590        1.920194
BFGS:  428 14:52:42     -451.673645        1.698044
BFGS:  429 14:52:43     -451.834717        1.611421
BFGS:  430 14:52:44     -451.978027        2.442981
BFGS:  431 14:52:44     -452.162323        1.336484
BFGS:  432 14:52:45     -452.343414        1.339691
BFGS:  433 14:52:46     -452.156219        3.529371
BFGS:  434 14:52:46     -452.363770        1.088081
BFGS:  435 14:52:47     -452.435760        0.653652
BFGS:  436 14:52:48     -452.380035        1.654739
BFGS:  437 14:52:48     -452.427216        1.372690
BFGS:  438 14:52:49     -452.428162        1.480935
BFGS:  439 14:52:49     -452.393005        1.156096
BFGS:  440 14:52:50     -452.367432        1.186407
BFGS:  441 14:52:51     -452.327881        1.155313
BFGS:  442 14:52:51     -452.232269        1.427498
BFGS:  443 14:52:52     -451.959106        2.004837
BFGS:  444 14:52:53     -452.032318        1.823737
BFGS:  445 14:52:53     -451.985718        1.884561
BFGS:  446 14:52:54     -451.819092        2.520369
BFGS:  447 14:52:55     -451.930603        1.459435
BFGS:  448 14:52:56     -451.949463        1.377323
BFGS:  449 14:52:56     -451.840820        1.692906
BFGS:  450 14:52:57     -451.637146        2.165404
BFGS:  451 14:52:58     -451.380615        2.574253
BFGS:  452 14:52:58     -451.178009        2.708827
BFGS:  453 14:52:59     -451.219025        3.220025
BFGS:  454 14:52:59     -451.433990        3.113717
BFGS:  455 14:53:00     -451.398407        3.199222
BFGS:  456 14:53:01     -451.146942        2.939198
BFGS:  457 14:53:01     -451.429657        4.114072
BFGS:  458 14:53:02     -451.867706        3.997514
BFGS:  459 14:53:03     -452.550568        2.703630
BFGS:  460 14:53:04     -452.875854        1.419891
BFGS:  461 14:53:05     -453.040192        1.662005
BFGS:  462 14:53:05     -453.038177        1.911587
BFGS:  463 14:53:06     -452.834167        1.775770
BFGS:  464 14:53:07     -452.687073        2.127634
BFGS:  465 14:53:07     -452.727539        2.334459
BFGS:  466 14:53:08     -452.835663        1.925634
BFGS:  467 14:53:08     -452.992615        1.361618
BFGS:  468 14:53:09     -453.140411        1.162489
BFGS:  469 14:53:10     -453.258850        1.178893
BFGS:  470 14:53:10     -453.341003        1.406238
BFGS:  471 14:53:11     -453.404205        1.609618
BFGS:  472 14:53:12     -453.574463        1.468675
BFGS:  473 14:53:12     -453.189392        3.692846
BFGS:  474 14:53:13     -452.426422        5.922296
BFGS:  475 14:53:14     -452.430237        4.480649
BFGS:  476 14:53:14     -452.351227        4.126906
BFGS:  477 14:53:15     -452.370789        3.213079
BFGS:  478 14:53:15     -452.501587        1.929900
BFGS:  479 14:53:16     -452.731384        2.313258
BFGS:  480 14:53:17     -452.887787        2.716837
BFGS:  481 14:53:17     -452.714081        3.037184
BFGS:  482 14:53:18     -453.257690        2.195636
BFGS:  483 14:53:19     -453.467682        3.171204
BFGS:  484 14:53:19     -453.422638        2.953253
BFGS:  485 14:53:20     -453.385773        2.901376
BFGS:  486 14:53:21     -453.096832        3.054886
BFGS:  487 14:53:21     -453.002716        2.843333
BFGS:  488 14:53:22     -452.705353        2.376430
BFGS:  489 14:53:23     -452.460571        2.568118
BFGS:  490 14:53:23     -452.717041        2.385486
BFGS:  491 14:53:24     -452.459747        5.938029
BFGS:  492 14:53:25     -452.696991        3.894631
BFGS:  493 14:53:25     -452.518646        2.565347
BFGS:  494 14:53:26     -452.378662        2.238191
BFGS:  495 14:53:27     -452.413513        3.162847
BFGS:  496 14:53:28     -452.352448        3.594260
BFGS:  497 14:53:29     -451.178497        5.028895
BFGS:  498 14:53:29     -449.505463        5.092107
BFGS:  499 14:53:30     -447.929138        5.560727
BFGS:  500 14:53:31     -448.228912        4.487351
BFGS:  501 14:53:32     -447.916321        4.886902
BFGS:  502 14:53:32     -448.754333        3.835997
BFGS:  503 14:53:33     -448.940857        3.224834
BFGS:  504 14:53:34     -448.321442        4.319808
BFGS:  505 14:53:34     -449.083862        3.860209
BFGS:  506 14:53:35     -449.259735        5.054876
BFGS:  507 14:53:35     -448.185303        5.235275
BFGS:  508 14:53:36     -448.236481        3.973420
BFGS:  509 14:53:37     -448.316772        4.783872
BFGS:  510 14:53:37     -448.760071        6.143746
BFGS:  511 14:53:38     -448.237213        3.962131
BFGS:  512 14:53:39     -448.136505        3.367925
BFGS:  513 14:53:39     -447.500641        3.280170
BFGS:  514 14:53:40     -447.135956        2.905069
BFGS:  515 14:53:41     -447.629547        2.217572
BFGS:  516 14:53:41     -448.296295        2.492482
BFGS:  517 14:53:42     -449.153992        2.020127
BFGS:  518 14:53:42     -450.056885        2.195309
BFGS:  519 14:53:43     -450.580383        2.081163
BFGS:  520 14:53:44     -451.043304        2.015214
BFGS:  521 14:53:44     -451.330322        1.700570
BFGS:  522 14:53:45     -451.458527        2.402954
BFGS:  523 14:53:46     -451.362488        3.254941
BFGS:  524 14:53:46     -451.238464        3.523535
BFGS:  525 14:53:47     -451.001312        3.821868
BFGS:  526 14:53:47     -451.394806        3.830009
BFGS:  527 14:53:48     -451.888885        2.948739
BFGS:  528 14:53:49     -452.312286        2.517971
BFGS:  529 14:53:49     -452.316895        2.415685
BFGS:  530 14:53:50     -452.417511        2.185641
BFGS:  531 14:53:51     -452.634583        2.414544
BFGS:  532 14:53:51     -452.904572        2.443010
BFGS:  533 14:53:52     -453.049438        1.947102
BFGS:  534 14:53:52     -453.005493        2.631532
BFGS:  535 14:53:53     -452.834167        2.711333
BFGS:  536 14:53:54     -453.216400        1.575554
BFGS:  537 14:53:54     -453.396484        2.007971
BFGS:  538 14:53:55     -453.483704        1.775944
BFGS:  539 14:53:56     -453.462738        1.490521
BFGS:  540 14:53:56     -453.129120        2.125790
BFGS:  541 14:53:57     -453.269653        1.656668
BFGS:  542 14:53:58     -452.913940        3.390640
BFGS:  543 14:53:58     -453.108337        2.102875
BFGS:  544 14:53:59     -453.342285        1.032145
BFGS:  545 14:54:00     -453.462494        1.151308
BFGS:  546 14:54:00     -453.615570        0.967898
BFGS:  547 14:54:01     -453.660522        1.335103
BFGS:  548 14:54:02     -453.733978        0.969459
BFGS:  549 14:54:02     -453.850708        0.611009
BFGS:  550 14:54:03     -453.908417        0.702075
BFGS:  551 14:54:03     -453.969330        0.752584
BFGS:  552 14:54:04     -453.960999        0.919195
BFGS:  553 14:54:05     -454.002838        0.627689
BFGS:  554 14:54:06     -454.013916        0.490145
BFGS:  555 14:54:06     -454.009521        0.691020
BFGS:  556 14:54:07     -453.987885        0.832468
BFGS:  557 14:54:08     -453.963043        0.547442
BFGS:  558 14:54:08     -453.913849        0.553252
BFGS:  559 14:54:09     -453.852570        0.789406
BFGS:  560 14:54:10     -453.794922        0.764384
BFGS:  561 14:54:10     -453.787018        0.597727
BFGS:  562 14:54:11     -453.820007        0.594455
BFGS:  563 14:54:12     -453.860718        0.606060
BFGS:  564 14:54:12     -453.899963        0.538144
BFGS:  565 14:54:13     -453.918091        0.458283
BFGS:  566 14:54:13     -453.926056        0.501421
BFGS:  567 14:54:14     -453.890747        0.673583
BFGS:  568 14:54:15     -453.882202        0.711256
BFGS:  569 14:54:15     -453.861115        0.909473
BFGS:  570 14:54:16     -453.893677        0.807341
BFGS:  571 14:54:17     -453.957489        0.957658
BFGS:  572 14:54:17     -453.970825        0.820003
BFGS:  573 14:54:18     -453.970673        1.096715
BFGS:  574 14:54:18     -453.996857        0.779661
BFGS:  575 14:54:19     -454.025085        0.553306
BFGS:  576 14:54:20     -454.041107        0.347542
BFGS:  577 14:54:20     -454.073914        1.071204
BFGS:  578 14:54:21     -454.076599        0.856514
BFGS:  579 14:54:22     -454.059662        0.474455
BFGS:  580 14:54:22     -454.068878        0.884542
BFGS:  581 14:54:23     -454.068024        1.254550
BFGS:  582 14:54:23     -453.990479        1.346118
BFGS:  583 14:54:24     -454.015533        0.589541
BFGS:  584 14:54:25     -454.102417        1.386313
BFGS:  585 14:54:25     -454.043396        1.413639
BFGS:  586 14:54:26     -453.870850        1.579909
BFGS:  587 14:54:27     -453.668396        1.471553
BFGS:  588 14:54:27     -453.721130        0.903982
BFGS:  589 14:54:28     -453.871368        2.073124
BFGS:  590 14:54:29     -453.692047        3.347661
BFGS:  591 14:54:29     -453.288025        4.528797
BFGS:  592 14:54:30     -452.719849        5.383400
BFGS:  593 14:54:30     -452.066986        5.879281
BFGS:  594 14:54:31     -451.543671        5.711944
BFGS:  595 14:54:32     -451.838135        4.661966
BFGS:  596 14:54:33     -452.538696        3.034237
BFGS:  597 14:54:34     -453.367981        2.318012
BFGS:  598 14:54:35     -453.788635        1.305015
BFGS:  599 14:54:35     -454.007721        0.579256
BFGS:  600 14:54:36     -454.102570        0.424334
BFGS:  601 14:54:37     -454.099091        0.623280
BFGS:  602 14:54:38     -454.036102        0.905129
BFGS:  603 14:54:38     -454.029388        0.889839
BFGS:  604 14:54:39     -454.078552        0.528544
BFGS:  605 14:54:39     -454.115417        0.424867
BFGS:  606 14:54:40     -454.096283        0.571260
BFGS:  607 14:54:41     -454.127869        0.316126
BFGS:  608 14:54:41     -454.080383        0.598244
BFGS:  609 14:54:42     -454.122620        0.325156
BFGS:  610 14:54:43     -454.131989        0.247175
BFGS:  611 14:54:43     -454.133881        0.236262
BFGS:  612 14:54:44     -454.133789        0.263624
BFGS:  613 14:54:45     -454.118683        0.409006
BFGS:  614 14:54:45     -454.083099        0.565613
BFGS:  615 14:54:46     -454.019653        0.770641
BFGS:  616 14:54:46     -453.915375        1.134798
BFGS:  617 14:54:47     -453.767609        1.328186
BFGS:  618 14:54:48     -453.556824        2.128239
BFGS:  619 14:54:48     -453.342621        1.757574
BFGS:  620 14:54:49     -452.991394        2.770893
BFGS:  621 14:54:50     -452.772247        3.038910
BFGS:  622 14:54:50     -452.764557        2.183660
BFGS:  623 14:54:51     -452.833801        2.585152
BFGS:  624 14:54:52     -452.823120        2.805090
BFGS:  625 14:54:52     -452.713531        2.952707
BFGS:  626 14:54:53     -452.589661        3.093855
BFGS:  627 14:54:54     -452.855316        3.176722
BFGS:  628 14:54:54     -452.790131        2.939152
BFGS:  629 14:54:55     -453.077026        2.189338
BFGS:  630 14:54:55     -453.287994        2.949120
BFGS:  631 14:54:56     -453.386871        2.980553
BFGS:  632 14:54:57     -453.564545        2.797802
BFGS:  633 14:54:57     -453.661560        1.338072
BFGS:  634 14:54:58     -453.451111        1.510166
BFGS:  635 14:54:59     -452.936615        2.418615
BFGS:  636 14:54:59     -452.702881        2.822059
BFGS:  637 14:55:00     -453.040558        1.994865
BFGS:  638 14:55:01     -453.237640        1.757973
BFGS:  639 14:55:02     -453.422516        2.029066
BFGS:  640 14:55:02     -453.570831        2.011273
BFGS:  641 14:55:03     -453.556610        1.044889
BFGS:  642 14:55:04     -453.238586        1.782950
BFGS:  643 14:55:05     -452.715240        2.714790
BFGS:  644 14:55:06     -452.272308        3.241571
BFGS:  645 14:55:06     -452.815369        2.214875
BFGS:  646 14:55:07     -453.209137        1.483897
BFGS:  647 14:55:08     -453.436798        1.714402
BFGS:  648 14:55:10     -453.502563        1.679901
BFGS:  649 14:55:11     -453.300934        1.421790
BFGS:  650 14:55:11     -452.633789        2.412123
BFGS:  651 14:55:12     -452.108917        2.955401
BFGS:  652 14:55:13     -452.711639        2.486850
BFGS:  653 14:55:14     -453.180084        1.400865
BFGS:  654 14:55:14     -453.394012        1.721809
BFGS:  655 14:55:15     -453.432648        1.718269
BFGS:  656 14:55:16     -453.206390        1.554286
BFGS:  657 14:55:17     -452.544952        2.522970
BFGS:  658 14:55:17     -452.050903        2.718822
BFGS:  659 14:55:18     -452.671753        2.639639
BFGS:  660 14:55:19     -453.046539        1.909487
BFGS:  661 14:55:19     -453.092896        2.226890
BFGS:  662 14:55:20     -452.974548        1.664026
BFGS:  663 14:55:20     -452.243652        2.760561
BFGS:  664 14:55:21     -452.759033        2.320134
BFGS:  665 14:55:22     -453.011688        2.108160
BFGS:  666 14:55:22     -452.908539        2.155457
BFGS:  667 14:55:23     -452.808990        2.076766
BFGS:  668 14:55:24     -452.406708        3.134440
BFGS:  669 14:55:24     -452.439545        3.641634
BFGS:  670 14:55:25     -452.617096        1.954404
BFGS:  671 14:55:26     -452.735107        1.315736
BFGS:  672 14:55:26     -453.090729        1.970651
BFGS:  673 14:55:27     -453.170868        2.843266
BFGS:  674 14:55:28     -453.212341        2.342883
BFGS:  675 14:55:28     -453.228699        1.365011
BFGS:  676 14:55:29     -453.181122        1.170210
BFGS:  677 14:55:30     -453.203003        2.161969
BFGS:  678 14:55:30     -453.360107        2.788509
BFGS:  679 14:55:31     -453.603912        2.294365
BFGS:  680 14:55:32     -453.892120        2.405905
BFGS:  681 14:55:32     -454.175232        2.031796
BFGS:  682 14:55:33     -454.498535        1.775317
BFGS:  683 14:55:34     -454.572083        1.193326
BFGS:  684 14:55:34     -454.574707        1.226687
BFGS:  685 14:55:35     -454.671356        1.077365
BFGS:  686 14:55:36     -454.816284        0.920568
BFGS:  687 14:55:36     -454.880798        0.830067
BFGS:  688 14:55:37     -454.931854        0.757399
BFGS:  689 14:55:38     -454.950073        1.268610
BFGS:  690 14:55:38     -454.983521        0.966889
BFGS:  691 14:55:39     -455.021057        0.594959
BFGS:  692 14:55:40     -455.021698        0.876669
BFGS:  693 14:55:40     -455.055145        0.694533
BFGS:  694 14:55:41     -455.121582        0.605598
BFGS:  695 14:55:41     -455.146820        0.781654
BFGS:  696 14:55:42     -455.160065        0.622277
BFGS:  697 14:55:43     -455.170929        0.782488
BFGS:  698 14:55:43     -455.177979        0.911324
BFGS:  699 14:55:44     -455.180695        1.034365
BFGS:  700 14:55:45     -455.183105        0.989001
BFGS:  701 14:55:45     -455.191101        0.842863
BFGS:  702 14:55:46     -455.205963        0.716079
BFGS:  703 14:55:47     -455.223022        0.626986
BFGS:  704 14:55:47     -455.237000        0.584045
BFGS:  705 14:55:48     -455.245544        0.552874
BFGS:  706 14:55:49     -455.248993        0.555582
BFGS:  707 14:55:49     -455.249512        0.543885
BFGS:  708 14:55:50     -455.248627        0.582429
BFGS:  709 14:55:50     -455.246948        0.633009
BFGS:  710 14:55:51     -455.244690        0.713544
BFGS:  711 14:55:52     -455.239227        1.107138
BFGS:  712 14:55:52     -455.233612        0.791372
BFGS:  713 14:55:53     -455.234253        0.712278
BFGS:  714 14:55:54     -455.216492        0.512868
BFGS:  715 14:55:54     -455.210754        0.706594
BFGS:  716 14:55:55     -455.187469        0.469629
BFGS:  717 14:55:56     -455.146759        0.428209
BFGS:  718 14:55:56     -455.134552        0.426119
BFGS:  719 14:55:57     -455.129303        0.561640
BFGS:  720 14:55:57     -455.120300        0.715062
BFGS:  721 14:55:58     -455.114685        1.171857
BFGS:  722 14:55:59     -455.061981        1.274868
BFGS:  723 14:55:59     -454.916656        1.613670
BFGS:  724 14:56:00     -454.779663        2.214541
BFGS:  725 14:56:01     -454.629700        2.540728
BFGS:  726 14:56:01     -454.469879        2.743037
BFGS:  727 14:56:02     -454.286102        2.869502
BFGS:  728 14:56:02     -454.079437        2.945583
BFGS:  729 14:56:03     -453.843994        2.991595
BFGS:  730 14:56:04     -453.597412        3.061248
BFGS:  731 14:56:05     -453.402435        3.113194
BFGS:  732 14:56:05     -453.301025        2.945741
BFGS:  733 14:56:06     -453.225067        3.130884
BFGS:  734 14:56:07     -452.979889        4.283624
BFGS:  735 14:56:08     -452.501282        4.198326
BFGS:  736 14:56:08     -452.392273        3.491045
BFGS:  737 14:56:09     -452.523224        4.131774
BFGS:  738 14:56:09     -452.235107        6.416382
BFGS:  739 14:56:10     -451.583038        7.427508
BFGS:  740 14:56:11     -451.448669        5.775569
BFGS:  741 14:56:11     -452.275726        3.504743
BFGS:  742 14:56:12     -452.242218        5.400865
BFGS:  743 14:56:13     -452.399445        5.608041
BFGS:  744 14:56:13     -452.798157        4.106041
BFGS:  745 14:56:14     -453.118896        2.572223
BFGS:  746 14:56:14     -453.414215        1.314271
BFGS:  747 14:56:15     -453.600159        0.985711
BFGS:  748 14:56:16     -453.574768        1.751892
BFGS:  749 14:56:16     -453.685547        3.140907
BFGS:  750 14:56:17     -453.910889        3.712702
BFGS:  751 14:56:18     -453.882050        3.529300
BFGS:  752 14:56:18     -453.614044        3.433189
BFGS:  753 14:56:19     -453.221710        3.432326
BFGS:  754 14:56:20     -453.498291        3.306274
BFGS:  755 14:56:20     -453.783936        3.817640
BFGS:  756 14:56:21     -453.887207        3.059591
BFGS:  757 14:56:21     -453.919098        3.057422
BFGS:  758 14:56:22     -453.889221        2.816769
BFGS:  759 14:56:23     -453.903870        2.344489
BFGS:  760 14:56:23     -453.944733        1.651296
BFGS:  761 14:56:24     -453.993622        1.004792
BFGS:  762 14:56:25     -454.034119        0.873179
BFGS:  763 14:56:25     -454.065704        0.872942
BFGS:  764 14:56:26     -454.086487        0.752097
BFGS:  765 14:56:26     -454.085266        0.624789
BFGS:  766 14:56:27     -454.064819        1.057338
BFGS:  767 14:56:28     -454.045380        1.309656
BFGS:  768 14:56:28     -454.040802        1.150540
BFGS:  769 14:56:29     -454.046906        0.717257
BFGS:  770 14:56:30     -454.051056        0.470176
BFGS:  771 14:56:30     -454.044373        0.462031
BFGS:  772 14:56:31     -454.042114        0.712092
BFGS:  773 14:56:31     -454.050140        0.790628
BFGS:  774 14:56:32     -454.059448        0.659947
BFGS:  775 14:56:33     -454.031311        1.697562
BFGS:  776 14:56:33     -453.684845        5.457394
BFGS:  777 14:56:34     -452.858734        9.456964
BFGS:  778 14:56:35     -451.623840       11.843291
BFGS:  779 14:56:35     -451.384857       12.068365
BFGS:  780 14:56:36     -450.924164       11.832291
BFGS:  781 14:56:36     -450.294952       11.130569
BFGS:  782 14:56:37     -449.387634       10.124250
BFGS:  783 14:56:38     -449.160889        9.754576
BFGS:  784 14:56:38     -449.085815        8.657094
BFGS:  785 14:56:39     -449.946075        9.003738
BFGS:  786 14:56:40     -450.142426        7.144571
BFGS:  787 14:56:40     -450.646912        6.471159
BFGS:  788 14:56:41     -451.512756        5.461410
BFGS:  789 14:56:42     -451.989288        5.226455
BFGS:  790 14:56:42     -452.180847        5.584442
BFGS:  791 14:56:43     -452.396545        5.513204
BFGS:  792 14:56:43     -452.760712        4.048335
BFGS:  793 14:56:44     -453.125488        2.435913
BFGS:  794 14:56:45     -453.322113        1.650140
BFGS:  795 14:56:45     -453.436127        1.473965
BFGS:  796 14:56:46     -453.435028        1.805268
BFGS:  797 14:56:47     -453.383392        2.062738
BFGS:  798 14:56:48     -453.146179        3.241503
BFGS:  799 14:56:49     -452.569305        3.859335
BFGS:  800 14:56:49     -451.840668        3.546046
      Step     Time          Energy          fmax
FIRE:    0 14:56:49     -451.840668        3.546046
FIRE:    1 14:56:50     -452.027435        3.033907
FIRE:    2 14:56:50     -452.180756        2.834771
FIRE:    3 14:56:51     -452.379364        2.870798
FIRE:    4 14:56:51     -452.791229        2.991347
FIRE:    5 14:56:52     -453.120117        3.307507
FIRE:    6 14:56:52     -453.325134        2.892356
FIRE:    7 14:56:53     -453.321533        2.196979
FIRE:    8 14:56:53     -453.362213        1.919087
FIRE:    9 14:56:54     -453.425690        1.432655
FIRE:   10 14:56:54     -453.485046        1.246082
FIRE:   11 14:56:55     -453.519073        1.585416
FIRE:   12 14:56:55     -453.525269        2.029919
FIRE:   13 14:56:55     -453.519073        2.408509
FIRE:   14 14:56:56     -453.518921        2.571582
FIRE:   15 14:56:56     -453.539978        2.426691
FIRE:   16 14:56:57     -453.593201        1.976753
FIRE:   17 14:56:57     -453.679962        1.461980
FIRE:   18 14:56:58     -453.786255        1.547592
FIRE:   19 14:56:58     -453.884979        1.617205
FIRE:   20 14:56:59     -453.954987        1.718311
FIRE:   21 14:56:59     -453.989899        1.691648
FIRE:   22 14:56:59     -454.035675        1.786065
FIRE:   23 14:57:00     -454.287231        2.597334
FIRE:   24 14:57:00     -454.641388        2.147423
FIRE:   25 14:57:01     -454.860291        1.640266
FIRE:   26 14:57:01     -454.994049        1.657929
FIRE:   27 14:57:02     -455.083771        1.663589
FIRE:   28 14:57:02     -455.142456        1.100043
FIRE:   29 14:57:03     -455.126312        1.661359
FIRE:   30 14:57:03     -455.136658        0.887338
FIRE:   31 14:57:04     -455.127502        1.009977
FIRE:   32 14:57:04     -455.117889        1.444726
FIRE:   33 14:57:05     -455.105713        1.015540
FIRE:   34 14:57:05     -455.049957        1.374880
FIRE:   35 14:57:05     -454.990906        0.870647
FIRE:   36 14:57:06     -454.902435        1.489250
FIRE:   37 14:57:06     -454.544800        2.820353
FIRE:   38 14:57:07     -454.940338        0.718717
FIRE:   39 14:57:07     -454.948303        0.687578
FIRE:   40 14:57:08     -454.957489        0.695713
FIRE:   41 14:57:08     -454.961761        0.726546
FIRE:   42 14:57:09     -454.963379        0.770030
FIRE:   43 14:57:09     -454.969208        0.793579
FIRE:   44 14:57:10     -454.981354        0.766056
FIRE:   45 14:57:10     -454.995850        0.671975
FIRE:   46 14:57:11     -455.009491        0.545740
FIRE:   47 14:57:11     -455.022614        0.472413
FIRE:   48 14:57:11     -455.037292        0.513246
FIRE:   49 14:57:12     -455.046051        0.723580
FIRE:   50 14:57:12     -455.044067        0.745739
FIRE:   51 14:57:13     -455.033875        0.587039
FIRE:   52 14:57:13     -454.998047        1.055466
FIRE:   53 14:57:14     -454.937775        1.269231
FIRE:   54 14:57:14     -454.826965        1.639374
FIRE:   55 14:57:15     -454.624390        2.175175
FIRE:   56 14:57:15     -454.257111        2.316919
FIRE:   57 14:57:16     -453.862396        2.487584
FIRE:   58 14:57:16     -453.473663        2.441613
FIRE:   59 14:57:16     -453.137726        2.697564
FIRE:   60 14:57:17     -452.888123        3.201456
FIRE:   61 14:57:17     -452.721924        3.114665
FIRE:   62 14:57:18     -452.432037        3.854632
FIRE:   63 14:57:18     -452.092072        4.069136
FIRE:   64 14:57:19     -451.892731        2.876654
FIRE:   65 14:57:19     -451.876312        2.851951
FIRE:   66 14:57:20     -451.916687        3.391460
FIRE:   67 14:57:20     -451.592194        3.632234
FIRE:   68 14:57:21     -451.129700        4.757975
FIRE:   69 14:57:21     -451.348907        6.821311
FIRE:   70 14:57:22     -451.642303        2.177605
FIRE:   71 14:57:22     -451.662659        2.154370
FIRE:   72 14:57:23     -451.677368        2.143891
FIRE:   73 14:57:23     -451.673676        2.312163
FIRE:   74 14:57:23     -451.675507        2.370353
FIRE:   75 14:57:24     -451.703766        2.207417
FIRE:   76 14:57:24     -451.743347        2.214129
FIRE:   77 14:57:25     -451.785461        2.175024
FIRE:   78 14:57:25     -451.826965        1.880956
FIRE:   79 14:57:26     -451.842346        1.737258
FIRE:   80 14:57:26     -451.808258        1.632325
FIRE:   81 14:57:27     -451.738007        1.739092
FIRE:   82 14:57:27     -451.702240        1.621756
FIRE:   83 14:57:28     -451.728577        1.160081
FIRE:   84 14:57:28     -451.800354        1.537662
FIRE:   85 14:57:29     -451.970734        1.178061
FIRE:   86 14:57:29     -452.195587        1.529232
FIRE:   87 14:57:30     -452.392212        1.521570
FIRE:   88 14:57:30     -452.448578        1.371826
FIRE:   89 14:57:30     -452.525604        1.118947
FIRE:   90 14:57:31     -452.592834        0.839730
FIRE:   91 14:57:31     -452.647797        0.726607
FIRE:   92 14:57:32     -452.696045        0.760705
FIRE:   93 14:57:32     -452.740234        0.833912
FIRE:   94 14:57:33     -452.785797        0.862075
FIRE:   95 14:57:33     -452.843353        0.919348
FIRE:   96 14:57:34     -452.911987        0.837635
FIRE:   97 14:57:34     -452.981079        0.882776
FIRE:   98 14:57:35     -453.047852        1.051893
FIRE:   99 14:57:35     -453.114349        0.870487
FIRE:  100 14:57:35     -453.151825        0.757330
FIRE:  101 14:57:36     -453.159943        0.850906
FIRE:  102 14:57:36     -453.141785        0.910935
FIRE:  103 14:57:37     -453.104462        0.839351
FIRE:  104 14:57:37     -453.048309        0.805700
FIRE:  105 14:57:38     -452.981293        0.783215
FIRE:  106 14:57:38     -452.912323        0.663081
FIRE:  107 14:57:39     -452.848480        0.587927
FIRE:  108 14:57:39     -452.794128        0.477140
FIRE:  109 14:57:40     -452.757019        0.789869
FIRE:  110 14:57:40     -452.743164        1.885187
FIRE:  111 14:57:41     -452.779968        0.448267
FIRE:  112 14:57:41     -452.767670        1.301803
FIRE:  113 14:57:42     -452.774994        1.061225
FIRE:  114 14:57:42     -452.784637        0.635642
FIRE:  115 14:57:42     -452.790375        0.296111
FIRE:  116 14:57:43     -452.790039        0.632114
FIRE:  117 14:57:43     -452.790466        0.608168
FIRE:  118 14:57:44     -452.791260        0.562452
FIRE:  119 14:57:44     -452.792297        0.499725
FIRE:  120 14:57:45     -452.793488        0.427824
FIRE:  121 14:57:45     -452.794678        0.358971
FIRE:  122 14:57:46     -452.795776        0.310069
FIRE:  123 14:57:46     -452.796814        0.295521
FIRE:  124 14:57:47     -452.797852        0.314743
FIRE:  125 14:57:47     -452.799133        0.350364
FIRE:  126 14:57:48     -452.800812        0.377599
FIRE:  127 14:57:48     -452.803101        0.378342
FIRE:  128 14:57:49     -452.806122        0.347573
FIRE:  129 14:57:49     -452.809753        0.305398
FIRE:  130 14:57:49     -452.813843        0.303604
FIRE:  131 14:57:50     -452.818329        0.350980
FIRE:  132 14:57:50     -452.823822        0.373439
FIRE:  133 14:57:51     -452.830719        0.330721
FIRE:  134 14:57:51     -452.838593        0.300673
FIRE:  135 14:57:52     -452.847260        0.343271
FIRE:  136 14:57:52     -452.857544        0.322436
FIRE:  137 14:57:53     -452.869080        0.302925
FIRE:  138 14:57:53     -452.881256        0.331223
FIRE:  139 14:57:54     -452.894501        0.313674
FIRE:  140 14:57:54     -452.907043        0.337162
FIRE:  141 14:57:54     -452.918732        0.298821
FIRE:  142 14:57:55     -452.927185        0.292200
FIRE:  143 14:57:55     -452.929443        0.347937
FIRE:  144 14:57:56     -452.922577        0.396607
FIRE:  145 14:57:56     -452.900574        0.854791
FIRE:  146 14:57:57     -452.839111        1.878309
FIRE:  147 14:57:57     -452.885040        0.475109
FIRE:  148 14:57:58     -452.850342        1.686921
FIRE:  149 14:57:58     -452.865784        1.306651
FIRE:  150 14:57:59     -452.882874        0.617362
FIRE:  151 14:57:59     -452.886200        0.419402
FIRE:  152 14:58:00     -452.886353        0.418522
FIRE:  153 14:58:00     -452.886658        0.417121
FIRE:  154 14:58:01     -452.887054        0.415824
FIRE:  155 14:58:01     -452.887421        0.415268
FIRE:  156 14:58:02     -452.887756        0.415833
FIRE:  157 14:58:02     -452.888000        0.417376
FIRE:  158 14:58:03     -452.888153        0.419094
FIRE:  159 14:58:03     -452.888336        0.419775
FIRE:  160 14:58:04     -452.888580        0.417427
FIRE:  161 14:58:04     -452.889008        0.409763
FIRE:  162 14:58:05     -452.889648        0.395212
FIRE:  163 14:58:05     -452.890442        0.374102
FIRE:  164 14:58:06     -452.891266        0.349494
FIRE:  165 14:58:06     -452.892120        0.325102
FIRE:  166 14:58:07     -452.893250        0.300979
FIRE:  167 14:58:07     -452.894775        0.275172
FIRE:  168 14:58:08     -452.896545        0.249873
FIRE:  169 14:58:08     -452.898529        0.219550
FIRE:  170 14:58:09     -452.901184        0.169606
FIRE:  171 14:58:09     -452.904205        0.136089
FIRE:  172 14:58:09     -452.907990        0.111600
FIRE:  173 14:58:10     -452.912231        0.137489
FIRE:  174 14:58:10     -452.917084        0.148019
FIRE:  175 14:58:11     -452.921539        0.169544
FIRE:  176 14:58:11     -452.925110        0.198416
FIRE:  177 14:58:12     -452.926819        0.218517
FIRE:  178 14:58:12     -452.925079        0.264002
FIRE:  179 14:58:13     -452.918762        0.303577
FIRE:  180 14:58:13     -452.907501        0.327545
FIRE:  181 14:58:14     -452.890076        0.464184
FIRE:  182 14:58:14     -452.809448        2.112059
FIRE:  183 14:58:15     -452.869812        0.938556
FIRE:  184 14:58:15     -452.877930        0.627877
FIRE:  185 14:58:15     -452.884186        0.251662
FIRE:  186 14:58:16     -452.881775        0.458857
FIRE:  187 14:58:16     -452.882385        0.417369
FIRE:  188 14:58:17     -452.883453        0.338528
FIRE:  189 14:58:17     -452.884613        0.249295
FIRE:  190 14:58:18     -452.885529        0.242352
FIRE:  191 14:58:18     -452.885986        0.235844
FIRE:  192 14:58:19     -452.886078        0.230209
FIRE:  193 14:58:19     -452.886078        0.225299
FIRE:  194 14:58:20     -452.886292        0.263323
FIRE:  195 14:58:20     -452.886993        0.259606
FIRE:  196 14:58:20     -452.888214        0.206850
FIRE:  197 14:58:21     -452.889618        0.199016
FIRE:  198 14:58:21     -452.890747        0.191037
FIRE:  199 14:58:22     -452.891724        0.181578
FIRE:  200 14:58:22     -452.893280        0.197006
FIRE:  201 14:58:23     -452.895691        0.149553
FIRE:  202 14:58:23     -452.897980        0.131504
FIRE:  203 14:58:24     -452.900360        0.191045
FIRE:  204 14:58:24     -452.903900        0.129557
FIRE:  205 14:58:25     -452.907257        0.160534
FIRE:  206 14:58:25     -452.911285        0.160543
FIRE:  207 14:58:26     -452.915375        0.176801
FIRE:  208 14:58:26     -452.919525        0.188764
FIRE:  209 14:58:27     -452.922089        0.238879
FIRE:  210 14:58:27     -452.923981        0.172660
FIRE:  211 14:58:27     -452.922638        0.200657
FIRE:  212 14:58:28     -452.916809        0.251069
FIRE:  213 14:58:28     -452.905548        0.395855
FIRE:  214 14:58:29     -452.873566        1.505722
FIRE:  215 14:58:29     -452.895538        0.421203
FIRE:  216 14:58:30     -452.896576        0.328111
FIRE:  217 14:58:30     -452.897644        0.304576
FIRE:  218 14:58:31     -452.897949        0.286240
FIRE:  219 14:58:31     -452.898041        0.276025
FIRE:  220 14:58:32     -452.898773        0.282410
FIRE:  221 14:58:32     -452.900177        0.250048
FIRE:  222 14:58:32     -452.901398        0.241777
FIRE:  223 14:58:33     -452.902191        0.232317
FIRE:  224 14:58:33     -452.903442        0.238247
FIRE:  225 14:58:34     -452.905426        0.162250
FIRE:  226 14:58:34     -452.907074        0.155518
FIRE:  227 14:58:35     -452.909149        0.180619
FIRE:  228 14:58:35     -452.911682        0.093028
FIRE:  229 14:58:36     -452.914032        0.172713
FIRE:  230 14:58:36     -452.916748        0.116001
FIRE:  231 14:58:37     -452.919159        0.125434
FIRE:  232 14:58:37     -452.920685        0.194361
FIRE:  233 14:58:37     -452.921326        0.187985
FIRE:  234 14:58:38     -452.919830        0.227859
FIRE:  235 14:58:38     -452.913910        0.537140
FIRE:  236 14:58:39     -452.916718        0.208456
FIRE:  237 14:58:39     -452.914032        0.484365
FIRE:  238 14:58:40     -452.914978        0.370832
FIRE:  239 14:58:40     -452.915985        0.208961
FIRE:  240 14:58:41     -452.916077        0.201796
FIRE:  241 14:58:41     -452.915283        0.258507
FIRE:  242 14:58:42     -452.915344        0.242405
FIRE:  243 14:58:42     -452.915466        0.212818
FIRE:  244 14:58:43     -452.915619        0.206618
FIRE:  245 14:58:43     -452.915741        0.200550
FIRE:  246 14:58:43     -452.915802        0.195946
FIRE:  247 14:58:44     -452.915802        0.193605
FIRE:  248 14:58:44     -452.915710        0.193372
FIRE:  249 14:58:45     -452.915558        0.194276
FIRE:  250 14:58:45     -452.915405        0.194779
FIRE:  251 14:58:46     -452.915253        0.193148
FIRE:  252 14:58:46     -452.915192        0.188584
FIRE:  253 14:58:47     -452.915100        0.182371
FIRE:  254 14:58:47     -452.914978        0.177874
FIRE:  255 14:58:48     -452.914703        0.176622
FIRE:  256 14:58:48     -452.914398        0.173817
FIRE:  257 14:58:48     -452.914215        0.164114
FIRE:  258 14:58:49     -452.914001        0.151477
FIRE:  259 14:58:49     -452.913666        0.142557
FIRE:  260 14:58:50     -452.913513        0.128867
FIRE:  261 14:58:50     -452.913452        0.118151
FIRE:  262 14:58:51     -452.913513        0.105482
FIRE:  263 14:58:51     -452.913940        0.073813
FIRE:  264 14:58:52     -452.914703        0.058652
FIRE:  265 14:58:52     -452.915833        0.119320
FIRE:  266 14:58:53     -452.917450        0.104152
FIRE:  267 14:58:53     -452.919250        0.112581
FIRE:  268 14:58:53     -452.920715        0.121014
FIRE:  269 14:58:54     -452.921204        0.147883
FIRE:  270 14:58:54     -452.919312        0.312034
FIRE:  271 14:58:55     -452.906525        0.967075
FIRE:  272 14:58:55     -452.916931        0.205948
FIRE:  273 14:58:56     -452.917114        0.202027
FIRE:  274 14:58:56     -452.917206        0.200939
FIRE:  275 14:58:57     -452.917053        0.206720
FIRE:  276 14:58:57     -452.916779        0.212511
FIRE:  277 14:58:58     -452.916565        0.209271
FIRE:  278 14:58:58     -452.916504        0.196246
FIRE:  279 14:58:58     -452.916382        0.181294
FIRE:  280 14:58:59     -452.916046        0.171301
FIRE:  281 14:58:59     -452.915710        0.163052
FIRE:  282 14:59:00     -452.915527        0.151681
FIRE:  283 14:59:00     -452.915161        0.146761
FIRE:  284 14:59:01     -452.914917        0.131427
FIRE:  285 14:59:01     -452.914825        0.104136
FIRE:  286 14:59:02     -452.914856        0.083698
FIRE:  287 14:59:02     -452.915131        0.103932
FIRE:  288 14:59:03     -452.915924        0.049753
      Step     Time          Energy          fmax
BFGS:    0 20:20:57     -453.654510        3.014788
BFGS:    1 20:20:59     -453.763763        2.680252
BFGS:    2 20:21:00     -453.982758        3.041662
BFGS:    3 20:21:04     -454.016327        1.470528
BFGS:    4 20:21:05     -454.043579        1.173287
BFGS:    5 20:21:07     -454.091888        1.043518
BFGS:    6 20:21:08     -454.099609        0.698192
BFGS:    7 20:21:10     -454.123901        0.796270
BFGS:    8 20:21:15     -454.134552        1.030634
BFGS:    9 20:21:17     -454.129425        1.890454
BFGS:   10 20:21:18     -454.147583        1.484634
BFGS:   11 20:21:20     -454.162903        0.512744
BFGS:   12 20:21:23     -454.164429        0.333338
BFGS:   13 20:21:26     -454.169830        0.377172
BFGS:   14 20:21:27     -454.177277        0.402378
BFGS:   15 20:21:29     -454.182892        0.353730
BFGS:   16 20:21:31     -454.181702        0.343694
BFGS:   17 20:21:33     -454.173889        0.376262
BFGS:   18 20:21:38     -454.164703        0.305323
BFGS:   19 20:21:39     -454.170013        0.272410
BFGS:   20 20:21:40     -454.180817        0.250927
BFGS:   21 20:21:46     -454.185150        0.226325
BFGS:   22 20:21:47     -454.185944        0.170195
BFGS:   23 20:21:50     -454.184906        0.161398
BFGS:   24 20:21:57     -454.183044        0.176564
BFGS:   25 20:21:58     -454.181183        0.194769
BFGS:   26 20:22:00     -454.179504        0.237036
BFGS:   27 20:22:01     -454.178955        0.272768
BFGS:   28 20:22:03     -454.178070        0.360306
BFGS:   29 20:22:06     -454.176453        0.345279
BFGS:   30 20:22:08     -454.176117        0.318325
BFGS:   31 20:22:12     -454.177124        0.257266
BFGS:   32 20:22:14     -454.177734        0.205149
BFGS:   33 20:22:20     -454.178406        0.181055
BFGS:   34 20:22:23     -454.179016        0.140378
BFGS:   35 20:22:29     -454.179718        0.105628
BFGS:   36 20:22:31     -454.180115        0.155773
BFGS:   37 20:22:35     -454.180267        0.128139
BFGS:   38 20:22:37     -454.180359        0.095366
BFGS:   39 20:22:41     -454.180267        0.070430
BFGS:   40 20:22:46     -454.180267        0.080916
BFGS:   41 20:22:48     -454.180328        0.078613
BFGS:   42 20:22:53     -454.180450        0.064974
BFGS:   43 20:22:58     -454.180634        0.062524
BFGS:   44 20:22:59     -454.180817        0.067161
BFGS:   45 20:23:00     -454.180908        0.062778
BFGS:   46 20:23:04     -454.181000        0.066767
BFGS:   47 20:23:08     -454.181183        0.067956
BFGS:   48 20:23:11     -454.181305        0.054644
BFGS:   49 20:23:13     -454.181366        0.064998
BFGS:   50 20:23:16     -454.181305        0.051564
BFGS:   51 20:23:19     -454.181274        0.078928
BFGS:   52 20:23:20     -454.181305        0.052147
BFGS:   53 20:23:22     -454.181305        0.048574
