      Step     Time          Energy          fmax
BFGS:    0 03:36:36     -440.442657        1.153549
BFGS:    1 03:36:36     -440.527496        0.871119
BFGS:    2 03:36:37     -440.614685        0.518291
BFGS:    3 03:36:37     -440.635437        0.392310
BFGS:    4 03:36:38     -440.676727        0.333453
BFGS:    5 03:36:38     -440.696106        0.331572
BFGS:    6 03:36:39     -440.727631        0.349194
BFGS:    7 03:36:39     -440.748138        0.324456
BFGS:    8 03:36:40     -440.748230        0.340769
BFGS:    9 03:36:40     -440.747986        0.271391
BFGS:   10 03:36:41     -440.747864        0.230079
BFGS:   11 03:36:41     -440.748169        0.210650
BFGS:   12 03:36:42     -440.748688        0.250605
BFGS:   13 03:36:42     -440.748962        0.214762
BFGS:   14 03:36:43     -440.749054        0.158814
      Step     Time          Energy          fmax
BFGS:    0 11:20:27     -458.519287        4.287626
BFGS:    1 11:20:28     -458.798706        3.244166
BFGS:    2 11:20:29     -458.913574        1.980888
BFGS:    3 11:20:30     -458.956482        1.471000
BFGS:    4 11:20:30     -458.907776        1.524216
BFGS:    5 11:20:31     -458.913147        1.270636
BFGS:    6 11:20:32     -458.866425        0.645547
BFGS:    7 11:20:32     -458.868744        0.806722
BFGS:    8 11:20:33     -458.926910        1.060160
BFGS:    9 11:20:34     -458.970001        1.174065
BFGS:   10 11:20:35     -458.960266        1.601431
BFGS:   11 11:20:36     -458.904053        1.474572
BFGS:   12 11:20:36     -458.762146        1.359328
BFGS:   13 11:20:37     -458.870941        1.254622
BFGS:   14 11:20:38     -458.887329        1.188180
BFGS:   15 11:20:38     -458.921692        0.616078
BFGS:   16 11:20:39     -458.902740        0.721656
BFGS:   17 11:20:40     -458.916809        0.417585
BFGS:   18 11:20:40     -458.948975        0.722650
BFGS:   19 11:20:41     -458.946930        0.394050
BFGS:   20 11:20:42     -458.945984        0.341709
BFGS:   21 11:20:42     -458.944458        0.276271
BFGS:   22 11:20:43     -458.945282        0.216706
BFGS:   23 11:20:44     -458.939240        0.225717
BFGS:   24 11:20:46     -458.941467        0.231199
BFGS:   25 11:20:47     -458.949341        0.363163
BFGS:   26 11:20:47     -458.946442        0.293930
BFGS:   27 11:20:48     -458.939392        0.313309
BFGS:   28 11:20:49     -458.948059        0.297522
BFGS:   29 11:20:49     -458.936829        0.320731
BFGS:   30 11:20:50     -458.949982        0.189214
BFGS:   31 11:20:51     -458.951538        0.135569
BFGS:   32 11:20:52     -458.952209        0.133405
BFGS:   33 11:20:52     -458.949219        0.255324
BFGS:   34 11:20:53     -458.955902        0.113983
BFGS:   35 11:20:54     -458.956848        0.116508
BFGS:   36 11:20:54     -458.958832        0.103898
BFGS:   37 11:20:55     -458.962341        0.094250
BFGS:   38 11:20:56     -458.963043        0.089874
BFGS:   39 11:20:56     -458.963959        0.126483
BFGS:   40 11:20:57     -458.964813        0.112874
BFGS:   41 11:20:58     -458.964966        0.095659
BFGS:   42 11:20:59     -458.964783        0.104940
BFGS:   43 11:21:00     -458.965637        0.104216
BFGS:   44 11:21:00     -458.966370        0.101353
BFGS:   45 11:21:01     -458.964630        0.177592
BFGS:   46 11:21:02     -458.963684        0.160693
BFGS:   47 11:21:02     -458.965515        0.173003
BFGS:   48 11:21:03     -458.967773        0.212337
BFGS:   49 11:21:04     -458.968262        0.111563
BFGS:   50 11:21:05     -458.969299        0.106339
BFGS:   51 11:21:05     -458.970520        0.108321
BFGS:   52 11:21:06     -458.969727        0.234635
BFGS:   53 11:21:07     -458.961609        0.409602
BFGS:   54 11:21:07     -458.965271        0.312092
BFGS:   55 11:21:08     -458.972076        0.558915
BFGS:   56 11:21:09     -458.976807        0.163707
BFGS:   57 11:21:10     -458.976654        0.141869
BFGS:   58 11:21:10     -458.978729        0.134298
BFGS:   59 11:21:11     -458.983459        0.173302
BFGS:   60 11:21:12     -458.985107        0.106699
BFGS:   61 11:21:13     -458.985352        0.201807
BFGS:   62 11:21:13     -458.985046        0.254098
BFGS:   63 11:21:14     -458.987518        0.132301
BFGS:   64 11:21:15     -458.990021        0.144029
BFGS:   65 11:21:15     -458.993469        0.284231
BFGS:   66 11:21:16     -458.994751        0.276237
BFGS:   67 11:21:17     -458.992493        0.349173
BFGS:   68 11:21:17     -458.995667        0.378107
BFGS:   69 11:21:18     -459.001099        0.280674
BFGS:   70 11:21:19     -458.994080        0.415652
BFGS:   71 11:21:19     -458.996948        0.300464
BFGS:   72 11:21:20     -459.006683        0.210222
BFGS:   73 11:21:21     -459.006866        0.144936
BFGS:   74 11:21:21     -459.009369        0.119567
BFGS:   75 11:21:22     -459.012482        0.081835
BFGS:   76 11:21:23     -459.013672        0.079408
BFGS:   77 11:21:24     -459.015625        0.105457
BFGS:   78 11:21:24     -459.016510        0.163894
BFGS:   79 11:21:25     -458.995758        0.863076
BFGS:   80 11:21:26     -459.002594        0.609036
BFGS:   81 11:21:27     -458.972382        0.432248
BFGS:   82 11:21:27     -458.995453        1.324006
BFGS:   83 11:21:28     -459.012054        0.838077
BFGS:   84 11:21:29     -459.011993        0.259150
BFGS:   85 11:21:29     -459.019073        0.429370
BFGS:   86 11:21:30     -458.909698        1.098188
BFGS:   87 11:21:31     -458.791260        1.053411
BFGS:   88 11:21:32     -458.748840        2.170727
BFGS:   89 11:21:32     -458.923584        2.082119
BFGS:   90 11:21:33     -458.995758        1.507162
BFGS:   91 11:21:34     -458.949280        1.190095
BFGS:   92 11:21:34     -458.924011        1.174318
BFGS:   93 11:21:35     -458.975586        0.720646
BFGS:   94 11:21:36     -458.994446        1.902127
BFGS:   95 11:21:36     -458.883118        2.372452
BFGS:   96 11:21:37     -458.737793        2.118785
BFGS:   97 11:21:38     -458.613678        2.094061
BFGS:   98 11:21:39     -458.906403        1.450673
BFGS:   99 11:21:39     -459.038605        1.141290
BFGS:  100 11:21:40     -459.029358        1.508443
BFGS:  101 11:21:41     -458.944702        1.841044
BFGS:  102 11:21:41     -458.790955        1.666621
BFGS:  103 11:21:42     -458.824707        1.388951
BFGS:  104 11:21:43     -458.952515        2.716939
BFGS:  105 11:21:44     -458.806183        3.001508
BFGS:  106 11:21:44     -458.735718        2.188161
BFGS:  107 11:21:45     -458.879608        1.309287
BFGS:  108 11:21:46     -458.948456        1.025323
BFGS:  109 11:21:47     -458.955292        1.194572
BFGS:  110 11:21:48     -459.013062        0.557054
BFGS:  111 11:21:48     -459.033783        0.886691
BFGS:  112 11:21:49     -458.990509        2.000011
BFGS:  113 11:21:50     -458.786041        2.144711
BFGS:  114 11:21:50     -458.524139        2.097067
BFGS:  115 11:21:51     -458.624420        1.586964
BFGS:  116 11:21:52     -459.009613        1.468588
BFGS:  117 11:21:52     -459.140381        2.215851
BFGS:  118 11:21:53     -459.175720        1.853057
BFGS:  119 11:21:54     -459.168579        1.518463
BFGS:  120 11:21:55     -459.101135        1.577595
BFGS:  121 11:21:56     -458.859558        2.298064
BFGS:  122 11:21:56     -458.525848        2.404122
BFGS:  123 11:21:57     -458.094940        3.042894
BFGS:  124 11:21:58     -457.620605        3.270662
BFGS:  125 11:21:58     -457.108215        3.768317
BFGS:  126 11:21:59     -456.464966        4.674568
BFGS:  127 11:22:00     -455.551880        5.919874
BFGS:  128 11:22:01     -454.636902        6.329851
BFGS:  129 11:22:01     -453.832733        6.489670
BFGS:  130 11:22:02     -452.951324        5.558728
BFGS:  131 11:22:03     -451.992065        5.374336
BFGS:  132 11:22:03     -451.536285        5.998381
BFGS:  133 11:22:04     -450.383698        7.961058
BFGS:  134 11:22:05     -448.933502        7.884807
BFGS:  135 11:22:05     -448.127411        5.184975
BFGS:  136 11:22:06     -448.563202        7.376408
BFGS:  137 11:22:07     -450.075439        5.858674
BFGS:  138 11:22:08     -450.545807        4.463651
BFGS:  139 11:22:09     -450.020477        4.766264
BFGS:  140 11:22:09     -449.082520        6.818879
BFGS:  141 11:22:10     -448.295258        7.783640
BFGS:  142 11:22:11     -448.272736        7.843478
BFGS:  143 11:22:12     -449.040833        7.233580
BFGS:  144 11:22:12     -449.320953        6.163318
BFGS:  145 11:22:13     -449.094147        4.137845
BFGS:  146 11:22:14     -450.146484        4.453107
BFGS:  147 11:22:14     -451.319092        3.566576
BFGS:  148 11:22:15     -451.988464        2.890506
BFGS:  149 11:22:16     -451.708557        6.421406
BFGS:  150 11:22:16     -451.422394        5.810897
BFGS:  151 11:22:17     -451.966095        7.206264
BFGS:  152 11:22:18     -452.508118        5.614242
BFGS:  153 11:22:18     -452.665344        3.672034
BFGS:  154 11:22:19     -452.946350        3.385245
BFGS:  155 11:22:20     -453.285187        3.371023
BFGS:  156 11:22:20     -453.605835        4.184015
BFGS:  157 11:22:21     -453.907867        4.057172
BFGS:  158 11:22:22     -454.042267        3.424606
BFGS:  159 11:22:22     -454.152649        3.173137
BFGS:  160 11:22:23     -454.222504        2.505084
BFGS:  161 11:22:24     -454.223511        2.380346
BFGS:  162 11:22:24     -454.254608        2.513800
BFGS:  163 11:22:25     -454.328125        2.429014
BFGS:  164 11:22:26     -454.534760        2.658519
BFGS:  165 11:22:26     -454.850800        3.727075
BFGS:  166 11:22:27     -455.455505        4.856176
BFGS:  167 11:22:28     -456.232056        4.993895
BFGS:  168 11:22:28     -456.893646        3.681878
BFGS:  169 11:22:29     -457.452667        2.803667
BFGS:  170 11:22:30     -458.022797        2.534914
BFGS:  171 11:22:30     -458.322021        1.544968
BFGS:  172 11:22:31     -458.527039        0.929685
BFGS:  173 11:22:32     -458.611450        0.825827
BFGS:  174 11:22:33     -458.703278        0.959171
BFGS:  175 11:22:33     -458.754211        0.766985
BFGS:  176 11:22:34     -458.801239        0.745474
BFGS:  177 11:22:35     -458.788452        1.335469
BFGS:  178 11:22:35     -458.308716        1.810575
BFGS:  179 11:22:36     -458.637268        1.498049
BFGS:  180 11:22:37     -458.644043        1.377817
BFGS:  181 11:22:37     -458.614563        1.347531
BFGS:  182 11:22:38     -458.573059        1.316913
BFGS:  183 11:22:39     -458.475494        1.241781
BFGS:  184 11:22:40     -458.376282        1.307209
BFGS:  185 11:22:40     -458.302429        1.394131
BFGS:  186 11:22:41     -458.253876        1.435760
BFGS:  187 11:22:42     -458.224884        1.452064
BFGS:  188 11:22:42     -458.152771        1.461175
BFGS:  189 11:22:43     -458.044769        1.494903
BFGS:  190 11:22:44     -457.908661        1.558762
BFGS:  191 11:22:45     -457.761169        1.634206
BFGS:  192 11:22:46     -457.601959        1.716761
BFGS:  193 11:22:47     -457.429962        1.804348
BFGS:  194 11:22:48     -457.244415        1.897135
BFGS:  195 11:22:49     -457.043671        1.994353
BFGS:  196 11:22:49     -456.826202        2.098184
BFGS:  197 11:22:50     -456.590088        2.210141
BFGS:  198 11:22:50     -456.333435        2.329685
BFGS:  199 11:22:51     -456.054565        2.448940
BFGS:  200 11:22:52     -455.753662        2.552268
BFGS:  201 11:22:53     -455.433655        2.610108
BFGS:  202 11:22:53     -455.105469        2.560268
BFGS:  203 11:22:54     -454.827301        2.209528
BFGS:  204 11:22:55     -455.154938        3.326264
BFGS:  205 11:22:56     -455.388641        2.269014
BFGS:  206 11:22:56     -454.985016        3.853665
BFGS:  207 11:22:57     -454.426758        3.681603
BFGS:  208 11:22:58     -453.990021        3.102199
BFGS:  209 11:22:58     -453.938202        1.994931
BFGS:  210 11:22:59     -454.378632        2.650714
BFGS:  211 11:23:00     -455.041351        4.641686
BFGS:  212 11:23:00     -455.389465        5.214136
BFGS:  213 11:23:01     -455.743713        2.240492
BFGS:  214 11:23:02     -455.924561        3.529811
BFGS:  215 11:23:02     -456.146179        1.786351
BFGS:  216 11:23:03     -456.312256        1.094841
BFGS:  217 11:23:04     -456.379669        2.742323
BFGS:  218 11:23:04     -456.486633        1.902805
BFGS:  219 11:23:05     -456.643738        1.891398
BFGS:  220 11:23:06     -456.597137        2.438839
BFGS:  221 11:23:06     -456.295837        3.316689
BFGS:  222 11:23:07     -455.900452        3.708262
BFGS:  223 11:23:08     -455.455597        3.961869
BFGS:  224 11:23:09     -455.012909        4.045726
BFGS:  225 11:23:09     -454.598877        4.354178
BFGS:  226 11:23:10     -454.263153        4.691136
BFGS:  227 11:23:11     -454.088287        4.882555
BFGS:  228 11:23:11     -454.128540        4.697316
BFGS:  229 11:23:12     -454.350220        3.811108
BFGS:  230 11:23:13     -454.641174        2.980793
BFGS:  231 11:23:13     -454.918976        3.244065
BFGS:  232 11:23:14     -454.975067        2.964807
BFGS:  233 11:23:15     -454.764282        4.163513
BFGS:  234 11:23:15     -454.406372        4.538381
BFGS:  235 11:23:17     -454.118195        3.985026
BFGS:  236 11:23:17     -454.009155        3.674403
BFGS:  237 11:23:18     -454.156677        2.011863
BFGS:  238 11:23:19     -454.277496        2.737898
BFGS:  239 11:23:19     -454.331177        2.870836
BFGS:  240 11:23:20     -454.323792        2.925067
BFGS:  241 11:23:21     -454.159180        3.044569
BFGS:  242 11:23:21     -453.893707        4.198575
BFGS:  243 11:23:22     -453.486206        5.603287
BFGS:  244 11:23:23     -453.228973        6.796757
BFGS:  245 11:23:23     -453.237366        5.970930
BFGS:  246 11:23:24     -453.358978        4.531799
BFGS:  247 11:23:25     -453.659424        3.781968
BFGS:  248 11:23:26     -453.918182        4.840007
BFGS:  249 11:23:26     -454.361298        4.057570
BFGS:  250 11:23:27     -454.922546        3.076266
BFGS:  251 11:23:28     -455.087189        2.670212
BFGS:  252 11:23:28     -455.204987        2.187393
BFGS:  253 11:23:29     -455.161011        4.358525
BFGS:  254 11:23:30     -454.910309        4.390767
BFGS:  255 11:23:30     -454.596283        3.647754
BFGS:  256 11:23:31     -454.314636        2.915786
BFGS:  257 11:23:32     -454.199219        3.234029
BFGS:  258 11:23:33     -454.312897        4.137120
BFGS:  259 11:23:33     -454.599762        5.349414
BFGS:  260 11:23:34     -454.955750        6.193557
BFGS:  261 11:23:35     -455.218140        5.938841
BFGS:  262 11:23:36     -455.398804        5.672178
BFGS:  263 11:23:36     -455.475189        5.131831
BFGS:  264 11:23:37     -455.338470        5.456305
BFGS:  265 11:23:38     -454.554993        4.362530
BFGS:  266 11:23:38     -455.004669        3.962935
BFGS:  267 11:23:39     -455.726990        4.137094
BFGS:  268 11:23:40     -456.085358        2.978333
BFGS:  269 11:23:40     -456.631134        4.861340
BFGS:  270 11:23:41     -456.986664        6.233107
BFGS:  271 11:23:42     -457.416138        5.715614
BFGS:  272 11:23:42     -457.977783        4.182069
BFGS:  273 11:23:43     -458.520111        2.711906
BFGS:  274 11:23:44     -458.804291        1.494259
BFGS:  275 11:23:45     -458.909698        0.951768
BFGS:  276 11:23:46     -458.970398        1.283741
BFGS:  277 11:23:47     -459.007599        1.600869
BFGS:  278 11:23:48     -459.048798        2.667913
BFGS:  279 11:23:48     -459.112518        3.074272
BFGS:  280 11:23:49     -459.097595        3.480637
BFGS:  281 11:23:50     -459.154938        2.168599
BFGS:  282 11:23:50     -459.195374        2.235215
BFGS:  283 11:23:51     -459.298889        2.068976
BFGS:  284 11:23:52     -459.348785        2.423874
BFGS:  285 11:23:53     -459.450836        1.997835
BFGS:  286 11:23:53     -459.464600        1.981029
BFGS:  287 11:23:54     -459.457916        1.794992
BFGS:  288 11:23:55     -459.441681        1.552122
BFGS:  289 11:23:55     -459.426910        1.635925
BFGS:  290 11:23:56     -459.411377        1.629321
BFGS:  291 11:23:57     -459.392731        1.750630
BFGS:  292 11:23:57     -459.374542        1.791459
BFGS:  293 11:23:58     -459.371918        1.585379
BFGS:  294 11:23:59     -459.376770        1.352670
BFGS:  295 11:24:00     -459.372070        1.116404
BFGS:  296 11:24:00     -459.355530        0.991384
BFGS:  297 11:24:01     -459.326538        0.966303
BFGS:  298 11:24:02     -459.297729        0.925078
BFGS:  299 11:24:03     -459.259064        0.967505
BFGS:  300 11:24:03     -459.239014        0.910261
BFGS:  301 11:24:04     -459.209778        0.830756
BFGS:  302 11:24:05     -459.205963        0.809354
BFGS:  303 11:24:05     -459.218201        0.814636
BFGS:  304 11:24:06     -459.238678        0.827896
BFGS:  305 11:24:07     -459.257568        0.814588
BFGS:  306 11:24:07     -459.273956        0.775918
BFGS:  307 11:24:08     -459.286743        0.907895
BFGS:  308 11:24:09     -459.290985        0.940256
BFGS:  309 11:24:09     -459.294250        0.890887
BFGS:  310 11:24:10     -459.298798        0.776570
BFGS:  311 11:24:11     -459.304199        0.635484
BFGS:  312 11:24:12     -459.313202        0.599360
BFGS:  313 11:24:12     -459.323700        0.608639
BFGS:  314 11:24:13     -459.336823        0.611970
BFGS:  315 11:24:13     -459.349640        0.620458
BFGS:  316 11:24:14     -459.363342        0.629753
BFGS:  317 11:24:15     -459.374664        0.641041
BFGS:  318 11:24:15     -459.377106        0.653628
BFGS:  319 11:24:16     -459.409698        1.442623
BFGS:  320 11:24:17     -459.397827        1.395490
BFGS:  321 11:24:18     -459.387543        1.009738
BFGS:  322 11:24:18     -459.399323        0.765214
BFGS:  323 11:24:19     -459.423492        0.765517
BFGS:  324 11:24:20     -459.426208        0.694656
BFGS:  325 11:24:20     -459.417908        0.822236
BFGS:  326 11:24:21     -459.447327        0.810656
BFGS:  327 11:24:22     -459.483978        0.535207
BFGS:  328 11:24:22     -459.489990        0.515719
BFGS:  329 11:24:23     -459.489563        0.609516
BFGS:  330 11:24:24     -459.489899        0.593904
BFGS:  331 11:24:25     -459.496063        0.494682
BFGS:  332 11:24:26     -459.476379        0.644554
BFGS:  333 11:24:26     -459.482544        0.575131
BFGS:  334 11:24:27     -459.481384        0.776628
BFGS:  335 11:24:28     -459.459747        0.975494
BFGS:  336 11:24:28     -459.411407        0.894080
BFGS:  337 11:24:29     -459.377563        0.885693
BFGS:  338 11:24:30     -459.346161        0.997154
BFGS:  339 11:24:30     -459.320343        1.243355
BFGS:  340 11:24:31     -459.295288        1.533359
BFGS:  341 11:24:32     -459.379852        1.036552
BFGS:  342 11:24:33     -459.439331        0.902279
BFGS:  343 11:24:33     -459.479767        0.837269
BFGS:  344 11:24:34     -459.489502        0.790516
BFGS:  345 11:24:35     -459.496643        0.834337
BFGS:  346 11:24:35     -459.482269        0.772698
BFGS:  347 11:24:36     -459.464996        0.770590
BFGS:  348 11:24:37     -459.462250        0.960694
BFGS:  349 11:24:38     -459.485291        0.757300
BFGS:  350 11:24:38     -459.468384        0.950264
BFGS:  351 11:24:39     -459.457275        1.145776
BFGS:  352 11:24:40     -459.439087        1.306677
BFGS:  353 11:24:40     -459.427734        1.357439
BFGS:  354 11:24:41     -459.405243        1.494187
BFGS:  355 11:24:42     -459.415192        0.906120
BFGS:  356 11:24:42     -459.392273        1.245431
BFGS:  357 11:24:43     -459.436798        1.232988
BFGS:  358 11:24:44     -459.465057        1.174556
BFGS:  359 11:24:44     -459.428558        1.144760
BFGS:  360 11:24:45     -459.453705        0.860804
BFGS:  361 11:24:46     -459.481720        0.832629
BFGS:  362 11:24:47     -459.483490        0.865255
BFGS:  363 11:24:48     -459.465027        1.080076
BFGS:  364 11:24:49     -459.445099        0.925402
BFGS:  365 11:24:50     -459.364685        1.215263
BFGS:  366 11:24:50     -459.256744        1.417243
BFGS:  367 11:24:51     -459.123016        1.588414
BFGS:  368 11:24:52     -458.969940        1.692687
BFGS:  369 11:24:52     -458.799194        1.697789
BFGS:  370 11:24:53     -458.633270        1.625266
BFGS:  371 11:24:54     -458.475922        1.766674
BFGS:  372 11:24:55     -458.359070        1.809715
BFGS:  373 11:24:55     -458.215088        1.831378
BFGS:  374 11:24:56     -458.044556        1.972584
BFGS:  375 11:24:57     -457.843475        2.115878
BFGS:  376 11:24:57     -457.626892        2.230107
BFGS:  377 11:24:58     -457.408997        2.358278
BFGS:  378 11:24:59     -457.220093        2.472727
BFGS:  379 11:24:59     -457.089081        2.534054
BFGS:  380 11:25:00     -457.027618        2.474454
BFGS:  381 11:25:01     -457.005707        2.318010
BFGS:  382 11:25:01     -456.965271        2.240861
BFGS:  383 11:25:02     -456.854645        2.429973
BFGS:  384 11:25:03     -456.666809        2.760130
BFGS:  385 11:25:03     -456.365173        3.055007
BFGS:  386 11:25:04     -456.046326        3.425209
BFGS:  387 11:25:05     -455.649048        4.524194
BFGS:  388 11:25:06     -455.118225        5.502200
BFGS:  389 11:25:07     -454.597839        5.435735
BFGS:  390 11:25:07     -454.414978        4.199013
BFGS:  391 11:25:08     -454.870117        5.892709
BFGS:  392 11:25:09     -455.439575        2.484974
BFGS:  393 11:25:09     -455.295868        3.782448
BFGS:  394 11:25:10     -454.683899        7.259774
BFGS:  395 11:25:11     -454.014801        8.161447
BFGS:  396 11:25:11     -453.569763        7.942697
BFGS:  397 11:25:12     -453.391205        7.189188
BFGS:  398 11:25:13     -453.465210        5.608962
BFGS:  399 11:25:14     -453.730530        4.713024
BFGS:  400 11:25:14     -453.548126        4.200394
BFGS:  401 11:25:15     -453.069305        4.075137
BFGS:  402 11:25:16     -452.640930        3.843719
BFGS:  403 11:25:16     -452.503418        2.943347
BFGS:  404 11:25:17     -452.711639        2.559512
BFGS:  405 11:25:18     -452.556519        3.217876
BFGS:  406 11:25:18     -451.889771        4.827882
BFGS:  407 11:25:19     -451.114929        4.921566
BFGS:  408 11:25:20     -450.655243        4.688354
BFGS:  409 11:25:20     -450.821564        4.677376
BFGS:  410 11:25:21     -450.987793        5.216596
BFGS:  411 11:25:22     -451.026978        5.308163
BFGS:  412 11:25:22     -451.060791        4.074886
BFGS:  413 11:25:23     -451.416595        3.363718
BFGS:  414 11:25:24     -451.736694        2.125983
BFGS:  415 11:25:25     -451.864349        1.555090
BFGS:  416 11:25:25     -451.920105        1.744625
BFGS:  417 11:25:26     -451.996826        2.105136
BFGS:  418 11:25:27     -452.130646        2.268395
BFGS:  419 11:25:27     -452.337250        2.313581
BFGS:  420 11:25:28     -452.594391        2.626219
BFGS:  421 11:25:29     -452.880402        3.135378
BFGS:  422 11:25:29     -453.185699        2.404689
BFGS:  423 11:25:30     -453.349335        1.909860
BFGS:  424 11:25:31     -453.582611        3.133871
BFGS:  425 11:25:32     -454.028809        3.833557
BFGS:  426 11:25:32     -454.628967        3.523741
BFGS:  427 11:25:33     -455.178009        3.034358
BFGS:  428 11:25:34     -455.118591        2.826421
BFGS:  429 11:25:35     -453.999969        3.782452
BFGS:  430 11:25:35     -453.075684        3.602319
BFGS:  431 11:25:36     -452.707062        2.539173
BFGS:  432 11:25:37     -453.002167        1.954513
BFGS:  433 11:25:37     -453.357849        1.150122
BFGS:  434 11:25:38     -453.554413        1.035485
BFGS:  435 11:25:39     -453.693939        1.042902
BFGS:  436 11:25:39     -453.843262        1.243558
BFGS:  437 11:25:40     -454.000793        1.598497
BFGS:  438 11:25:41     -454.138367        2.133839
BFGS:  439 11:25:41     -454.237671        2.587205
BFGS:  440 11:25:42     -454.306976        2.991205
BFGS:  441 11:25:43     -454.364899        3.372018
BFGS:  442 11:25:44     -454.426086        3.723116
BFGS:  443 11:25:44     -454.496552        4.013954
BFGS:  444 11:25:45     -454.579041        4.207446
BFGS:  445 11:25:46     -454.674316        4.271953
BFGS:  446 11:25:47     -454.780975        4.185178
BFGS:  447 11:25:48     -454.892395        3.943235
BFGS:  448 11:25:49     -454.995331        3.582691
BFGS:  449 11:25:50     -455.075439        3.203935
BFGS:  450 11:25:50     -455.128479        3.264423
BFGS:  451 11:25:51     -455.166199        3.573530
BFGS:  452 11:25:52     -455.208344        3.708463
BFGS:  453 11:25:52     -455.266266        3.721318
BFGS:  454 11:25:53     -455.338501        3.650106
BFGS:  455 11:25:54     -455.415710        3.501589
BFGS:  456 11:25:55     -455.488617        3.260645
BFGS:  457 11:25:55     -455.554565        2.911450
BFGS:  458 11:25:56     -455.617920        2.597181
BFGS:  459 11:25:57     -455.685699        2.424107
BFGS:  460 11:25:57     -455.762054        2.326615
BFGS:  461 11:25:58     -455.845428        2.263000
BFGS:  462 11:25:59     -455.929535        2.180277
BFGS:  463 11:25:59     -456.006897        2.049416
BFGS:  464 11:26:00     -456.073578        1.942579
BFGS:  465 11:26:01     -456.129303        1.909696
BFGS:  466 11:26:01     -456.177460        1.869564
BFGS:  467 11:26:02     -456.222687        1.815217
BFGS:  468 11:26:03     -456.267395        1.739905
BFGS:  469 11:26:03     -456.309113        1.639689
BFGS:  470 11:26:04     -456.340118        1.530829
BFGS:  471 11:26:05     -456.350739        1.641140
BFGS:  472 11:26:05     -456.333435        1.670576
BFGS:  473 11:26:06     -456.290222        1.778586
BFGS:  474 11:26:07     -456.230377        1.917279
BFGS:  475 11:26:07     -456.162628        2.038780
BFGS:  476 11:26:09     -456.090179        2.146610
BFGS:  477 11:26:09     -456.012268        2.245755
BFGS:  478 11:26:10     -455.927490        2.336187
BFGS:  479 11:26:11     -455.838806        2.410926
BFGS:  480 11:26:12     -455.753235        2.466365
BFGS:  481 11:26:13     -455.672882        2.510177
BFGS:  482 11:26:13     -455.592651        2.549484
BFGS:  483 11:26:14     -455.506012        2.582299
BFGS:  484 11:26:15     -455.413727        2.600606
BFGS:  485 11:26:15     -455.314240        2.595847
BFGS:  486 11:26:16     -455.183044        2.509571
BFGS:  487 11:26:17     -455.003387        2.789466
BFGS:  488 11:26:17     -454.440216        4.271165
BFGS:  489 11:26:18     -452.773682        5.380889
BFGS:  490 11:26:19     -451.799957        4.517525
BFGS:  491 11:26:19     -451.991638        2.942373
BFGS:  492 11:26:20     -452.358276        3.469853
BFGS:  493 11:26:21     -452.809357        4.211389
BFGS:  494 11:26:21     -453.323059        4.622077
BFGS:  495 11:26:22     -453.881897        4.425386
BFGS:  496 11:26:23     -454.421143        3.745179
BFGS:  497 11:26:24     -454.853424        2.904145
BFGS:  498 11:26:24     -455.015961        3.002887
BFGS:  499 11:26:25     -454.404358        7.066803
BFGS:  500 11:26:26     -453.395782        5.322287
BFGS:  501 11:26:26     -453.455750        4.586072
BFGS:  502 11:26:27     -453.713165        3.786351
BFGS:  503 11:26:28     -453.591461        4.030660
BFGS:  504 11:26:29     -453.484039        7.553958
BFGS:  505 11:26:30     -454.035431        2.779564
BFGS:  506 11:26:31     -453.962891        4.787235
BFGS:  507 11:26:31     -454.290497        2.760484
BFGS:  508 11:26:32     -454.222534        3.333698
BFGS:  509 11:26:33     -454.232666        3.148894
BFGS:  510 11:26:33     -454.401031        2.367721
BFGS:  511 11:26:34     -454.457245        2.140545
BFGS:  512 11:26:35     -454.459290        2.749390
BFGS:  513 11:26:35     -454.471069        2.390259
BFGS:  514 11:26:36     -454.503082        1.999331
BFGS:  515 11:26:37     -454.539429        1.384673
BFGS:  516 11:26:38     -454.563995        1.219453
BFGS:  517 11:26:38     -454.594940        1.351264
BFGS:  518 11:26:39     -454.640320        1.301837
BFGS:  519 11:26:40     -454.703339        1.349578
BFGS:  520 11:26:40     -454.745575        1.747389
BFGS:  521 11:26:41     -454.739960        2.270873
BFGS:  522 11:26:42     -454.782501        2.339045
BFGS:  523 11:26:42     -454.849731        2.563491
BFGS:  524 11:26:43     -454.910492        2.423025
BFGS:  525 11:26:44     -454.914795        2.071245
BFGS:  526 11:26:45     -455.059052        2.014389
BFGS:  527 11:26:45     -455.174255        1.891897
BFGS:  528 11:26:46     -455.018250        2.482879
BFGS:  529 11:26:47     -454.553253        2.871867
BFGS:  530 11:26:48     -454.145477        3.050570
BFGS:  531 11:26:49     -454.425690        1.556521
BFGS:  532 11:26:50     -454.546265        1.639053
BFGS:  533 11:26:51     -454.802521        3.611824
BFGS:  534 11:26:51     -454.893341        3.316409
BFGS:  535 11:26:52     -454.787476        3.190096
BFGS:  536 11:26:53     -454.417511        4.834253
BFGS:  537 11:26:54     -454.102203        4.526692
BFGS:  538 11:26:54     -454.664673        3.028790
BFGS:  539 11:26:55     -455.152954        1.323710
BFGS:  540 11:26:56     -455.277649        1.230561
BFGS:  541 11:26:56     -455.283997        0.987983
BFGS:  542 11:26:57     -455.216370        1.224158
BFGS:  543 11:26:58     -454.971893        2.114186
BFGS:  544 11:26:59     -454.704071        2.420557
BFGS:  545 11:27:00     -454.841522        2.252797
BFGS:  546 11:27:00     -455.125977        2.985005
BFGS:  547 11:27:01     -455.392334        3.196106
BFGS:  548 11:27:02     -455.575531        2.981507
BFGS:  549 11:27:03     -455.604980        3.072074
BFGS:  550 11:27:03     -455.375397        3.370877
BFGS:  551 11:27:04     -454.809357        4.700274
BFGS:  552 11:27:05     -453.995453        5.044393
BFGS:  553 11:27:06     -453.771790        4.719905
BFGS:  554 11:27:06     -453.999451        4.464276
BFGS:  555 11:27:07     -454.307922        5.123718
BFGS:  556 11:27:08     -454.593445        5.010376
BFGS:  557 11:27:08     -454.812958        4.254841
BFGS:  558 11:27:09     -454.972778        2.969671
BFGS:  559 11:27:10     -455.084930        2.023253
BFGS:  560 11:27:10     -455.188568        1.866823
BFGS:  561 11:27:11     -455.319153        1.535590
BFGS:  562 11:27:12     -455.359253        1.507705
BFGS:  563 11:27:12     -454.930817        3.194829
BFGS:  564 11:27:13     -454.066986        4.623740
BFGS:  565 11:27:14     -453.608978        3.641520
BFGS:  566 11:27:14     -454.215363        3.074444
BFGS:  567 11:27:15     -454.939331        4.145945
BFGS:  568 11:27:16     -455.299805        2.163495
BFGS:  569 11:27:16     -455.406830        1.342707
BFGS:  570 11:27:17     -455.455261        1.219076
BFGS:  571 11:27:18     -455.455780        2.472098
BFGS:  572 11:27:19     -455.440033        2.993158
BFGS:  573 11:27:19     -455.395172        3.362450
BFGS:  574 11:27:20     -455.358215        3.148990
BFGS:  575 11:27:21     -455.393219        1.886756
BFGS:  576 11:27:21     -455.424164        1.802831
BFGS:  577 11:27:22     -455.337097        2.208003
BFGS:  578 11:27:23     -455.299683        1.975779
BFGS:  579 11:27:24     -455.439819        1.144537
BFGS:  580 11:27:24     -455.442902        2.997245
BFGS:  581 11:27:25     -455.366943        3.887964
BFGS:  582 11:27:26     -455.255676        4.202507
BFGS:  583 11:27:26     -455.159332        3.487090
BFGS:  584 11:27:27     -455.312164        1.902819
BFGS:  585 11:27:28     -455.347351        2.289253
BFGS:  586 11:27:29     -455.272888        2.910303
BFGS:  587 11:27:29     -455.192688        3.139107
BFGS:  588 11:27:30     -455.164978        2.566524
BFGS:  589 11:27:31     -455.306854        1.530766
BFGS:  590 11:27:31     -455.366638        2.924965
BFGS:  591 11:27:32     -455.259827        4.510759
BFGS:  592 11:27:33     -455.118256        5.397148
BFGS:  593 11:27:33     -454.986115        5.718438
BFGS:  594 11:27:34     -454.904663        5.333581
BFGS:  595 11:27:35     -455.035736        3.550010
BFGS:  596 11:27:35     -455.226959        2.832776
BFGS:  597 11:27:36     -455.219788        3.468291
BFGS:  598 11:27:37     -455.186371        3.802149
BFGS:  599 11:27:37     -455.123291        3.947602
BFGS:  600 11:27:38     -455.028503        3.892229
BFGS:  601 11:27:39     -454.925964        3.303684
BFGS:  602 11:27:40     -455.045593        2.421100
BFGS:  603 11:27:40     -455.260498        2.161167
BFGS:  604 11:27:41     -455.346405        3.157197
BFGS:  605 11:27:42     -455.330414        4.026509
BFGS:  606 11:27:42     -455.215485        4.831131
BFGS:  607 11:27:43     -455.059113        5.249176
BFGS:  608 11:27:44     -454.914856        4.979207
BFGS:  609 11:27:44     -454.958862        3.831680
BFGS:  610 11:27:45     -455.128326        2.735255
BFGS:  611 11:27:46     -455.206818        2.948281
BFGS:  612 11:27:46     -455.205292        3.477566
BFGS:  613 11:27:47     -455.148071        3.888537
BFGS:  614 11:27:49     -455.057922        4.057726
BFGS:  615 11:27:50     -454.959412        3.872638
BFGS:  616 11:27:50     -454.919220        2.900478
BFGS:  617 11:27:51     -455.115967        1.926774
BFGS:  618 11:27:52     -455.326660        1.707430
BFGS:  619 11:27:53     -455.328186        3.155102
BFGS:  620 11:27:53     -455.156982        4.671892
BFGS:  621 11:27:54     -454.893097        5.742474
BFGS:  622 11:27:55     -454.703156        5.838570
BFGS:  623 11:27:55     -454.899658        5.149806
BFGS:  624 11:27:56     -455.018616        4.864419
BFGS:  625 11:27:57     -455.018738        4.730688
BFGS:  626 11:27:57     -455.013336        4.079279
BFGS:  627 11:27:58     -455.129730        3.021217
BFGS:  628 11:27:59     -455.262085        2.196722
BFGS:  629 11:28:00     -455.360565        1.678393
BFGS:  630 11:28:00     -455.376007        2.431221
BFGS:  631 11:28:01     -455.445648        2.202815
BFGS:  632 11:28:02     -455.431793        1.953820
BFGS:  633 11:28:03     -454.950073        3.661076
BFGS:  634 11:28:03     -454.638123        3.908787
BFGS:  635 11:28:04     -454.713806        3.912604
BFGS:  636 11:28:05     -455.182251        2.270337
BFGS:  637 11:28:05     -455.168610        4.228324
BFGS:  638 11:28:06     -454.641968        6.282919
BFGS:  639 11:28:07     -454.489044        5.582600
BFGS:  640 11:28:08     -454.838684        3.669826
BFGS:  641 11:28:08     -455.301880        2.940062
BFGS:  642 11:28:09     -455.304810        3.201357
BFGS:  643 11:28:10     -454.916870        4.143703
BFGS:  644 11:28:11     -454.480072        3.952805
BFGS:  645 11:28:11     -454.744110        3.739494
BFGS:  646 11:28:12     -455.269745        3.231331
BFGS:  647 11:28:13     -455.084076        4.457497
BFGS:  648 11:28:13     -454.804352        4.775461
BFGS:  649 11:28:14     -455.012238        3.634388
BFGS:  650 11:28:15     -455.347931        3.040083
BFGS:  651 11:28:16     -455.233429        3.025666
BFGS:  652 11:28:16     -454.894196        3.717103
BFGS:  653 11:28:17     -455.068695        3.415447
BFGS:  654 11:28:18     -455.317291        3.178576
BFGS:  655 11:28:19     -455.213043        3.607854
BFGS:  656 11:28:19     -455.150482        3.134743
BFGS:  657 11:28:20     -455.352783        2.535561
BFGS:  658 11:28:21     -455.200592        3.304760
BFGS:  659 11:28:21     -454.688904        3.947862
BFGS:  660 11:28:22     -454.757355        3.983859
BFGS:  661 11:28:23     -455.258972        3.408809
BFGS:  662 11:28:23     -455.312653        3.198040
BFGS:  663 11:28:24     -455.091034        3.671870
BFGS:  664 11:28:25     -455.267639        2.881856
BFGS:  665 11:28:25     -455.289185        2.965743
BFGS:  666 11:28:26     -454.830536        3.833520
BFGS:  667 11:28:27     -454.873566        3.907824
BFGS:  668 11:28:28     -455.311493        3.330568
BFGS:  669 11:28:29     -455.312927        3.176056
BFGS:  670 11:28:29     -455.118011        3.519392
BFGS:  671 11:28:30     -455.355164        2.576858
BFGS:  672 11:28:31     -455.208191        2.924375
BFGS:  673 11:28:31     -455.044922        3.516516
BFGS:  674 11:28:32     -455.301636        3.133656
BFGS:  675 11:28:33     -455.436432        2.234245
BFGS:  676 11:28:33     -455.287964        2.907671
BFGS:  677 11:28:34     -455.411377        1.993057
BFGS:  678 11:28:35     -455.170959        3.137255
BFGS:  679 11:28:35     -455.285919        2.609567
BFGS:  680 11:28:36     -455.423523        2.368676
BFGS:  681 11:28:37     -455.470306        1.498985
BFGS:  682 11:28:37     -455.482544        0.710272
BFGS:  683 11:28:38     -455.498596        0.385212
BFGS:  684 11:28:39     -455.500488        0.309446
BFGS:  685 11:28:39     -455.475342        1.298842
BFGS:  686 11:28:40     -455.437561        1.773226
BFGS:  687 11:28:41     -455.429321        1.747234
BFGS:  688 11:28:41     -455.469910        1.224780
BFGS:  689 11:28:42     -455.452698        1.295334
BFGS:  690 11:28:43     -455.455872        1.201874
BFGS:  691 11:28:44     -455.498383        0.453822
BFGS:  692 11:28:44     -455.503815        0.397380
BFGS:  693 11:28:45     -455.478912        1.130657
BFGS:  694 11:28:46     -455.484680        0.935640
BFGS:  695 11:28:47     -455.494507        0.771842
BFGS:  696 11:28:47     -455.449554        1.502786
BFGS:  697 11:28:48     -455.465393        1.250325
BFGS:  698 11:28:49     -455.504883        0.591072
BFGS:  699 11:28:50     -455.487000        1.065461
BFGS:  700 11:28:51     -455.484253        1.032607
BFGS:  701 11:28:52     -455.503235        0.524329
BFGS:  702 11:28:52     -455.486786        1.027283
BFGS:  703 11:28:53     -455.492065        0.951769
BFGS:  704 11:28:54     -455.511261        0.354667
BFGS:  705 11:28:55     -455.504059        0.616412
BFGS:  706 11:28:55     -455.498505        0.745963
BFGS:  707 11:28:56     -455.509766        0.320039
BFGS:  708 11:28:57     -455.496796        0.922507
BFGS:  709 11:28:58     -455.512177        0.384876
BFGS:  710 11:28:58     -455.513428        0.130623
BFGS:  711 11:28:59     -455.513763        0.131058
BFGS:  712 11:29:00     -455.512299        0.266922
BFGS:  713 11:29:01     -455.512054        0.371079
BFGS:  714 11:29:01     -455.512604        0.314505
BFGS:  715 11:29:02     -455.509583        0.707874
BFGS:  716 11:29:03     -455.497650        0.878702
BFGS:  717 11:29:03     -455.451752        0.981547
BFGS:  718 11:29:04     -455.483429        0.667040
BFGS:  719 11:29:05     -455.511627        0.289363
BFGS:  720 11:29:06     -455.511414        0.209023
BFGS:  721 11:29:07     -455.496857        0.534535
BFGS:  722 11:29:07     -455.496796        0.541231
BFGS:  723 11:29:08     -455.512939        1.356841
BFGS:  724 11:29:09     -455.508453        0.873576
BFGS:  725 11:29:09     -455.502014        1.104042
BFGS:  726 11:29:10     -455.516571        0.202655
BFGS:  727 11:29:11     -455.515015        0.276520
BFGS:  728 11:29:11     -455.490997        0.830656
BFGS:  729 11:29:12     -455.406860        1.672433
BFGS:  730 11:29:13     -455.293243        2.347921
BFGS:  731 11:29:13     -455.132965        3.174288
BFGS:  732 11:29:14     -455.034302        3.514875
BFGS:  733 11:29:15     -455.205566        2.801471
BFGS:  734 11:29:16     -455.412567        2.922418
BFGS:  735 11:29:16     -455.527100        2.702445
BFGS:  736 11:29:17     -455.473846        2.960042
BFGS:  737 11:29:18     -455.293854        3.631563
BFGS:  738 11:29:18     -455.000641        4.385211
BFGS:  739 11:29:19     -454.626312        4.792699
BFGS:  740 11:29:20     -454.188263        4.598947
BFGS:  741 11:29:20     -453.762970        3.788198
BFGS:  742 11:29:21     -453.595428        2.992412
BFGS:  743 11:29:22     -453.892761        2.447267
BFGS:  744 11:29:23     -454.499878        3.279896
BFGS:  745 11:29:23     -455.077484        3.697340
BFGS:  746 11:29:24     -455.531494        3.479808
BFGS:  747 11:29:25     -455.758423        3.366387
BFGS:  748 11:29:25     -455.957275        2.230681
BFGS:  749 11:29:26     -454.932648        4.555146
BFGS:  750 11:29:27     -453.927551        5.129984
BFGS:  751 11:29:27     -454.510895        4.465126
BFGS:  752 11:29:28     -455.210907        2.479280
BFGS:  753 11:29:29     -455.373444        2.244770
BFGS:  754 11:29:30     -455.503662        2.129332
BFGS:  755 11:29:30     -455.552155        2.333809
BFGS:  756 11:29:31     -455.588806        2.850761
BFGS:  757 11:29:32     -455.648315        2.399024
BFGS:  758 11:29:32     -455.618225        2.580604
BFGS:  759 11:29:33     -455.471558        4.643485
BFGS:  760 11:29:34     -455.687500        3.668402
BFGS:  761 11:29:35     -455.786346        2.212127
BFGS:  762 11:29:35     -455.955505        1.788811
BFGS:  763 11:29:36     -455.938507        1.804981
BFGS:  764 11:29:37     -455.931427        1.851619
BFGS:  765 11:29:37     -456.018280        2.531100
BFGS:  766 11:29:38     -456.156158        2.221064
BFGS:  767 11:29:39     -456.272797        1.842555
BFGS:  768 11:29:40     -456.173676        1.486831
BFGS:  769 11:29:40     -455.859436        1.981989
BFGS:  770 11:29:41     -455.491577        3.401570
BFGS:  771 11:29:42     -455.847931        3.119084
BFGS:  772 11:29:42     -456.109650        3.019041
BFGS:  773 11:29:43     -456.083405        2.994529
BFGS:  774 11:29:44     -455.969238        2.910281
BFGS:  775 11:29:44     -455.694641        3.127458
BFGS:  776 11:29:45     -455.238190        5.047950
BFGS:  777 11:29:46     -455.429901        5.270901
BFGS:  778 11:29:47     -455.896606        2.302034
BFGS:  779 11:29:47     -455.726227        4.560421
BFGS:  780 11:29:48     -456.055817        3.420808
BFGS:  781 11:29:49     -456.129089        2.339351
BFGS:  782 11:29:49     -455.939148        3.370758
BFGS:  783 11:29:51     -456.266693        1.885058
BFGS:  784 11:29:52     -456.282196        1.150398
BFGS:  785 11:29:53     -456.135040        2.616445
BFGS:  786 11:29:53     -455.741364        3.568134
BFGS:  787 11:29:54     -455.932312        1.617546
BFGS:  788 11:29:55     -456.241180        2.538422
BFGS:  789 11:29:56     -456.340485        1.401249
BFGS:  790 11:29:56     -456.129303        2.451557
BFGS:  791 11:29:57     -456.115234        2.621999
BFGS:  792 11:29:58     -456.173340        1.862031
BFGS:  793 11:29:59     -456.321808        1.195325
BFGS:  794 11:29:59     -456.206573        2.133099
BFGS:  795 11:30:00     -455.951416        2.711330
BFGS:  796 11:30:01     -455.539368        4.581399
BFGS:  797 11:30:01     -455.421875        5.842588
BFGS:  798 11:30:02     -455.914215        2.240284
BFGS:  799 11:30:03     -456.243134        2.146292
BFGS:  800 11:30:04     -456.347290        1.817337
      Step     Time          Energy          fmax
FIRE:    0 11:30:04     -456.347290        1.817337
FIRE:    1 11:30:04     -456.432220        1.117991
FIRE:    2 11:30:04     -456.479584        1.056609
FIRE:    3 11:30:05     -456.519012        1.168064
FIRE:    4 11:30:05     -456.523529        1.422216
FIRE:    5 11:30:06     -456.494843        1.164573
FIRE:    6 11:30:06     -456.465668        1.124520
FIRE:    7 11:30:07     -456.434326        1.219040
FIRE:    8 11:30:07     -456.384430        1.141846
FIRE:    9 11:30:08     -456.277618        1.039110
FIRE:   10 11:30:08     -456.248993        2.762078
FIRE:   11 11:30:09     -456.297729        2.920389
FIRE:   12 11:30:09     -456.395477        3.248831
FIRE:   13 11:30:10     -456.551971        3.665766
FIRE:   14 11:30:10     -456.776123        3.875941
FIRE:   15 11:30:11     -457.037384        3.390044
FIRE:   16 11:30:11     -457.234528        1.774706
FIRE:   17 11:30:12     -457.253662        2.117935
FIRE:   18 11:30:12     -457.142609        2.455302
FIRE:   19 11:30:13     -457.071686        2.595437
FIRE:   20 11:30:13     -456.973206        2.066423
FIRE:   21 11:30:13     -456.728729        2.908396
FIRE:   22 11:30:14     -456.441559        2.379903
FIRE:   23 11:30:14     -456.125946        2.146995
FIRE:   24 11:30:15     -455.795380        3.134373
FIRE:   25 11:30:15     -455.583954        3.243646
FIRE:   26 11:30:16     -455.715637        3.905742
FIRE:   27 11:30:16     -455.972992        2.707206
FIRE:   28 11:30:17     -455.766052        5.477729
FIRE:   29 11:30:17     -455.449493        4.870891
FIRE:   30 11:30:18     -454.904297        5.563129
FIRE:   31 11:30:18     -454.480927        4.460565
FIRE:   32 11:30:19     -454.119659        2.594955
FIRE:   33 11:30:19     -453.916168        3.096795
FIRE:   34 11:30:20     -454.171265        4.024914
FIRE:   35 11:30:20     -454.913727        3.873690
FIRE:   36 11:30:20     -455.192261        4.219654
FIRE:   37 11:30:21     -454.754517        8.105995
FIRE:   38 11:30:21     -455.498535        1.536525
FIRE:   39 11:30:22     -455.509399        1.516138
FIRE:   40 11:30:22     -455.517700        1.469865
FIRE:   41 11:30:23     -455.513214        1.399824
FIRE:   42 11:30:23     -455.499390        1.333007
FIRE:   43 11:30:24     -455.481506        1.366632
FIRE:   44 11:30:24     -455.454895        1.517720
FIRE:   45 11:30:25     -455.412384        1.586291
FIRE:   46 11:30:25     -455.347778        1.596922
FIRE:   47 11:30:26     -455.257690        1.775625
FIRE:   48 11:30:26     -455.133728        1.939275
FIRE:   49 11:30:27     -454.983765        2.009056
FIRE:   50 11:30:27     -454.841278        2.346926
FIRE:   51 11:30:27     -454.838379        4.591951
FIRE:   52 11:30:28     -454.745239       19.745034
FIRE:   53 11:30:28     -454.529572       34.563682
FIRE:   54 11:30:29     -454.163818        8.775096
FIRE:   55 11:30:29     -454.238129        8.937767
FIRE:   56 11:30:30     -454.389282        9.188697
FIRE:   57 11:30:30     -454.622498        9.355429
FIRE:   58 11:30:31     -454.939392        8.476654
FIRE:   59 11:30:31     -455.147156        7.732586
FIRE:   60 11:30:32     -455.166382        7.193440
FIRE:   61 11:30:32     -455.200775        6.224890
FIRE:   62 11:30:33     -455.243805        5.165595
FIRE:   63 11:30:33     -455.290100        4.699309
FIRE:   64 11:30:34     -455.339020        5.880106
FIRE:   65 11:30:34     -455.395264        6.723174
FIRE:   66 11:30:34     -455.463165        6.449501
FIRE:   67 11:30:35     -455.531738        3.440609
FIRE:   68 11:30:35     -455.479095       20.719368
FIRE:   69 11:30:36     -455.526550       14.277312
FIRE:   70 11:30:36     -455.570526        5.731179
FIRE:   71 11:30:37     -455.578979        5.263732
FIRE:   72 11:30:37     -455.579895        5.015411
FIRE:   73 11:30:38     -455.581512        4.523504
FIRE:   74 11:30:38     -455.583557        3.809656
FIRE:   75 11:30:39     -455.585663        3.075616
FIRE:   76 11:30:39     -455.587494        2.650259
FIRE:   77 11:30:40     -455.588989        2.473839
FIRE:   78 11:30:40     -455.590393        2.880339
FIRE:   79 11:30:40     -455.592316        3.484140
FIRE:   80 11:30:41     -455.595245        3.566177
FIRE:   81 11:30:41     -455.599426        2.914813
FIRE:   82 11:30:42     -455.604401        2.483261
FIRE:   83 11:30:42     -455.609253        3.109081
FIRE:   84 11:30:43     -455.614288        3.891483
FIRE:   85 11:30:43     -455.621124        3.826233
FIRE:   86 11:30:44     -455.629333        2.581738
FIRE:   87 11:30:44     -455.636353        4.208274
FIRE:   88 11:30:45     -455.646545        2.716711
FIRE:   89 11:30:45     -455.653961        6.583379
FIRE:   90 11:30:46     -455.656372       16.540358
FIRE:   91 11:30:46     -455.664856        4.184285
FIRE:   92 11:30:47     -455.665009        3.805027
FIRE:   93 11:30:47     -455.665192        3.206299
FIRE:   94 11:30:48     -455.665314        2.632606
FIRE:   95 11:30:48     -455.665375        2.333852
FIRE:   96 11:30:48     -455.665558        2.291459
FIRE:   97 11:30:49     -455.665863        2.480952
FIRE:   98 11:30:50     -455.666138        2.928630
FIRE:   99 11:30:50     -455.666443        3.477401
FIRE:  100 11:30:51     -455.666809        3.678516
FIRE:  101 11:30:51     -455.667328        3.229064
FIRE:  102 11:30:51     -455.667877        2.503171
FIRE:  103 11:30:52     -455.668579        2.461097
FIRE:  104 11:30:52     -455.669464        3.502810
FIRE:  105 11:30:53     -455.670471        3.502074
FIRE:  106 11:30:53     -455.671509        2.395747
FIRE:  107 11:30:54     -455.672516        5.547152
FIRE:  108 11:30:54     -455.673035        9.257233
FIRE:  109 11:30:55     -455.674438        2.944138
FIRE:  110 11:30:55     -455.674438        2.965563
FIRE:  111 11:30:56     -455.674469        2.987493
FIRE:  112 11:30:56     -455.674500        3.031031
FIRE:  113 11:30:57     -455.674530        3.033026
FIRE:  114 11:30:57     -455.674561        3.039410
FIRE:  115 11:30:58     -455.674622        3.055374
FIRE:  116 11:30:58     -455.674683        3.040489
FIRE:  117 11:30:58     -455.674744        3.008035
FIRE:  118 11:30:59     -455.674835        2.997318
FIRE:  119 11:30:59     -455.674927        2.994049
FIRE:  120 11:31:00     -455.675079        3.026057
FIRE:  121 11:31:00     -455.675232        3.069224
FIRE:  122 11:31:01     -455.675446        3.034874
FIRE:  123 11:31:01     -455.675720        2.996863
FIRE:  124 11:31:02     -455.676025        3.029742
FIRE:  125 11:31:02     -455.676392        3.090970
FIRE:  126 11:31:03     -455.676819        2.984319
FIRE:  127 11:31:03     -455.677338        3.221050
FIRE:  128 11:31:04     -455.677917        2.432819
FIRE:  129 11:31:04     -455.677246       13.774554
FIRE:  130 11:31:04     -455.611176      108.635824
FIRE:  131 11:31:05     -455.573975      109.187231
FIRE:  132 11:31:05     -455.637695       72.406137
FIRE:  133 11:31:06     -455.678345        6.514942
FIRE:  134 11:31:06     -455.678436        5.678164
FIRE:  135 11:31:07     -455.678558        4.056897
FIRE:  136 11:31:07     -455.678650        2.252228
FIRE:  137 11:31:08     -455.678680        3.168919
FIRE:  138 11:31:08     -455.678650        4.204473
FIRE:  139 11:31:09     -455.678650        4.182145
FIRE:  140 11:31:09     -455.678650        4.114780
FIRE:  141 11:31:10     -455.678680        4.003973
FIRE:  142 11:31:10     -455.678680        3.892037
FIRE:  143 11:31:11     -455.678680        3.696426
FIRE:  144 11:31:11     -455.678680        3.545775
FIRE:  145 11:31:12     -455.678711        3.356132
FIRE:  146 11:31:12     -455.678711        3.201420
FIRE:  147 11:31:12     -455.678711        3.002493
FIRE:  148 11:31:13     -455.678711        2.830173
FIRE:  149 11:31:13     -455.678711        2.702023
FIRE:  150 11:31:14     -455.678711        2.645707
FIRE:  151 11:31:14     -455.678711        2.657547
FIRE:  152 11:31:15     -455.678741        2.759707
FIRE:  153 11:31:15     -455.678741        2.979259
FIRE:  154 11:31:16     -455.678772        3.223452
FIRE:  155 11:31:16     -455.678772        3.435990
FIRE:  156 11:31:17     -455.678802        3.546063
FIRE:  157 11:31:17     -455.678833        3.338271
FIRE:  158 11:31:18     -455.678864        2.987343
FIRE:  159 11:31:18     -455.678894        2.756404
FIRE:  160 11:31:19     -455.678955        2.873005
FIRE:  161 11:31:19     -455.679016        3.310921
FIRE:  162 11:31:20     -455.679077        3.480136
FIRE:  163 11:31:20     -455.679169        2.876228
FIRE:  164 11:31:20     -455.679260        2.909481
FIRE:  165 11:31:21     -455.679382        3.534998
FIRE:  166 11:31:21     -455.679504        2.721001
FIRE:  167 11:31:22     -455.679688        4.061397
FIRE:  168 11:31:22     -455.679749        6.036395
FIRE:  169 11:31:23     -455.679932        3.070292
FIRE:  170 11:31:23     -455.679810        6.063719
FIRE:  171 11:31:24     -455.679871        5.353602
FIRE:  172 11:31:24     -455.679932        4.056067
FIRE:  173 11:31:25     -455.679932        2.685161
FIRE:  174 11:31:25     -455.679901        2.950300
FIRE:  175 11:31:26     -455.679932        2.632736
FIRE:  176 11:31:26     -455.679932        2.265651
FIRE:  177 11:31:27     -455.679932        2.316093
FIRE:  178 11:31:27     -455.679962        2.527897
FIRE:  179 11:31:27     -455.679962        2.826055
FIRE:  180 11:31:28     -455.679962        3.140132
FIRE:  181 11:31:28     -455.679962        3.410001
FIRE:  182 11:31:29     -455.679962        3.673949
FIRE:  183 11:31:29     -455.679962        3.891964
FIRE:  184 11:31:30     -455.679962        3.975502
FIRE:  185 11:31:30     -455.679962        3.898243
FIRE:  186 11:31:31     -455.679993        3.501904
FIRE:  187 11:31:31     -455.679993        3.177131
FIRE:  188 11:31:32     -455.679993        2.768643
FIRE:  189 11:31:32     -455.680023        2.571873
FIRE:  190 11:31:33     -455.680023        2.703212
FIRE:  191 11:31:33     -455.680054        3.219396
FIRE:  192 11:31:34     -455.680084        3.650548
FIRE:  193 11:31:34     -455.680115        3.597504
FIRE:  194 11:31:34     -455.680145        2.921711
FIRE:  195 11:31:35     -455.680176        2.629432
FIRE:  196 11:31:35     -455.680237        3.477143
FIRE:  197 11:31:36     -455.680328        3.589819
FIRE:  198 11:31:36     -455.680389        2.394772
FIRE:  199 11:31:37     -455.680481        4.625018
FIRE:  200 11:31:37     -455.680573        4.134861
FIRE:  201 11:31:38     -455.680206       13.542601
FIRE:  202 11:31:38     -455.675568       43.406026
FIRE:  203 11:31:39     -455.680359       14.240735
FIRE:  204 11:31:39     -455.680664        9.861120
FIRE:  205 11:31:40     -455.680939        4.202123
FIRE:  206 11:31:40     -455.680847        5.550669
FIRE:  207 11:31:41     -455.680878        5.135953
FIRE:  208 11:31:41     -455.680908        4.210159
FIRE:  209 11:31:41     -455.680939        2.937065
FIRE:  210 11:31:42     -455.680939        2.491505
FIRE:  211 11:31:42     -455.680969        3.114170
FIRE:  212 11:31:43     -455.680939        3.760958
FIRE:  213 11:31:43     -455.680939        4.416527
FIRE:  214 11:31:44     -455.680939        4.769092
FIRE:  215 11:31:44     -455.680939        4.903335
FIRE:  216 11:31:45     -455.680939        4.702592
FIRE:  217 11:31:45     -455.680969        4.093435
FIRE:  218 11:31:46     -455.681000        3.209040
FIRE:  219 11:31:46     -455.680969        2.464975
FIRE:  220 11:31:47     -455.680969        2.426325
FIRE:  221 11:31:47     -455.681000        2.407453
FIRE:  222 11:31:47     -455.681030        3.442126
FIRE:  223 11:31:48     -455.681030        4.347846
FIRE:  224 11:31:48     -455.681061        4.107843
FIRE:  225 11:31:49     -455.681091        2.641130
FIRE:  226 11:31:49     -455.681122        2.312135
FIRE:  227 11:31:50     -455.681183        3.980185
FIRE:  228 11:31:50     -455.681244        3.956094
FIRE:  229 11:31:51     -455.681274        3.216087
FIRE:  230 11:31:51     -455.681335        5.783886
FIRE:  231 11:31:52     -455.681396        5.683163
FIRE:  232 11:31:52     -455.681488        2.569726
FIRE:  233 11:31:53     -455.681458        5.211410
FIRE:  234 11:31:53     -455.681458        4.892415
FIRE:  235 11:31:54     -455.681488        4.009893
FIRE:  236 11:31:54     -455.681488        3.184248
FIRE:  237 11:31:55     -455.681488        2.492415
FIRE:  238 11:31:55     -455.681488        2.373189
FIRE:  239 11:31:56     -455.681488        2.248327
FIRE:  240 11:31:56     -455.681519        2.485554
FIRE:  241 11:31:57     -455.681519        3.012668
FIRE:  242 11:31:57     -455.681519        3.925100
FIRE:  243 11:31:58     -455.681519        4.246628
FIRE:  244 11:31:58     -455.681549        3.911356
FIRE:  245 11:31:58     -455.681580        2.985244
FIRE:  246 11:31:59     -455.681580        2.425542
FIRE:  247 11:31:59     -455.681610        2.819896
FIRE:  248 11:32:00     -455.681641        3.972989
FIRE:  249 11:32:00     -455.681671        3.612732
FIRE:  250 11:32:01     -455.681732        2.424917
FIRE:  251 11:32:01     -455.681763        3.737669
FIRE:  252 11:32:02     -455.681854        3.171252
FIRE:  253 11:32:02     -455.681946        2.578996
FIRE:  254 11:32:03     -455.681976        6.305587
FIRE:  255 11:32:03     -455.681458       20.117343
FIRE:  256 11:32:04     -455.682159        4.716040
FIRE:  257 11:32:04     -455.682159        4.175537
FIRE:  258 11:32:05     -455.682190        3.481881
FIRE:  259 11:32:05     -455.682190        2.770027
FIRE:  260 11:32:05     -455.682190        2.426342
FIRE:  261 11:32:06     -455.682190        2.359394
FIRE:  262 11:32:06     -455.682190        2.594949
FIRE:  263 11:32:07     -455.682190        3.247171
FIRE:  264 11:32:07     -455.682220        3.736490
FIRE:  265 11:32:08     -455.682220        4.006685
FIRE:  266 11:32:08     -455.682251        3.697399
FIRE:  267 11:32:09     -455.682251        2.728785
FIRE:  268 11:32:09     -455.682281        2.500753
FIRE:  269 11:32:10     -455.682312        3.435608
FIRE:  270 11:32:10     -455.682343        3.965110
FIRE:  271 11:32:11     -455.682373        2.923106
FIRE:  272 11:32:11     -455.682434        2.557548
FIRE:  273 11:32:12     -455.682465        4.956492
FIRE:  274 11:32:12     -455.682526        4.149927
FIRE:  275 11:32:12     -455.682526        9.854695
FIRE:  276 11:32:13     -455.682037       22.775764
FIRE:  277 11:32:13     -455.682770        3.989483
FIRE:  278 11:32:14     -455.682770        3.772587
FIRE:  279 11:32:14     -455.682770        3.443833
FIRE:  280 11:32:15     -455.682770        3.043477
FIRE:  281 11:32:15     -455.682770        2.672665
FIRE:  282 11:32:16     -455.682770        2.682469
FIRE:  283 11:32:16     -455.682770        2.810604
FIRE:  284 11:32:17     -455.682770        3.117570
FIRE:  285 11:32:17     -455.682800        3.411714
FIRE:  286 11:32:18     -455.682800        3.637124
FIRE:  287 11:32:18     -455.682831        3.494943
FIRE:  288 11:32:19     -455.682831        3.038476
FIRE:  289 11:32:19     -455.682861        2.749450
FIRE:  290 11:32:19     -455.682861        3.158986
FIRE:  291 11:32:20     -455.682892        3.711357
FIRE:  292 11:32:20     -455.682953        3.029972
FIRE:  293 11:32:21     -455.682983        2.979283
FIRE:  294 11:32:21     -455.683044        3.462765
FIRE:  295 11:32:22     -455.683105        2.804121
FIRE:  296 11:32:22     -455.683197        4.621849
FIRE:  297 11:32:23     -455.683197        8.996640
FIRE:  298 11:32:23     -455.683289        3.072248
FIRE:  299 11:32:24     -455.683289        3.072631
FIRE:  300 11:32:24     -455.683319        3.176460
FIRE:  301 11:32:25     -455.683319        3.284323
FIRE:  302 11:32:25     -455.683319        3.110840
FIRE:  303 11:32:26     -455.683319        3.325044
FIRE:  304 11:32:26     -455.683319        3.257250
FIRE:  305 11:32:27     -455.683319        3.189812
FIRE:  306 11:32:27     -455.683319        3.162674
FIRE:  307 11:32:28     -455.683350        3.135019
FIRE:  308 11:32:28     -455.683350        3.175920
FIRE:  309 11:32:28     -455.683350        3.082026
FIRE:  310 11:32:29     -455.683380        3.271097
FIRE:  311 11:32:29     -455.683380        3.327697
FIRE:  312 11:32:30     -455.683411        3.132282
FIRE:  313 11:32:30     -455.683441        2.943755
FIRE:  314 11:32:31     -455.683472        3.689059
FIRE:  315 11:32:31     -455.683533        2.771728
FIRE:  316 11:32:32     -455.683594        3.443603
FIRE:  317 11:32:32     -455.683655        3.399667
FIRE:  318 11:32:33     -455.683746        2.597212
FIRE:  319 11:32:33     -455.683685       13.938021
FIRE:  320 11:32:34     -455.681580       51.912292
FIRE:  321 11:32:34     -455.683685       18.714368
FIRE:  322 11:32:35     -455.683868       12.569685
FIRE:  323 11:32:35     -455.683990        4.221280
FIRE:  324 11:32:35     -455.683929        8.321602
FIRE:  325 11:32:36     -455.683960        7.646816
FIRE:  326 11:32:36     -455.683960        6.304583
FIRE:  327 11:32:37     -455.683990        4.484284
FIRE:  328 11:32:37     -455.683990        2.309363
FIRE:  329 11:32:38     -455.684021        3.382202
FIRE:  330 11:32:38     -455.683990        4.381698
FIRE:  331 11:32:39     -455.683990        4.381698
FIRE:  332 11:32:39     -455.684021        4.284310
FIRE:  333 11:32:40     -455.684021        4.284126
FIRE:  334 11:32:40     -455.684021        4.284195
FIRE:  335 11:32:41     -455.684021        3.944843
FIRE:  336 11:32:41     -455.684021        3.799171
FIRE:  337 11:32:41     -455.684021        3.707115
FIRE:  338 11:32:42     -455.684021        3.614739
FIRE:  339 11:32:42     -455.684021        3.296632
FIRE:  340 11:32:43     -455.684021        3.296873
FIRE:  341 11:32:43     -455.684021        2.994464
FIRE:  342 11:32:44     -455.684021        2.913356
FIRE:  343 11:32:44     -455.684021        2.714659
FIRE:  344 11:32:45     -455.684021        2.640763
FIRE:  345 11:32:45     -455.684021        2.878636
FIRE:  346 11:32:46     -455.684021        2.881138
FIRE:  347 11:32:46     -455.684021        3.094342
FIRE:  348 11:32:47     -455.684052        3.548384
FIRE:  349 11:32:47     -455.684052        3.461582
FIRE:  350 11:32:47     -455.684052        3.609938
FIRE:  351 11:32:48     -455.684052        3.480635
FIRE:  352 11:32:48     -455.684082        3.084337
FIRE:  353 11:32:49     -455.684082        2.682423
FIRE:  354 11:32:49     -455.684113        3.202460
FIRE:  355 11:32:50     -455.684113        3.405535
FIRE:  356 11:32:50     -455.684174        3.339015
FIRE:  357 11:32:51     -455.684174        3.323222
FIRE:  358 11:32:51     -455.684204        2.693810
FIRE:  359 11:32:52     -455.684265        3.760212
FIRE:  360 11:32:52     -455.684296        3.179113
FIRE:  361 11:32:53     -455.684387        2.611269
FIRE:  362 11:32:53     -455.684448        5.722600
FIRE:  363 11:32:54     -455.684479       10.672330
FIRE:  364 11:32:55     -455.684570        2.714127
FIRE:  365 11:32:55     -455.684540        8.271409
FIRE:  366 11:32:55     -455.684540        7.137966
FIRE:  367 11:32:56     -455.684570        4.918678
FIRE:  368 11:32:56     -455.684570        2.959862
FIRE:  369 11:32:57     -455.684570        4.249421
FIRE:  370 11:32:57     -455.684570        3.685543
FIRE:  371 11:32:58     -455.684570        3.348570
FIRE:  372 11:32:58     -455.684570        2.563575
FIRE:  373 11:32:59     -455.684570        2.355380
FIRE:  374 11:32:59     -455.684570        2.639513
FIRE:  375 11:33:00     -455.684601        3.115740
FIRE:  376 11:33:00     -455.684601        3.652969
FIRE:  377 11:33:01     -455.684601        3.766376
FIRE:  378 11:33:01     -455.684601        4.170531
FIRE:  379 11:33:02     -455.684570        4.348156
FIRE:  380 11:33:02     -455.684601        4.175353
FIRE:  381 11:33:02     -455.684601        3.780354
FIRE:  382 11:33:03     -455.684601        3.294012
FIRE:  383 11:33:03     -455.684601        3.090205
FIRE:  384 11:33:04     -455.684631        2.707072
FIRE:  385 11:33:04     -455.684631        2.624963
FIRE:  386 11:33:05     -455.684631        3.167039
FIRE:  387 11:33:05     -455.684631        3.615987
FIRE:  388 11:33:06     -455.684662        3.414944
FIRE:  389 11:33:06     -455.684662        3.327206
FIRE:  390 11:33:07     -455.684692        2.931918
FIRE:  391 11:33:07     -455.684723        3.225367
FIRE:  392 11:33:08     -455.684753        3.160257
FIRE:  393 11:33:08     -455.684784        3.552831
FIRE:  394 11:33:09     -455.684845        3.159711
FIRE:  395 11:33:09     -455.684906        2.513762
FIRE:  396 11:33:09     -455.684967        5.939047
FIRE:  397 11:33:10     -455.685028       11.197437
FIRE:  398 11:33:10     -455.685089        2.841487
FIRE:  399 11:33:11     -455.685059        9.278969
FIRE:  400 11:33:11     -455.685059        7.033433
FIRE:  401 11:33:12     -455.685089        5.191551
FIRE:  402 11:33:12     -455.685120        3.022891
FIRE:  403 11:33:13     -455.685089        4.124978
FIRE:  404 11:33:13     -455.685089        4.125198
FIRE:  405 11:33:14     -455.685089        3.854664
FIRE:  406 11:33:14     -455.685089        2.552066
FIRE:  407 11:33:15     -455.685120        2.450600
FIRE:  408 11:33:15     -455.685120        2.546185
FIRE:  409 11:33:15     -455.685120        2.918375
FIRE:  410 11:33:16     -455.685120        3.517472
FIRE:  411 11:33:16     -455.685120        4.172480
FIRE:  412 11:33:17     -455.685120        4.312012
FIRE:  413 11:33:17     -455.685120        4.116026
FIRE:  414 11:33:18     -455.685120        4.327653
FIRE:  415 11:33:18     -455.685120        4.196121
FIRE:  416 11:33:19     -455.685150        3.417399
FIRE:  417 11:33:19     -455.685150        2.886808
FIRE:  418 11:33:20     -455.685150        2.837774
FIRE:  419 11:33:20     -455.685150        2.356665
FIRE:  420 11:33:21     -455.685150        3.086254
FIRE:  421 11:33:21     -455.685181        3.870587
FIRE:  422 11:33:21     -455.685181        3.766546
FIRE:  423 11:33:22     -455.685211        2.977861
FIRE:  424 11:33:22     -455.685242        3.180277
FIRE:  425 11:33:23     -455.685272        2.986129
FIRE:  426 11:33:23     -455.685272        3.732610
FIRE:  427 11:33:24     -455.685333        2.900719
FIRE:  428 11:33:24     -455.685394        3.407980
FIRE:  429 11:33:25     -455.685455        2.995984
FIRE:  430 11:33:25     -455.685516        4.243515
FIRE:  431 11:33:26     -455.685608        6.815688
FIRE:  432 11:33:26     -455.685638        2.621960
FIRE:  433 11:33:27     -455.685608        6.168540
FIRE:  434 11:33:27     -455.685608        5.594396
FIRE:  435 11:33:28     -455.685638        4.473658
FIRE:  436 11:33:28     -455.685638        2.758327
FIRE:  437 11:33:28     -455.685638        2.803845
FIRE:  438 11:33:29     -455.685638        2.977000
FIRE:  439 11:33:29     -455.685638        2.973841
FIRE:  440 11:33:30     -455.685669        2.483044
FIRE:  441 11:33:30     -455.685669        3.238430
FIRE:  442 11:33:31     -455.685638        4.372254
FIRE:  443 11:33:31     -455.685669        4.397495
FIRE:  444 11:33:32     -455.685669        4.109041
FIRE:  445 11:33:32     -455.685699        2.893860
FIRE:  446 11:33:33     -455.685699        2.440313
FIRE:  447 11:33:33     -455.685730        3.006346
FIRE:  448 11:33:34     -455.685760        3.568315
FIRE:  449 11:33:34     -455.685791        4.409552
FIRE:  450 11:33:35     -455.685822        2.359515
FIRE:  451 11:33:35     -455.685883        3.558534
FIRE:  452 11:33:36     -455.685944        3.901447
FIRE:  453 11:33:36     -455.686005        5.039570
FIRE:  454 11:33:36     -455.686005       14.456050
FIRE:  455 11:33:37     -455.685577       35.863001
FIRE:  456 11:33:37     -455.686188        5.242373
FIRE:  457 11:33:38     -455.686188        4.858296
FIRE:  458 11:33:38     -455.686218        3.622945
FIRE:  459 11:33:39     -455.686218        2.569227
FIRE:  460 11:33:39     -455.686218        2.917379
FIRE:  461 11:33:40     -455.686218        2.505116
FIRE:  462 11:33:40     -455.686218        2.515757
FIRE:  463 11:33:41     -455.686218        3.241482
FIRE:  464 11:33:41     -455.686249        3.918058
FIRE:  465 11:33:42     -455.686249        4.385625
FIRE:  466 11:33:42     -455.686249        3.798842
FIRE:  467 11:33:42     -455.686249        3.046362
FIRE:  468 11:33:43     -455.686279        2.789390
FIRE:  469 11:33:43     -455.686310        3.284912
FIRE:  470 11:33:44     -455.686310        4.110412
FIRE:  471 11:33:44     -455.686371        4.064767
FIRE:  472 11:33:45     -455.686401        4.253307
FIRE:  473 11:33:45     -455.686432        4.614985
FIRE:  474 11:33:46     -455.686493        3.598807
FIRE:  475 11:33:46     -455.686554        5.179736
FIRE:  476 11:33:47     -455.686523       16.257956
FIRE:  477 11:33:47     -455.685944       43.635370
FIRE:  478 11:33:48     -455.686737        6.513837
FIRE:  479 11:33:48     -455.686737        5.141175
FIRE:  480 11:33:49     -455.686768        3.993691
FIRE:  481 11:33:49     -455.686768        2.799124
FIRE:  482 11:33:49     -455.686737        4.522203
FIRE:  483 11:33:50     -455.686737        3.967221
FIRE:  484 11:33:50     -455.686737        2.967539
FIRE:  485 11:33:51     -455.686737        2.555656
FIRE:  486 11:33:51     -455.686768        2.443185
FIRE:  487 11:33:52     -455.686768        2.989088
FIRE:  488 11:33:52     -455.686768        3.624254
FIRE:  489 11:33:53     -455.686768        3.624660
FIRE:  490 11:33:53     -455.686768        4.426001
FIRE:  491 11:33:54     -455.686768        4.428026
FIRE:  492 11:33:54     -455.686768        4.144694
FIRE:  493 11:33:55     -455.686768        3.936246
FIRE:  494 11:33:55     -455.686768        3.834380
FIRE:  495 11:33:56     -455.686768        3.254725
FIRE:  496 11:33:56     -455.686768        2.469838
FIRE:  497 11:33:57     -455.686798        2.540981
FIRE:  498 11:33:57     -455.686798        2.782589
FIRE:  499 11:33:58     -455.686829        3.716991
FIRE:  500 11:33:58     -455.686829        4.651615
FIRE:  501 11:33:59     -455.686859        3.853995
FIRE:  502 11:33:59     -455.686859        3.282679
FIRE:  503 11:33:59     -455.686890        2.979268
FIRE:  504 11:34:00     -455.686920        4.723890
FIRE:  505 11:34:00     -455.686981        2.729943
FIRE:  506 11:34:01     -455.687012        3.140094
FIRE:  507 11:34:01     -455.687073        4.488467
FIRE:  508 11:34:02     -455.687134        6.156683
FIRE:  509 11:34:02     -455.687134       14.949749
FIRE:  510 11:34:03     -455.686859       35.442918
FIRE:  511 11:34:03     -455.687317        5.347703
FIRE:  512 11:34:04     -455.687317        4.172486
FIRE:  513 11:34:04     -455.687317        3.402491
FIRE:  514 11:34:05     -455.687317        2.995599
FIRE:  515 11:34:05     -455.687317        2.400603
FIRE:  516 11:34:05     -455.687317        2.464216
FIRE:  517 11:34:06     -455.687317        2.649325
FIRE:  518 11:34:07     -455.687347        2.917414
FIRE:  519 11:34:07     -455.687347        3.753721
FIRE:  520 11:34:07     -455.687347        4.335643
FIRE:  521 11:34:08     -455.687347        3.901932
FIRE:  522 11:34:08     -455.687378        3.349062
FIRE:  523 11:34:09     -455.687378        2.581490
FIRE:  524 11:34:09     -455.687408        2.530902
FIRE:  525 11:34:10     -455.687439        4.913897
FIRE:  526 11:34:10     -455.687469        3.867875
FIRE:  527 11:34:11     -455.687469        4.680908
FIRE:  528 11:34:11     -455.687531        5.005730
FIRE:  529 11:34:12     -455.687592        3.715755
FIRE:  530 11:34:12     -455.687622        7.403010
FIRE:  531 11:34:13     -455.687653        2.447638
FIRE:  532 11:34:13     -455.687653        5.751005
FIRE:  533 11:34:13     -455.687653        5.473377
FIRE:  534 11:34:14     -455.687653        3.613280
FIRE:  535 11:34:14     -455.687653        3.137315
FIRE:  536 11:34:15     -455.687653        2.726221
FIRE:  537 11:34:15     -455.687653        2.616407
FIRE:  538 11:34:16     -455.687653        2.611240
FIRE:  539 11:34:16     -455.687653        2.554845
FIRE:  540 11:34:17     -455.687653        3.372884
FIRE:  541 11:34:17     -455.687653        3.620079
FIRE:  542 11:34:18     -455.687683        4.003409
FIRE:  543 11:34:18     -455.687683        3.776903
FIRE:  544 11:34:19     -455.687683        3.653488
FIRE:  545 11:34:19     -455.687714        3.077113
FIRE:  546 11:34:19     -455.687714        2.726984
FIRE:  547 11:34:20     -455.687744        3.369122
FIRE:  548 11:34:20     -455.687744        4.256168
FIRE:  549 11:34:21     -455.687805        3.431665
FIRE:  550 11:34:21     -455.687836        2.532060
FIRE:  551 11:34:22     -455.687866        4.699168
FIRE:  552 11:34:22     -455.687927        2.749827
FIRE:  553 11:34:23     -455.687988        3.774052
FIRE:  554 11:34:23     -455.688049        4.183747
FIRE:  555 11:34:24     -455.688019       20.106105
FIRE:  556 11:34:24     -455.686523       75.516416
FIRE:  557 11:34:25     -455.688019       27.450540
FIRE:  558 11:34:25     -455.688141       18.845945
FIRE:  559 11:34:26     -455.688232        4.692332
FIRE:  560 11:34:26     -455.688202       13.244713
FIRE:  561 11:34:26     -455.688202       12.631322
FIRE:  562 11:34:27     -455.688232        9.791077
FIRE:  563 11:34:27     -455.688232        7.180393
FIRE:  564 11:34:28     -455.688232        3.158539
FIRE:  565 11:34:28     -455.688232        3.347526
FIRE:  566 11:34:29     -455.688232        3.347526
FIRE:  567 11:34:29     -455.688232        3.347395
FIRE:  568 11:34:30     -455.688263        3.739707
FIRE:  569 11:34:30     -455.688263        3.453712
FIRE:  570 11:34:31     -455.688263        3.453715
FIRE:  571 11:34:31     -455.688263        3.454218
FIRE:  572 11:34:32     -455.688263        3.454256
FIRE:  573 11:34:32     -455.688232        3.454466
FIRE:  574 11:34:32     -455.688263        3.454915
FIRE:  575 11:34:33     -455.688263        3.455554
FIRE:  576 11:34:33     -455.688263        3.184708
FIRE:  577 11:34:34     -455.688263        3.564928
FIRE:  578 11:34:34     -455.688263        3.566283
FIRE:  579 11:34:35     -455.688263        2.952565
FIRE:  580 11:34:35     -455.688263        2.648449
FIRE:  581 11:34:36     -455.688263        2.979553
FIRE:  582 11:34:36     -455.688263        2.981730
FIRE:  583 11:34:37     -455.688263        3.349951
FIRE:  584 11:34:37     -455.688263        3.748151
FIRE:  585 11:34:38     -455.688263        3.463003
FIRE:  586 11:34:38     -455.688293        3.523135
FIRE:  587 11:34:38     -455.688293        3.751776
FIRE:  588 11:34:39     -455.688293        2.983531
FIRE:  589 11:34:39     -455.688324        3.191861
FIRE:  590 11:34:40     -455.688324        2.738868
FIRE:  591 11:34:40     -455.688354        2.888377
FIRE:  592 11:34:41     -455.688354        4.864455
FIRE:  593 11:34:41     -455.688385        3.467727
FIRE:  594 11:34:42     -455.688416        2.498298
FIRE:  595 11:34:42     -455.688446        3.144252
FIRE:  596 11:34:43     -455.688477        6.080254
FIRE:  597 11:34:43     -455.688538       11.037395
FIRE:  598 11:34:44     -455.688538        3.700069
FIRE:  599 11:34:44     -455.688538        6.562930
FIRE:  600 11:34:45     -455.688538        6.211027
FIRE:  601 11:34:45     -455.688538        5.549618
FIRE:  602 11:34:46     -455.688568        3.669043
FIRE:  603 11:34:46     -455.688568        2.502457
FIRE:  604 11:34:46     -455.688568        4.206711
FIRE:  605 11:34:47     -455.688538        4.206707
FIRE:  606 11:34:47     -455.688538        4.206707
FIRE:  607 11:34:48     -455.688568        3.556028
FIRE:  608 11:34:48     -455.688568        3.555329
FIRE:  609 11:34:49     -455.688568        2.835745
FIRE:  610 11:34:49     -455.688568        3.107590
FIRE:  611 11:34:50     -455.688568        3.483392
FIRE:  612 11:34:50     -455.688568        3.792298
FIRE:  613 11:34:51     -455.688568        3.793542
FIRE:  614 11:34:51     -455.688568        4.239572
FIRE:  615 11:34:52     -455.688568        4.700740
FIRE:  616 11:34:52     -455.688568        4.276528
FIRE:  617 11:34:53     -455.688568        4.277235
FIRE:  618 11:34:53     -455.688568        3.253063
FIRE:  619 11:34:54     -455.688568        2.710897
FIRE:  620 11:34:54     -455.688599        2.834734
FIRE:  621 11:34:55     -455.688599        2.681419
FIRE:  622 11:34:55     -455.688599        3.254844
FIRE:  623 11:34:55     -455.688599        3.680654
FIRE:  624 11:34:56     -455.688599        3.838830
FIRE:  625 11:34:56     -455.688629        3.683163
FIRE:  626 11:34:57     -455.688629        3.258973
FIRE:  627 11:34:57     -455.688660        2.546001
FIRE:  628 11:34:58     -455.688690        3.768069
FIRE:  629 11:34:58     -455.688721        3.900849
FIRE:  630 11:34:59     -455.688751        2.429283
FIRE:  631 11:34:59     -455.688782        3.866052
FIRE:  632 11:35:00     -455.688812        4.007589
FIRE:  633 11:35:00     -455.688873        7.799762
FIRE:  634 11:35:01     -455.688873        2.716395
FIRE:  635 11:35:01     -455.688873        5.292728
FIRE:  636 11:35:01     -455.688873        5.811150
FIRE:  637 11:35:02     -455.688873        4.600011
FIRE:  638 11:35:02     -455.688873        3.892132
FIRE:  639 11:35:03     -455.688904        2.852574
FIRE:  640 11:35:03     -455.688904        3.467996
FIRE:  641 11:35:04     -455.688904        4.172071
FIRE:  642 11:35:04     -455.688904        2.517967
FIRE:  643 11:35:05     -455.688904        2.713731
FIRE:  644 11:35:05     -455.688904        3.763303
FIRE:  645 11:35:06     -455.688904        4.113820
FIRE:  646 11:35:06     -455.688904        4.653971
FIRE:  647 11:35:07     -455.688934        3.982346
FIRE:  648 11:35:07     -455.688934        2.427476
FIRE:  649 11:35:08     -455.688934        2.710208
FIRE:  650 11:35:08     -455.688965        3.817310
FIRE:  651 11:35:08     -455.688965        4.909494
FIRE:  652 11:35:09     -455.688995        2.952683
FIRE:  653 11:35:09     -455.689026        3.294940
FIRE:  654 11:35:10     -455.689056        6.077702
FIRE:  655 11:35:10     -455.689087        2.996740
FIRE:  656 11:35:11     -455.689148        3.352933
FIRE:  657 11:35:11     -455.689178        5.722418
FIRE:  658 11:35:12     -455.689178       18.150908
FIRE:  659 11:35:12     -455.689270        4.055504
FIRE:  660 11:35:13     -455.689270        3.679161
FIRE:  661 11:35:13     -455.689270        3.227741
FIRE:  662 11:35:14     -455.689270        2.899016
FIRE:  663 11:35:14     -455.689270        3.361774
FIRE:  664 11:35:15     -455.689270        3.055372
FIRE:  665 11:35:15     -455.689270        3.058355
FIRE:  666 11:35:15     -455.689301        2.742387
FIRE:  667 11:35:16     -455.689270        4.059721
FIRE:  668 11:35:16     -455.689270        3.227388
FIRE:  669 11:35:17     -455.689301        3.269825
FIRE:  670 11:35:17     -455.689301        3.918216
FIRE:  671 11:35:18     -455.689331        3.268452
FIRE:  672 11:35:18     -455.689331        2.421683
FIRE:  673 11:35:19     -455.689362        3.778588
FIRE:  674 11:35:19     -455.689362        4.170236
FIRE:  675 11:35:20     -455.689362        2.813337
FIRE:  676 11:35:20     -455.689423        4.799555
FIRE:  677 11:35:21     -455.689453        2.867700
FIRE:  678 11:35:21     -455.689484        5.870465
FIRE:  679 11:35:21     -455.689514       11.349117
FIRE:  680 11:35:22     -455.689545        3.318071
FIRE:  681 11:35:22     -455.689545        3.317615
FIRE:  682 11:35:23     -455.689545        3.319117
FIRE:  683 11:35:23     -455.689575        2.903558
FIRE:  684 11:35:24     -455.689545        2.905083
FIRE:  685 11:35:24     -455.689545        3.405968
FIRE:  686 11:35:25     -455.689575        3.407352
FIRE:  687 11:35:25     -455.689575        3.407820
FIRE:  688 11:35:26     -455.689575        3.409889
FIRE:  689 11:35:26     -455.689575        3.703275
FIRE:  690 11:35:27     -455.689575        3.704901
FIRE:  691 11:35:27     -455.689575        2.583845
FIRE:  692 11:35:28     -455.689575        3.172980
FIRE:  693 11:35:28     -455.689606        3.859377
FIRE:  694 11:35:28     -455.689606        3.170274
FIRE:  695 11:35:29     -455.689606        2.574512
FIRE:  696 11:35:29     -455.689636        5.169653
FIRE:  697 11:35:30     -455.689667        2.982233
FIRE:  698 11:35:30     -455.689667        2.851612
FIRE:  699 11:35:31     -455.689728        5.906139
FIRE:  700 11:35:31     -455.689758        5.984118
FIRE:  701 11:35:32     -455.689789       11.894850
FIRE:  702 11:35:32     -455.689728       24.497797
FIRE:  703 11:35:33     -455.689850        2.958558
FIRE:  704 11:35:33     -455.689758       23.409961
FIRE:  705 11:35:34     -455.689819       16.556392
FIRE:  706 11:35:34     -455.689850        8.762647
FIRE:  707 11:35:35     -455.689850        5.377228
FIRE:  708 11:35:35     -455.689850        4.141567
FIRE:  709 11:35:35     -455.689880        3.233542
FIRE:  710 11:35:36     -455.689880        2.448855
FIRE:  711 11:35:36     -455.689850        2.449461
FIRE:  712 11:35:37     -455.689850        2.449691
FIRE:  713 11:35:37     -455.689850        3.150513
FIRE:  714 11:35:38     -455.689880        3.150004
FIRE:  715 11:35:38     -455.689880        3.721065
FIRE:  716 11:35:39     -455.689880        5.221089
FIRE:  717 11:35:39     -455.689880        4.745399
FIRE:  718 11:35:40     -455.689880        3.724648
FIRE:  719 11:35:40     -455.689880        4.337826
FIRE:  720 11:35:40     -455.689880        3.887757
FIRE:  721 11:35:41     -455.689880        3.614854
FIRE:  722 11:35:41     -455.689880        3.579437
FIRE:  723 11:35:42     -455.689911        2.444197
FIRE:  724 11:35:42     -455.689911        2.904564
FIRE:  725 11:35:43     -455.689911        4.520895
FIRE:  726 11:35:43     -455.689911        3.670659
FIRE:  727 11:35:44     -455.689941        3.454842
FIRE:  728 11:35:44     -455.689941        2.759348
FIRE:  729 11:35:45     -455.689972        4.065470
FIRE:  730 11:35:45     -455.689972        2.706047
FIRE:  731 11:35:46     -455.690002        3.503408
FIRE:  732 11:35:46     -455.690033        3.234236
FIRE:  733 11:35:47     -455.690063        4.558819
FIRE:  734 11:35:47     -455.690094        9.696953
FIRE:  735 11:35:47     -455.690125        2.547375
FIRE:  736 11:35:48     -455.690094        7.811929
FIRE:  737 11:35:48     -455.690125        6.107259
FIRE:  738 11:35:49     -455.690125        4.447807
FIRE:  739 11:35:49     -455.690125        4.139277
FIRE:  740 11:35:50     -455.690125        2.559872
FIRE:  741 11:35:50     -455.690125        6.043426
FIRE:  742 11:35:51     -455.690125        4.717873
FIRE:  743 11:35:51     -455.690125        3.742272
FIRE:  744 11:35:52     -455.690125        3.743333
FIRE:  745 11:35:52     -455.690125        2.557460
FIRE:  746 11:35:53     -455.690125        2.719303
FIRE:  747 11:35:53     -455.690125        3.116026
FIRE:  748 11:35:54     -455.690125        3.669256
FIRE:  749 11:35:54     -455.690125        4.142879
FIRE:  750 11:35:55     -455.690125        4.823137
FIRE:  751 11:35:55     -455.690125        4.821659
FIRE:  752 11:35:56     -455.690125        4.822882
FIRE:  753 11:35:56     -455.690125        3.725886
FIRE:  754 11:35:57     -455.690125        2.764295
FIRE:  755 11:35:57     -455.690155        3.325552
FIRE:  756 11:35:58     -455.690155        2.542064
FIRE:  757 11:35:58     -455.690155        3.057736
FIRE:  758 11:35:58     -455.690155        3.060889
FIRE:  759 11:35:59     -455.690155        3.724755
FIRE:  760 11:35:59     -455.690155        3.325025
FIRE:  761 11:36:00     -455.690186        3.962660
FIRE:  762 11:36:00     -455.690186        3.111672
FIRE:  763 11:36:01     -455.690186        3.051041
FIRE:  764 11:36:01     -455.690216        2.749075
FIRE:  765 11:36:02     -455.690216        5.370380
FIRE:  766 11:36:02     -455.690247        3.892313
FIRE:  767 11:36:03     -455.690277        5.390913
FIRE:  768 11:36:03     -455.690308        3.237589
FIRE:  769 11:36:04     -455.690338        5.417389
FIRE:  770 11:36:04     -455.690369        7.266892
FIRE:  771 11:36:05     -455.690399        3.056533
FIRE:  772 11:36:05     -455.690399        6.563164
FIRE:  773 11:36:05     -455.690399        5.999227
FIRE:  774 11:36:06     -455.690399        3.595736
FIRE:  775 11:36:06     -455.690399        2.698504
FIRE:  776 11:36:07     -455.690399        2.698528
FIRE:  777 11:36:07     -455.690399        3.720171
FIRE:  778 11:36:08     -455.690399        3.719794
FIRE:  779 11:36:08     -455.690399        2.846076
FIRE:  780 11:36:09     -455.690399        3.467441
FIRE:  781 11:36:09     -455.690399        3.971460
FIRE:  782 11:36:10     -455.690399        5.242606
FIRE:  783 11:36:10     -455.690430        3.592803
FIRE:  784 11:36:11     -455.690430        2.839544
FIRE:  785 11:36:11     -455.690430        3.117910
FIRE:  786 11:36:12     -455.690430        3.111772
FIRE:  787 11:36:12     -455.690430        4.499844
FIRE:  788 11:36:13     -455.690460        5.681220
FIRE:  789 11:36:13     -455.690491        6.403732
FIRE:  790 11:36:13     -455.690491        5.318332
FIRE:  791 11:36:14     -455.690491        2.668955
FIRE:  792 11:36:14     -455.690491        6.054218
FIRE:  793 11:36:15     -455.690491        4.916070
FIRE:  794 11:36:15     -455.690491        4.915981
FIRE:  795 11:36:16     -455.690491        4.917127
FIRE:  796 11:36:16     -455.690491        3.269850
FIRE:  797 11:36:17     -455.690491        3.271712
FIRE:  798 11:36:17     -455.690491        3.271477
FIRE:  799 11:36:18     -455.690491        2.435363
FIRE:  800 11:36:18     -455.690491        2.434265
FIRE:  801 11:36:19     -455.690491        2.436964
FIRE:  802 11:36:19     -455.690491        2.437723
FIRE:  803 11:36:19     -455.690491        2.980164
FIRE:  804 11:36:20     -455.690491        3.970650
FIRE:  805 11:36:20     -455.690491        5.483632
FIRE:  806 11:36:21     -455.690521        3.579261
FIRE:  807 11:36:21     -455.690521        2.663227
FIRE:  808 11:36:22     -455.690521        3.964704
FIRE:  809 11:36:22     -455.690521        2.515552
FIRE:  810 11:36:23     -455.690521        3.262453
FIRE:  811 11:36:23     -455.690552        4.718367
FIRE:  812 11:36:24     -455.690552        2.499740
FIRE:  813 11:36:24     -455.690582        3.076100
FIRE:  814 11:36:25     -455.690613        5.526194
FIRE:  815 11:36:25     -455.690643        5.211877
FIRE:  816 11:36:26     -455.690674        5.700806
FIRE:  817 11:36:26     -455.690704        6.152936
FIRE:  818 11:36:27     -455.690704       16.811413
FIRE:  819 11:36:27     -455.690460       47.477786
FIRE:  820 11:36:27     -455.690796        9.469483
FIRE:  821 11:36:28     -455.690796        7.264798
FIRE:  822 11:36:28     -455.690796        4.158782
FIRE:  823 11:36:29     -455.690796        4.529430
FIRE:  824 11:36:29     -455.690796        3.357353
FIRE:  825 11:36:30     -455.690796        3.067273
FIRE:  826 11:36:30     -455.690796        3.066817
FIRE:  827 11:36:31     -455.690796        3.067076
FIRE:  828 11:36:31     -455.690796        3.068416
FIRE:  829 11:36:32     -455.690796        3.796254
FIRE:  830 11:36:32     -455.690796        3.796681
FIRE:  831 11:36:33     -455.690796        3.796759
FIRE:  832 11:36:33     -455.690796        3.798572
FIRE:  833 11:36:34     -455.690796        3.130368
FIRE:  834 11:36:34     -455.690796        2.560444
FIRE:  835 11:36:34     -455.690796        2.562338
FIRE:  836 11:36:35     -455.690796        3.737445
FIRE:  837 11:36:35     -455.690796        4.531587
FIRE:  838 11:36:36     -455.690796        4.532204
FIRE:  839 11:36:36     -455.690826        4.159647
FIRE:  840 11:36:37     -455.690826        2.549045
FIRE:  841 11:36:37     -455.690826        4.411166
FIRE:  842 11:36:38     -455.690826        4.153209
FIRE:  843 11:36:38     -455.690857        3.654693
FIRE:  844 11:36:39     -455.690857        3.938453
FIRE:  845 11:36:39     -455.690857        3.306952
FIRE:  846 11:36:40     -455.690887        4.153919
FIRE:  847 11:36:40     -455.690918        3.934577
FIRE:  848 11:36:40     -455.690948        2.546951
FIRE:  849 11:36:41     -455.690979        4.374161
FIRE:  850 11:36:41     -455.691010        6.935341
FIRE:  851 11:36:42     -455.690948       24.628217
FIRE:  852 11:36:42     -455.690216       78.954919
FIRE:  853 11:36:43     -455.691010       24.142265
FIRE:  854 11:36:43     -455.691071       14.020144
FIRE:  855 11:36:44     -455.691101        4.777450
FIRE:  856 11:36:44     -455.691101       11.110136
FIRE:  857 11:36:45     -455.691101       11.110232
FIRE:  858 11:36:45     -455.691101        8.499983
FIRE:  859 11:36:46     -455.691101        8.498509
FIRE:  860 11:36:46     -455.691101        2.949885
FIRE:  861 11:36:47     -455.691101        4.131509
FIRE:  862 11:36:47     -455.691101        4.131509
FIRE:  863 11:36:47     -455.691101        4.131651
FIRE:  864 11:36:48     -455.691101        4.131651
FIRE:  865 11:36:48     -455.691101        3.514480
FIRE:  866 11:36:49     -455.691101        3.514829
FIRE:  867 11:36:49     -455.691101        3.514443
FIRE:  868 11:36:50     -455.691101        3.514606
FIRE:  869 11:36:50     -455.691101        3.514115
FIRE:  870 11:36:51     -455.691101        3.514523
FIRE:  871 11:36:51     -455.691101        2.949508
FIRE:  872 11:36:52     -455.691101        2.951254
FIRE:  873 11:36:52     -455.691101        2.951173
FIRE:  874 11:36:53     -455.691101        2.950082
FIRE:  875 11:36:53     -455.691101        2.950616
FIRE:  876 11:36:54     -455.691101        3.732855
FIRE:  877 11:36:54     -455.691101        3.732294
FIRE:  878 11:36:55     -455.691101        4.600683
FIRE:  879 11:36:55     -455.691101        2.578890
FIRE:  880 11:36:55     -455.691132        2.580698
FIRE:  881 11:36:56     -455.691132        2.581837
FIRE:  882 11:36:57     -455.691132        3.290440
FIRE:  883 11:36:57     -455.691132        4.780479
FIRE:  884 11:36:57     -455.691132        5.025844
FIRE:  885 11:36:58     -455.691132        3.729771
FIRE:  886 11:36:58     -455.691132        2.854884
FIRE:  887 11:36:59     -455.691162        5.445440
FIRE:  888 11:36:59     -455.691162        5.280653
FIRE:  889 11:37:00     -455.691162        4.118036
FIRE:  890 11:37:00     -455.691193        4.601666
FIRE:  891 11:37:01     -455.691193        7.905913
FIRE:  892 11:37:01     -455.691223        5.226467
FIRE:  893 11:37:02     -455.691223        3.705179
FIRE:  894 11:37:02     -455.691223        3.705488
FIRE:  895 11:37:03     -455.691223        3.706524
FIRE:  896 11:37:03     -455.691223        3.706976
FIRE:  897 11:37:04     -455.691223        3.707338
FIRE:  898 11:37:04     -455.691223        3.106026
FIRE:  899 11:37:04     -455.691223        5.220694
FIRE:  900 11:37:05     -455.691223        3.432563
FIRE:  901 11:37:05     -455.691223        2.535493
FIRE:  902 11:37:06     -455.691223        4.602302
FIRE:  903 11:37:06     -455.691223        4.602067
FIRE:  904 11:37:07     -455.691223        3.049282
FIRE:  905 11:37:07     -455.691223        4.105538
FIRE:  906 11:37:08     -455.691223        4.107081
FIRE:  907 11:37:08     -455.691223        2.892689
FIRE:  908 11:37:09     -455.691223        3.696566
FIRE:  909 11:37:09     -455.691223        3.305620
FIRE:  910 11:37:10     -455.691254        4.342619
FIRE:  911 11:37:10     -455.691254        3.687970
FIRE:  912 11:37:11     -455.691254        4.597904
FIRE:  913 11:37:11     -455.691284        2.869662
FIRE:  914 11:37:11     -455.691284        4.160221
FIRE:  915 11:37:12     -455.691315        6.834087
FIRE:  916 11:37:12     -455.691315       13.519353
FIRE:  917 11:37:13     -455.691345       10.731843
FIRE:  918 11:37:13     -455.691345        8.385222
FIRE:  919 11:37:14     -455.691376        6.044293
FIRE:  920 11:37:14     -455.691376        5.308120
FIRE:  921 11:37:15     -455.691345        5.569180
FIRE:  922 11:37:15     -455.691376        4.844621
FIRE:  923 11:37:16     -455.691376        2.628371
FIRE:  924 11:37:16     -455.691376        4.617156
FIRE:  925 11:37:17     -455.691376        4.617156
FIRE:  926 11:37:17     -455.691376        3.230867
FIRE:  927 11:37:17     -455.691376        3.231328
FIRE:  928 11:37:18     -455.691376        3.231363
FIRE:  929 11:37:18     -455.691376        2.630402
FIRE:  930 11:37:19     -455.691376        2.630064
FIRE:  931 11:37:19     -455.691376        3.329918
FIRE:  932 11:37:20     -455.691376        3.329660
FIRE:  933 11:37:20     -455.691345        4.848028
FIRE:  934 11:37:21     -455.691376        5.842967
FIRE:  935 11:37:21     -455.691376        5.107111
FIRE:  936 11:37:22     -455.691345        4.233018
FIRE:  937 11:37:22     -455.691376        3.412707
FIRE:  938 11:37:23     -455.691376        2.747648
FIRE:  939 11:37:23     -455.691376        2.745487
FIRE:  940 11:37:23     -455.691376        2.742533
FIRE:  941 11:37:24     -455.691376        4.581099
FIRE:  942 11:37:24     -455.691376        4.583247
FIRE:  943 11:37:25     -455.691406        3.889392
FIRE:  944 11:37:25     -455.691406        3.469643
FIRE:  945 11:37:26     -455.691406        2.789599
FIRE:  946 11:37:26     -455.691406        3.696363
FIRE:  947 11:37:27     -455.691437        4.846410
FIRE:  948 11:37:27     -455.691437        7.569114
FIRE:  949 11:37:28     -455.691437        8.152639
FIRE:  950 11:37:28     -455.691437        3.549299
FIRE:  951 11:37:29     -455.691437        4.124437
FIRE:  952 11:37:29     -455.691437        4.124437
FIRE:  953 11:37:30     -455.691437        4.124121
FIRE:  954 11:37:30     -455.691437        2.709641
FIRE:  955 11:37:31     -455.691437        3.527639
FIRE:  956 11:37:31     -455.691437        3.527582
FIRE:  957 11:37:31     -455.691437        3.529717
FIRE:  958 11:37:32     -455.691437        3.529146
FIRE:  959 11:37:32     -455.691437        2.775824
FIRE:  960 11:37:33     -455.691437        2.882722
FIRE:  961 11:37:33     -455.691437        2.881871
FIRE:  962 11:37:34     -455.691437        2.777936
FIRE:  963 11:37:34     -455.691437        4.477769
FIRE:  964 11:37:35     -455.691437        5.213239
FIRE:  965 11:37:35     -455.691467        2.984208
FIRE:  966 11:37:36     -455.691467        4.837844
FIRE:  967 11:37:36     -455.691467        3.433304
FIRE:  968 11:37:37     -455.691467        4.538942
FIRE:  969 11:37:37     -455.691467        2.439436
FIRE:  970 11:37:37     -455.691498        4.742288
FIRE:  971 11:37:38     -455.691498        5.875766
FIRE:  972 11:37:38     -455.691528        2.596912
FIRE:  973 11:37:39     -455.691528        9.386221
FIRE:  974 11:37:39     -455.691528        2.715960
FIRE:  975 11:37:40     -455.691528        4.366438
FIRE:  976 11:37:40     -455.691528        4.366438
FIRE:  977 11:37:41     -455.691528        3.498109
FIRE:  978 11:37:41     -455.691528        3.498162
FIRE:  979 11:37:42     -455.691528        4.458320
FIRE:  980 11:37:42     -455.691528        3.741465
FIRE:  981 11:37:43     -455.691528        3.078602
FIRE:  982 11:37:43     -455.691528        3.079600
FIRE:  983 11:37:43     -455.691528        2.519245
FIRE:  984 11:37:44     -455.691528        2.520052
FIRE:  985 11:37:44     -455.691528        2.517558
FIRE:  986 11:37:45     -455.691528        3.833231
FIRE:  987 11:37:45     -455.691528        3.834721
FIRE:  988 11:37:46     -455.691528        3.837358
FIRE:  989 11:37:46     -455.691559        4.095574
FIRE:  990 11:37:47     -455.691528        4.356753
FIRE:  991 11:37:47     -455.691528        2.753722
FIRE:  992 11:37:48     -455.691559        4.008235
FIRE:  993 11:37:48     -455.691559        5.004079
FIRE:  994 11:37:49     -455.691559        4.352512
FIRE:  995 11:37:49     -455.691589        3.284831
FIRE:  996 11:37:49     -455.691589        4.334841
FIRE:  997 11:37:50     -455.691620        4.065118
FIRE:  998 11:37:50     -455.691620        5.501635
FIRE:  999 11:37:51     -455.691650        9.180664
FIRE:  1000 11:37:51     -455.691650        2.505403
FIRE:  1001 11:37:52     -455.691650        5.501818
FIRE:  1002 11:37:52     -455.691650        5.501796
FIRE:  1003 11:37:53     -455.691650        3.948780
FIRE:  1004 11:37:53     -455.691650        3.948062
FIRE:  1005 11:37:54     -455.691650        3.090248
FIRE:  1006 11:37:54     -455.691650        3.724248
FIRE:  1007 11:37:55     -455.691650        3.723434
FIRE:  1008 11:37:55     -455.691650        3.719482
FIRE:  1009 11:37:56     -455.691650        2.697106
FIRE:  1010 11:37:56     -455.691650        4.051070
FIRE:  1011 11:37:57     -455.691650        4.999697
FIRE:  1012 11:37:57     -455.691681        3.335763
FIRE:  1013 11:37:58     -455.691681        5.391366
FIRE:  1014 11:37:58     -455.691681        2.991028
FIRE:  1015 11:37:59     -455.691681        3.984964
FIRE:  1016 11:37:59     -455.691681        3.473512
FIRE:  1017 11:38:00     -455.691711        3.568538
FIRE:  1018 11:38:00     -455.691711        3.925987
FIRE:  1019 11:38:00     -455.691711        2.671579
FIRE:  1020 11:38:01     -455.691742        3.921176
FIRE:  1021 11:38:01     -455.691742        2.832153
FIRE:  1022 11:38:02     -455.691772        7.762548
FIRE:  1023 11:38:02     -455.691803        9.664138
FIRE:  1024 11:38:03     -455.691803        2.931640
FIRE:  1025 11:38:03     -455.691803        7.793167
FIRE:  1026 11:38:04     -455.691803        5.584594
FIRE:  1027 11:38:04     -455.691803        5.584975
FIRE:  1028 11:38:05     -455.691803        2.926892
FIRE:  1029 11:38:05     -455.691803        2.926892
FIRE:  1030 11:38:06     -455.691803        2.926892
FIRE:  1031 11:38:06     -455.691803        3.059573
FIRE:  1032 11:38:07     -455.691803        3.059762
FIRE:  1033 11:38:07     -455.691803        3.061361
FIRE:  1034 11:38:07     -455.691803        4.572932
FIRE:  1035 11:38:08     -455.691803        4.572134
FIRE:  1036 11:38:08     -455.691803        4.860043
FIRE:  1037 11:38:09     -455.691803        4.054739
FIRE:  1038 11:38:09     -455.691803        4.054971
FIRE:  1039 11:38:10     -455.691803        4.057452
FIRE:  1040 11:38:10     -455.691803        3.147390
FIRE:  1041 11:38:11     -455.691803        3.148989
FIRE:  1042 11:38:11     -455.691803        3.753154
FIRE:  1043 11:38:12     -455.691803        3.747976
FIRE:  1044 11:38:12     -455.691803        3.402287
FIRE:  1045 11:38:13     -455.691833        4.164572
FIRE:  1046 11:38:13     -455.691833        3.405542
FIRE:  1047 11:38:13     -455.691833        5.578123
FIRE:  1048 11:38:14     -455.691833        3.043058
FIRE:  1049 11:38:14     -455.691833        5.966699
FIRE:  1050 11:38:15     -455.691833        4.153380
FIRE:  1051 11:38:15     -455.691864        5.278029
FIRE:  1052 11:38:16     -455.691864        3.114712
FIRE:  1053 11:38:16     -455.691864        4.720221
FIRE:  1054 11:38:17     -455.691895        4.026831
FIRE:  1055 11:38:17     -455.691895        8.500557
FIRE:  1056 11:38:18     -455.691895       13.592903
FIRE:  1057 11:38:18     -455.691925        5.961617
FIRE:  1058 11:38:19     -455.691925        6.668040
FIRE:  1059 11:38:19     -455.691925        6.668041
FIRE:  1060 11:38:19     -455.691925        4.720343
FIRE:  1061 11:38:20     -455.691925        3.891692
FIRE:  1062 11:38:20     -455.691925        2.645072
FIRE:  1063 11:38:21     -455.691925        4.290455
FIRE:  1064 11:38:21     -455.691925        4.290455
FIRE:  1065 11:38:22     -455.691925        4.290762
FIRE:  1066 11:38:22     -455.691925        2.647015
FIRE:  1067 11:38:23     -455.691925        2.647015
FIRE:  1068 11:38:23     -455.691925        2.646507
FIRE:  1069 11:38:24     -455.691925        2.649129
FIRE:  1070 11:38:24     -455.691925        2.648312
FIRE:  1071 11:38:25     -455.691925        3.997352
FIRE:  1072 11:38:25     -455.691925        3.997352
FIRE:  1073 11:38:26     -455.691925        5.026076
FIRE:  1074 11:38:26     -455.691956        5.026620
FIRE:  1075 11:38:26     -455.691956        3.999458
FIRE:  1076 11:38:27     -455.691925        4.002040
FIRE:  1077 11:38:27     -455.691956        4.001307
FIRE:  1078 11:38:28     -455.691925        4.291403
FIRE:  1079 11:38:28     -455.691925        3.493272
FIRE:  1080 11:38:29     -455.691956        5.162518
FIRE:  1081 11:38:29     -455.691956        3.495661
FIRE:  1082 11:38:30     -455.691956        3.495661
FIRE:  1083 11:38:30     -455.691956        2.641627
FIRE:  1084 11:38:31     -455.691956        3.494582
FIRE:  1085 11:38:31     -455.691956        4.592287
FIRE:  1086 11:38:32     -455.691956        4.592183
FIRE:  1087 11:38:32     -455.691956        4.592581
FIRE:  1088 11:38:32     -455.691956        4.594372
FIRE:  1089 11:38:33     -455.691956        3.593145
FIRE:  1090 11:38:33     -455.691956        3.592287
FIRE:  1091 11:38:34     -455.691956        2.935945
FIRE:  1092 11:38:34     -455.691956        2.937509
FIRE:  1093 11:38:35     -455.691956        2.866894
FIRE:  1094 11:38:35     -455.691956        3.598888
FIRE:  1095 11:38:36     -455.691956        4.821844
FIRE:  1096 11:38:36     -455.691956        3.982615
FIRE:  1097 11:38:37     -455.691956        3.208856
FIRE:  1098 11:38:37     -455.691956        3.476794
FIRE:  1099 11:38:38     -455.691956        5.015029
FIRE:  1100 11:38:38     -455.691986        2.935862
FIRE:  1101 11:38:39     -455.691986        5.904912
FIRE:  1102 11:38:39     -455.692017        4.576432
FIRE:  1103 11:38:40     -455.692017        3.922909
FIRE:  1104 11:38:40     -455.692017        4.016680
FIRE:  1105 11:38:40     -455.692047        2.702945
FIRE:  1106 11:38:41     -455.692078        4.231843
FIRE:  1107 11:38:41     -455.692078        6.026274
FIRE:  1108 11:38:42     -455.692078       21.759151
FIRE:  1109 11:38:42     -455.691681       68.634677
FIRE:  1110 11:38:43     -455.692108       19.613285
FIRE:  1111 11:38:43     -455.692139       13.819544
FIRE:  1112 11:38:44     -455.692169        4.255560
FIRE:  1113 11:38:44     -455.692169        9.769822
FIRE:  1114 11:38:45     -455.692169        9.767885
FIRE:  1115 11:38:45     -455.692169        7.953086
FIRE:  1116 11:38:46     -455.692169        6.144228
FIRE:  1117 11:38:46     -455.692169        2.523096
FIRE:  1118 11:38:46     -455.692169        3.403643
FIRE:  1119 11:38:47     -455.692169        5.503802
FIRE:  1120 11:38:47     -455.692169        5.503802
FIRE:  1121 11:38:48     -455.692169        5.504151
FIRE:  1122 11:38:48     -455.692169        5.504401
FIRE:  1123 11:38:49     -455.692169        5.504401
FIRE:  1124 11:38:49     -455.692169        5.504401
FIRE:  1125 11:38:50     -455.692169        5.504130
FIRE:  1126 11:38:50     -455.692169        4.573773
FIRE:  1127 11:38:51     -455.692169        4.576690
FIRE:  1128 11:38:51     -455.692169        3.508048
FIRE:  1129 11:38:52     -455.692169        2.524007
FIRE:  1130 11:38:52     -455.692169        6.141648
FIRE:  1131 11:38:52     -455.692169        6.141648
FIRE:  1132 11:38:53     -455.692169        6.141648
FIRE:  1133 11:38:53     -455.692169        3.742977
FIRE:  1134 11:38:54     -455.692169        2.599073
FIRE:  1135 11:38:54     -455.692169        2.599073
FIRE:  1136 11:38:55     -455.692169        3.508640
FIRE:  1137 11:38:55     -455.692169        3.508640
FIRE:  1138 11:38:56     -455.692169        3.508640
FIRE:  1139 11:38:56     -455.692169        3.508308
FIRE:  1140 11:38:57     -455.692169        3.508381
FIRE:  1141 11:38:57     -455.692169        3.508381
FIRE:  1142 11:38:58     -455.692169        3.508086
FIRE:  1143 11:38:58     -455.692169        3.508444
FIRE:  1144 11:38:59     -455.692169        3.510961
FIRE:  1145 11:38:59     -455.692169        3.511183
FIRE:  1146 11:39:00     -455.692169        2.602489
FIRE:  1147 11:39:00     -455.692169        2.602251
FIRE:  1148 11:39:01     -455.692169        2.601923
FIRE:  1149 11:39:01     -455.692169        3.512915
FIRE:  1150 11:39:02     -455.692169        3.513610
FIRE:  1151 11:39:02     -455.692169        4.701536
FIRE:  1152 11:39:02     -455.692169        4.822871
FIRE:  1153 11:39:03     -455.692169        4.825911
FIRE:  1154 11:39:03     -455.692169        3.096053
FIRE:  1155 11:39:04     -455.692169        3.097912
FIRE:  1156 11:39:04     -455.692169        6.480775
FIRE:  1157 11:39:05     -455.692169        6.480938
FIRE:  1158 11:39:05     -455.692169        2.532774
FIRE:  1159 11:39:06     -455.692169        3.099850
FIRE:  1160 11:39:06     -455.692200        4.238997
FIRE:  1161 11:39:07     -455.692200        4.237868
FIRE:  1162 11:39:07     -455.692200        4.240105
FIRE:  1163 11:39:08     -455.692200        4.240335
FIRE:  1164 11:39:08     -455.692200        4.242420
FIRE:  1165 11:39:08     -455.692200        4.241904
FIRE:  1166 11:39:09     -455.692169        4.359209
FIRE:  1167 11:39:09     -455.692169        3.486887
FIRE:  1168 11:39:10     -455.692200        3.806586
FIRE:  1169 11:39:10     -455.692200        3.806439
FIRE:  1170 11:39:11     -455.692200        3.601630
FIRE:  1171 11:39:11     -455.692200        3.604179
FIRE:  1172 11:39:12     -455.692200        4.816486
FIRE:  1173 11:39:12     -455.692200        4.222403
FIRE:  1174 11:39:13     -455.692230        4.123124
FIRE:  1175 11:39:13     -455.692200        3.264786
FIRE:  1176 11:39:14     -455.692230        5.980253
FIRE:  1177 11:39:14     -455.692230        5.485853
FIRE:  1178 11:39:15     -455.692230       11.142043
FIRE:  1179 11:39:15     -455.692261        5.165132
FIRE:  1180 11:39:15     -455.692261        5.004738
FIRE:  1181 11:39:16     -455.692261        3.872367
FIRE:  1182 11:39:16     -455.692261        3.872913
FIRE:  1183 11:39:17     -455.692261        3.031286
FIRE:  1184 11:39:17     -455.692261        3.031506
FIRE:  1185 11:39:18     -455.692261        3.030953
FIRE:  1186 11:39:18     -455.692261        4.188138
FIRE:  1187 11:39:19     -455.692261        4.187839
FIRE:  1188 11:39:19     -455.692261        4.188065
FIRE:  1189 11:39:20     -455.692261        3.313652
FIRE:  1190 11:39:20     -455.692261        2.570089
FIRE:  1191 11:39:21     -455.692261        4.288204
FIRE:  1192 11:39:21     -455.692261        4.282796
FIRE:  1193 11:39:21     -455.692261        4.524055
FIRE:  1194 11:39:22     -455.692261        4.319275
FIRE:  1195 11:39:22     -455.692261        3.429437
FIRE:  1196 11:39:23     -455.692291        4.988470
FIRE:  1197 11:39:23     -455.692291        3.010892
FIRE:  1198 11:39:24     -455.692291        4.362610
FIRE:  1199 11:39:24     -455.692291        3.713062
FIRE:  1200 11:39:25     -455.692291        4.984190
FIRE:  1201 11:39:25     -455.692322        3.576020
FIRE:  1202 11:39:26     -455.692322        6.698300
FIRE:  1203 11:39:26     -455.692322        2.548937
FIRE:  1204 11:39:27     -455.692322        3.142403
FIRE:  1205 11:39:27     -455.692322        6.332424
FIRE:  1206 11:39:28     -455.692322        5.322557
FIRE:  1207 11:39:28     -455.692322        5.321365
FIRE:  1208 11:39:28     -455.692322        4.346707
FIRE:  1209 11:39:29     -455.692322        4.349435
FIRE:  1210 11:39:29     -455.692352        2.504807
FIRE:  1211 11:39:30     -455.692322        4.150694
FIRE:  1212 11:39:30     -455.692322        4.151338
FIRE:  1213 11:39:31     -455.692322        4.151338
FIRE:  1214 11:39:31     -455.692322        4.151338
FIRE:  1215 11:39:32     -455.692322        2.504573
FIRE:  1216 11:39:32     -455.692322        2.504095
FIRE:  1217 11:39:33     -455.692322        2.504095
FIRE:  1218 11:39:33     -455.692322        2.506043
FIRE:  1219 11:39:34     -455.692322        3.440216
FIRE:  1220 11:39:34     -455.692322        4.354119
FIRE:  1221 11:39:34     -455.692322        4.354458
FIRE:  1222 11:39:35     -455.692322        4.353712
FIRE:  1223 11:39:35     -455.692322        4.352455
FIRE:  1224 11:39:36     -455.692352        3.252349
FIRE:  1225 11:39:36     -455.692352        4.476737
FIRE:  1226 11:39:37     -455.692352        3.552405
FIRE:  1227 11:39:37     -455.692352        2.589728
FIRE:  1228 11:39:38     -455.692352        2.590330
FIRE:  1229 11:39:38     -455.692352        3.672413
FIRE:  1230 11:39:39     -455.692352        3.675413
FIRE:  1231 11:39:39     -455.692352        3.238602
FIRE:  1232 11:39:39     -455.692352        4.962052
FIRE:  1233 11:39:40     -455.692352        4.329644
FIRE:  1234 11:39:40     -455.692352        3.417598
FIRE:  1235 11:39:41     -455.692383        5.886286
FIRE:  1236 11:39:41     -455.692383        3.974996
FIRE:  1237 11:39:42     -455.692383        5.306260
FIRE:  1238 11:39:42     -455.692383        2.694448
FIRE:  1239 11:39:43     -455.692413        2.733562
FIRE:  1240 11:39:43     -455.692413        5.809200
FIRE:  1241 11:39:44     -455.692444        4.475011
FIRE:  1242 11:39:44     -455.692444       11.118395
FIRE:  1243 11:39:45     -455.692413       30.559018
FIRE:  1244 11:39:45     -455.692505        2.506797
FIRE:  1245 11:39:45     -455.692413       30.924236
FIRE:  1246 11:39:46     -455.692444       21.705953
FIRE:  1247 11:39:46     -455.692474       11.176907
FIRE:  1248 11:39:47     -455.692505        8.685340
FIRE:  1249 11:39:47     -455.692505        6.659259
FIRE:  1250 11:39:48     -455.692505        4.647198
FIRE:  1251 11:39:48     -455.692505        4.645494
FIRE:  1252 11:39:49     -455.692505        4.645636
FIRE:  1253 11:39:49     -455.692505        2.509616
FIRE:  1254 11:39:50     -455.692505        3.617053
FIRE:  1255 11:39:50     -455.692505        5.645886
FIRE:  1256 11:39:51     -455.692474        7.431227
FIRE:  1257 11:39:51     -455.692474        7.431227
FIRE:  1258 11:39:52     -455.692474        7.431227
FIRE:  1259 11:39:52     -455.692474        7.430386
FIRE:  1260 11:39:53     -455.692505        4.961250
FIRE:  1261 11:39:53     -455.692505        4.960410
FIRE:  1262 11:39:53     -455.692505        4.960320
FIRE:  1263 11:39:54     -455.692505        4.960178
FIRE:  1264 11:39:54     -455.692505        3.737687
FIRE:  1265 11:39:55     -455.692505        2.594930
FIRE:  1266 11:39:55     -455.692505        2.595234
FIRE:  1267 11:39:56     -455.692505        2.595945
FIRE:  1268 11:39:56     -455.692505        2.853825
FIRE:  1269 11:39:57     -455.692505        3.307453
FIRE:  1270 11:39:57     -455.692505        3.307140
FIRE:  1271 11:39:58     -455.692505        3.303650
FIRE:  1272 11:39:58     -455.692505        3.742761
FIRE:  1273 11:39:59     -455.692505        3.740838
FIRE:  1274 11:39:59     -455.692505        3.743024
FIRE:  1275 11:40:00     -455.692505        3.745340
FIRE:  1276 11:40:00     -455.692505        2.861393
FIRE:  1277 11:40:01     -455.692505        4.087710
FIRE:  1278 11:40:01     -455.692505        4.090056
FIRE:  1279 11:40:02     -455.692505        4.438820
FIRE:  1280 11:40:02     -455.692505        4.341073
FIRE:  1281 11:40:02     -455.692535        2.725827
FIRE:  1282 11:40:03     -455.692535        3.718327
FIRE:  1283 11:40:03     -455.692535        4.063209
FIRE:  1284 11:40:04     -455.692535        4.424717
FIRE:  1285 11:40:04     -455.692535        3.464496
FIRE:  1286 11:40:05     -455.692566        3.094522
FIRE:  1287 11:40:05     -455.692566        4.773699
FIRE:  1288 11:40:06     -455.692596        2.552029
FIRE:  1289 11:40:06     -455.692596        3.043605
FIRE:  1290 11:40:07     -455.692627        4.660318
FIRE:  1291 11:40:07     -455.692657        3.087969
FIRE:  1292 11:40:08     -455.692688       10.232143
FIRE:  1293 11:40:08     -455.692566       42.756241
FIRE:  1294 11:40:08     -455.692719       16.228745
FIRE:  1295 11:40:09     -455.692719       11.388189
FIRE:  1296 11:40:09     -455.692749        5.864929
FIRE:  1297 11:40:10     -455.692719        9.512807
FIRE:  1298 11:40:10     -455.692719        9.513595
FIRE:  1299 11:40:11     -455.692719        4.369966
FIRE:  1300 11:40:11     -455.692749        3.642339
FIRE:  1301 11:40:12     -455.692749        3.643984
FIRE:  1302 11:40:12     -455.692749        3.643839
FIRE:  1303 11:40:13     -455.692749        2.540743
FIRE:  1304 11:40:13     -455.692749        2.540743
FIRE:  1305 11:40:13     -455.692749        2.540743
FIRE:  1306 11:40:14     -455.692749        2.540634
FIRE:  1307 11:40:14     -455.692749        2.541519
FIRE:  1308 11:40:15     -455.692749        2.541192
FIRE:  1309 11:40:15     -455.692749        3.644168
FIRE:  1310 11:40:16     -455.692749        3.645137
FIRE:  1311 11:40:16     -455.692749        2.541288
FIRE:  1312 11:40:17     -455.692749        2.541536
FIRE:  1313 11:40:17     -455.692749        2.540693
FIRE:  1314 11:40:18     -455.692749        2.541476
FIRE:  1315 11:40:18     -455.692749        4.726213
FIRE:  1316 11:40:19     -455.692749        3.428184
FIRE:  1317 11:40:19     -455.692749        3.427791
FIRE:  1318 11:40:20     -455.692749        4.880654
FIRE:  1319 11:40:20     -455.692749        4.879793
FIRE:  1320 11:40:20     -455.692749        4.880637
FIRE:  1321 11:40:21     -455.692749        4.042641
FIRE:  1322 11:40:21     -455.692749        4.038505
FIRE:  1323 11:40:22     -455.692749        2.935120
FIRE:  1324 11:40:22     -455.692749        6.619837
FIRE:  1325 11:40:23     -455.692749        3.064129
FIRE:  1326 11:40:23     -455.692780        3.400853
FIRE:  1327 11:40:24     -455.692780        4.137554
FIRE:  1328 11:40:24     -455.692780        3.682731
FIRE:  1329 11:40:25     -455.692780        6.009647
FIRE:  1330 11:40:25     -455.692810        3.199618
FIRE:  1331 11:40:26     -455.692810       11.497933
FIRE:  1332 11:40:26     -455.692810        6.923137
FIRE:  1333 11:40:27     -455.692810        4.665299
FIRE:  1334 11:40:27     -455.692810        4.665299
FIRE:  1335 11:40:27     -455.692810        4.663817
FIRE:  1336 11:40:28     -455.692841        2.458820
FIRE:  1337 11:40:28     -455.692841        2.460315
FIRE:  1338 11:40:29     -455.692810        5.226121
FIRE:  1339 11:40:29     -455.692810        5.225313
FIRE:  1340 11:40:30     -455.692810        5.228619
FIRE:  1341 11:40:30     -455.692810        3.036922
FIRE:  1342 11:40:31     -455.692810        3.038658
FIRE:  1343 11:40:31     -455.692810        3.181151
FIRE:  1344 11:40:32     -455.692810        5.848441
FIRE:  1345 11:40:32     -455.692810        3.573189
FIRE:  1346 11:40:33     -455.692810        5.652216
FIRE:  1347 11:40:33     -455.692841        4.238048
FIRE:  1348 11:40:33     -455.692841        4.389304
FIRE:  1349 11:40:34     -455.692841        3.666523
FIRE:  1350 11:40:34     -455.692841        3.997319
FIRE:  1351 11:40:35     -455.692871        4.208384
FIRE:  1352 11:40:35     -455.692871        2.604137
FIRE:  1353 11:40:36     -455.692871        5.191277
FIRE:  1354 11:40:36     -455.692902        2.991550
FIRE:  1355 11:40:37     -455.692902        6.676726
FIRE:  1356 11:40:37     -455.692902       14.576137
FIRE:  1357 11:40:38     -455.692932        4.633986
FIRE:  1358 11:40:38     -455.692932       10.990290
FIRE:  1359 11:40:39     -455.692932       10.990532
FIRE:  1360 11:40:39     -455.692932        6.489642
FIRE:  1361 11:40:40     -455.692932        2.786752
FIRE:  1362 11:40:40     -455.692932        2.787107
FIRE:  1363 11:40:40     -455.692932        5.885418
FIRE:  1364 11:40:41     -455.692932        5.885418
FIRE:  1365 11:40:41     -455.692932        5.885290
FIRE:  1366 11:40:42     -455.692932        3.133218
FIRE:  1367 11:40:42     -455.692932        3.114120
FIRE:  1368 11:40:43     -455.692932        4.210712
FIRE:  1369 11:40:43     -455.692932        4.210712
FIRE:  1370 11:40:44     -455.692932        4.211888
FIRE:  1371 11:40:44     -455.692932        4.211146
FIRE:  1372 11:40:45     -455.692932        4.211699
FIRE:  1373 11:40:45     -455.692932        4.210776
FIRE:  1374 11:40:46     -455.692932        2.905031
FIRE:  1375 11:40:46     -455.692932        2.907922
FIRE:  1376 11:40:46     -455.692932        2.907651
FIRE:  1377 11:40:47     -455.692932        2.909032
FIRE:  1378 11:40:47     -455.692932        2.909740
FIRE:  1379 11:40:48     -455.692932        4.372499
FIRE:  1380 11:40:48     -455.692932        4.373401
FIRE:  1381 11:40:49     -455.692932        3.188396
FIRE:  1382 11:40:49     -455.692932        3.180625
FIRE:  1383 11:40:50     -455.692963        4.958339
FIRE:  1384 11:40:50     -455.692963        4.963770
FIRE:  1385 11:40:51     -455.692963        4.184244
FIRE:  1386 11:40:51     -455.692963        5.666716
FIRE:  1387 11:40:51     -455.692963        2.839728
FIRE:  1388 11:40:52     -455.692963        2.839373
FIRE:  1389 11:40:52     -455.692963        8.268936
FIRE:  1390 11:40:53     -455.692963        8.268973
FIRE:  1391 11:40:53     -455.692963        2.839581
FIRE:  1392 11:40:54     -455.692963        3.589644
FIRE:  1393 11:40:54     -455.692963        4.762792
FIRE:  1394 11:40:55     -455.692963        3.589359
FIRE:  1395 11:40:55     -455.692963        3.589359
FIRE:  1396 11:40:56     -455.692963        3.589359
FIRE:  1397 11:40:56     -455.692963        3.590049
FIRE:  1398 11:40:57     -455.692963        3.589716
FIRE:  1399 11:40:57     -455.692963        3.589716
FIRE:  1400 11:40:58     -455.692963        3.589716
FIRE:  1401 11:40:58     -455.692963        3.592150
FIRE:  1402 11:40:59     -455.692963        3.592414
FIRE:  1403 11:40:59     -455.692963        3.593518
FIRE:  1404 11:41:00     -455.692963        2.509494
FIRE:  1405 11:41:00     -455.692963        2.508973
FIRE:  1406 11:41:01     -455.692963        2.509991
FIRE:  1407 11:41:01     -455.692963        2.511088
FIRE:  1408 11:41:02     -455.692963        3.361076
FIRE:  1409 11:41:02     -455.692963        4.766136
FIRE:  1410 11:41:02     -455.692963        3.361981
FIRE:  1411 11:41:03     -455.692963        3.363532
FIRE:  1412 11:41:03     -455.692963        3.363707
FIRE:  1413 11:41:04     -455.692963        3.748090
FIRE:  1414 11:41:04     -455.692993        3.747864
FIRE:  1415 11:41:05     -455.692963        2.718893
FIRE:  1416 11:41:05     -455.692963        4.152407
FIRE:  1417 11:41:06     -455.692963        4.569979
FIRE:  1418 11:41:06     -455.692993        3.412825
FIRE:  1419 11:41:07     -455.692993        7.398658
FIRE:  1420 11:41:07     -455.692993        7.396929
FIRE:  1421 11:41:08     -455.692993        7.397654
FIRE:  1422 11:41:08     -455.692993        5.011805
FIRE:  1423 11:41:09     -455.692993        5.011805
FIRE:  1424 11:41:09     -455.692993        5.012094
FIRE:  1425 11:41:10     -455.692993        2.590852
FIRE:  1426 11:41:10     -455.692993        2.590706
FIRE:  1427 11:41:10     -455.692993        3.711822
FIRE:  1428 11:41:11     -455.692993        3.711387
FIRE:  1429 11:41:11     -455.692993        3.713307
FIRE:  1430 11:41:12     -455.692993        3.714864
FIRE:  1431 11:41:12     -455.692993        2.681766
FIRE:  1432 11:41:13     -455.692993        2.681232
FIRE:  1433 11:41:13     -455.692993        2.681670
FIRE:  1434 11:41:14     -455.692993        2.682653
FIRE:  1435 11:41:14     -455.692993        2.683742
FIRE:  1436 11:41:15     -455.692993        4.122291
FIRE:  1437 11:41:15     -455.692993        4.120681
FIRE:  1438 11:41:16     -455.692993        4.122700
FIRE:  1439 11:41:16     -455.692993        4.127567
FIRE:  1440 11:41:17     -455.693024        3.371290
FIRE:  1441 11:41:17     -455.693024        3.380102
FIRE:  1442 11:41:17     -455.693024        4.980610
FIRE:  1443 11:41:18     -455.693024        2.645086
FIRE:  1444 11:41:18     -455.693024        4.272103
FIRE:  1445 11:41:19     -455.693024        5.788727
FIRE:  1446 11:41:19     -455.693054        5.973489
FIRE:  1447 11:41:20     -455.693054        9.356843
FIRE:  1448 11:41:20     -455.693054        3.572871
FIRE:  1449 11:41:21     -455.693054        2.936579
FIRE:  1450 11:41:21     -455.693054        5.311624
FIRE:  1451 11:41:22     -455.693054        5.311624
FIRE:  1452 11:41:22     -455.693054        5.311127
FIRE:  1453 11:41:23     -455.693054        4.058728
FIRE:  1454 11:41:23     -455.693054        2.937991
FIRE:  1455 11:41:23     -455.693054        2.937976
FIRE:  1456 11:41:24     -455.693054        2.937347
FIRE:  1457 11:41:24     -455.693054        2.937532
FIRE:  1458 11:41:25     -455.693054        3.565910
FIRE:  1459 11:41:25     -455.693054        3.567564
FIRE:  1460 11:41:26     -455.693054        4.486032
FIRE:  1461 11:41:26     -455.693054        4.487295
FIRE:  1462 11:41:27     -455.693054        3.306598
FIRE:  1463 11:41:27     -455.693085        3.306353
FIRE:  1464 11:41:28     -455.693054        3.457014
FIRE:  1465 11:41:28     -455.693054        3.857348
FIRE:  1466 11:41:29     -455.693085        4.508908
FIRE:  1467 11:41:29     -455.693085        4.497846
FIRE:  1468 11:41:30     -455.693085        7.060236
FIRE:  1469 11:41:30     -455.693085        8.305124
FIRE:  1470 11:41:31     -455.693115        4.970483
FIRE:  1471 11:41:31     -455.693115        4.969102
FIRE:  1472 11:41:31     -455.693115        2.614668
FIRE:  1473 11:41:32     -455.693085        6.696161
FIRE:  1474 11:41:32     -455.693085        6.696878
FIRE:  1475 11:41:33     -455.693115        5.360483
FIRE:  1476 11:41:33     -455.693115        2.614753
FIRE:  1477 11:41:34     -455.693115        4.964700
FIRE:  1478 11:41:34     -455.693115        4.964700
FIRE:  1479 11:41:35     -455.693115        4.964700
FIRE:  1480 11:41:35     -455.693115        2.733802
FIRE:  1481 11:41:36     -455.693115        2.733802
FIRE:  1482 11:41:36     -455.693115        2.733802
FIRE:  1483 11:41:37     -455.693115        4.085017
FIRE:  1484 11:41:37     -455.693115        4.086377
FIRE:  1485 11:41:37     -455.693115        4.084928
FIRE:  1486 11:41:38     -455.693115        5.361376
FIRE:  1487 11:41:38     -455.693115        2.733622
FIRE:  1488 11:41:39     -455.693115        2.733622
FIRE:  1489 11:41:39     -455.693115        2.733157
FIRE:  1490 11:41:40     -455.693115        5.539506
FIRE:  1491 11:41:40     -455.693115        4.246963
FIRE:  1492 11:41:41     -455.693115        4.246242
FIRE:  1493 11:41:41     -455.693115        4.247056
FIRE:  1494 11:41:42     -455.693115        4.248085
FIRE:  1495 11:41:42     -455.693115        2.859865
FIRE:  1496 11:41:43     -455.693115        3.789286
FIRE:  1497 11:41:43     -455.693115        6.310817
FIRE:  1498 11:41:44     -455.693115        2.862977
FIRE:  1499 11:41:44     -455.693115        4.425017
FIRE:  1500 11:41:44     -455.693115        6.015531
FIRE:  1501 11:41:45     -455.693115        3.231259
FIRE:  1502 11:41:45     -455.693115        5.330777
FIRE:  1503 11:41:46     -455.693146        4.259976
FIRE:  1504 11:41:46     -455.693146        6.801359
FIRE:  1505 11:41:47     -455.693146        5.995717
FIRE:  1506 11:41:47     -455.693146        8.813110
FIRE:  1507 11:41:48     -455.693146        9.197653
FIRE:  1508 11:41:48     -455.693146        3.535367
FIRE:  1509 11:41:49     -455.693146        4.184070
FIRE:  1510 11:41:49     -455.693146        4.184070
FIRE:  1511 11:41:49     -455.693146        3.000499
FIRE:  1512 11:41:50     -455.693146        3.002622
FIRE:  1513 11:41:50     -455.693146        3.002737
FIRE:  1514 11:41:51     -455.693146        3.001346
FIRE:  1515 11:41:51     -455.693146        3.001849
FIRE:  1516 11:41:52     -455.693176        3.002897
FIRE:  1517 11:41:52     -455.693146        3.001149
FIRE:  1518 11:41:53     -455.693146        4.187199
FIRE:  1519 11:41:53     -455.693176        3.004382
FIRE:  1520 11:41:54     -455.693146        4.632478
FIRE:  1521 11:41:54     -455.693146        3.387259
FIRE:  1522 11:41:55     -455.693146        3.157477
FIRE:  1523 11:41:55     -455.693176        3.152548
FIRE:  1524 11:41:56     -455.693176        4.641118
FIRE:  1525 11:41:56     -455.693176        4.822172
FIRE:  1526 11:41:57     -455.693176        5.283968
FIRE:  1527 11:41:57     -455.693176        7.092866
FIRE:  1528 11:41:58     -455.693176        4.489474
FIRE:  1529 11:41:58     -455.693176        4.151321
FIRE:  1530 11:41:58     -455.693176        2.960972
FIRE:  1531 11:41:59     -455.693207        2.962665
FIRE:  1532 11:41:59     -455.693207        2.961643
FIRE:  1533 11:42:00     -455.693207        2.962831
FIRE:  1534 11:42:00     -455.693207        2.962340
FIRE:  1535 11:42:01     -455.693207        2.962621
FIRE:  1536 11:42:01     -455.693176        4.151026
FIRE:  1537 11:42:02     -455.693176        4.151454
FIRE:  1538 11:42:02     -455.693176        2.963784
FIRE:  1539 11:42:03     -455.693176        2.962414
FIRE:  1540 11:42:03     -455.693207        2.962611
FIRE:  1541 11:42:04     -455.693207        2.962840
FIRE:  1542 11:42:04     -455.693207        2.964843
FIRE:  1543 11:42:05     -455.693207        4.156699
FIRE:  1544 11:42:05     -455.693207        2.968637
FIRE:  1545 11:42:06     -455.693207        4.604785
FIRE:  1546 11:42:06     -455.693207        5.063092
FIRE:  1547 11:42:06     -455.693207        5.066631
FIRE:  1548 11:42:07     -455.693207        4.989791
FIRE:  1549 11:42:07     -455.693207        4.991081
FIRE:  1550 11:42:08     -455.693207        4.992214
FIRE:  1551 11:42:08     -455.693207        2.655020
FIRE:  1552 11:42:09     -455.693207        3.767909
FIRE:  1553 11:42:09     -455.693207        5.071050
FIRE:  1554 11:42:10     -455.693207        7.097897
FIRE:  1555 11:42:10     -455.693207        7.103833
FIRE:  1556 11:42:11     -455.693207        3.936297
FIRE:  1557 11:42:11     -455.693207        2.781225
FIRE:  1558 11:42:12     -455.693207        4.624306
FIRE:  1559 11:42:12     -455.693207        4.617930
FIRE:  1560 11:42:12     -455.693207        4.618905
FIRE:  1561 11:42:13     -455.693207        3.945672
FIRE:  1562 11:42:13     -455.693207       11.063584
FIRE:  1563 11:42:14     -455.693207        5.936643
FIRE:  1564 11:42:14     -455.693207        2.883785
FIRE:  1565 11:42:15     -455.693207        8.647587
FIRE:  1566 11:42:15     -455.693207        8.644933
FIRE:  1567 11:42:16     -455.693207        2.615211
FIRE:  1568 11:42:16     -455.693237        5.041957
FIRE:  1569 11:42:17     -455.693237        5.041957
FIRE:  1570 11:42:17     -455.693237        5.041957
FIRE:  1571 11:42:18     -455.693237        5.042135
FIRE:  1572 11:42:18     -455.693237        5.040664
FIRE:  1573 11:42:18     -455.693207        2.615777
FIRE:  1574 11:42:19     -455.693207        2.615834
FIRE:  1575 11:42:19     -455.693237        2.617297
FIRE:  1576 11:42:20     -455.693237        2.617260
FIRE:  1577 11:42:20     -455.693207        5.113150
FIRE:  1578 11:42:21     -455.693207        5.112482
FIRE:  1579 11:42:21     -455.693237        3.476818
FIRE:  1580 11:42:22     -455.693207        7.093290
FIRE:  1581 11:42:22     -455.693237        5.233057
FIRE:  1582 11:42:23     -455.693237        3.901374
FIRE:  1583 11:42:23     -455.693237        2.746330
FIRE:  1584 11:42:24     -455.693237        4.350692
FIRE:  1585 11:42:24     -455.693237        3.866816
FIRE:  1586 11:42:25     -455.693237        3.861607
FIRE:  1587 11:42:25     -455.693237        3.853998
FIRE:  1588 11:42:25     -455.693237        8.429787
FIRE:  1589 11:42:26     -455.693268        6.414263
FIRE:  1590 11:42:26     -455.693268        2.701397
FIRE:  1591 11:42:27     -455.693268        7.042903
FIRE:  1592 11:42:27     -455.693268        7.042747
FIRE:  1593 11:42:28     -455.693268        2.706516
FIRE:  1594 11:42:28     -455.693268        4.316764
FIRE:  1595 11:42:29     -455.693268        4.316764
FIRE:  1596 11:42:29     -455.693268        4.316805
FIRE:  1597 11:42:30     -455.693268        4.319522
FIRE:  1598 11:42:30     -455.693268        4.318979
FIRE:  1599 11:42:30     -455.693268        4.319212
FIRE:  1600 11:42:31     -455.693268        4.319710
FIRE:  1601 11:42:31     -455.693268        4.779796
FIRE:  1602 11:42:32     -455.693268        3.473856
FIRE:  1603 11:42:32     -455.693268        3.475259
FIRE:  1604 11:42:33     -455.693268        3.102164
FIRE:  1605 11:42:33     -455.693268        3.105728
FIRE:  1606 11:42:34     -455.693268        3.098949
FIRE:  1607 11:42:34     -455.693268        3.099935
FIRE:  1608 11:42:35     -455.693268        3.098111
FIRE:  1609 11:42:35     -455.693268        6.695379
FIRE:  1610 11:42:36     -455.693268        4.980788
FIRE:  1611 11:42:36     -455.693298        4.983473
FIRE:  1612 11:42:37     -455.693268        5.385222
FIRE:  1613 11:42:37     -455.693298        5.384591
FIRE:  1614 11:42:38     -455.693298        2.540914
FIRE:  1615 11:42:38     -455.693298        2.539971
FIRE:  1616 11:42:38     -455.693298        7.068086
FIRE:  1617 11:42:39     -455.693298        5.468041
FIRE:  1618 11:42:39     -455.693298        4.094853
FIRE:  1619 11:42:40     -455.693298        4.095693
FIRE:  1620 11:42:40     -455.693298        4.095456
FIRE:  1621 11:42:41     -455.693298        4.094071
FIRE:  1622 11:42:41     -455.693298        5.962210
FIRE:  1623 11:42:42     -455.693298        4.274559
FIRE:  1624 11:42:42     -455.693298        2.663846
FIRE:  1625 11:42:43     -455.693268        2.663729
FIRE:  1626 11:42:43     -455.693268        4.273858
FIRE:  1627 11:42:44     -455.693268        4.274399
FIRE:  1628 11:42:44     -455.693268        3.609251
FIRE:  1629 11:42:44     -455.693268        3.607713
FIRE:  1630 11:42:45     -455.693268        3.609844
FIRE:  1631 11:42:45     -455.693268        3.601952
FIRE:  1632 11:42:46     -455.693298        4.280925
FIRE:  1633 11:42:46     -455.693298        4.283956
FIRE:  1634 11:42:47     -455.693298        4.282592
FIRE:  1635 11:42:47     -455.693298        4.755956
FIRE:  1636 11:42:48     -455.693298        3.437242
FIRE:  1637 11:42:48     -455.693298        5.904624
FIRE:  1638 11:42:49     -455.693329        4.051421
FIRE:  1639 11:42:49     -455.693329        2.622322
FIRE:  1640 11:42:50     -455.693329        4.244002
FIRE:  1641 11:42:50     -455.693329        6.154258
FIRE:  1642 11:42:50     -455.693329        2.657497
FIRE:  1643 11:42:51     -455.693329        9.399089
FIRE:  1644 11:42:51     -455.693329        6.609085
FIRE:  1645 11:42:52     -455.693359        2.940235
FIRE:  1646 11:42:52     -455.693329       12.262610
FIRE:  1647 11:42:53     -455.693329        8.529222
FIRE:  1648 11:42:53     -455.693329        8.528727
FIRE:  1649 11:42:54     -455.693359        3.842308
FIRE:  1650 11:42:54     -455.693359        3.842308
FIRE:  1651 11:42:55     -455.693359        3.842388
FIRE:  1652 11:42:55     -455.693359        3.842388
FIRE:  1653 11:42:56     -455.693359        2.939030
FIRE:  1654 11:42:56     -455.693359        2.939849
FIRE:  1655 11:42:57     -455.693359        4.203762
FIRE:  1656 11:42:57     -455.693359        4.205365
FIRE:  1657 11:42:58     -455.693359        4.205673
FIRE:  1658 11:42:58     -455.693359        4.205377
FIRE:  1659 11:42:59     -455.693359        6.128342
FIRE:  1660 11:42:59     -455.693359        3.342372
FIRE:  1661 11:42:59     -455.693359        3.343718
FIRE:  1662 11:43:00     -455.693359        3.343443
FIRE:  1663 11:43:00     -455.693359        3.342830
FIRE:  1664 11:43:01     -455.693359        3.345418
FIRE:  1665 11:43:01     -455.693359        3.346142
FIRE:  1666 11:43:02     -455.693359        3.348275
FIRE:  1667 11:43:02     -455.693359        3.348674
FIRE:  1668 11:43:03     -455.693359        5.687650
FIRE:  1669 11:43:03     -455.693359        2.920787
FIRE:  1670 11:43:04     -455.693359        5.180544
FIRE:  1671 11:43:04     -455.693359        7.540182
FIRE:  1672 11:43:05     -455.693359        4.259880
FIRE:  1673 11:43:05     -455.693359       10.498991
FIRE:  1674 11:43:06     -455.693359        7.685623
FIRE:  1675 11:43:06     -455.693359        4.745454
FIRE:  1676 11:43:06     -455.693359        4.745454
FIRE:  1677 11:43:07     -455.693359        4.745454
FIRE:  1678 11:43:07     -455.693359        4.746317
FIRE:  1679 11:43:08     -455.693359        4.746628
FIRE:  1680 11:43:08     -455.693359        3.971837
FIRE:  1681 11:43:09     -455.693359        3.971158
FIRE:  1682 11:43:09     -455.693359        3.971158
FIRE:  1683 11:43:10     -455.693359        4.745916
FIRE:  1684 11:43:10     -455.693359        4.745916
FIRE:  1685 11:43:11     -455.693359        4.745916
FIRE:  1686 11:43:11     -455.693359        3.971158
FIRE:  1687 11:43:12     -455.693359        3.971158
FIRE:  1688 11:43:12     -455.693359        3.971158
FIRE:  1689 11:43:13     -455.693359        4.745916
FIRE:  1690 11:43:13     -455.693359        3.971158
FIRE:  1691 11:43:14     -455.693359        3.971158
FIRE:  1692 11:43:14     -455.693359        4.745916
FIRE:  1693 11:43:14     -455.693359        4.745916
FIRE:  1694 11:43:15     -455.693359        3.971158
FIRE:  1695 11:43:15     -455.693359        3.971158
FIRE:  1696 11:43:16     -455.693359        3.971158
FIRE:  1697 11:43:16     -455.693359        3.971158
FIRE:  1698 11:43:17     -455.693359        4.745916
FIRE:  1699 11:43:17     -455.693359        4.745916
FIRE:  1700 11:43:18     -455.693359        3.971158
FIRE:  1701 11:43:18     -455.693359        4.745916
FIRE:  1702 11:43:18     -455.693359        3.971158
FIRE:  1703 11:43:18     -455.693359        3.971158
FIRE:  1704 11:43:18     -455.693359        4.745916
FIRE:  1705 11:43:18     -455.693359        4.745916
FIRE:  1706 11:43:18     -455.693359        4.745916
FIRE:  1707 11:43:19     -455.693359        3.971158
FIRE:  1708 11:43:19     -455.693359        3.971158
FIRE:  1709 11:43:19     -455.693359        3.971158
FIRE:  1710 11:43:19     -455.693359        3.971158
FIRE:  1711 11:43:19     -455.693359        3.971158
FIRE:  1712 11:43:19     -455.693359        3.971158
FIRE:  1713 11:43:19     -455.693359        3.971158
FIRE:  1714 11:43:19     -455.693359        3.971158
FIRE:  1715 11:43:19     -455.693359        3.971158
FIRE:  1716 11:43:19     -455.693359        4.745916
FIRE:  1717 11:43:19     -455.693359        4.745916
FIRE:  1718 11:43:19     -455.693359        4.745916
FIRE:  1719 11:43:19     -455.693359        4.745916
FIRE:  1720 11:43:19     -455.693359        4.745916
FIRE:  1721 11:43:19     -455.693359        4.745916
FIRE:  1722 11:43:19     -455.693359        4.745916
FIRE:  1723 11:43:19     -455.693359        4.745916
FIRE:  1724 11:43:19     -455.693359        4.745916
FIRE:  1725 11:43:19     -455.693359        4.745916
FIRE:  1726 11:43:20     -455.693359        4.745916
FIRE:  1727 11:43:20     -455.693359        4.745916
FIRE:  1728 11:43:20     -455.693359        3.971158
FIRE:  1729 11:43:20     -455.693359        3.971158
FIRE:  1730 11:43:20     -455.693359        3.971158
FIRE:  1731 11:43:20     -455.693359        3.971158
FIRE:  1732 11:43:20     -455.693359        3.971158
FIRE:  1733 11:43:20     -455.693359        3.971158
FIRE:  1734 11:43:20     -455.693359        3.971158
FIRE:  1735 11:43:20     -455.693359        3.971158
FIRE:  1736 11:43:20     -455.693359        3.971158
FIRE:  1737 11:43:20     -455.693359        3.971158
FIRE:  1738 11:43:20     -455.693359        3.971158
FIRE:  1739 11:43:20     -455.693359        3.971158
FIRE:  1740 11:43:20     -455.693359        3.971158
FIRE:  1741 11:43:20     -455.693359        3.971158
FIRE:  1742 11:43:20     -455.693359        3.971158
FIRE:  1743 11:43:20     -455.693359        4.745916
FIRE:  1744 11:43:20     -455.693359        4.745916
FIRE:  1745 11:43:20     -455.693359        4.745916
FIRE:  1746 11:43:20     -455.693359        4.745916
FIRE:  1747 11:43:20     -455.693359        4.745916
FIRE:  1748 11:43:20     -455.693359        4.745916
FIRE:  1749 11:43:20     -455.693359        4.745916
FIRE:  1750 11:43:20     -455.693359        4.745916
FIRE:  1751 11:43:21     -455.693359        4.745916
FIRE:  1752 11:43:21     -455.693359        4.745916
FIRE:  1753 11:43:21     -455.693359        4.745916
FIRE:  1754 11:43:21     -455.693359        4.745916
FIRE:  1755 11:43:21     -455.693359        4.745916
FIRE:  1756 11:43:21     -455.693359        4.745916
FIRE:  1757 11:43:21     -455.693359        3.971158
FIRE:  1758 11:43:21     -455.693359        3.971158
FIRE:  1759 11:43:21     -455.693359        3.971158
FIRE:  1760 11:43:21     -455.693359        3.971158
FIRE:  1761 11:43:21     -455.693359        3.971158
FIRE:  1762 11:43:21     -455.693359        3.971158
FIRE:  1763 11:43:21     -455.693359        3.971158
FIRE:  1764 11:43:21     -455.693359        3.971158
FIRE:  1765 11:43:21     -455.693359        3.971158
FIRE:  1766 11:43:21     -455.693359        3.971158
FIRE:  1767 11:43:21     -455.693359        3.971158
FIRE:  1768 11:43:21     -455.693359        3.971158
FIRE:  1769 11:43:21     -455.693359        3.971158
FIRE:  1770 11:43:22     -455.693359        3.971158
FIRE:  1771 11:43:22     -455.693359        3.971158
FIRE:  1772 11:43:22     -455.693359        4.745916
FIRE:  1773 11:43:22     -455.693359        4.745916
FIRE:  1774 11:43:22     -455.693359        4.745916
FIRE:  1775 11:43:22     -455.693359        4.745916
FIRE:  1776 11:43:22     -455.693359        4.745916
FIRE:  1777 11:43:22     -455.693359        4.745916
FIRE:  1778 11:43:22     -455.693359        4.745916
FIRE:  1779 11:43:22     -455.693359        4.745916
FIRE:  1780 11:43:22     -455.693359        4.745916
FIRE:  1781 11:43:22     -455.693359        4.745916
FIRE:  1782 11:43:22     -455.693359        4.745916
FIRE:  1783 11:43:22     -455.693359        4.745916
FIRE:  1784 11:43:22     -455.693359        4.745916
FIRE:  1785 11:43:23     -455.693359        3.971158
FIRE:  1786 11:43:23     -455.693359        3.971158
FIRE:  1787 11:43:23     -455.693359        3.971158
FIRE:  1788 11:43:23     -455.693359        3.971158
FIRE:  1789 11:43:23     -455.693359        3.971158
FIRE:  1790 11:43:23     -455.693359        3.971158
FIRE:  1791 11:43:23     -455.693359        3.971158
FIRE:  1792 11:43:23     -455.693359        3.971158
FIRE:  1793 11:43:23     -455.693359        3.971158
FIRE:  1794 11:43:23     -455.693359        3.971158
FIRE:  1795 11:43:23     -455.693359        3.971158
FIRE:  1796 11:43:23     -455.693359        3.971158
FIRE:  1797 11:43:23     -455.693359        3.971158
FIRE:  1798 11:43:23     -455.693359        3.971158
FIRE:  1799 11:43:23     -455.693359        3.971158
FIRE:  1800 11:43:23     -455.693359        4.745916
FIRE:  1801 11:43:23     -455.693359        4.745916
FIRE:  1802 11:43:23     -455.693359        4.745916
FIRE:  1803 11:43:23     -455.693359        4.745916
FIRE:  1804 11:43:23     -455.693359        4.745916
FIRE:  1805 11:43:23     -455.693359        4.745916
FIRE:  1806 11:43:23     -455.693359        4.745916
FIRE:  1807 11:43:23     -455.693359        4.745916
FIRE:  1808 11:43:23     -455.693359        4.745916
FIRE:  1809 11:43:23     -455.693359        4.745916
FIRE:  1810 11:43:23     -455.693359        4.745916
FIRE:  1811 11:43:24     -455.693359        4.745916
FIRE:  1812 11:43:24     -455.693359        4.745916
FIRE:  1813 11:43:24     -455.693359        4.745916
FIRE:  1814 11:43:24     -455.693359        3.971158
FIRE:  1815 11:43:24     -455.693359        3.971158
FIRE:  1816 11:43:24     -455.693359        3.971158
FIRE:  1817 11:43:24     -455.693359        3.971158
FIRE:  1818 11:43:24     -455.693359        3.971158
FIRE:  1819 11:43:24     -455.693359        3.971158
FIRE:  1820 11:43:24     -455.693359        3.971158
FIRE:  1821 11:43:24     -455.693359        3.971158
FIRE:  1822 11:43:24     -455.693359        3.971158
FIRE:  1823 11:43:24     -455.693359        3.971158
FIRE:  1824 11:43:24     -455.693359        3.971158
FIRE:  1825 11:43:24     -455.693359        3.971158
FIRE:  1826 11:43:24     -455.693359        3.971158
FIRE:  1827 11:43:24     -455.693359        3.971158
FIRE:  1828 11:43:24     -455.693359        3.971158
FIRE:  1829 11:43:25     -455.693359        4.745916
FIRE:  1830 11:43:25     -455.693359        4.745916
FIRE:  1831 11:43:25     -455.693359        4.745916
FIRE:  1832 11:43:25     -455.693359        4.745916
FIRE:  1833 11:43:25     -455.693359        4.745916
FIRE:  1834 11:43:25     -455.693359        4.745916
FIRE:  1835 11:43:25     -455.693359        4.745916
FIRE:  1836 11:43:25     -455.693359        4.745916
FIRE:  1837 11:43:25     -455.693359        4.745916
FIRE:  1838 11:43:25     -455.693359        4.745916
FIRE:  1839 11:43:25     -455.693359        4.745916
FIRE:  1840 11:43:25     -455.693359        4.745916
FIRE:  1841 11:43:25     -455.693359        4.745916
FIRE:  1842 11:43:25     -455.693359        3.971158
FIRE:  1843 11:43:25     -455.693359        3.971158
FIRE:  1844 11:43:25     -455.693359        3.971158
FIRE:  1845 11:43:25     -455.693359        3.971158
FIRE:  1846 11:43:25     -455.693359        3.971158
FIRE:  1847 11:43:25     -455.693359        3.971158
FIRE:  1848 11:43:25     -455.693359        3.971158
FIRE:  1849 11:43:25     -455.693359        3.971158
FIRE:  1850 11:43:25     -455.693359        3.971158
FIRE:  1851 11:43:25     -455.693359        3.971158
FIRE:  1852 11:43:25     -455.693359        3.971158
FIRE:  1853 11:43:26     -455.693359        3.971158
FIRE:  1854 11:43:26     -455.693359        3.971158
FIRE:  1855 11:43:26     -455.693359        3.971158
FIRE:  1856 11:43:26     -455.693359        3.971158
FIRE:  1857 11:43:26     -455.693359        3.971158
FIRE:  1858 11:43:26     -455.693359        4.745916
FIRE:  1859 11:43:26     -455.693359        4.745916
FIRE:  1860 11:43:26     -455.693359        4.745916
FIRE:  1861 11:43:26     -455.693359        4.745916
FIRE:  1862 11:43:26     -455.693359        4.745916
FIRE:  1863 11:43:26     -455.693359        4.745916
FIRE:  1864 11:43:26     -455.693359        4.745916
FIRE:  1865 11:43:26     -455.693359        4.745916
FIRE:  1866 11:43:26     -455.693359        4.745916
FIRE:  1867 11:43:26     -455.693359        4.745916
FIRE:  1868 11:43:26     -455.693359        4.745916
FIRE:  1869 11:43:27     -455.693359        4.745916
FIRE:  1870 11:43:27     -455.693359        4.745916
FIRE:  1871 11:43:27     -455.693359        3.971158
FIRE:  1872 11:43:27     -455.693359        3.971158
FIRE:  1873 11:43:27     -455.693359        3.971158
FIRE:  1874 11:43:27     -455.693359        3.971158
FIRE:  1875 11:43:27     -455.693359        3.971158
FIRE:  1876 11:43:27     -455.693359        3.971158
FIRE:  1877 11:43:27     -455.693359        3.971158
FIRE:  1878 11:43:27     -455.693359        3.971158
FIRE:  1879 11:43:27     -455.693359        3.971158
FIRE:  1880 11:43:27     -455.693359        3.971158
FIRE:  1881 11:43:27     -455.693359        3.971158
FIRE:  1882 11:43:27     -455.693359        3.971158
FIRE:  1883 11:43:27     -455.693359        3.971158
FIRE:  1884 11:43:27     -455.693359        3.971158
FIRE:  1885 11:43:27     -455.693359        3.971158
FIRE:  1886 11:43:27     -455.693359        4.745916
FIRE:  1887 11:43:27     -455.693359        4.745916
FIRE:  1888 11:43:27     -455.693359        4.745916
FIRE:  1889 11:43:27     -455.693359        4.745916
FIRE:  1890 11:43:27     -455.693359        4.745916
FIRE:  1891 11:43:27     -455.693359        4.745916
FIRE:  1892 11:43:27     -455.693359        4.745916
FIRE:  1893 11:43:28     -455.693359        4.745916
FIRE:  1894 11:43:28     -455.693359        4.745916
FIRE:  1895 11:43:28     -455.693359        4.745916
FIRE:  1896 11:43:28     -455.693359        4.745916
FIRE:  1897 11:43:28     -455.693359        4.745916
FIRE:  1898 11:43:28     -455.693359        4.745916
FIRE:  1899 11:43:28     -455.693359        3.971158
FIRE:  1900 11:43:28     -455.693359        3.971158
FIRE:  1901 11:43:28     -455.693359        3.971158
FIRE:  1902 11:43:28     -455.693359        3.971158
FIRE:  1903 11:43:28     -455.693359        3.971158
FIRE:  1904 11:43:28     -455.693359        3.971158
FIRE:  1905 11:43:28     -455.693359        3.971158
FIRE:  1906 11:43:28     -455.693359        3.971158
FIRE:  1907 11:43:28     -455.693359        3.971158
FIRE:  1908 11:43:28     -455.693359        3.971158
FIRE:  1909 11:43:28     -455.693359        3.971158
FIRE:  1910 11:43:28     -455.693359        3.971158
FIRE:  1911 11:43:28     -455.693359        3.971158
FIRE:  1912 11:43:29     -455.693359        3.971158
FIRE:  1913 11:43:29     -455.693359        3.971158
FIRE:  1914 11:43:29     -455.693359        3.971158
FIRE:  1915 11:43:29     -455.693359        4.745916
FIRE:  1916 11:43:29     -455.693359        4.745916
FIRE:  1917 11:43:29     -455.693359        4.745916
FIRE:  1918 11:43:29     -455.693359        4.745916
FIRE:  1919 11:43:29     -455.693359        4.745916
FIRE:  1920 11:43:29     -455.693359        4.745916
FIRE:  1921 11:43:29     -455.693359        4.745916
FIRE:  1922 11:43:29     -455.693359        4.745916
FIRE:  1923 11:43:29     -455.693359        4.745916
FIRE:  1924 11:43:29     -455.693359        4.745916
FIRE:  1925 11:43:29     -455.693359        4.745916
FIRE:  1926 11:43:29     -455.693359        4.745916
FIRE:  1927 11:43:29     -455.693359        4.745916
FIRE:  1928 11:43:30     -455.693359        3.971158
FIRE:  1929 11:43:30     -455.693359        3.971158
FIRE:  1930 11:43:30     -455.693359        3.971158
FIRE:  1931 11:43:30     -455.693359        3.971158
FIRE:  1932 11:43:30     -455.693359        3.971158
FIRE:  1933 11:43:30     -455.693359        3.971158
FIRE:  1934 11:43:30     -455.693359        3.971158
FIRE:  1935 11:43:30     -455.693359        3.971158
FIRE:  1936 11:43:30     -455.693359        3.971158
FIRE:  1937 11:43:30     -455.693359        3.971158
FIRE:  1938 11:43:30     -455.693359        3.971158
FIRE:  1939 11:43:30     -455.693359        3.971158
FIRE:  1940 11:43:30     -455.693359        3.971158
FIRE:  1941 11:43:30     -455.693359        3.971158
FIRE:  1942 11:43:30     -455.693359        3.971158
FIRE:  1943 11:43:30     -455.693359        4.745916
FIRE:  1944 11:43:30     -455.693359        4.745916
FIRE:  1945 11:43:30     -455.693359        4.745916
FIRE:  1946 11:43:30     -455.693359        4.745916
FIRE:  1947 11:43:30     -455.693359        4.745916
FIRE:  1948 11:43:30     -455.693359        4.745916
FIRE:  1949 11:43:30     -455.693359        4.745916
FIRE:  1950 11:43:30     -455.693359        4.745916
FIRE:  1951 11:43:30     -455.693359        4.745916
FIRE:  1952 11:43:30     -455.693359        4.745916
FIRE:  1953 11:43:31     -455.693359        4.745916
FIRE:  1954 11:43:31     -455.693359        4.745916
FIRE:  1955 11:43:31     -455.693359        4.745916
FIRE:  1956 11:43:31     -455.693359        3.971158
FIRE:  1957 11:43:31     -455.693359        3.971158
FIRE:  1958 11:43:31     -455.693359        3.971158
FIRE:  1959 11:43:31     -455.693359        3.971158
FIRE:  1960 11:43:31     -455.693359        3.971158
FIRE:  1961 11:43:31     -455.693359        3.971158
FIRE:  1962 11:43:31     -455.693359        3.971158
FIRE:  1963 11:43:31     -455.693359        3.971158
FIRE:  1964 11:43:31     -455.693359        3.971158
FIRE:  1965 11:43:31     -455.693359        3.971158
FIRE:  1966 11:43:31     -455.693359        3.971158
FIRE:  1967 11:43:31     -455.693359        3.971158
FIRE:  1968 11:43:31     -455.693359        3.971158
FIRE:  1969 11:43:31     -455.693359        3.971158
FIRE:  1970 11:43:31     -455.693359        3.971158
FIRE:  1971 11:43:32     -455.693359        3.971158
FIRE:  1972 11:43:32     -455.693359        4.745916
FIRE:  1973 11:43:32     -455.693359        4.745916
FIRE:  1974 11:43:32     -455.693359        4.745916
FIRE:  1975 11:43:32     -455.693359        4.745916
FIRE:  1976 11:43:32     -455.693359        4.745916
FIRE:  1977 11:43:32     -455.693359        4.745916
FIRE:  1978 11:43:32     -455.693359        4.745916
FIRE:  1979 11:43:32     -455.693359        4.745916
FIRE:  1980 11:43:32     -455.693359        4.745916
FIRE:  1981 11:43:32     -455.693359        4.745916
FIRE:  1982 11:43:32     -455.693359        4.745916
FIRE:  1983 11:43:32     -455.693359        4.745916
FIRE:  1984 11:43:32     -455.693359        4.745916
FIRE:  1985 11:43:32     -455.693359        3.971158
FIRE:  1986 11:43:32     -455.693359        3.971158
FIRE:  1987 11:43:32     -455.693359        3.971158
FIRE:  1988 11:43:32     -455.693359        3.971158
FIRE:  1989 11:43:32     -455.693359        3.971158
FIRE:  1990 11:43:32     -455.693359        3.971158
FIRE:  1991 11:43:32     -455.693359        3.971158
FIRE:  1992 11:43:32     -455.693359        3.971158
FIRE:  1993 11:43:33     -455.693359        3.971158
FIRE:  1994 11:43:33     -455.693359        3.971158
FIRE:  1995 11:43:33     -455.693359        3.971158
FIRE:  1996 11:43:33     -455.693359        3.971158
FIRE:  1997 11:43:33     -455.693359        3.971158
FIRE:  1998 11:43:33     -455.693359        3.971158
FIRE:  1999 11:43:33     -455.693359        3.971158
FIRE:  2000 11:43:33     -455.693359        4.745916
FIRE:  2001 11:43:33     -455.693359        4.745916
FIRE:  2002 11:43:33     -455.693359        4.745916
FIRE:  2003 11:43:33     -455.693359        4.745916
FIRE:  2004 11:43:33     -455.693359        4.745916
FIRE:  2005 11:43:33     -455.693359        4.745916
FIRE:  2006 11:43:33     -455.693359        4.745916
FIRE:  2007 11:43:33     -455.693359        4.745916
FIRE:  2008 11:43:33     -455.693359        4.745916
FIRE:  2009 11:43:33     -455.693359        4.745916
FIRE:  2010 11:43:33     -455.693359        4.745916
FIRE:  2011 11:43:33     -455.693359        4.745916
FIRE:  2012 11:43:34     -455.693359        4.745916
FIRE:  2013 11:43:34     -455.693359        3.971158
FIRE:  2014 11:43:34     -455.693359        3.971158
FIRE:  2015 11:43:34     -455.693359        3.971158
FIRE:  2016 11:43:34     -455.693359        3.971158
FIRE:  2017 11:43:34     -455.693359        3.971158
FIRE:  2018 11:43:34     -455.693359        3.971158
FIRE:  2019 11:43:34     -455.693359        3.971158
FIRE:  2020 11:43:34     -455.693359        3.971158
FIRE:  2021 11:43:34     -455.693359        3.971158
FIRE:  2022 11:43:34     -455.693359        3.971158
FIRE:  2023 11:43:34     -455.693359        3.971158
FIRE:  2024 11:43:34     -455.693359        3.971158
FIRE:  2025 11:43:34     -455.693359        3.971158
FIRE:  2026 11:43:34     -455.693359        3.971158
FIRE:  2027 11:43:34     -455.693359        3.971158
FIRE:  2028 11:43:34     -455.693359        3.971158
FIRE:  2029 11:43:34     -455.693359        4.745916
FIRE:  2030 11:43:34     -455.693359        4.745916
FIRE:  2031 11:43:35     -455.693359        4.745916
FIRE:  2032 11:43:35     -455.693359        4.745916
FIRE:  2033 11:43:35     -455.693359        4.745916
FIRE:  2034 11:43:35     -455.693359        4.745916
FIRE:  2035 11:43:35     -455.693359        4.745916
FIRE:  2036 11:43:35     -455.693359        4.745916
FIRE:  2037 11:43:35     -455.693359        4.745916
FIRE:  2038 11:43:35     -455.693359        4.745916
FIRE:  2039 11:43:35     -455.693359        4.745916
FIRE:  2040 11:43:35     -455.693359        4.745916
FIRE:  2041 11:43:35     -455.693359        4.745916
FIRE:  2042 11:43:35     -455.693359        3.971158
FIRE:  2043 11:43:35     -455.693359        3.971158
FIRE:  2044 11:43:35     -455.693359        3.971158
FIRE:  2045 11:43:35     -455.693359        3.971158
FIRE:  2046 11:43:35     -455.693359        3.971158
FIRE:  2047 11:43:35     -455.693359        3.971158
FIRE:  2048 11:43:35     -455.693359        3.971158
FIRE:  2049 11:43:35     -455.693359        3.971158
FIRE:  2050 11:43:35     -455.693359        3.971158
FIRE:  2051 11:43:35     -455.693359        3.971158
FIRE:  2052 11:43:35     -455.693359        3.971158
FIRE:  2053 11:43:35     -455.693359        3.971158
FIRE:  2054 11:43:35     -455.693359        3.971158
FIRE:  2055 11:43:36     -455.693359        3.971158
FIRE:  2056 11:43:36     -455.693359        3.971158
FIRE:  2057 11:43:36     -455.693359        4.745916
FIRE:  2058 11:43:36     -455.693359        4.745916
FIRE:  2059 11:43:36     -455.693359        4.745916
FIRE:  2060 11:43:36     -455.693359        4.745916
FIRE:  2061 11:43:36     -455.693359        4.745916
FIRE:  2062 11:43:36     -455.693359        4.745916
FIRE:  2063 11:43:36     -455.693359        4.745916
FIRE:  2064 11:43:36     -455.693359        4.745916
FIRE:  2065 11:43:36     -455.693359        4.745916
FIRE:  2066 11:43:36     -455.693359        4.745916
FIRE:  2067 11:43:36     -455.693359        4.745916
FIRE:  2068 11:43:36     -455.693359        4.745916
FIRE:  2069 11:43:36     -455.693359        4.745916
FIRE:  2070 11:43:36     -455.693359        4.745916
FIRE:  2071 11:43:37     -455.693359        3.971158
FIRE:  2072 11:43:37     -455.693359        3.971158
FIRE:  2073 11:43:37     -455.693359        3.971158
FIRE:  2074 11:43:37     -455.693359        3.971158
FIRE:  2075 11:43:37     -455.693359        3.971158
FIRE:  2076 11:43:37     -455.693359        3.971158
FIRE:  2077 11:43:37     -455.693359        3.971158
FIRE:  2078 11:43:37     -455.693359        3.971158
FIRE:  2079 11:43:37     -455.693359        3.971158
FIRE:  2080 11:43:37     -455.693359        3.971158
FIRE:  2081 11:43:37     -455.693359        3.971158
FIRE:  2082 11:43:37     -455.693359        3.971158
FIRE:  2083 11:43:37     -455.693359        3.971158
FIRE:  2084 11:43:37     -455.693359        3.971158
FIRE:  2085 11:43:37     -455.693359        3.971158
FIRE:  2086 11:43:37     -455.693359        4.745916
FIRE:  2087 11:43:37     -455.693359        4.745916
FIRE:  2088 11:43:37     -455.693359        4.745916
FIRE:  2089 11:43:37     -455.693359        4.745916
FIRE:  2090 11:43:37     -455.693359        4.745916
FIRE:  2091 11:43:37     -455.693359        4.745916
FIRE:  2092 11:43:37     -455.693359        4.745916
FIRE:  2093 11:43:37     -455.693359        4.745916
FIRE:  2094 11:43:37     -455.693359        4.745916
FIRE:  2095 11:43:37     -455.693359        4.745916
FIRE:  2096 11:43:38     -455.693359        4.745916
FIRE:  2097 11:43:38     -455.693359        4.745916
FIRE:  2098 11:43:38     -455.693359        4.745916
FIRE:  2099 11:43:38     -455.693359        3.971158
FIRE:  2100 11:43:38     -455.693359        3.971158
FIRE:  2101 11:43:38     -455.693359        3.971158
FIRE:  2102 11:43:38     -455.693359        3.971158
FIRE:  2103 11:43:38     -455.693359        3.971158
FIRE:  2104 11:43:38     -455.693359        3.971158
FIRE:  2105 11:43:38     -455.693359        3.971158
FIRE:  2106 11:43:38     -455.693359        3.971158
FIRE:  2107 11:43:38     -455.693359        3.971158
FIRE:  2108 11:43:38     -455.693359        3.971158
FIRE:  2109 11:43:38     -455.693359        3.971158
FIRE:  2110 11:43:38     -455.693359        3.971158
FIRE:  2111 11:43:38     -455.693359        3.971158
FIRE:  2112 11:43:38     -455.693359        3.971158
FIRE:  2113 11:43:38     -455.693359        3.971158
FIRE:  2114 11:43:39     -455.693359        4.745916
FIRE:  2115 11:43:39     -455.693359        4.745916
FIRE:  2116 11:43:39     -455.693359        4.745916
FIRE:  2117 11:43:39     -455.693359        4.745916
FIRE:  2118 11:43:39     -455.693359        4.745916
FIRE:  2119 11:43:39     -455.693359        4.745916
FIRE:  2120 11:43:39     -455.693359        4.745916
FIRE:  2121 11:43:39     -455.693359        4.745916
FIRE:  2122 11:43:39     -455.693359        4.745916
FIRE:  2123 11:43:39     -455.693359        4.745916
FIRE:  2124 11:43:39     -455.693359        4.745916
FIRE:  2125 11:43:39     -455.693359        4.745916
FIRE:  2126 11:43:39     -455.693359        4.745916
FIRE:  2127 11:43:39     -455.693359        4.745916
FIRE:  2128 11:43:39     -455.693359        3.971158
FIRE:  2129 11:43:39     -455.693359        3.971158
FIRE:  2130 11:43:39     -455.693359        3.971158
FIRE:  2131 11:43:39     -455.693359        3.971158
FIRE:  2132 11:43:39     -455.693359        3.971158
FIRE:  2133 11:43:39     -455.693359        3.971158
FIRE:  2134 11:43:39     -455.693359        3.971158
FIRE:  2135 11:43:39     -455.693359        3.971158
FIRE:  2136 11:43:39     -455.693359        3.971158
FIRE:  2137 11:43:39     -455.693359        3.971158
FIRE:  2138 11:43:39     -455.693359        3.971158
FIRE:  2139 11:43:40     -455.693359        3.971158
FIRE:  2140 11:43:40     -455.693359        3.971158
FIRE:  2141 11:43:40     -455.693359        3.971158
FIRE:  2142 11:43:40     -455.693359        3.971158
FIRE:  2143 11:43:40     -455.693359        4.745916
FIRE:  2144 11:43:40     -455.693359        4.745916
FIRE:  2145 11:43:40     -455.693359        4.745916
FIRE:  2146 11:43:40     -455.693359        4.745916
FIRE:  2147 11:43:40     -455.693359        4.745916
FIRE:  2148 11:43:40     -455.693359        4.745916
FIRE:  2149 11:43:40     -455.693359        4.745916
FIRE:  2150 11:43:40     -455.693359        4.745916
FIRE:  2151 11:43:40     -455.693359        4.745916
FIRE:  2152 11:43:40     -455.693359        4.745916
FIRE:  2153 11:43:40     -455.693359        4.745916
FIRE:  2154 11:43:40     -455.693359        4.745916
FIRE:  2155 11:43:41     -455.693359        4.745916
FIRE:  2156 11:43:41     -455.693359        3.971158
FIRE:  2157 11:43:41     -455.693359        3.971158
FIRE:  2158 11:43:41     -455.693359        3.971158
FIRE:  2159 11:43:41     -455.693359        3.971158
FIRE:  2160 11:43:41     -455.693359        3.971158
FIRE:  2161 11:43:41     -455.693359        3.971158
FIRE:  2162 11:43:41     -455.693359        3.971158
FIRE:  2163 11:43:41     -455.693359        3.971158
FIRE:  2164 11:43:41     -455.693359        3.971158
FIRE:  2165 11:43:41     -455.693359        3.971158
FIRE:  2166 11:43:41     -455.693359        3.971158
FIRE:  2167 11:43:41     -455.693359        3.971158
FIRE:  2168 11:43:41     -455.693359        3.971158
FIRE:  2169 11:43:41     -455.693359        3.971158
FIRE:  2170 11:43:41     -455.693359        3.971158
FIRE:  2171 11:43:41     -455.693359        3.971158
FIRE:  2172 11:43:41     -455.693359        4.745916
FIRE:  2173 11:43:41     -455.693359        4.745916
FIRE:  2174 11:43:42     -455.693359        4.745916
FIRE:  2175 11:43:42     -455.693359        4.745916
FIRE:  2176 11:43:42     -455.693359        4.745916
FIRE:  2177 11:43:42     -455.693359        4.745916
FIRE:  2178 11:43:42     -455.693359        4.745916
FIRE:  2179 11:43:42     -455.693359        4.745916
FIRE:  2180 11:43:42     -455.693359        4.745916
FIRE:  2181 11:43:42     -455.693359        4.745916
FIRE:  2182 11:43:42     -455.693359        4.745916
FIRE:  2183 11:43:42     -455.693359        4.745916
FIRE:  2184 11:43:42     -455.693359        4.745916
FIRE:  2185 11:43:42     -455.693359        3.971158
FIRE:  2186 11:43:42     -455.693359        3.971158
FIRE:  2187 11:43:42     -455.693359        3.971158
FIRE:  2188 11:43:42     -455.693359        3.971158
FIRE:  2189 11:43:42     -455.693359        3.971158
FIRE:  2190 11:43:42     -455.693359        3.971158
FIRE:  2191 11:43:42     -455.693359        3.971158
FIRE:  2192 11:43:42     -455.693359        3.971158
FIRE:  2193 11:43:42     -455.693359        3.971158
FIRE:  2194 11:43:42     -455.693359        3.971158
FIRE:  2195 11:43:42     -455.693359        3.971158
FIRE:  2196 11:43:42     -455.693359        3.971158
FIRE:  2197 11:43:42     -455.693359        3.971158
FIRE:  2198 11:43:43     -455.693359        3.971158
FIRE:  2199 11:43:43     -455.693359        3.971158
FIRE:  2200 11:43:43     -455.693359        4.745916
FIRE:  2201 11:43:43     -455.693359        4.745916
FIRE:  2202 11:43:43     -455.693359        4.745916
FIRE:  2203 11:43:43     -455.693359        4.745916
FIRE:  2204 11:43:43     -455.693359        4.745916
FIRE:  2205 11:43:43     -455.693359        4.745916
FIRE:  2206 11:43:43     -455.693359        4.745916
FIRE:  2207 11:43:43     -455.693359        4.745916
FIRE:  2208 11:43:43     -455.693359        4.745916
FIRE:  2209 11:43:43     -455.693359        4.745916
FIRE:  2210 11:43:43     -455.693359        4.745916
FIRE:  2211 11:43:43     -455.693359        4.745916
FIRE:  2212 11:43:43     -455.693359        4.745916
FIRE:  2213 11:43:44     -455.693359        3.971158
FIRE:  2214 11:43:44     -455.693359        3.971158
FIRE:  2215 11:43:44     -455.693359        3.971158
FIRE:  2216 11:43:44     -455.693359        3.971158
FIRE:  2217 11:43:44     -455.693359        3.971158
FIRE:  2218 11:43:44     -455.693359        3.971158
FIRE:  2219 11:43:44     -455.693359        3.971158
FIRE:  2220 11:43:44     -455.693359        3.971158
FIRE:  2221 11:43:44     -455.693359        3.971158
FIRE:  2222 11:43:44     -455.693359        3.971158
FIRE:  2223 11:43:44     -455.693359        3.971158
FIRE:  2224 11:43:44     -455.693359        3.971158
FIRE:  2225 11:43:44     -455.693359        3.971158
FIRE:  2226 11:43:44     -455.693359        3.971158
FIRE:  2227 11:43:44     -455.693359        3.971158
FIRE:  2228 11:43:44     -455.693359        3.971158
FIRE:  2229 11:43:44     -455.693359        4.745916
FIRE:  2230 11:43:44     -455.693359        4.745916
FIRE:  2231 11:43:44     -455.693359        4.745916
FIRE:  2232 11:43:44     -455.693359        4.745916
FIRE:  2233 11:43:45     -455.693359        4.745916
FIRE:  2234 11:43:45     -455.693359        4.745916
FIRE:  2235 11:43:45     -455.693359        4.745916
FIRE:  2236 11:43:45     -455.693359        4.745916
FIRE:  2237 11:43:45     -455.693359        4.745916
FIRE:  2238 11:43:45     -455.693359        4.745916
FIRE:  2239 11:43:45     -455.693359        4.745916
FIRE:  2240 11:43:45     -455.693359        4.745916
FIRE:  2241 11:43:45     -455.693359        4.745916
FIRE:  2242 11:43:45     -455.693359        3.971158
FIRE:  2243 11:43:45     -455.693359        3.971158
FIRE:  2244 11:43:45     -455.693359        3.971158
FIRE:  2245 11:43:45     -455.693359        3.971158
FIRE:  2246 11:43:45     -455.693359        3.971158
FIRE:  2247 11:43:45     -455.693359        3.971158
FIRE:  2248 11:43:45     -455.693359        3.971158
FIRE:  2249 11:43:45     -455.693359        3.971158
FIRE:  2250 11:43:45     -455.693359        3.971158
FIRE:  2251 11:43:45     -455.693359        3.971158
FIRE:  2252 11:43:45     -455.693359        3.971158
FIRE:  2253 11:43:45     -455.693359        3.971158
FIRE:  2254 11:43:45     -455.693359        3.971158
FIRE:  2255 11:43:46     -455.693359        3.971158
FIRE:  2256 11:43:46     -455.693359        3.971158
FIRE:  2257 11:43:46     -455.693359        4.745916
FIRE:  2258 11:43:46     -455.693359        4.745916
FIRE:  2259 11:43:46     -455.693359        4.745916
FIRE:  2260 11:43:46     -455.693359        4.745916
FIRE:  2261 11:43:46     -455.693359        4.745916
FIRE:  2262 11:43:46     -455.693359        4.745916
FIRE:  2263 11:43:46     -455.693359        4.745916
FIRE:  2264 11:43:46     -455.693359        4.745916
FIRE:  2265 11:43:46     -455.693359        4.745916
FIRE:  2266 11:43:46     -455.693359        4.745916
FIRE:  2267 11:43:46     -455.693359        4.745916
FIRE:  2268 11:43:46     -455.693359        4.745916
FIRE:  2269 11:43:46     -455.693359        4.745916
FIRE:  2270 11:43:47     -455.693359        3.971158
FIRE:  2271 11:43:47     -455.693359        3.971158
FIRE:  2272 11:43:47     -455.693359        3.971158
FIRE:  2273 11:43:47     -455.693359        3.971158
FIRE:  2274 11:43:47     -455.693359        3.971158
FIRE:  2275 11:43:47     -455.693359        3.971158
FIRE:  2276 11:43:47     -455.693359        3.971158
FIRE:  2277 11:43:47     -455.693359        3.971158
FIRE:  2278 11:43:47     -455.693359        3.971158
FIRE:  2279 11:43:47     -455.693359        3.971158
FIRE:  2280 11:43:47     -455.693359        3.971158
FIRE:  2281 11:43:47     -455.693359        3.971158
FIRE:  2282 11:43:47     -455.693359        3.971158
FIRE:  2283 11:43:47     -455.693359        3.971158
FIRE:  2284 11:43:47     -455.693359        3.971158
FIRE:  2285 11:43:47     -455.693359        3.971158
FIRE:  2286 11:43:47     -455.693359        4.745916
FIRE:  2287 11:43:47     -455.693359        4.745916
FIRE:  2288 11:43:47     -455.693359        4.745916
FIRE:  2289 11:43:47     -455.693359        4.745916
FIRE:  2290 11:43:47     -455.693359        4.745916
FIRE:  2291 11:43:47     -455.693359        4.745916
FIRE:  2292 11:43:47     -455.693359        4.745916
FIRE:  2293 11:43:47     -455.693359        4.745916
FIRE:  2294 11:43:47     -455.693359        4.745916
FIRE:  2295 11:43:47     -455.693359        4.745916
FIRE:  2296 11:43:48     -455.693359        4.745916
FIRE:  2297 11:43:48     -455.693359        4.745916
FIRE:  2298 11:43:48     -455.693359        4.745916
FIRE:  2299 11:43:48     -455.693359        3.971158
FIRE:  2300 11:43:48     -455.693359        3.971158
FIRE:  2301 11:43:48     -455.693359        3.971158
FIRE:  2302 11:43:48     -455.693359        3.971158
FIRE:  2303 11:43:48     -455.693359        3.971158
FIRE:  2304 11:43:48     -455.693359        3.971158
FIRE:  2305 11:43:48     -455.693359        3.971158
FIRE:  2306 11:43:48     -455.693359        3.971158
FIRE:  2307 11:43:48     -455.693359        3.971158
FIRE:  2308 11:43:48     -455.693359        3.971158
FIRE:  2309 11:43:48     -455.693359        3.971158
FIRE:  2310 11:43:48     -455.693359        3.971158
FIRE:  2311 11:43:48     -455.693359        3.971158
FIRE:  2312 11:43:48     -455.693359        3.971158
FIRE:  2313 11:43:48     -455.693359        3.971158
FIRE:  2314 11:43:49     -455.693359        4.745916
FIRE:  2315 11:43:49     -455.693359        4.745916
FIRE:  2316 11:43:49     -455.693359        4.745916
FIRE:  2317 11:43:49     -455.693359        4.745916
FIRE:  2318 11:43:49     -455.693359        4.745916
FIRE:  2319 11:43:49     -455.693359        4.745916
FIRE:  2320 11:43:49     -455.693359        4.745916
FIRE:  2321 11:43:49     -455.693359        4.745916
FIRE:  2322 11:43:49     -455.693359        4.745916
FIRE:  2323 11:43:49     -455.693359        4.745916
FIRE:  2324 11:43:49     -455.693359        4.745916
FIRE:  2325 11:43:49     -455.693359        4.745916
FIRE:  2326 11:43:49     -455.693359        4.745916
FIRE:  2327 11:43:49     -455.693359        3.971158
FIRE:  2328 11:43:49     -455.693359        3.971158
FIRE:  2329 11:43:49     -455.693359        3.971158
FIRE:  2330 11:43:49     -455.693359        3.971158
FIRE:  2331 11:43:49     -455.693359        3.971158
FIRE:  2332 11:43:49     -455.693359        3.971158
FIRE:  2333 11:43:49     -455.693359        3.971158
FIRE:  2334 11:43:49     -455.693359        3.971158
FIRE:  2335 11:43:49     -455.693359        3.971158
FIRE:  2336 11:43:49     -455.693359        3.971158
FIRE:  2337 11:43:49     -455.693359        3.971158
FIRE:  2338 11:43:50     -455.693359        3.971158
FIRE:  2339 11:43:50     -455.693359        3.971158
FIRE:  2340 11:43:50     -455.693359        3.971158
FIRE:  2341 11:43:50     -455.693359        3.971158
FIRE:  2342 11:43:50     -455.693359        3.971158
FIRE:  2343 11:43:50     -455.693359        4.745916
FIRE:  2344 11:43:50     -455.693359        4.745916
FIRE:  2345 11:43:50     -455.693359        4.745916
FIRE:  2346 11:43:50     -455.693359        4.745916
FIRE:  2347 11:43:50     -455.693359        4.745916
FIRE:  2348 11:43:50     -455.693359        4.745916
FIRE:  2349 11:43:50     -455.693359        4.745916
FIRE:  2350 11:43:50     -455.693359        4.745916
FIRE:  2351 11:43:50     -455.693359        4.745916
FIRE:  2352 11:43:50     -455.693359        4.745916
FIRE:  2353 11:43:50     -455.693359        4.745916
FIRE:  2354 11:43:51     -455.693359        4.745916
FIRE:  2355 11:43:51     -455.693359        4.745916
FIRE:  2356 11:43:51     -455.693359        3.971158
FIRE:  2357 11:43:51     -455.693359        3.971158
FIRE:  2358 11:43:51     -455.693359        3.971158
FIRE:  2359 11:43:51     -455.693359        3.971158
FIRE:  2360 11:43:51     -455.693359        3.971158
FIRE:  2361 11:43:51     -455.693359        3.971158
FIRE:  2362 11:43:51     -455.693359        3.971158
FIRE:  2363 11:43:51     -455.693359        3.971158
FIRE:  2364 11:43:51     -455.693359        3.971158
FIRE:  2365 11:43:51     -455.693359        3.971158
FIRE:  2366 11:43:51     -455.693359        3.971158
FIRE:  2367 11:43:51     -455.693359        3.971158
FIRE:  2368 11:43:51     -455.693359        3.971158
FIRE:  2369 11:43:51     -455.693359        3.971158
FIRE:  2370 11:43:51     -455.693359        3.971158
FIRE:  2371 11:43:51     -455.693359        4.745916
FIRE:  2372 11:43:51     -455.693359        4.745916
FIRE:  2373 11:43:51     -455.693359        4.745916
FIRE:  2374 11:43:51     -455.693359        4.745916
FIRE:  2375 11:43:51     -455.693359        4.745916
FIRE:  2376 11:43:51     -455.693359        4.745916
FIRE:  2377 11:43:52     -455.693359        4.745916
FIRE:  2378 11:43:52     -455.693359        4.745916
FIRE:  2379 11:43:52     -455.693359        4.745916
FIRE:  2380 11:43:52     -455.693359        4.745916
FIRE:  2381 11:43:52     -455.693359        4.745916
FIRE:  2382 11:43:52     -455.693359        4.745916
FIRE:  2383 11:43:52     -455.693359        4.745916
FIRE:  2384 11:43:52     -455.693359        4.745916
FIRE:  2385 11:43:52     -455.693359        3.971158
FIRE:  2386 11:43:52     -455.693359        3.971158
FIRE:  2387 11:43:52     -455.693359        3.971158
FIRE:  2388 11:43:52     -455.693359        3.971158
FIRE:  2389 11:43:52     -455.693359        3.971158
FIRE:  2390 11:43:52     -455.693359        3.971158
FIRE:  2391 11:43:52     -455.693359        3.971158
FIRE:  2392 11:43:52     -455.693359        3.971158
FIRE:  2393 11:43:52     -455.693359        3.971158
FIRE:  2394 11:43:52     -455.693359        3.971158
FIRE:  2395 11:43:52     -455.693359        3.971158
FIRE:  2396 11:43:52     -455.693359        3.971158
FIRE:  2397 11:43:52     -455.693359        3.971158
FIRE:  2398 11:43:53     -455.693359        3.971158
FIRE:  2399 11:43:53     -455.693359        3.971158
FIRE:  2400 11:43:53     -455.693359        4.745916
FIRE:  2401 11:43:53     -455.693359        4.745916
FIRE:  2402 11:43:53     -455.693359        4.745916
FIRE:  2403 11:43:53     -455.693359        4.745916
FIRE:  2404 11:43:53     -455.693359        4.745916
FIRE:  2405 11:43:53     -455.693359        4.745916
FIRE:  2406 11:43:53     -455.693359        4.745916
FIRE:  2407 11:43:53     -455.693359        4.745916
FIRE:  2408 11:43:53     -455.693359        4.745916
FIRE:  2409 11:43:53     -455.693359        4.745916
FIRE:  2410 11:43:53     -455.693359        4.745916
FIRE:  2411 11:43:53     -455.693359        4.745916
FIRE:  2412 11:43:53     -455.693359        4.745916
FIRE:  2413 11:43:54     -455.693359        3.971158
FIRE:  2414 11:43:54     -455.693359        3.971158
FIRE:  2415 11:43:54     -455.693359        3.971158
FIRE:  2416 11:43:54     -455.693359        3.971158
FIRE:  2417 11:43:54     -455.693359        3.971158
FIRE:  2418 11:43:54     -455.693359        3.971158
FIRE:  2419 11:43:54     -455.693359        3.971158
FIRE:  2420 11:43:54     -455.693359        3.971158
FIRE:  2421 11:43:54     -455.693359        3.971158
FIRE:  2422 11:43:54     -455.693359        3.971158
FIRE:  2423 11:43:54     -455.693359        3.971158
FIRE:  2424 11:43:54     -455.693359        3.971158
FIRE:  2425 11:43:54     -455.693359        3.971158
FIRE:  2426 11:43:54     -455.693359        3.971158
FIRE:  2427 11:43:54     -455.693359        3.971158
FIRE:  2428 11:43:54     -455.693359        4.745916
FIRE:  2429 11:43:54     -455.693359        4.745916
FIRE:  2430 11:43:54     -455.693359        4.745916
FIRE:  2431 11:43:54     -455.693359        4.745916
FIRE:  2432 11:43:54     -455.693359        4.745916
FIRE:  2433 11:43:54     -455.693359        4.745916
FIRE:  2434 11:43:54     -455.693359        4.745916
FIRE:  2435 11:43:54     -455.693359        4.745916
FIRE:  2436 11:43:54     -455.693359        4.745916
FIRE:  2437 11:43:54     -455.693359        4.745916
FIRE:  2438 11:43:54     -455.693359        4.745916
FIRE:  2439 11:43:55     -455.693359        4.745916
FIRE:  2440 11:43:55     -455.693359        4.745916
FIRE:  2441 11:43:55     -455.693359        4.745916
FIRE:  2442 11:43:55     -455.693359        3.971158
FIRE:  2443 11:43:55     -455.693359        3.971158
FIRE:  2444 11:43:55     -455.693359        3.971158
FIRE:  2445 11:43:55     -455.693359        3.971158
FIRE:  2446 11:43:55     -455.693359        3.971158
FIRE:  2447 11:43:55     -455.693359        3.971158
FIRE:  2448 11:43:55     -455.693359        3.971158
FIRE:  2449 11:43:55     -455.693359        3.971158
FIRE:  2450 11:43:55     -455.693359        3.971158
FIRE:  2451 11:43:55     -455.693359        3.971158
FIRE:  2452 11:43:55     -455.693359        3.971158
FIRE:  2453 11:43:55     -455.693359        3.971158
FIRE:  2454 11:43:55     -455.693359        3.971158
FIRE:  2455 11:43:55     -455.693359        3.971158
FIRE:  2456 11:43:56     -455.693359        3.971158
FIRE:  2457 11:43:56     -455.693359        4.745916
FIRE:  2458 11:43:56     -455.693359        4.745916
FIRE:  2459 11:43:56     -455.693359        4.745916
FIRE:  2460 11:43:56     -455.693359        4.745916
FIRE:  2461 11:43:56     -455.693359        4.745916
FIRE:  2462 11:43:56     -455.693359        4.745916
FIRE:  2463 11:43:56     -455.693359        4.745916
FIRE:  2464 11:43:56     -455.693359        4.745916
FIRE:  2465 11:43:56     -455.693359        4.745916
FIRE:  2466 11:43:56     -455.693359        4.745916
FIRE:  2467 11:43:56     -455.693359        4.745916
FIRE:  2468 11:43:56     -455.693359        4.745916
FIRE:  2469 11:43:56     -455.693359        4.745916
FIRE:  2470 11:43:57     -455.693359        3.971158
FIRE:  2471 11:43:57     -455.693359        3.971158
FIRE:  2472 11:43:57     -455.693359        3.971158
FIRE:  2473 11:43:57     -455.693359        3.971158
FIRE:  2474 11:43:57     -455.693359        3.971158
FIRE:  2475 11:43:57     -455.693359        3.971158
FIRE:  2476 11:43:57     -455.693359        3.971158
FIRE:  2477 11:43:57     -455.693359        3.971158
FIRE:  2478 11:43:57     -455.693359        3.971158
FIRE:  2479 11:43:57     -455.693359        3.971158
FIRE:  2480 11:43:57     -455.693359        3.971158
FIRE:  2481 11:43:57     -455.693359        3.971158
FIRE:  2482 11:43:57     -455.693359        3.971158
FIRE:  2483 11:43:57     -455.693359        3.971158
FIRE:  2484 11:43:57     -455.693359        3.971158
FIRE:  2485 11:43:57     -455.693359        3.971158
FIRE:  2486 11:43:57     -455.693359        4.745916
FIRE:  2487 11:43:57     -455.693359        4.745916
FIRE:  2488 11:43:57     -455.693359        4.745916
FIRE:  2489 11:43:57     -455.693359        4.745916
FIRE:  2490 11:43:57     -455.693359        4.745916
FIRE:  2491 11:43:57     -455.693359        4.745916
FIRE:  2492 11:43:57     -455.693359        4.745916
FIRE:  2493 11:43:57     -455.693359        4.745916
FIRE:  2494 11:43:57     -455.693359        4.745916
FIRE:  2495 11:43:58     -455.693359        4.745916
FIRE:  2496 11:43:58     -455.693359        4.745916
FIRE:  2497 11:43:58     -455.693359        4.745916
FIRE:  2498 11:43:58     -455.693359        4.745916
FIRE:  2499 11:43:58     -455.693359        3.971158
FIRE:  2500 11:43:58     -455.693359        3.971158
